id,link_id,parent_id,subreddit,author,created_utc,created_date,score,body,hurricane,source_type,keyword_hit
lo51sat,t3_1flqpnu,t3_1flqpnu,asheville,AvlSteve,1726879668,2024-09-21 00:47,30,"Nice! As one who merely posted a photograph of the crowd at the Walz rally, be prepared for a lot of nasty comments!",helene,community_discussion,
lo51xx6,t3_1flqpnu,t1_lo51sat,asheville,Ok_Leg_6507,1726879733,2024-09-21 00:48,22,I’m glad you got to go to it. I think I saw your photos. Thanks for posting.,helene,community_discussion,
lo56zlg,t3_1flqpnu,t3_1flqpnu,asheville,Tonyfrose71,1726881833,2024-09-21 01:23,5,Exactly,helene,community_discussion,
lo5fwm9,t3_1flqpnu,t3_1flqpnu,asheville,goldfishfancy,1726885674,2024-09-21 02:27,8,Gross.,helene,community_discussion,
lo5ol5g,t3_1flqpnu,t3_1flqpnu,asheville,AgentIanCormac,1726889657,2024-09-21 03:34,-15,Lol. Actual Nazis hiding behind pretend ones. Liberals are pathetic. How about you head to Russia and see how great it is.,helene,community_discussion,
lo5rtty,t3_1flqpnu,t1_lo5ol5g,asheville,AvlSteve,1726891232,2024-09-21 04:00,2,Let the sparring begin!,helene,community_discussion,
lo5t2js,t3_1flqpnu,t1_lo5ol5g,asheville,banjono,1726891873,2024-09-21 04:11,0,Please elaborate.,helene,community_discussion,
lo5urgq,t3_1flqpnu,t1_lo5ol5g,asheville,zethren117,1726892769,2024-09-21 04:26,3,What,helene,community_discussion,
lo629br,t3_1flqpnu,t3_1flqpnu,asheville,[deleted],1726897078,2024-09-21 05:37,1,[removed],helene,community_discussion,
lo6864r,t3_1flqpnu,t3_1flqpnu,asheville,AwkwardCall4313,1726900816,2024-09-21 06:40,2,Oh to unsee.,helene,community_discussion,
lo6j829,t3_1flqpnu,t3_1flqpnu,asheville,shrimp-and-potatoes,1726908399,2024-09-21 08:46,17,"I am confused by this picture. Is it Donald Trump in blackface, or Mark Robinson in clownface?",helene,community_discussion,
lo6nf7r,t3_1flqpnu,t1_lo5ol5g,asheville,asheville-ModTeam,1726911432,2024-09-21 09:37,1,"We are removing your post/comment due to hate speech or insults. This includes but is not limited to:

- Calls to physical violence or cyberbullying against another person or organization.
- Suicidal posts.
- Text that expresses prejudice against a particular group, especially on the basis of race, religion, sexual orientation, gender, or abilities.
- Demeaning or inflammatory language directed at other users.

Please see our full rules page for the specifics.
https://www.reddit.com/r/asheville/about/rules/",helene,community_discussion,
lo6w4gz,t3_1flqpnu,t3_1flqpnu,asheville,LJ1968,1726917190,2024-09-21 11:13,1,Awesome!,helene,community_discussion,
lo73rrw,t3_1flqpnu,t1_lo51sat,asheville,trashmouthpossumking,1726921202,2024-09-21 12:20,7,"Maybe we should keep posting photos of the crowd size at the Walz rally, since they refuse to believe it is real. I just had to explain to some idiot that one photo I posted does not capture the entire venue.",helene,community_discussion,
lo757mg,t3_1flqpnu,t1_lo73rrw,asheville,lightning_whirler,1726921868,2024-09-21 12:31,-8,Also post a few more of the lines waiting to get into Trump's rally. There were far more people at his.,helene,community_discussion,
lo761u6,t3_1flqpnu,t3_1flqpnu,asheville,sleepy_xia,1726922248,2024-09-21 12:37,23,I’m just glad to see the national news has taken notice and is justifiably appalled by Robinson. Didn’t seem to hardly register with local news how absolutely batshit crazy he is. Sure a few stories about his bootleg porn habits but that’s all I really saw and one piece on when he said the “some folks need killin’“ bs,helene,community_discussion,
lo76l48,t3_1flqpnu,t3_1flqpnu,asheville,[deleted],1726922483,2024-09-21 12:41,1,[removed],helene,community_discussion,
lo79ivz,t3_1flqpnu,t1_lo757mg,asheville,trashmouthpossumking,1726923703,2024-09-21 13:01,6,"Let’s post the lines and crowd at a JD Vance rally, since that would be of the same comparison.",helene,community_discussion,
lo7bkab,t3_1flqpnu,t1_lo51sat,asheville,gonnafaceit2022,1726924526,2024-09-21 13:15,3,"This sub makes it very easy to identify who to block, that's for sure. Though it looks like a lot of people just start new accounts constantly.",helene,community_discussion,
lo7bspq,t3_1flqpnu,t1_lo6j829,asheville,michaelh98,1726924621,2024-09-21 13:17,13,Yes,helene,community_discussion,
lo7gugy,t3_1flqpnu,t3_1flqpnu,asheville,Frymanstbf,1726926569,2024-09-21 13:49,0,Like Martin Luther King on steroids.,helene,community_discussion,
lo7jkme,t3_1flqpnu,t1_lo7bspq,asheville,greenascanbe,1726927554,2024-09-21 14:05,3, 😝,helene,community_discussion,
lo7l11f,t3_1flqpnu,t1_lo6j829,asheville,Ok_Leg_6507,1726928067,2024-09-21 14:14,6,They are one in the same,helene,community_discussion,
lo7p31u,t3_1flqpnu,t1_lo51sat,asheville,Legitimate_Educator5,1726929458,2024-09-21 14:37,1,"""Some?""....you must not be a Reddit user.",helene,community_discussion,
lo7q1sf,t3_1flqpnu,t1_lo7p31u,asheville,AvlSteve,1726929784,2024-09-21 14:43,1,Which is why I think it would be a good idea to not let people post in any subReddit until their account has a certain amount of karma.,helene,community_discussion,
lo7qaw6,t3_1flqpnu,t3_1flqpnu,asheville,YOUNG-ARDS-SURVIVOR,1726929870,2024-09-21 14:44,-1,"Why is this sub so political , everyone has become extremists .",helene,community_discussion,
lo7qgy8,t3_1flqpnu,t1_lo7qaw6,asheville,Ok_Leg_6507,1726929927,2024-09-21 14:45,3,The only thing that extreme are the two whistlefucks in this photo. Carry on if you don’t like it.,helene,community_discussion,
lo7r70e,t3_1flqpnu,t1_lo761u6,asheville,Ok_Leg_6507,1726930172,2024-09-21 14:49,13,"They are both absolutely disgusting and vile. Their whole identity is racism, misogyny, and judgement. I posted this because they are one and the same. I am with you.",helene,community_discussion,
lo7yyrs,t3_1flqpnu,t1_lo7qgy8,asheville,YOUNG-ARDS-SURVIVOR,1726932768,2024-09-21 15:32,0,"Whoa whoa whoa , there is no reason to be hostile??? 
Your comment is a prime example of what I’m talking about too (both sides have this problem) . I made a neutral comment too so I don’t understand where this hostility is coming from . Could you at least tell me why you hate trump ?",helene,community_discussion,
lo8nps8,t3_1flqpnu,t1_lo79ivz,asheville,lightning_whirler,1726940796,2024-09-21 17:46,-2,Vance didn't visit Asheville.,helene,community_discussion,
lo8rr4i,t3_1flqpnu,t1_lo8nps8,asheville,trashmouthpossumking,1726942124,2024-09-21 18:08,6,No shit Sherlock.,helene,community_discussion,
lo8t2e4,t3_1flqpnu,t1_lo761u6,asheville,Humble_Leave7912,1726942563,2024-09-21 18:16,-3,"It’s also refreshing to see CNN reporting on Harris not being able to elaborate or explain what her actual plan is to battle inflation.  I’m not a Trump supporter. I was team Tulsi Gabbard.  She wrote a great book about what it’s like to join congress, why people that join congress have great intentions but end up being corrupt bc of lobbyist",helene,community_discussion,
lo8x309,t3_1flqpnu,t3_1flqpnu,asheville,lion8me,1726943909,2024-09-21 18:38,1,"lol, nice one ! 
Saw this yesterday also, had to share:
How do you know when Trump is telling a lie?
… his mouth is moving 😛",helene,community_discussion,
loa8bky,t3_1flqpnu,t1_lo7qaw6,asheville,AvlSteve,1726960710,2024-09-21 23:18,1,"Well…  It might have to do with the elections coming up.…  but, I could be wrong….  /s",helene,community_discussion,
loaavvb,t3_1flqpnu,t1_loa8bky,asheville,YOUNG-ARDS-SURVIVOR,1726961725,2024-09-21 23:35,1,This is true but even months ago there was still ALOT of trump hate posts and general political extremism posts .,helene,community_discussion,
loaehz2,t3_1flqpnu,t3_1flqpnu,asheville,Osdkid,1726963171,2024-09-21 23:59,0,Uncle ruckus mofo!!,helene,community_discussion,
lobowpf,t3_1flqpnu,t3_1flqpnu,asheville,snot-nosed_punk,1726985029,2024-09-22 06:03,1,Can do the same with the women for harris,helene,community_discussion,
locz12x,t3_1flqpnu,t1_lo51sat,asheville,Known-Tax568,1727012408,2024-09-22 13:40,1,"Having lived in Asheville it isn’t just online, it’s in person as well. When I went to Western Carolina University well over a decade ago I was only told about how friendly the hippy community was there and how it was a blast from the past. I heard about them being on the forefront of reparations. But when I moved there to work for a little over a year on improving y’all’s airport I was met with some of the worst drivers I have ever been around I almost got wrecked everyday on the way to work due to poor driving skills of other people and lack of attention on the road. But mostly I saw rampant homelessness and what appeared to be villages of homeless people and a complete neglect ion by the peace and love community of these people and their situations. Y’all’s homeless problem probably rivals what they got in Washington DC.",helene,community_discussion,
lodhoyw,t3_1flqpnu,t1_lo7r70e,asheville,Charmik067,1727018975,2024-09-22 15:29,-1,You are one ignorant puke,helene,community_discussion,
lodhsig,t3_1flqpnu,t1_lo51sat,asheville,Charmik067,1727019007,2024-09-22 15:30,0,Cry more,helene,community_discussion,
loeicas,t3_1flqpnu,t1_lodhoyw,asheville,Ok_Leg_6507,1727029987,2024-09-22 18:33,1,"Kisses, 🐩!",helene,community_discussion,
lo5awmf,t3_1flr67r,t3_1flr67r,asheville,Alex_Faewen,1726883496,2024-09-21 01:51,2,Damn no. I wish I saw it.,helene,community_discussion,
lo5imst,t3_1flr67r,t3_1flr67r,asheville,Ok-Relief4772,1726886894,2024-09-21 02:48,12,https://preview.redd.it/08pynljct2qd1.jpeg?width=275&format=pjpg&auto=webp&s=3fce026c292e298c1097065b8fdf6fbced1da579,helene,community_discussion,
lo6zwjv,t3_1flr67r,t3_1flr67r,asheville,seh4nc,1726919280,2024-09-21 11:48,4,"No reports on https://fireball.amsmeteors.org/members/imo_view/browse_reports

You can add a report yourself.",helene,community_discussion,
lo78t3g,t3_1flr67r,t3_1flr67r,asheville,Eiram19,1726923414,2024-09-21 12:56,2,Saw it while driving home from Hendersonville. It was beautiful!,helene,community_discussion,
lo7b51o,t3_1flr67r,t3_1flr67r,asheville,Ambitious_Drawer3262,1726924358,2024-09-21 13:12,2,"Saw it at the same time
In Greensboro",helene,community_discussion,
lo9ipl3,t3_1flr67r,t3_1flr67r,asheville,whiskeybizz,1726951351,2024-09-21 20:42,1,Yes I saw it randomly and am so happy I did!,helene,community_discussion,
lo5iqnj,t3_1flrcd2,t3_1flrcd2,asheville,qqq_lazzarus,1726886942,2024-09-21 02:49,0,You check B&B Pharmacy?,helene,community_discussion,
lo5nhya,t3_1flrcd2,t3_1flrcd2,asheville,laughing_gym,1726889137,2024-09-21 03:25,2,"Check out the Novavax vaccine finder
https://us.novavaxcovidvaccine.com

Looks like several places have it locally. Make sure you call to confirm.",helene,community_discussion,
lo7e0tw,t3_1flrcd2,t1_lo5nhya,asheville,Left_Percentage_527,1726925487,2024-09-21 13:31,1,"Yeah, those havent been updated since last year.  None of the places listed as having it available actually have it available. Thats why i was hoping this group would have some first hand confirmation. I will begin making calls again come Monday",helene,community_discussion,
lo7e3qp,t3_1flrcd2,t1_lo5iqnj,asheville,Left_Percentage_527,1726925518,2024-09-21 13:31,0,Not yet! Thanks for the recommendation,helene,community_discussion,
lo7xwkz,t3_1flrcd2,t3_1flrcd2,asheville,MindlessDribble828,1726932414,2024-09-21 15:26,1,Saw my Dr yesterday and she said that they wouldn’t have Covid or flu shots for a few more weeks and that demand is outweighing supply so best of luck,helene,community_discussion,
lo8x19e,t3_1flrcd2,t3_1flrcd2,asheville,Humiditysucks2024,1726943892,2024-09-21 18:38,1,"Just FYI, where I live I was told that they are only getting minimal number of Novavax because  most people don’t ask for them or want them. (As in 20  doses!) Sigh.",helene,community_discussion,
lo9sfwe,t3_1flrcd2,t1_lo7xwkz,asheville,Left_Percentage_527,1726954723,2024-09-21 21:38,1,I got my flu shot yesterday. I know that the Ingles and Walgreens near me you can just walk in for Moderna or Pfizer. CVS taking walk ins too,helene,community_discussion,
lo9wxlj,t3_1flrcd2,t1_lo9sfwe,asheville,MindlessDribble828,1726956383,2024-09-21 22:06,1,That’s good to know,helene,community_discussion,
lodxgnb,t3_1flrcd2,t3_1flrcd2,asheville,my_anon_AVL_pants,1727023793,2024-09-22 16:49,1,Try Publix.,helene,community_discussion,
lodyj3c,t3_1flrcd2,t3_1flrcd2,asheville,TricksyKnitter,1727024123,2024-09-22 16:55,1,I just got it at the CVS in Swannanoa on 70. Check CVS locations!,helene,community_discussion,
loeyo26,t3_1flrcd2,t3_1flrcd2,asheville,TricksyKnitter,1727034896,2024-09-22 19:54,1,"Also! The pharmacist at the Swannanoa CVS said on their side, they can't see which vaccine type you requested (for making appointments online), so make sure you tell them which one you're there for! She had to dig in the freezer for a bit, but I got the Novavax. 👍",helene,community_discussion,
lo54urp,t3_1flrew9,t3_1flrew9,asheville,[deleted],1726880941,2024-09-21 01:09,1,[removed],helene,community_discussion,
lo57vad,t3_1flrew9,t3_1flrew9,asheville,Prestigious-Ad5072,1726882203,2024-09-21 01:30,5,"In my opinion, Givens Estates and Deerfield are the best in the business. The new Julian Woods in Arden look pretty nice too, though I’m not sure if they’re a continuing care facility or strictly independent living. I’ve heard very good things about Harmony at Reynolds Mountain too. Carolina Village and Lake Point landing are both great facilities just outside of Asheville in Hendersonville. If you have any questions feel free to DM me, I’m not an expert but I’ll try to help you if I can",helene,community_discussion,
lo58ugb,t3_1flrew9,t3_1flrew9,asheville,asilver1982,1726882619,2024-09-21 01:36,2,My parents are Jewish not very religious but how religious are Givens and Deerfield since they are kinda church owned or affiliated?,helene,community_discussion,
lo5mal7,t3_1flrew9,t3_1flrew9,asheville,AcrobaticWeakness25,1726888568,2024-09-21 03:16,2,"I would look at Givens and Deerfield first, Carolina Village next if I was looking for my parent. I go to many communities for my work and those are the ones that provide the best and most consistent care.",helene,community_discussion,
lo6naav,t3_1flrew9,t3_1flrew9,asheville,asheville-ModTeam,1726911332,2024-09-21 09:35,1,"We are removing this post because you're asking about moving to or visiting Asheville. We have a dedicated, weekly pinned thread for all visiting/moving questions. This thread resets every Monday morning. Please feel free to repost your question there!

If you can't find the pinned thread, try clicking on r/asheville and then sorting the list by 'Hot'. The pinned thread will be the first topic! If on the app, it may be under a hidden dropdown menu.

(Note that all visiting/moving inquiries posted outside the pinned thread will be removed **even if you live here and are asking for a friend/relative**)",helene,community_discussion,
lo5g5h6,t3_1flsnqd,t3_1flsnqd,asheville,JustTheFacts714,1726885783,2024-09-21 02:29,4,Are dogs and cats gluten-free?,helene,community_discussion,
lo5gy17,t3_1flsnqd,t3_1flsnqd,asheville,theghostofcharlotte,1726886136,2024-09-21 02:35,5,This is such a weird post.,helene,community_discussion,
lo5h151,t3_1flsnqd,t3_1flsnqd,asheville,goldfishfancy,1726886175,2024-09-21 02:36,1,"Amen.  If you pass a celiac blood test, you are technically okay with gluten.",helene,community_discussion,
lo5hud9,t3_1flsnqd,t3_1flsnqd,asheville,8-BitFrankenstein,1726886540,2024-09-21 02:42,2,"Thank you for your Ted Talk. Could your next topic of discussion be about calories in and calories out?  
  
Thanks!",helene,community_discussion,
lo5ii4u,t3_1flsnqd,t3_1flsnqd,asheville,AffectionateFig5864,1726886835,2024-09-21 02:47,3,Don’t Facebook my Reddit,helene,community_discussion,
lo5j175,t3_1flsnqd,t3_1flsnqd,asheville,asheville-ModTeam,1726887075,2024-09-21 02:51,1,"We are removing your post/comment due to irrelevant content. This includes but is not limited to content which does not or is not centered around, located from, or make more than passing reference to Asheville, North Carolina, or areas in its vicinity.

Feel free to repost this content in the pinned free talk thread! Sort r/asheville by hot and it should be the second topic.

Please see our full rules page for the specifics. https://www.reddit.com/r/asheville/about/rules/",helene,community_discussion,
lo5k7p5,t3_1flsnqd,t3_1flsnqd,asheville,C4pt41n,1726887615,2024-09-21 03:00,1,"This drawing was made by AI:

* The incomprehensible words under ""WOMEN"" (AI still has trouble with text, even the most modern models)
* The smudge between the ""I"" & ""LL"" in ""KILLS"" (The patterns of the letters left a gap, and it tried to fill it in before later steps made it not fit)
* HER HAND (#1 sign of AI art is if it has bad hands)

That being said, this was a newer model (eg.: SD3) because it can handle text at all.  

Not knocking AI art (I'm very pro-AI), just thought I'd point this out. It almost makes me wonder if the post was made by AI too. 

OP, are you human?",helene,community_discussion,
lo5obyg,t3_1flsnqd,t3_1flsnqd,asheville,Headbutttheporcelain,1726889536,2024-09-21 03:32,1,"To be fair, most US-made wheat is genetically engineered and/or grown with pesticides/herbicides that a lot people are having some sort of reaction to. Many people report that they can eat heirloom wheat products grown and made naturally in other countries with no issues, while US-made wheat products fuck with them in some way.

That being said, the majority of the food in this country is highly processed garbage at this point. People who claim they are gluten intolerant are more likely to be having a general inflammatory response to highly processed/engineered US wheat products, trace chemicals from farming and manufacturing processes, and whatever other factory farmed products (whether meat or vegetables) they're consuming along with it. The lion's share of restaurants anywhere are not producing food that plays nice with your body, even if it appears healthy.

The solution is to cook at home more often using ingredients that are, as far as you can confirm, as non-fucked-with as possible. With so many people complaining about how a trip to Taco Bell now costs $15 or a dinner out for two costs $60, hopefully this will become more of a trend.",helene,community_discussion,
lo5wb6v,t3_1flupop,t3_1flupop,asheville,Bennieboop99,1726893618,2024-09-21 04:40,5,Who pays the electric?,helene,community_discussion,
lo6881x,t3_1flupop,t1_lo5wb6v,asheville,dyslexicsuntied,1726900850,2024-09-21 06:40,2,A 60 watt incandescent bulb costs like 20 cents to leave on for 24 hours straight.,helene,community_discussion,
lo6n9jg,t3_1flupop,t3_1flupop,asheville,asheville-ModTeam,1726911317,2024-09-21 09:35,1,"We are removing your post/comment due to irrelevant content. This includes but is not limited to content which does not or is not centered around, located from, or make more than passing reference to Asheville, North Carolina, or areas in its vicinity.

Feel free to repost this content in the pinned free talk thread! Sort r/asheville by hot and it should be the second topic.

Please see our full rules page for the specifics. https://www.reddit.com/r/asheville/about/rules/",helene,community_discussion,
lo71j5a,t3_1flupop,t1_lo5wb6v,asheville,Gabelschwanzteufel,1726920110,2024-09-21 12:01,1,I pay electric bill,helene,community_discussion,
lo7ckxm,t3_1fm2q2w,t3_1fm2q2w,asheville,FlapJackson420,1726924931,2024-09-21 13:22,3,"We are out in Waynesville and there are only 2 options. One guy never returns calls, and the company that does show up is $250 for about an hours work... 


If anyone wants to make a shit ton of money, here is your business guys. It takes nothing more than a drill with the extended sweep attachment, a ladder, and oven cleaner spray. $250 an hour. ",helene,community_discussion,
lo7j442,t3_1fm2q2w,t1_lo7ckxm,asheville,Username28732,1726927391,2024-09-21 14:03,5,"250 cheap if they're certified, insured. Of course, could just go on the craigslist and find a guy with a drill and attachment...... lol",helene,community_discussion,
lo7jmnv,t3_1fm2q2w,t3_1fm2q2w,asheville,Username28732,1726927574,2024-09-21 14:06,7,"For area having so much wood burning, huge lack of qualified, professional, insured chimney sweeps. A few guys with a drill and extended sweep attachment in their trunk is all we ever found.",helene,community_discussion,
lo7mtve,t3_1fm2q2w,t3_1fm2q2w,asheville,mincky,1726928693,2024-09-21 14:24,2,"At our last rental, our landlord bought or rented a chimney scraper brush thing and we (landlord too) got on the roof and did it ourselves.",helene,community_discussion,
lo7n5gc,t3_1fm2q2w,t1_lo7mtve,asheville,Yerbabae,1726928805,2024-09-21 14:26,1,Well tbh we bought the house a few years ago and never had opportunity to use it till now. Really wanting to make sure previous owner had it installed right because we don’t think he ever used it.,helene,community_discussion,
lo7nboy,t3_1fm2q2w,t1_lo7ckxm,asheville,Yerbabae,1726928865,2024-09-21 14:27,1,Well tbh we bought the house a few years ago and never had opportunity to use it till now. Really wanting to make sure previous owner had it installed right because we don’t think he ever used it.,helene,community_discussion,
lo7omno,t3_1fm2q2w,t1_lo7n5gc,asheville,mincky,1726929305,2024-09-21 14:35,1,I hear ya. I’d want a pro to check it out the first time. This place is on Biltmore Ave and might have a recommendation. Good luck and hope this helps! https://www.firelighthearth.com,helene,community_discussion,
lo86vrl,t3_1fm2q2w,t1_lo7n5gc,asheville,Vladivostokorbust,1726935396,2024-09-21 16:16,1,"I really don't know about around here, but if it's about safety of the install, the fire dept where I used to live (out of state) would inspect a fireplace - worth a call. if they can't they may be able to direct you",helene,community_discussion,
lo927ua,t3_1fm2q2w,t3_1fm2q2w,asheville,Justafunguy,1726945697,2024-09-21 19:08,1,I would recommend Environmental Chimney Service.  They did us right on our wood stove install,helene,community_discussion,
lo7gq1n,t3_1fm2t5o,t3_1fm2t5o,asheville,AVLLaw,1726926524,2024-09-21 13:48,12,everyone?  Also Shrek party at dssolvr starting at 3. Lots of contests.  Dance party at 8:30,helene,community_discussion,
lo7mhva,t3_1fm2t5o,t3_1fm2t5o,asheville,mincky,1726928578,2024-09-21 14:22,4,You don’t need a reason to wear something that fabulous! Have a great time. We’ll be at the Folk Art Center on the Parkway for Heritage Weekend. Stop by and if I see that outfit I’ll introduce myself!,helene,community_discussion,
lo7p72t,t3_1fm2t5o,t3_1fm2t5o,asheville,GeorgeBushTwinTowers,1726929496,2024-09-21 14:38,-18,"God, I thought they said that LGBTQ people had a decent fashion sense.",helene,community_discussion,
lo7twax,t3_1fm2t5o,t1_lo7p72t,asheville,Fun_Explanation_3417,1726931081,2024-09-21 15:04,15,And I thought North Carolinians had manners.,helene,community_discussion,
lo7twe7,t3_1fm2t5o,t3_1fm2t5o,asheville,Top-Comfortable-4789,1726931081,2024-09-21 15:04,12,"I’m not sure what booths will be there but here’s a brochure for the events. 

[https://www.blueridgepride.org/brochure-2024](https://www.blueridgepride.org/brochure-2024)",helene,community_discussion,
lo7txph,t3_1fm2t5o,t3_1fm2t5o,asheville,Agreeable_Sense9618,1726931094,2024-09-21 15:04,-6,White people?,helene,community_discussion,
lo7w9gd,t3_1fm2t5o,t1_lo7p72t,asheville,zeroducksfrigate,1726931874,2024-09-21 15:17,5,"Republicans seem to think they are intelligent, so why don't ya keep chirping shit ass.",helene,community_discussion,
lo87aqo,t3_1fm2t5o,t3_1fm2t5o,asheville,nightlyxdaily,1726935535,2024-09-21 16:18,4,Have a blast! 💚🩵🧡💜,helene,community_discussion,
lo87pyv,t3_1fm2t5o,t3_1fm2t5o,asheville,80FEEEK,1726935672,2024-09-21 16:21,1,When and where does the debauchery begin?,helene,community_discussion,
lo89g01,t3_1fm2t5o,t3_1fm2t5o,asheville,Comprehensive-Leg899,1726936237,2024-09-21 16:30,-20,Lame,helene,community_discussion,
lo8cgu6,t3_1fm2t5o,t3_1fm2t5o,asheville,th987,1726937224,2024-09-21 16:47,3,"Love the shirt.

Have a great day",helene,community_discussion,
lo8h729,t3_1fm2t5o,t3_1fm2t5o,asheville,Mrfixit729,1726938737,2024-09-21 17:12,8,"Nope. Working working. 

Had to chime in to compliment the badass shirt.",helene,community_discussion,
lo8jufv,t3_1fm2t5o,t1_lo8h729,asheville,tylercookbooks,1726939566,2024-09-21 17:26,2,Thanks so much!,helene,community_discussion,
lo8qd90,t3_1fm2t5o,t3_1fm2t5o,asheville,SunnyAlwaysDaze,1726941658,2024-09-21 18:00,11,"Sir, you are adorable. Hope you have the best pride ever!",helene,community_discussion,
lo8qenl,t3_1fm2t5o,t3_1fm2t5o,asheville,CSA1862,1726941671,2024-09-21 18:01,-8,Na,helene,community_discussion,
lo8r62q,t3_1fm2t5o,t1_lo8qd90,asheville,tylercookbooks,1726941934,2024-09-21 18:05,6,Aww thank you for the kind words!,helene,community_discussion,
lo8rjkw,t3_1fm2t5o,t3_1fm2t5o,asheville,markredditmc,1726942057,2024-09-21 18:07,-8,Are Log Cabin Republicans welcome ?,helene,community_discussion,
lo8t6ff,t3_1fm2t5o,t3_1fm2t5o,asheville,mojotoodopebish,1726942601,2024-09-21 18:16,8,Damn I had no idea it was even happening! Bummer ☹️ I'd love to go one year.,helene,community_discussion,
lo8v2uq,t3_1fm2t5o,t3_1fm2t5o,asheville,Sea-Ebb-2062,1726943224,2024-09-21 18:27,1,I would’ve gone if I knew😭,helene,community_discussion,
lo8vpdw,t3_1fm2t5o,t3_1fm2t5o,asheville,Wonderfulwafer76,1726943439,2024-09-21 18:30,-6,Hard pass.,helene,community_discussion,
lo8wnvn,t3_1fm2t5o,t3_1fm2t5o,asheville,peace_point,1726943764,2024-09-21 18:36,0,No bow tie?,helene,community_discussion,
lo8woya,t3_1fm2t5o,t3_1fm2t5o,asheville,cmac92287,1726943775,2024-09-21 18:36,0,Happy Pride Day!! 🌈,helene,community_discussion,
lo8wqed,t3_1fm2t5o,t1_lo87pyv,asheville,Fit_Albatross7454,1726943788,2024-09-21 18:36,6,"it was at your moms house, sorry you missed it",helene,community_discussion,
lo8z2p6,t3_1fm2t5o,t3_1fm2t5o,asheville,Fit_Albatross7454,1726944593,2024-09-21 18:49,2,im working it! you look amazing! hope to see u there 🩵,helene,community_discussion,
lo8zbtg,t3_1fm2t5o,t3_1fm2t5o,asheville,snot-nosed_punk,1726944682,2024-09-21 18:51,-8,Damn it's still mental health month,helene,community_discussion,
lo9195m,t3_1fm2t5o,t3_1fm2t5o,asheville,Dirt_Illustrious,1726945356,2024-09-21 19:02,3,"Have an amazing time, and remember to wear sunscreen!",helene,community_discussion,
lo9anld,t3_1fm2t5o,t1_lo8vpdw,asheville,asheville-ModTeam,1726948650,2024-09-21 19:57,0,"We are removing your post/comment due to trolling related behavior. This includes but is not limited to:

- Inflammatory and digressive behavior
- Extraneous, or off-topic messages
- Intentional deception
- Posts with little substance that invite ridicule at a person or group of people (car owners, parents with children, cyclists, etc)

Please see our full rules page for the specifics.
https://www.reddit.com/r/asheville/about/rules/",helene,community_discussion,
lo9aoqn,t3_1fm2t5o,t1_lo7w9gd,asheville,asheville-ModTeam,1726948661,2024-09-21 19:57,1,"We are removing your post/comment due to hate speech or insults. This includes but is not limited to:

- Calls to physical violence or cyberbullying against another person or organization.
- Suicidal posts.
- Text that expresses prejudice against a particular group, especially on the basis of race, religion, sexual orientation, gender, or abilities.
- Demeaning or inflammatory language directed at other users.

Please see our full rules page for the specifics.
https://www.reddit.com/r/asheville/about/rules/",helene,community_discussion,
lo9apyu,t3_1fm2t5o,t1_lo89g01,asheville,asheville-ModTeam,1726948673,2024-09-21 19:57,0,"We are removing your post/comment due to trolling related behavior. This includes but is not limited to:

- Inflammatory and digressive behavior
- Extraneous, or off-topic messages
- Intentional deception
- Posts with little substance that invite ridicule at a person or group of people (car owners, parents with children, cyclists, etc)

Please see our full rules page for the specifics.
https://www.reddit.com/r/asheville/about/rules/",helene,community_discussion,
lo9bckm,t3_1fm2t5o,t3_1fm2t5o,asheville,Haydukeisyourdad,1726948889,2024-09-21 20:01,3,I stopped scrolling in this post because your shirt is rad…I run into 5 minutes later at inglés! You guys rock!,helene,community_discussion,
lo9f98n,t3_1fm2t5o,t3_1fm2t5o,asheville,c0mp0st_in_tra1n1ng,1726950202,2024-09-21 20:23,2,I just got out work downtown and want to check it out but sadly I'm a fairly introverted lesbian 🙃,helene,community_discussion,
lo9hhlj,t3_1fm2t5o,t1_lo9bckm,asheville,tylercookbooks,1726950954,2024-09-21 20:35,0,What a small world!  It was great running into you!,helene,community_discussion,
lo9hsj8,t3_1fm2t5o,t3_1fm2t5o,asheville,Street-Funny-8079,1726951052,2024-09-21 20:37,-4,"https://preview.redd.it/0wlyubq348qd1.jpeg?width=3024&format=pjpg&auto=webp&s=d2624699e19b3b28298e971474a39d5ae3b3f49b

Me!",helene,community_discussion,
lo9kfxo,t3_1fm2t5o,t3_1fm2t5o,asheville,Elle_334,1726951930,2024-09-21 20:52,-22,Last Pride !! Sharia law. Michigan can’t even have pride flags.  Keep voting Dem.  You will never see another rainbow.,helene,community_discussion,
loa3v8s,t3_1fm2t5o,t1_lo8wqed,asheville,80FEEEK,1726958979,2024-09-21 22:49,3,"I’m here in the basement, didn’t hear a thing!",helene,community_discussion,
loa5d8q,t3_1fm2t5o,t1_lo8z2p6,asheville,tylercookbooks,1726959558,2024-09-21 22:59,1,What booth did you work at?,helene,community_discussion,
loab8xm,t3_1fm2t5o,t1_loa5d8q,asheville,Fit_Albatross7454,1726961870,2024-09-21 23:37,1,i helped with security!,helene,community_discussion,
loacb8t,t3_1fm2t5o,t1_loab8xm,asheville,tylercookbooks,1726962297,2024-09-21 23:44,2,Nice!  I hope you didn’t have to deal with any bad actors today.,helene,community_discussion,
loahhjc,t3_1fm2t5o,t3_1fm2t5o,asheville,[deleted],1726964382,2024-09-22 00:19,1,[removed],helene,community_discussion,
loak500,t3_1fm2t5o,t1_lo9hhlj,asheville,Haydukeisyourdad,1726965469,2024-09-22 00:37,2,Yeah bro! This is what it all about!!,helene,community_discussion,
loatu86,t3_1fm2t5o,t1_lo9kfxo,asheville,Kenilwort,1726969496,2024-09-22 01:44,5,Look up sharia law and decide which party's values are closer to it,helene,community_discussion,
loazriz,t3_1fm2t5o,t1_lo9kfxo,asheville,AXSupplies,1726972029,2024-09-22 02:27,0,https://preview.redd.it/pwedefuhu9qd1.jpeg?width=640&format=pjpg&auto=webp&s=ce99b5b9f95c7d8a86996172d8d9b64f59c4c5c0,helene,community_discussion,
lob57pi,t3_1fm2t5o,t3_1fm2t5o,asheville,Open-Ad4963,1726974447,2024-09-22 03:07,-6,Ew,helene,community_discussion,
lob5xjk,t3_1fm2t5o,t1_lo9kfxo,asheville,AXSupplies,1726974777,2024-09-22 03:12,1,https://preview.redd.it/9sz7aiqn2aqd1.jpeg?width=640&format=pjpg&auto=webp&s=64a83a384591350ec0efa2d7dd67ea50904c83cf,helene,community_discussion,
lob7dy0,t3_1fm2t5o,t1_lo8t6ff,asheville,tylercookbooks,1726975449,2024-09-22 03:24,3,Maybe next time!,helene,community_discussion,
lobfo1i,t3_1fm2t5o,t1_loacb8t,asheville,Fit_Albatross7454,1726979620,2024-09-22 04:33,1,not at all! everyone was a joy!!,helene,community_discussion,
lobhnjh,t3_1fm2t5o,t3_1fm2t5o,asheville,so-pitted-wabam,1726980712,2024-09-22 04:51,1,Where might a literary connoisseur read an excerpt of your book?,helene,community_discussion,
loc8bgn,t3_1fm2t5o,t3_1fm2t5o,asheville,Pretend_Kangaroo_694,1726998174,2024-09-22 09:42,1,Why two images of basically the same photo?,helene,community_discussion,
locqkg5,t3_1fm2t5o,t1_lobhnjh,asheville,tylercookbooks,1727008813,2024-09-22 12:40,1,Amazon gives free samples 😀 https://www.amazon.com/stores/author/B00OWK5UEK,helene,community_discussion,
lod2wn1,t3_1fm2t5o,t3_1fm2t5o,asheville,HoppyDave,1727013785,2024-09-22 14:03,1,Nice shirt !!!,helene,community_discussion,
loedmyd,t3_1fm2t5o,t3_1fm2t5o,asheville,iusedtobeaholyman,1727028570,2024-09-22 18:09,1,"I wish I could be, but I’ll be cooking for the overflow downtown. It looked like fun yesterday though",helene,community_discussion,
lo7frfh,t3_1fm2tr3,t3_1fm2tr3,asheville,snotboogie,1726926162,2024-09-21 13:42,6,There are many apple stands off the highways down in Hendersonville without going to the orchards.,helene,community_discussion,
lo7gfkp,t3_1fm2tr3,t3_1fm2tr3,asheville,NCUmbrellaFarmer,1726926415,2024-09-21 13:46,3,Is Hendersonville too far?,helene,community_discussion,
lo7j20j,t3_1fm2tr3,t3_1fm2tr3,asheville,Nervous-Event-5049,1726927370,2024-09-21 14:02,3,Ingles,helene,community_discussion,
lo7joiw,t3_1fm2tr3,t3_1fm2tr3,asheville,N2DaBlues,1726927592,2024-09-21 14:06,2,KT’s in Canton,helene,community_discussion,
lo7kmvf,t3_1fm2tr3,t3_1fm2tr3,asheville,thelastrho,1726927928,2024-09-21 14:12,0,Stepps,helene,community_discussion,
lo7m4td,t3_1fm2tr3,t3_1fm2tr3,asheville,Remarkable-Owl2034,1726928454,2024-09-21 14:20,9,Farmer's market-- there is the big one on Brevard road and smaller ones scheduled around the city.,helene,community_discussion,
lo7tbqs,t3_1fm2tr3,t1_lo7gfkp,asheville,Evening-Dramatic,1726930890,2024-09-21 15:01,1,Was trying to stay closer to Asheville but could make the drive down.,helene,community_discussion,
lo7vnk0,t3_1fm2tr3,t3_1fm2tr3,asheville,avlmtnmama,1726931671,2024-09-21 15:14,5,Blue Ridge Market,helene,community_discussion,
lo8nstm,t3_1fm2tr3,t3_1fm2tr3,asheville,fritzycat,1726940822,2024-09-21 17:47,3,Why can't I door dash local produce?!,helene,community_discussion,
loa3reb,t3_1fm2tr3,t1_lo7vnk0,asheville,Sy__Ableman,1726958938,2024-09-21 22:48,2,\^ Blue ridge market usually has a really big selection of local apples,helene,community_discussion,
loazrfi,t3_1fm2tr3,t1_lo7vnk0,asheville,Diligent-Bug-552,1726972028,2024-09-22 02:27,2,This. I think last year they had between 12 and 15 different kinds of local apples.,helene,community_discussion,
loc2eyf,t3_1fm2tr3,t3_1fm2tr3,asheville,rnantelle,1726994066,2024-09-22 08:34,1,WNC Farmers Market. Go down the hill behind the retail buildings to the bulk and wholesale if you wants large quantities.,helene,community_discussion,
locr5b1,t3_1fm2tr3,t3_1fm2tr3,asheville,Due_Mission_5703,1727009079,2024-09-22 12:44,2,"Staying close to Asheville, WNC Farmers Market on Brevard Rd. 

But here's a tip: Don't buy what they have pre-bagged. They often put nice, freshly picked apples at the top of a bag to hide older, about-to-rot apples at the bottom. Insist on choosing them yourself from what they have in the bins.",helene,community_discussion,
lo7cupt,t3_1fm2vlv,t3_1fm2vlv,asheville,b_evil13,1726925033,2024-09-21 13:23,23,They don't care and you know it. Look at their presidential candidate. If anything this makes him more likeable to many.,helene,community_discussion,
lo7da0c,t3_1fm2vlv,t3_1fm2vlv,asheville,bmwlocoAirCooled,1726925199,2024-09-21 13:26,1,It it quacks like a duck...,helene,community_discussion,
lo7f4uv,t3_1fm2vlv,t3_1fm2vlv,asheville,4Nails,1726925920,2024-09-21 13:38,0,It's not like we didn't already know that.,helene,community_discussion,
lo7gyvn,t3_1fm2vlv,t3_1fm2vlv,asheville,Fanaticbyzantine,1726926616,2024-09-21 13:50,92,He also hates trans people but apparently he loves trans p*rn,helene,community_discussion,
lo7h2m2,t3_1fm2vlv,t3_1fm2vlv,asheville,OkCommunity1625,1726926654,2024-09-21 13:50,51,"the thing is, all his supporters already knew he was a black nazi. That won't hurt him that much. What will hurt him is the fact that he liked trans porn. Not that I'm saying it's right, but his supporters are much more likely to be bothered by the latter (which is pretty telling imo)",helene,community_discussion,
lo7h4jn,t3_1fm2vlv,t3_1fm2vlv,asheville,GoPack06,1726926674,2024-09-21 13:51,-45,Meanwhile you’re intelligent enough to trust cnn.   Hint.  Steele dossier and Russian collusion.,helene,community_discussion,
lo7hjxh,t3_1fm2vlv,t1_lo7cupt,asheville,LeonardoDaTiddies,1726926830,2024-09-21 13:53,25,"I think OP's point is to make sure everyone you know that *doesn't* support Black Nazis, homophobia, etc. get to the polls and vote for Josh Stein.",helene,community_discussion,
lo7i7jh,t3_1fm2vlv,t1_lo7gyvn,asheville,OkCommunity1625,1726927068,2024-09-21 13:57,45,"It's always the ones you most expect. You don't end up feeling that strongly about trans people without a conflicted inner self loathing  
  
The onion from 12 years ago: [https://www.youtube.com/watch?v=simV1ZXFsxI](https://www.youtube.com/watch?v=simV1ZXFsxI)",helene,community_discussion,
lo7j05b,t3_1fm2vlv,t1_lo7hjxh,asheville,itsoktobequiet,1726927352,2024-09-21 14:02,23,This is exactly my point. Thank you.,helene,community_discussion,
lo7k256,t3_1fm2vlv,t1_lo7h4jn,asheville,austinbraun30,1726927725,2024-09-21 14:08,1,Good joke.,helene,community_discussion,
lo7l2nn,t3_1fm2vlv,t1_lo7h4jn,asheville,curse-free_E212,1726928083,2024-09-21 14:14,4,Hey I saw it on tv!,helene,community_discussion,
lo7lt7z,t3_1fm2vlv,t1_lo7h4jn,asheville,SaaS_Queen,1726928343,2024-09-21 14:19,15,"The Mueller investigation has clearly produced public records that confirm pieces of the dossier. And even where the details are not exact, the general thrust of Steele's reporting seems credible in light of what we now know about extensive contacts between numerous individuals associated with the Trump campaign and Russian government officials.

Russian assistance to the Trump campaign
On April 26, 2016, George Papadopoulos, a Trump campaign foreign policy advisor, held a breakfast meeting with Joseph Mifsud,[261][262] a man described by James B. Comey as a ""Russian agent"".[263] Mifsud, who claimed ""substantial connections to Russian officials"",[261] said he had just returned from Moscow, where he learned the Russians had ""dirt"" on Clinton in the form of thousands of her emails.[262] This occurred concurrently with the Hillary Clinton email controversy, but before the hacking of the DNC computers had become public knowledge.[261][264]

Papadopoulos later bragged ""that the Trump campaign was aware the Russian government had dirt on Hillary Clinton"". According to John Sipher, ""court papers show he was, indeed, told by a Russian agent that the Kremlin had derogatory information in the form of 'thousands of e-mails'.""[20][261][264][262]

On May 4, the Russian contact with ties to the foreign ministry wrote to Mr. Papadopoulos and Mr. Mifsud, saying ministry officials were 'open for cooperation."" Mr. Papadopoulos forwarded the message to a senior campaign official, asking whether the contacts were ""something we want to move forward with.'

Papadopoulos sent emails about Putin to at least seven Trump campaign officials. Trump national campaign co-chairman Sam Clovis[265] encouraged Papadopoulos to fly to Russia and meet with agents of the Russian Foreign Ministry, who reportedly wanted to share ""Clinton dirt"" with the Trump campaign.[266][267] When Donald Trump Jr. learned of the offer, he welcomed it by responding: ""If it's what you say, I love it.""[64] Later, on June 9, 2016, a meeting in Trump Tower was held, ostensibly for representatives from Russia to deliver that dirt on Clinton.[268][269] Instead, the meeting was used to discuss lifting of the Magnitsky Act economic sanctions that had been imposed on Russia in 2012,[252] a move favored by candidate Trump.[97][270]

In February 2018, a formerly classified memo was released by Democrats on the House intelligence committee. The memo connects the offer of help revealed to Papadopoulos with a similar offer of help revealed to Carter Page when he met with Igor Divyekin in Moscow. Steele had told the FBI that he knew nothing of Papadopoulos[64] when preparing the dossier, so this was independent confirmation of the Russian offer of help to the Trump campaign. The dossier alleged that when meeting with Carter Page, Igor Divyekin raised the possibility of releasing ""a dossier of kompromat the Kremlin possessed on Democratic presidential rival, Hillary CLINTON ... to the Republican's campaign team"". The memo stated that ""This closely tracks what other Russian contacts were informing another Trump foreign policy advisor, George Papadopoulos. In subsequent FISA renewals, DOJ provided additional information obtained through multiple independent sources that corroborated Steele's reporting.""[243]

Steele was first to warn that Russia was mounting a covert operation to elect Donald Trump. Fusion GPS – his partners in Washington DC – have called this the dossier's 'foundational initial assertion' and it was correct. Much later, the Mueller inquiry would state that 'the Russian government perceived it would benefit from a Trump presidency and worked to secure that outcome.' Steele wrote about what was happening as early as June 2016...The US intelligence agencies...did not publish their findings until December 2016, too late to prevent the effort to influence the election.[8]

On January 6, 2017, the Office of the Director of National Intelligence (ODNI) released the intelligence community assessment of the Russian interference in the 2016 United States elections. It stated that Russian leadership favored Trump over Clinton, and that Putin personally ordered an ""influence campaign"" to harm Clinton's electoral chances and ""undermine public faith in the US democratic process"", as well as ordering cyber attacks on the Democratic and Republican parties.[10][271] 

**John Brennan and James Clapper testified to Congress that Steele's dossier played no role in the intelligence community assessment,[34][272] testimony that was reaffirmed by an April 2020 Republican-led Senate Intelligence Committee report.[273] The committee found that the Steele dossier was not used by the assessment to ""support any of its analytic judgments"".**

[274] In a December 2020 interview with Chris Wallace of Fox News, Brennan said: ""The Steele dossier was not used in any way to undergird the judgments that came out of the intelligence community assessment about the Russian actions in the 2016 election. ... There was so much other evidence and intelligence to support those judgments.""[275]

https://en.m.wikipedia.org/wiki/Steele_dossier",helene,community_discussion,
lo7meub,t3_1fm2vlv,t3_1fm2vlv,asheville,LoudZoo,1726928550,2024-09-21 14:22,8,This podcast episode I listened to hours before the news broke kind of preemptively explained how MR acquired his own philosophy and why these new rightwingers believe what they say they believe:  https://podcasts.apple.com/us/podcast/behind-the-bastards/id1373812661?i=1000669798693,helene,community_discussion,
lo7obu4,t3_1fm2vlv,t1_lo7lt7z,asheville,curse-free_E212,1726929200,2024-09-21 14:33,1,"There’s also the GOP-led Senate Intelligence Committee report on Russian Interference. 

https://en.m.wikipedia.org/wiki/Senate_Intelligence_Committee_report_on_Russian_interference_in_the_2016_United_States_presidential_election",helene,community_discussion,
lo7omyv,t3_1fm2vlv,t1_lo7lt7z,asheville,curse-free_E212,1726929308,2024-09-21 14:35,10,"There’s also the GOP-led Senate Intelligence Committee report on Russian Interference. The Wikipedia article below has links to all five volumes. 

https://en.m.wikipedia.org/wiki/Senate_Intelligence_Committee_report_on_Russian_interference_in_the_2016_United_States_presidential_election",helene,community_discussion,
lo7qd3f,t3_1fm2vlv,t1_lo7hjxh,asheville,b_evil13,1726929892,2024-09-21 14:44,2,We knew he was bad before this though so I'm not even slightly surprised and I know this won't impact their voting decision.,helene,community_discussion,
lo7qqo5,t3_1fm2vlv,t1_lo7meub,asheville,therealduckie,1726930019,2024-09-21 14:46,-9,It's ok. Reddit doesn't charge per character (yet?). You can type out full words. ;),helene,community_discussion,
lo7qs7r,t3_1fm2vlv,t3_1fm2vlv,asheville,gonnafaceit2022,1726930035,2024-09-21 14:47,2,"I think the whole nation learned about this shitbag yesterday. I got messages from three different out of state friends saying dude, did you see this fucking guy?? I hadn't (bad on me for not following local elections), and I could have lived without knowing he exists.",helene,community_discussion,
lo7rh4a,t3_1fm2vlv,t1_lo7cupt,asheville,gonnafaceit2022,1726930269,2024-09-21 14:51,11,"When this guy came to my attention yesterday, a YouTube commentator said this could actually work against trump. This guy might be even more dreadful and unforgivable than trump, and a lot of North Carolinians care about local and state elections. If a trumper is appalled by this guy (and some will be-- there are still a lot of people on the fence) but doesn't want to vote for Stein, they may just skip voting all together, which means one less vote for trump. (Yeah individual votes don't mean much but they may in the future.)",helene,community_discussion,
lo7rmz8,t3_1fm2vlv,t3_1fm2vlv,asheville,ggggghhhhhhhhhhhhhg,1726930323,2024-09-21 14:52,4,"Who tf makes accounts on porn sites??? Like actaully wtf. Why are you commenting??? 😭😭😭 Actual moron moves, guess that makes sense tho",helene,community_discussion,
lo7rp9t,t3_1fm2vlv,t1_lo7rh4a,asheville,b_evil13,1726930343,2024-09-21 14:52,1,That is a good point. That's how I voted or rather didn't in 2016 when I stupidly thought I could t in good consciousness vote for either.,helene,community_discussion,
lo7sqle,t3_1fm2vlv,t1_lo7gyvn,asheville,Fun_Explanation_3417,1726930692,2024-09-21 14:58,11,"Sounds familiar, despises women but loves porn. These types are sadly so common. Glad to see this one so gloriously on display, hope he fails spectacularly.",helene,community_discussion,
lo7sr4i,t3_1fm2vlv,t3_1fm2vlv,asheville,tacotimes01,1726930697,2024-09-21 14:58,3,"The people that would have voted for him want slavery too, so pretty neutral effect.",helene,community_discussion,
lo7tdwc,t3_1fm2vlv,t1_lo7cupt,asheville,Fun_Explanation_3417,1726930909,2024-09-21 15:01,2,"I think the hope is that the majority DO care, and will vote accordingly. 

Tbh It would be difficult to live a mentally and emotionally healthy life if I believed a majority of my neighbors didn’t care about and were ok with, that type of person making the rules.",helene,community_discussion,
lo7tqm8,t3_1fm2vlv,t1_lo7gyvn,asheville,teethwhitener7,1726931028,2024-09-21 15:03,7,"Just look ling at the top pornhub searches in red states, this is not surprising to me. It's so lovely to always be in their thoughts, both in the bedroom and out /s",helene,community_discussion,
lo7u0q1,t3_1fm2vlv,t1_lo7omyv,asheville,JarJarJarMartin,1726931121,2024-09-21 15:05,7,If OP was interested in reading he wouldn’t be a Republican.,helene,community_discussion,
lo7u2rg,t3_1fm2vlv,t1_lo7tdwc,asheville,b_evil13,1726931139,2024-09-21 15:05,2,Then how do you reconcile the Republican neighbors that support DT? I have a hard time connecting with them now that I know they are ok with such filth.,helene,community_discussion,
lo7uvtr,t3_1fm2vlv,t1_lo7gyvn,asheville,Myghost_too,1726931412,2024-09-21 15:10,10,Me thinks the Nazi doth protest too much...,helene,community_discussion,
lo7wl1b,t3_1fm2vlv,t3_1fm2vlv,asheville,Kid_haver,1726931981,2024-09-21 15:19,2,Maybe I am cut out for politics,helene,community_discussion,
lo7x77y,t3_1fm2vlv,t1_lo7uvtr,asheville,MajorAd3363,1726932182,2024-09-21 15:23,6,I did Nazi that one coming.,helene,community_discussion,
lo7z0u0,t3_1fm2vlv,t1_lo7x77y,asheville,Myghost_too,1726932788,2024-09-21 15:33,8,Flew Reich over your head!,helene,community_discussion,
lo827y3,t3_1fm2vlv,t3_1fm2vlv,asheville,Candid-Party1613,1726933845,2024-09-21 15:50,-19,Doesn’t the left say ppl can change? 🤣,helene,community_discussion,
lo84ouf,t3_1fm2vlv,t3_1fm2vlv,asheville,OkCricket8306,1726934666,2024-09-21 16:04,-3,🐑🐑🐑🐑🐑🐑🐑🐑🐑🐑🐑🐑🐑,helene,community_discussion,
lo8923e,t3_1fm2vlv,t3_1fm2vlv,asheville,kramerica_intern,1726936112,2024-09-21 16:28,12,Make politics boring again,helene,community_discussion,
lo89fxp,t3_1fm2vlv,t1_lo7tqm8,asheville,Come_Back_to_Earth,1726936236,2024-09-21 16:30,2,Hahahahahahahahhaa,helene,community_discussion,
lo8amfn,t3_1fm2vlv,t1_lo7h2m2,asheville,screaminatthemoon,1726936625,2024-09-21 16:37,11,"Not even making a dent in his support. The evangelicals are getting around that particular pitfall by claiming it's all lies made up by ""the commie left."" They will twist themselves in knots to figure out how to still vote for this vile excuse for a human. (And they can claim they're not racist. Bonus.)",helene,community_discussion,
lo8ci3h,t3_1fm2vlv,t1_lo7gyvn,asheville,Man1cNeko,1726937235,2024-09-21 16:47,-2,That tracks,helene,community_discussion,
lo8dnfq,t3_1fm2vlv,t3_1fm2vlv,asheville,CSA1862,1726937603,2024-09-21 16:53,-7,There’s no real proof of this. Is there a source that backs up that this was him?,helene,community_discussion,
lo8dpwy,t3_1fm2vlv,t1_lo7gyvn,asheville,CSA1862,1726937625,2024-09-21 16:53,-6,No such thing as trans. It’s a made up fairy tale,helene,community_discussion,
lo8duxf,t3_1fm2vlv,t1_lo7tqm8,asheville,CSA1862,1726937670,2024-09-21 16:54,-10,No one wants you weirdos. You belong facing the wall,helene,community_discussion,
lo8es6y,t3_1fm2vlv,t1_lo8duxf,asheville,teethwhitener7,1726937963,2024-09-21 16:59,5,Facing what wall?,helene,community_discussion,
lo8fvhf,t3_1fm2vlv,t3_1fm2vlv,asheville,Saucespreader,1726938319,2024-09-21 17:05,0,irony,helene,community_discussion,
lo8fyvp,t3_1fm2vlv,t1_lo7gyvn,asheville,Saucespreader,1726938349,2024-09-21 17:05,-9,nothing about a hot chick with a weiner….,helene,community_discussion,
lo8gm2j,t3_1fm2vlv,t3_1fm2vlv,asheville,candy_color_frown,1726938555,2024-09-21 17:09,1,He was already trailing so far behind.  I really can't wait to see how this looks % wise after the election 😅,helene,community_discussion,
lo8hqrq,t3_1fm2vlv,t1_lo7rh4a,asheville,MissM23,1726938907,2024-09-21 17:15,4,Good to keep in mind that NC voted for a Democrat for governor (Cooper) and a Republican for president the last two elections. I like the optimism of this statement but not counting on anyone staying home because of the Robinson debacle.,helene,community_discussion,
lo8ih5c,t3_1fm2vlv,t1_lo8dpwy,asheville,Saucespreader,1726939139,2024-09-21 17:18,2,"pretty sure its a thing, honestly who cares?",helene,community_discussion,
lo8l9f4,t3_1fm2vlv,t1_lo8duxf,asheville,trycerabottom,1726940019,2024-09-21 17:33,7,"You might think so. But unlike those confederacy bitches, we don't surrender.",helene,community_discussion,
lo8lgiw,t3_1fm2vlv,t1_lo8l9f4,asheville,CSA1862,1726940083,2024-09-21 17:34,-2,"That’s cute coming from the people that call the police over “hate crimes”😂🫵


Trust me you don’t wanna play that game buddy",helene,community_discussion,
lo8nkwm,t3_1fm2vlv,t3_1fm2vlv,asheville,atbigfoot91,1726940754,2024-09-21 17:45,-5,Who gives a shit? They’re ALL corrupt!!!,helene,community_discussion,
lo8o8wr,t3_1fm2vlv,t1_lo8amfn,asheville,atbigfoot91,1726940963,2024-09-21 17:49,2,Why do the Evangelicals need a “pitfall to get over”? They don’t have the first CHANCE getting over themselves!!!😂😂😂😂😂😂🫣,helene,community_discussion,
lo8opwf,t3_1fm2vlv,t3_1fm2vlv,asheville,atbigfoot91,1726941114,2024-09-21 17:51,3,"If you vote for Donald Trump, and he wins, then you’re gonna get EVERYTHING you so RICHLY deserve! The problem is, so will your children and GRANDCHILDREN, Einstein!🫢😢🤫🫣😨",helene,community_discussion,
lo8oqx5,t3_1fm2vlv,t1_lo8dnfq,asheville,A_murder_of_crochets,1726941123,2024-09-21 17:52,7,"[https://ix.cnn.io/dailygraphics/graphics/20240911-mark-robinson-screenshots/static/media/ai2html-graphic-mobile320.93698778.jpg](He used this username across multiple platforms, including his twitter handle.)  And they all used the same email address to register.",helene,community_discussion,
lo8qbhq,t3_1fm2vlv,t1_lo8oqx5,asheville,CSA1862,1726941642,2024-09-21 18:00,4,"Ah ok. Well
Yea dude needs to drop out. He belongs in a mental institution",helene,community_discussion,
lo8qhmq,t3_1fm2vlv,t1_lo827y3,asheville,A_murder_of_crochets,1726941700,2024-09-21 18:01,8,"Last week you were all over r/Christian telling people masturbation is a sinful and addictice desecration of the bodily temple.


But now that somebody on the Nazi team has had his detailed porn fantasies exposed wherein he writes at length about pissing on his sister-in-law and sucking on her ""HUGE clit"", masturbation is just a joke to you?  Shouldn't you be reaching out to your brother in Christ, self-proclaimed ""BLACK NAZI"" Mark Robinson to admonish him to turn away from sin?",helene,community_discussion,
lo8qj6t,t3_1fm2vlv,t1_lo8qhmq,asheville,sneakpeekbot,1726941714,2024-09-21 18:01,-1,"Here's a sneak peek of /r/Christian using the [top posts](https://np.reddit.com/r/Christian/top/?sort=top&t=year) of the year!

\#1: [I got saved!!!!!](https://np.reddit.com/r/Christian/comments/12kudnc/i_got_saved/)  
\#2: [I got baptized today!](https://np.reddit.com/r/Christian/comments/13nyyrz/i_got_baptized_today/)  
\#3: [I am reborn in Christ as of now!!!](https://np.reddit.com/r/Christian/comments/1372lco/i_am_reborn_in_christ_as_of_now/)

----
^^I'm ^^a ^^bot, ^^beep ^^boop ^^| ^^Downvote ^^to ^^remove ^^| ^^[Contact](https://www.reddit.com/message/compose/?to=sneakpeekbot) ^^| ^^[Info](https://np.reddit.com/r/sneakpeekbot/) ^^| ^^[Opt-out](https://np.reddit.com/r/sneakpeekbot/comments/o8wk1r/blacklist_ix/) ^^| ^^[GitHub](https://github.com/ghnr/sneakpeekbot)",helene,community_discussion,
lo8qjv1,t3_1fm2vlv,t1_lo8duxf,asheville,asheville-ModTeam,1726941721,2024-09-21 18:02,3,"We are removing your post/comment due to hate speech or insults. This includes but is not limited to:

- Calls to physical violence or cyberbullying against another person or organization.
- Suicidal posts.
- Text that expresses prejudice against a particular group, especially on the basis of race, religion, sexual orientation, gender, or abilities.
- Demeaning or inflammatory language directed at other users.

Please see our full rules page for the specifics.
https://www.reddit.com/r/asheville/about/rules/",helene,community_discussion,
lo8qo02,t3_1fm2vlv,t1_lo8opwf,asheville,PIKEYPsMOM,1726941760,2024-09-21 18:02,-12,Good because I'm ready!! GO TRUMP,helene,community_discussion,
lo8qpa9,t3_1fm2vlv,t1_lo8dpwy,asheville,asheville-ModTeam,1726941772,2024-09-21 18:02,1,"We are removing your post/comment due to trolling related behavior. This includes but is not limited to:

- Inflammatory and digressive behavior
- Extraneous, or off-topic messages
- Intentional deception
- Posts with little substance that invite ridicule at a person or group of people (car owners, parents with children, cyclists, etc)

Please see our full rules page for the specifics.
https://www.reddit.com/r/asheville/about/rules/",helene,community_discussion,
lo8qq5p,t3_1fm2vlv,t1_lo8opwf,asheville,PIKEYPsMOM,1726941781,2024-09-21 18:03,-7,You mean if Harris wins!,helene,community_discussion,
lo8qtnw,t3_1fm2vlv,t1_lo7h4jn,asheville,asheville-ModTeam,1726941814,2024-09-21 18:03,0,"We are removing your post/comment due to trolling related behavior. This includes but is not limited to:

- Inflammatory and digressive behavior
- Extraneous, or off-topic messages
- Intentional deception
- Posts with little substance that invite ridicule at a person or group of people (car owners, parents with children, cyclists, etc)

Please see our full rules page for the specifics.
https://www.reddit.com/r/asheville/about/rules/",helene,community_discussion,
lo8u4o1,t3_1fm2vlv,t1_lo8qhmq,asheville,Candid-Party1613,1726942916,2024-09-21 18:21,-6,So you’re saying people CAN’T change?,helene,community_discussion,
lo8voza,t3_1fm2vlv,t1_lo7qqo5,asheville,typicalgoatfarmer,1726943435,2024-09-21 18:30,1,Ok mister winky face,helene,community_discussion,
lo8vump,t3_1fm2vlv,t1_lo8u4o1,asheville,ruralfpthrowaway,1726943488,2024-09-21 18:31,7,"I think they are saying that we should doubt people’s professed values when they very clearly have transgressed those values previously, and rather than admitting to as much and discussing how and why they have changed they just make up some obviously untrue excuse about “AI did it”. 

But maybe you are right and we should just naively take people at their word all the time regardless of their past patterns of behavior? 🤷‍♂️",helene,community_discussion,
lo8xxrp,t3_1fm2vlv,t3_1fm2vlv,asheville,Ginagreen9,1726944202,2024-09-21 18:43,1,I didn't like him from the start.,helene,community_discussion,
lo9eb51,t3_1fm2vlv,t3_1fm2vlv,asheville,Significant-Drop-565,1726949888,2024-09-21 20:18,-4,"Let’s be honest, for better or worse, trying to cancel anyone rarely ever works.",helene,community_discussion,
lo9hw22,t3_1fm2vlv,t3_1fm2vlv,asheville,santafen,1726951082,2024-09-21 20:38,1,"I mean, one of the guys he defeated in the primary had an ad that said “I know how to deal with drug dealers. I’ll either put em in jail, or put em in the ground”. But Robinson is so unhinged the door has left the state.",helene,community_discussion,
loa6bfi,t3_1fm2vlv,t3_1fm2vlv,asheville,SuccessfulMagician70,1726959925,2024-09-21 23:05,1,Sure he did,helene,community_discussion,
loa7hgg,t3_1fm2vlv,t1_lo7i7jh,asheville,ZealousidealLack299,1726960383,2024-09-21 23:13,10,Can’t forget this. My personal favorite: https://theonion.com/why-do-all-these-homosexuals-keep-sucking-my-cock-1819583529/,helene,community_discussion,
loa7r3g,t3_1fm2vlv,t3_1fm2vlv,asheville,Dunnoaboutu,1726960488,2024-09-21 23:14,1,"I know a big MAGA fan, she called Henderson Co GOP about this - they said the republicans investigated this and found it to be true. She is not abstaining from that vote.",helene,community_discussion,
loaiwlr,t3_1fm2vlv,t1_lo7gyvn,asheville,JustAnotherBuilder,1726964967,2024-09-22 00:29,2,The Rogan crew regularly makes jokes/waxes philosophical that the “straightest porn is a transgender man with a woman.” This is a thing with the whole incel/repressed wing of conservatism. Pornhub stats show that transgender porn is VERY popular in very red areas.,helene,community_discussion,
loajodp,t3_1fm2vlv,t1_lo8amfn,asheville,JustAnotherBuilder,1726965282,2024-09-22 00:34,4,NOOOO. They’re getting around it because they’re into the same thing. The entire incel wing of the modern GOP LOVES transgender porn because it still feels like they’re not watching a guy.,helene,community_discussion,
loalhqt,t3_1fm2vlv,t3_1fm2vlv,asheville,3271408,1726966023,2024-09-22 00:47,-2,Guess what?   I’m still voting for him.  I don’t care what you think.,helene,community_discussion,
lobq31i,t3_1fm2vlv,t1_lo8923e,asheville,-buttfaces,1726985777,2024-09-22 06:16,1,"Bush would be considered liberal now. Biden was basically bush. Damn. Seemed like a democrat after trump, but that’s the beauty of pushing the envelope.",helene,community_discussion,
lockskg,t3_1fm2vlv,t3_1fm2vlv,asheville,Exciting-Source-3449,1727005972,2024-09-22 11:52,2,"Yep, they are draining the swamp alright.  Right into everyone's living room.   It is exhausting.",helene,community_discussion,
loel6v5,t3_1fm2vlv,t1_lo8vump,asheville,Candid-Party1613,1727030857,2024-09-22 18:47,0,But that doesn’t happen. Empty words.,helene,community_discussion,
loexsji,t3_1fm2vlv,t3_1fm2vlv,asheville,Pretend_Cheek308,1727034631,2024-09-22 19:50,1,Definitely taken out of context,helene,community_discussion,
lof3jby,t3_1fm2vlv,t1_loel6v5,asheville,ruralfpthrowaway,1727036372,2024-09-22 20:19,1,That’s exactly what happened. I would advise for you to repent of your wicked ways in justifying Mark Robinson actions.,helene,community_discussion,
lo7jk4v,t3_1fm3kkw,t3_1fm3kkw,asheville,AVLLaw,1726927549,2024-09-21 14:05,1,which one>,helene,community_discussion,
lo7kr4n,t3_1fm3kkw,t1_lo7jk4v,asheville,CamelotKittenRanch,1726927971,2024-09-21 14:12,2,"The store at the Asheville Mall on Tunnel Road. Parking galore, and no need to drive through Endless Construction Alley!",helene,community_discussion,
lo7sav7,t3_1fm3kkw,t3_1fm3kkw,asheville,Fun_Explanation_3417,1726930544,2024-09-21 14:55,2,Wow where does Brom sell their artwork?? Is this oil?,helene,community_discussion,
lo9lkol,t3_1fm3kkw,t1_lo7kr4n,asheville,AVLLaw,1726952314,2024-09-21 20:58,3,Thanks. I went and bought several books and got a ton of autographs and he was really cool and fun to listen to. My favorite quote from Brom was “I like scaring children.”,helene,community_discussion,
lo9uj2a,t3_1fm3kkw,t3_1fm3kkw,asheville,Bunnawhat13,1726955489,2024-09-21 21:51,3,I am so sad I didn’t see this earlier. I have a doll he designed. I love his art.,helene,community_discussion,
loampjm,t3_1fm3kkw,t1_lo9uj2a,asheville,CamelotKittenRanch,1726966520,2024-09-22 00:55,2,"Sorry you couldn't join us! We had over 75 people there, and he was really enjoying seeing all the older items people brought to get signed ... Magic cards, kids' books, video game art, posters, etc. A couple of people brought a literal box full of items to sign! He talked and answered questions for a full hour, then stayed and signed every single thing. We did also get him to sign a bunch of copies of each of his books, though, in case you're interested in picking any up. As of right now, they're all on a big table right inside the front door.",helene,community_discussion,
loc1veg,t3_1fm3kkw,t1_loampjm,asheville,Bunnawhat13,1726993687,2024-09-22 08:28,1,Thank you. In a post right before I saw this a person and I were speaking about BROM. It was very odd. I am glad it was a good time,helene,community_discussion,
locfjqi,t3_1fm3kkw,t3_1fm3kkw,asheville,momexrath,1727003004,2024-09-22 11:03,1,Daaaaammnn I wish I'd seen this in time 😭,helene,community_discussion,
lo7on63,t3_1fm409c,t3_1fm409c,asheville,Urbud420,1726929309,2024-09-21 14:35,6,Ingles definitely does. If you want a massive amount like 500+ lbs call companies that supply bars,helene,community_discussion,
lo7xo8c,t3_1fm409c,t3_1fm409c,asheville,NoLookinCookin,1726932338,2024-09-21 15:25,8,Ingles has 20 for 3.88/bag. Or find one of those roadshow ice machines. I believe there is one in Fletcher.,helene,community_discussion,
lo7pgci,t3_1fm4i7p,t3_1fm4i7p,asheville,GovernmentChance4182,1726929583,2024-09-21 14:39,3,"Terrible photo, had to snap it fast while we passed him",helene,community_discussion,
lo7qzmu,t3_1fm4i7p,t3_1fm4i7p,asheville,RelayFX,1726930105,2024-09-21 14:48,-89,"I would never do this with my dog because I like my dog. That being said though, shaming somebody because they have an ideology that’s different than you is really kind of pompous. These “farmer” type see their dogs as tools, not pets. If it gets lost, they’ll just get a new one.",helene,community_discussion,
lo7r2it,t3_1fm4i7p,t3_1fm4i7p,asheville,Cheoah,1726930131,2024-09-21 14:48,52,"Might be a rodeo guy, def won't win any awards for being bright.  My working dogs rode all over the farm in the back of my trucks, but over the road?  On 20 fking 6? 

And on a flatbed with no sides?  Genius has all kinds of loose hitches and fenceposts back there.  So ya.  26 is treacherous.",helene,community_discussion,
lo7rhwq,t3_1fm4i7p,t3_1fm4i7p,asheville,CharmingAlbatross608,1726930276,2024-09-21 14:51,-47,"While I don’t agree with it , you do realize that’s a heeler and they are bred to be work dogs and are perfectly comfortable in a situation such as that. You should do some research on the breed and what they are capable of. I have more than one friend that owns one and they are perfectly happy AND safe riding in the back of a truck.",helene,community_discussion,
lo7rr3z,t3_1fm4i7p,t1_lo7qzmu,asheville,MountainWeddingTog,1726930360,2024-09-21 14:52,42,Most farmers would tell you to go to hell (or something much ruder) for lumping them into a group with this asshole.,helene,community_discussion,
lo7rst6,t3_1fm4i7p,t1_lo7qzmu,asheville,jpjtourdiary,1726930377,2024-09-21 14:52,16,So I shouldn’t shame a Klansman or a serial killer or a rapist  for having an ideology that’s different than mine? Interesting.,helene,community_discussion,
lo7s1hp,t3_1fm4i7p,t1_lo7qzmu,asheville,Fun_Explanation_3417,1726930457,2024-09-21 14:54,12,"You forgot to add “That doesn’t make it right, though”",helene,community_discussion,
lo7sdju,t3_1fm4i7p,t1_lo7rhwq,asheville,yes-areallygoodbook,1726930568,2024-09-21 14:56,34,Yeah guys! Not falling off a flatbed truck on the highway is instinctual for heelers. /s,helene,community_discussion,
lo7shro,t3_1fm4i7p,t1_lo7rst6,asheville,RelayFX,1726930607,2024-09-21 14:56,-39,One impacts the life of others. The other is how somebody manages their own personal property. Those two things are very non-sequitur.,helene,community_discussion,
lo7skde,t3_1fm4i7p,t1_lo7rhwq,asheville,ExitAcceptable,1726930632,2024-09-21 14:57,23,"This is not the same as ""riding in the back of a truck""",helene,community_discussion,
lo7sp8d,t3_1fm4i7p,t1_lo7qzmu,asheville,goldenelephant45,1726930680,2024-09-21 14:58,26,"There's so many problems with your comment. Perception isn't necessarily reality. Just because farmers view dogs as replaceable tools doesn't make them so. Not to mention that it's irresponsible to leave a replaceable tool on sitting out like that. If it was a hammer you'd surely say that's dangerous and stupid. That's dangerous for the dog and it's dangerous to the people following behind the truck. And what's with the cultural relativism here? Farmers see dogs as tools so they do what they want without judgement? What do you think about dog fighting? Mike Vick grew up in a culture that saw dogs as tools, does that make what he did okay (or at least not deserving of shaming)?",helene,community_discussion,
lo7sxx2,t3_1fm4i7p,t1_lo7qzmu,asheville,ExitAcceptable,1726930761,2024-09-21 14:59,29,"""If it gets lost"" ?? You mean, if this dog bounces off a flatbed on the highway and is killed in an easily preventable way?",helene,community_discussion,
lo7tgbn,t3_1fm4i7p,t1_lo7qzmu,asheville,Competitive-Read-756,1726930931,2024-09-21 15:02,20,"Farmers I've known don't abuse their ""tools"" and conserve costs, and don't have a wasteful throw away mentality.  Your comment shows are clearly a jackass.",helene,community_discussion,
lo7urkw,t3_1fm4i7p,t3_1fm4i7p,asheville,Grifter73,1726931372,2024-09-21 15:09,2,Did you at least try to report it to Highway Patrol?,helene,community_discussion,
lo7ussm,t3_1fm4i7p,t1_lo7shro,asheville,slothyonthebench,1726931383,2024-09-21 15:09,17,"How do you think this doesn’t impact the life of another?? That dog is alive… and will suffer greatly if in a (near-lethal) accident. Just because you claim another living being as your “property” doesn’t give you the right to abuse. The funny thing about folks who think like this is that they think of themselves as so evolved compared to animals and thus deserving of more power and rights, but the total dismissal of and disregard for animals’ sentience and suffering shows just how similar to animals we really are. Woof. ",helene,community_discussion,power
lo7uv0s,t3_1fm4i7p,t3_1fm4i7p,asheville,dealin_despair,1726931404,2024-09-21 15:10,-3,I might know this guy. Dog rides everywhere like that and it’ll fuck you up if you get near his truck. I don’t necessarily agree with it but it is what it is. Dude was probably going to auction if it’s the same dog. I’m about an hour from Asheville but I can remember dad driving on the interstate when he took me to sell cattle as a kid,helene,community_discussion,
lo7v66g,t3_1fm4i7p,t3_1fm4i7p,asheville,GeorgeGnarlin,1726931508,2024-09-21 15:11,-46,"Work dog, he jumps up there of his own free will. Is what it is.🤷🏻‍♂️",helene,community_discussion,
lo7vpuu,t3_1fm4i7p,t3_1fm4i7p,asheville,snot-nosed_punk,1726931692,2024-09-21 15:14,-40,It's a blue heeler so it  doesn't count. They're smart. If it was a boxer I'd have doubts.,helene,community_discussion,
lo7w087,t3_1fm4i7p,t1_lo7rhwq,asheville,CharmingAlbatross608,1726931789,2024-09-21 15:16,-23,"Damn, so much hate on my comment. Has any of yall ever owned a heeler- I have. And I started with “I don’t agree with it” maybe all you keyboard crusaders should go touch some grass and enjoy the beautiful day outside.",helene,community_discussion,
lo7wald,t3_1fm4i7p,t1_lo7tgbn,asheville,GarageQueen,1726931885,2024-09-21 15:18,11,"Also the farmer isn't going to want to waste all the time they spent training their dog to be an effective ""tool"".",helene,community_discussion,
lo7wjzr,t3_1fm4i7p,t1_lo7ussm,asheville,GarageQueen,1726931971,2024-09-21 15:19,19,It will also definitely impact the life of the driver who accidentally kills that poor dog when it falls off the truck an into the path of their car.,helene,community_discussion,
lo7wqg7,t3_1fm4i7p,t3_1fm4i7p,asheville,jmac_1957,1726932029,2024-09-21 15:20,1,Rednecks gonna redneck,helene,community_discussion,
lo7x32h,t3_1fm4i7p,t1_lo7w087,asheville,ceryskt,1726932144,2024-09-21 15:22,18,It doesn’t matter how smart a dog is. They can’t control what other people do on the road.,helene,community_discussion,
lo7xhqb,t3_1fm4i7p,t1_lo7shro,asheville,jpjtourdiary,1726932277,2024-09-21 15:24,9,Nah,helene,community_discussion,
lo7xtm7,t3_1fm4i7p,t3_1fm4i7p,asheville,Xchadfur,1726932387,2024-09-21 15:26,-59,Why don’t you (OP) worry about your own life? If you don’t want someone to tell you how to live your life then why don’t you do the same? You don’t know the story here that dog prob loves riding like that. You’re worry about things that don’t affect you.,helene,community_discussion,
lo7y2vk,t3_1fm4i7p,t3_1fm4i7p,asheville,ceryskt,1726932472,2024-09-21 15:27,82,"All these folks saying working dogs are smart enough or used to it - yeah, on a farm. What happens if someone’s driving 65mph on the interstate and some moron clips the trailer? Dog gonna suddenly become prescient and get out of the way? What about inclement weather, road debris, mechanical failure? Not to mention, if the dog falls off it would be a hazard to other drivers as well. Stupid and dangerous. 

I’ve seen plenty of farm trucks on the highways not secure their goods, and have had them fall off while going 60+. I almost crashed on 240 the other day because of something like this - I am SO lucky my car somehow avoided damage, especially my windshield. Seeing things like that does not inspire confidence.",helene,community_discussion,weather
lo7ydni,t3_1fm4i7p,t1_lo7skde,asheville,CharmingAlbatross608,1726932570,2024-09-21 15:29,-8,It’s literally riding in the back of a truck!🤣🤡,helene,community_discussion,
lo7z4rn,t3_1fm4i7p,t1_lo7qzmu,asheville,Realistic_Ear_9378,1726932823,2024-09-21 15:33,36,Bullshit.  It's animal abuse and a moving violation.  Both of those are against the law because of the negative impact they have on society.,helene,community_discussion,
lo7zkcw,t3_1fm4i7p,t1_lo7rhwq,asheville,Realistic_Ear_9378,1726932969,2024-09-21 15:36,9,You have as many downvotes as there are points that went over your head.,helene,community_discussion,
lo80pr0,t3_1fm4i7p,t3_1fm4i7p,asheville,Lostdragonballs,1726933347,2024-09-21 15:42,-33,This post is the best!! Tolerance for all!! LMFAO!!,helene,community_discussion,
lo80va2,t3_1fm4i7p,t1_lo7zkcw,asheville,CharmingAlbatross608,1726933400,2024-09-21 15:43,-4,"Naw, most certainly didn’t but people so prone to jump to hate to anyone that doesn’t agree with them nowadays 🤷‍♂️ it’s a “ can’t see a forest thru the trees” type of situation 
But I’m happy for you that you got your two sets in. Have a nice day.🤡",helene,community_discussion,
lo81675,t3_1fm4i7p,t1_lo80va2,asheville,Realistic_Ear_9378,1726933500,2024-09-21 15:45,5,You literally gained three more (downvotes and points going over your head) since I replied.  Keep digging that hole.,helene,community_discussion,
lo824qv,t3_1fm4i7p,t1_lo7v66g,asheville,JeebsFat,1726933817,2024-09-21 15:50,12,On an interstate? No. I don't want to total my car because this dog lost his footing. Or the unsecured load.,helene,community_discussion,
lo825sv,t3_1fm4i7p,t3_1fm4i7p,asheville,Lower-Elderberry2894,1726933826,2024-09-21 15:50,14,Did you call highway patrol...?,helene,community_discussion,
lo829u9,t3_1fm4i7p,t3_1fm4i7p,asheville,SEXferalghoul,1726933863,2024-09-21 15:51,35,Crazy how many comments on this post are saying to “worry about yourself and mind your business” when in the event of any sort of collision or mishap this dog is going to splatter into a gore bomb both mentally effecting whoever they’re sharing the road with and physically effecting whoever has to clean dog guts off their car. ,helene,community_discussion,
lo8644n,t3_1fm4i7p,t1_lo7uv0s,asheville,huntzduke,1726935139,2024-09-21 16:12,33,"If you know him, tell him I said he’s a fuckin bitch.",helene,community_discussion,
lo86hw1,t3_1fm4i7p,t1_lo8644n,asheville,dealin_despair,1726935266,2024-09-21 16:14,-2,Alright but I doubt he’s very concerned about it,helene,community_discussion,
lo87isw,t3_1fm4i7p,t3_1fm4i7p,asheville,moenine9,1726935608,2024-09-21 16:20,1,Did you do something about it? Notify highway patrol? Or just come here to bitch about?,helene,community_discussion,
lo897el,t3_1fm4i7p,t1_lo7ydni,asheville,mavetgrigori,1726936160,2024-09-21 16:29,6,"Trucks have gates and sides to it, this does not. Plus this is on a major road, not some personal property where the likelihood of getting hit drops significantly.",helene,community_discussion,
lo89v5c,t3_1fm4i7p,t3_1fm4i7p,asheville,mikezer0,1726936376,2024-09-21 16:32,25,The comments at the bottom of the page are the real reason you don’t actually want to live in Asheville,helene,community_discussion,
lo8bbr3,t3_1fm4i7p,t1_lo81675,asheville,CharmingAlbatross608,1726936856,2024-09-21 16:40,1,Your a 🤡🤡🤡,helene,community_discussion,
lo8c1n6,t3_1fm4i7p,t3_1fm4i7p,asheville,moenine9,1726937090,2024-09-21 16:44,4,So did you actually do something about it? Notify highway patrol?,helene,community_discussion,
lo8c35w,t3_1fm4i7p,t1_lo7uv0s,asheville,el_torko,1726937103,2024-09-21 16:45,1,"I actually feel like I have probably seen him around too, because I remember thinking what the actual fuck?",helene,community_discussion,
lo8ezc0,t3_1fm4i7p,t1_lo8c35w,asheville,dealin_despair,1726938027,2024-09-21 17:00,3,If you’re in canton that’s where the auction is I’m pretty sure,helene,community_discussion,
lo8fj9v,t3_1fm4i7p,t1_lo8ezc0,asheville,el_torko,1726938204,2024-09-21 17:03,1,"Yep, definitely seen him around then.",helene,community_discussion,
lo8gwri,t3_1fm4i7p,t3_1fm4i7p,asheville,cactusjuic3,1726938647,2024-09-21 17:10,4,IVE SEEN THIS GUY BEFORE,helene,community_discussion,
lo8h84u,t3_1fm4i7p,t1_lo8c1n6,asheville,raremud_,1726938746,2024-09-21 17:12,5,and high way patrol isn’t going to do anything either.,helene,community_discussion,
lo8h8vm,t3_1fm4i7p,t3_1fm4i7p,asheville,bickybb,1726938752,2024-09-21 17:12,12,He deserves to be quartered for that one,helene,community_discussion,
lo8hdvt,t3_1fm4i7p,t1_lo89v5c,asheville,raremud_,1726938796,2024-09-21 17:13,-18,rational people draw lines for themselves and mind their biz,helene,community_discussion,
lo8hg3w,t3_1fm4i7p,t1_lo8h84u,asheville,moenine9,1726938816,2024-09-21 17:13,-2,Then seems like a wasted effort,helene,community_discussion,
lo8hzh6,t3_1fm4i7p,t3_1fm4i7p,asheville,LittleMissMeanAss,1726938983,2024-09-21 17:16,27,"I’ve seen an adult dog and a puppy fall from moving vehicles and be run over. The puppy was during a rock crawling event- the owner was rolling around on the campground area; pup fell and back tire caught it. He carried it around, dead, in his hands for a while, presumably due to shock. He couldn’t believe the dog fell out and died. The second was on a highway - truck swerved and the force sent the dog out of the bed. The car behind swerved and missed the dog, but the young girl behind that car did not. We pulled over to check on everyone and the sound of her screaming will never leave my brain. Awful all around. 

Don’t put your animals in the truck bed, don’t let them ride in your lap, don’t take them four wheeling, don’t tie them off to something by the collar.",helene,community_discussion,
lo8i35d,t3_1fm4i7p,t1_lo7z4rn,asheville,raremud_,1726939016,2024-09-21 17:16,-11,this take is abusive to animals,helene,community_discussion,
lo8j1gm,t3_1fm4i7p,t1_lo8hg3w,asheville,raremud_,1726939314,2024-09-21 17:21,-6,"in NC animals do not have to be fastened to anything on or in a vehicle. this is stupid, but not illegal. also not illegal for people to be loose in the back of or on a vehicle as well.",helene,community_discussion,
lo8jmal,t3_1fm4i7p,t1_lo8j1gm,asheville,moenine9,1726939497,2024-09-21 17:24,-1,I agree! Surprised they didn’t take a picture and post of his license plate  🤣,helene,community_discussion,
lo8jsgm,t3_1fm4i7p,t1_lo7y2vk,asheville,Saucespreader,1726939549,2024-09-21 17:25,21,"yea if its on my farm yes, main roads hell no. Fender bender & hes flying",helene,community_discussion,
lo8l0s5,t3_1fm4i7p,t1_lo824qv,asheville,flip469,1726939941,2024-09-21 17:32,-18,Ok. Then don't!!! 🤷🏽🤦🏽🤦🏽🤦🏽,helene,community_discussion,
lo8l94p,t3_1fm4i7p,t1_lo7z4rn,asheville,[deleted],1726940017,2024-09-21 17:33,1,[removed],helene,community_discussion,
lo8lhz3,t3_1fm4i7p,t1_lo7rr3z,asheville,[deleted],1726940096,2024-09-21 17:34,1,[removed],helene,community_discussion,
lo8lpyv,t3_1fm4i7p,t1_lo7sp8d,asheville,flip469,1726940167,2024-09-21 17:36,-9,Vick griwing up around it DEF makes it LESS wrong. Smfh.,helene,community_discussion,
lo8m4go,t3_1fm4i7p,t1_lo8l0s5,asheville,JeebsFat,1726940294,2024-09-21 17:38,11,Don't use the interstate? Or don't get hit by a loose trailer hitch bounce at my windshield?,helene,community_discussion,
lo8meu4,t3_1fm4i7p,t3_1fm4i7p,asheville,Present-Bee5817,1726940384,2024-09-21 17:39,-12,Mind your own business Karen,helene,community_discussion,
lo8mflh,t3_1fm4i7p,t1_lo7qzmu,asheville,JeebsFat,1726940391,2024-09-21 17:39,6,I'm not shaming. I'm condemning the action that puts others at risk. The dog and other drivers.,helene,community_discussion,
lo8ofof,t3_1fm4i7p,t1_lo8hzh6,asheville,Big-Formal408,1726941024,2024-09-21 17:50,7,I’m so panicked about my own dog riding *inside* of my car that he has his own seatbelt that his harness is secured to for any ride longer than just down the road. We got hit by an 18-wheeler on 40 two years ago and ever since that he flips out in the car so it’s for both of our safety.,helene,community_discussion,
lo8pa0v,t3_1fm4i7p,t3_1fm4i7p,asheville,EruditeScheming,1726941290,2024-09-21 17:54,3,Make him ride the same way.,helene,community_discussion,
lo8pthb,t3_1fm4i7p,t1_lo89v5c,asheville,Usual_Advertising593,1726941471,2024-09-21 17:57,1,Asheville and Boone seem like awesome places to live until you realize they're surrounded by hillbilly trash,helene,community_discussion,
lo8rj0g,t3_1fm4i7p,t3_1fm4i7p,asheville,True_Trifle2198,1726942051,2024-09-21 18:07,-2,I have seen so many tow truck drivers do this with there dogs. It’s pretty common in northern ky,helene,community_discussion,
lo8t6eu,t3_1fm4i7p,t3_1fm4i7p,asheville,SignificantVisual178,1726942601,2024-09-21 18:16,-26,"Nah, those dogs have been riding like that since puppies. Screw you",helene,community_discussion,
lo8tj9p,t3_1fm4i7p,t1_lo8pthb,asheville,asheville-ModTeam,1726942722,2024-09-21 18:18,2,"We are removing your post/comment due to hate speech or insults. This includes but is not limited to:

- Calls to physical violence or cyberbullying against another person or organization.
- Suicidal posts.
- __Text that expresses prejudice against a particular group, especially on the basis of race, religion, sexual orientation, gender, or abilities.__
- Demeaning or inflammatory language directed at other users.

Please see our full rules page for the specifics.
https://www.reddit.com/r/asheville/about/rules/",helene,community_discussion,
lo8u254,t3_1fm4i7p,t3_1fm4i7p,asheville,NationalAlfalfa37660,1726942894,2024-09-21 18:21,4,Makes me sick to see stuff like this! This is when I’d go say something (even if I had to shout it as I drove by) and probably get myself shot at.,helene,community_discussion,
lo8w5o5,t3_1fm4i7p,t1_lo829u9,asheville,BeeHive83,1726943593,2024-09-21 18:33,7,Funny thing is it becomes our business when we encounter it.,helene,community_discussion,
lo8wrsc,t3_1fm4i7p,t3_1fm4i7p,asheville,matiaschazo,1726943802,2024-09-21 18:36,3,This has to be illegal right?? If so hope you got his plate and reported him,helene,community_discussion,
lo8y515,t3_1fm4i7p,t1_lo8j1gm,asheville,purrmutations,1726944271,2024-09-21 18:44,3,"Exposure like this helps educate people that it is still legal, and that will cause people to petition.",helene,community_discussion,
lo8zvco,t3_1fm4i7p,t3_1fm4i7p,asheville,five3x11,1726944871,2024-09-21 18:54,19,"FYI this is illegal in all 50 states. In the same way it'd be illegal for me to drive around with an unsecured chainsaw, 2x4s or a mattress on a truck bed like that. If it falls into the road, it can cause accidents.",helene,community_discussion,
lo908f7,t3_1fm4i7p,t1_lo7v66g,asheville,PrincessPlusUltra,1726944997,2024-09-21 18:56,3,Yeah I always default to my dogs free will about what he thinks is best for him,helene,community_discussion,
lo90hlf,t3_1fm4i7p,t1_lo7urkw,asheville,DrGonzo46n2,1726945085,2024-09-21 18:58,1,Yeah I would still report it including that their plate is blocked. Fuck this moron.,helene,community_discussion,
lo90q3n,t3_1fm4i7p,t1_lo8y515,asheville,moenine9,1726945168,2024-09-21 18:59,0,"I’ve seen numerous post similar to this and have yet to see anyone share a petition they started. 

Please, when you start one let me know. I’ll sign it.",helene,community_discussion,
lo91hxs,t3_1fm4i7p,t1_lo90q3n,asheville,purrmutations,1726945443,2024-09-21 19:04,1,Effective people go to council meetings and rally others to vote instead of getting petitions signed fwiw.,helene,community_discussion,
lo921u2,t3_1fm4i7p,t1_lo7xtm7,asheville,sleepy_xia,1726945638,2024-09-21 19:07,9,"and when the dog falls off and causes a pileup from people swerving out of the way, that won't affect anyone else?",helene,community_discussion,
lo92a7n,t3_1fm4i7p,t1_lo8hdvt,asheville,Immediate-Flower-694,1726945720,2024-09-21 19:08,6,"Let’s drive you around like that on the highway. It’s totally legal, why not??",helene,community_discussion,
lo92apt,t3_1fm4i7p,t1_lo7wjzr,asheville,sleepy_xia,1726945725,2024-09-21 19:08,6,and the pileup of cars behind that,helene,community_discussion,
lo92e0u,t3_1fm4i7p,t1_lo8644n,asheville,Slight-Environment75,1726945758,2024-09-21 19:09,-4,So tough,helene,community_discussion,
lo92wct,t3_1fm4i7p,t1_lo908f7,asheville,GeorgeGnarlin,1726945940,2024-09-21 19:12,-13,"I’d rather keep Fido in the car with me so he can pinball around the inside of the cab like a ping pong ball.

Ever seen a cat move quicker than when it flys from the rear window to the windshield when its owner rear ends someone one on 26 at 60mph?

At least this dog doesn’t come inside Ingles and piss on the bottom shelf, no?

At least he’s not locked inside the cab on an 80 degree day, no?

Can’t win with you people…",helene,community_discussion,
lo97upp,t3_1fm4i7p,t3_1fm4i7p,asheville,Near-Scented-Hound,1726947684,2024-09-21 19:41,9,"Anyone who would do that to a dog is a real douche bag and doesn’t deserve to have a dog. 

I hope it comes back on them threefold.",helene,community_discussion,
lo997w1,t3_1fm4i7p,t3_1fm4i7p,asheville,Altruistic-Use-393,1726948155,2024-09-21 19:49,-7,"Is it right or wrong, I don't really care. I feel for the dog and don't agree. But, then I remember the best thing I learned in the olden times of WNC. It's a whole bunch of mind, my own business. Plus, what if the dog identifies as a war boy.???",helene,community_discussion,
lo99oj7,t3_1fm4i7p,t1_lo8lpyv,asheville,goldenelephant45,1726948314,2024-09-21 19:51,2,I can't tell if you're being sarcastic. Vick growing up around it DEF does not make it less wrong. I feel like he would agree. I give him credit for participating in restorative justice and working to right his wrongs the best he can.,helene,community_discussion,
lo99w0z,t3_1fm4i7p,t1_lo8l94p,asheville,asheville-ModTeam,1726948386,2024-09-21 19:53,1,"We are removing your post/comment due to hate speech or insults. This includes but is not limited to:

- Calls to physical violence or cyberbullying against another person or organization.
- Suicidal posts.
- Text that expresses prejudice against a particular group, especially on the basis of race, religion, sexual orientation, gender, or abilities.
- Demeaning or inflammatory language directed at other users.

Please see our full rules page for the specifics.
https://www.reddit.com/r/asheville/about/rules/",helene,community_discussion,
lo99zk9,t3_1fm4i7p,t1_lo91hxs,asheville,moenine9,1726948419,2024-09-21 19:53,0,"I agree! Totally way more effective then posting on Reddit. 

My point: instead of posting to forums to complain about what people are doing, maybe actually DO something to address it.",helene,community_discussion,
lo9c0ko,t3_1fm4i7p,t1_lo7qzmu,asheville,A_Few_Good,1726949119,2024-09-21 20:05,5,Wow...you have some really bad takes on life sometimes,helene,community_discussion,
lo9djs2,t3_1fm4i7p,t3_1fm4i7p,asheville,BroManWNC,1726949638,2024-09-21 20:13,-1,I would be afraid someone would grab him and eat my dog.,helene,community_discussion,
lo9frki,t3_1fm4i7p,t3_1fm4i7p,asheville,toasted_cracker,1726950377,2024-09-21 20:26,3,Idk if it was the same idiot but a couple years ago I got behind a flatbed truck with a dog on it too.  On top of that it was raining so you know it had to be slick.  This was on 26 near Landrum SC.,helene,community_discussion,
lo9gweg,t3_1fm4i7p,t1_lo8wrsc,asheville,CupSuspicious8584,1726950759,2024-09-21 20:32,2,Text on the post says plate is covered by the trailer,helene,community_discussion,
lo9ho56,t3_1fm4i7p,t1_lo99zk9,asheville,purrmutations,1726951013,2024-09-21 20:36,1,And you missed the point that posting about things like this online gets other people interested in action.,helene,community_discussion,
lo9hsyq,t3_1fm4i7p,t1_lo92wct,asheville,PrincessPlusUltra,1726951056,2024-09-21 20:37,3,Okay what does this have to do at all with the dumb thing you said originally. “Of his own free will” he wants to eat this chocolate might as well give it to him. Fastest goalpost moving I’ve ever seen trying to gloss over how dumb what you said was.,helene,community_discussion,
lo9ibmt,t3_1fm4i7p,t1_lo825sv,asheville,DueMathematician1742,1726951225,2024-09-21 20:40,-7,It’s not illegal,helene,community_discussion,
lo9id3f,t3_1fm4i7p,t1_lo7y2vk,asheville,GovernmentChance4182,1726951239,2024-09-21 20:40,11,"There are way too many ways for this to go wrong for me to feel bad about not “minding my own business” lmao. There are a million ways to get around Asheville without touching the highway, and if he’s going further than that put the dog in the cab. Glad there are some sensible people here",helene,community_discussion,
lo9iian,t3_1fm4i7p,t1_lo92e0u,asheville,huntzduke,1726951285,2024-09-21 20:41,2,Tougher than the bitch who takes his dog out on the worst highway in the state.,helene,community_discussion,
lo9ikg8,t3_1fm4i7p,t1_lo829u9,asheville,GovernmentChance4182,1726951305,2024-09-21 20:41,13,Exactly. My little brother was driving my car and we would both be absolutely devastated to witness or cause the death of that dog,helene,community_discussion,
lo9iuwa,t3_1fm4i7p,t1_lo8meu4,asheville,asheville-ModTeam,1726951399,2024-09-21 20:43,1,"We are removing your post/comment due to hate speech or insults. This includes but is not limited to:

- Demeaning or inflammatory language directed at other users.

Please see our full rules page for the specifics.
https://www.reddit.com/r/asheville/about/rules/",helene,community_discussion,
lo9ixik,t3_1fm4i7p,t1_lo9ibmt,asheville,Lower-Elderberry2894,1726951423,2024-09-21 20:43,3,"It isn't, but it's obviously a safety issue. I've called for something similar, a loose dog in a truck bed with out the hinged door thing. Dog was walking around when this guy was going 70mph on i-85. It isn't illegal but for ducks sake it's something HP can and will pull people over for.",helene,community_discussion,
lo9iygq,t3_1fm4i7p,t1_lo8c1n6,asheville,GovernmentChance4182,1726951431,2024-09-21 20:43,1,I’m hoping that if other people see him around with the dog out they’ll be able to spot his plate and know he does it frequently. I couldn’t see the plate because the huge trailer was blocking it and I exited pretty soon after.,helene,community_discussion,
lo9j40z,t3_1fm4i7p,t3_1fm4i7p,asheville,iamjhamp,1726951482,2024-09-21 20:44,1,Where on i26?,helene,community_discussion,
lo9jbnm,t3_1fm4i7p,t1_lo90hlf,asheville,GovernmentChance4182,1726951551,2024-09-21 20:45,2,Didn’t think about still calling without a plate i’ll definitely do that! Even if its not illegal its reckless and cruel to risk a dog and other drivers like that,helene,community_discussion,
lo9jm74,t3_1fm4i7p,t1_lo9ixik,asheville,DueMathematician1742,1726951650,2024-09-21 20:47,-5,This sounds like a waste of resources for the Highway Patrol. Those guys could be doing something better with their time than responding to a call for a legal action. Don’t call in on speeders? Or when folks don’t use the turn signal?,helene,community_discussion,
lo9jx1v,t3_1fm4i7p,t3_1fm4i7p,asheville,GovernmentChance4182,1726951753,2024-09-21 20:49,22,"To all the people saying “mind your business”:
 
Nope! Thanks though. 

Saying he does this all the time is actually much worse! Driving around a farm or up a 35mph 2 lane like this is one thing, flying down I-26 at 70mph is idiotic. Put him in the damn cab, your truck is shitty anyway.",helene,community_discussion,
lo9kbhj,t3_1fm4i7p,t1_lo8jmal,asheville,GovernmentChance4182,1726951889,2024-09-21 20:51,1,I would have called highway patrol if i saw his plate :),helene,community_discussion,
lo9kc4f,t3_1fm4i7p,t1_lo90hlf,asheville,DueMathematician1742,1726951895,2024-09-21 20:51,-2,There is not crime to report.,helene,community_discussion,
lo9kugt,t3_1fm4i7p,t1_lo7qzmu,asheville,not_wyoming,1726952068,2024-09-21 20:54,4,Why is this guy a mod???,helene,community_discussion,
lo9l5wy,t3_1fm4i7p,t1_lo9ikg8,asheville,SEXferalghoul,1726952176,2024-09-21 20:56,4,"I saw a similar thing recently but it was honestly worse, a blue heeler clinging to the wheel well of some clapped out truck the bed didn’t close on while they drove like maniacs. It made me SO nervous. And all I could think until they were out of sight was I didn’t want to see that dog die! And I grew up around farms and “farm dogs”, when my friends took their dogs with us for trail rides they were always in the closed truck bed, tied in, and trained to lay down while we were moving. No shit like this. ",helene,community_discussion,
lo9l9aq,t3_1fm4i7p,t1_lo7xtm7,asheville,GovernmentChance4182,1726952206,2024-09-21 20:56,7,"Its called empathy, hope this helps!",helene,community_discussion,
lo9mave,t3_1fm4i7p,t1_lo9j40z,asheville,GovernmentChance4182,1726952561,2024-09-21 21:02,2,Got on at the diamond intersection in arden towards asheville,helene,community_discussion,
lo9mj6b,t3_1fm4i7p,t1_lo9l5wy,asheville,GovernmentChance4182,1726952640,2024-09-21 21:04,6,"My family runs a massive farm down east, they love their dogs like family and would never risk their lives like this",helene,community_discussion,
lo9mw3u,t3_1fm4i7p,t1_lo8t6eu,asheville,GovernmentChance4182,1726952762,2024-09-21 21:06,2,Oh baby dont be angry with me :(,helene,community_discussion,
lo9nr5f,t3_1fm4i7p,t1_lo9ho56,asheville,moenine9,1726953059,2024-09-21 21:10,0,"Or makes people complacent because they feel they like they actually *did* something by posting about it. I understand your point, I just don’t think it really motivates people as much as we’d like to think it does.",helene,community_discussion,
lo9ovve,t3_1fm4i7p,t1_lo9nr5f,asheville,purrmutations,1726953448,2024-09-21 21:17,1,"OP was complacent already, they came here to post the picture. Them not posting wouldn't have made them take the initiative anyway.",helene,community_discussion,
lo9pffm,t3_1fm4i7p,t3_1fm4i7p,asheville,poledrawolf,1726953641,2024-09-21 21:20,6,This person is a top drawer asshole.,helene,community_discussion,
lo9qhqh,t3_1fm4i7p,t1_lo8ofof,asheville,screaminatthemoon,1726954025,2024-09-21 21:27,5,"That fear is why mine are in impact crates that are strapped down. It's still not perfect, but if we crash they won't run off on the highway or become projectiles and are mostly protected.",helene,community_discussion,
lo9rr9x,t3_1fm4i7p,t1_lo9ovve,asheville,moenine9,1726954475,2024-09-21 21:34,1,That’s fair. I guess im personally tired of the social media vigilantism that only seems to grow. Everyone’s worried about what other people are doing and feel the need to take their grievances to social media to public shame or complain. Wish people would spend that energy actually doing something then sharing it.,helene,community_discussion,
lo9vmcs,t3_1fm4i7p,t3_1fm4i7p,asheville,LatterPrimary4616,1726955895,2024-09-21 21:58,-11,You could’ve just followed him and let him know what you thought instead of posting it online knowing you wouldn’t say shit to his face. #keybordworrior,helene,community_discussion,
lo9wx0s,t3_1fm4i7p,t1_lo9jm74,asheville,Lower-Elderberry2894,1726956376,2024-09-21 22:06,5,"Okay- so the next time I see a dog with no security I'll make sure to not call and let the dog fall off only to be hit by the car behind them followed by a wreck because of the sudden stop. No problem whatsoever, am I right or am I right?
I'll keep that in mind ❤️



HP are resources that everyone can use. You have no place the judge if it's right for someone to call over a legitimate issue which you deem illegitimate!",helene,community_discussion,
lo9xzrn,t3_1fm4i7p,t1_lo9wx0s,asheville,DueMathematician1742,1726956779,2024-09-21 22:12,0,"All I’m saying is it seems like a waste of resources. It’s not illegal. This is a matter of opinion. I do not disagree with the fact that the dog in the back of the truck without a restraint is not smart. But it is not illegal. Highway patrol does not seem to be the best option to call. 
I do have a place to judge whether or not I feel if it’s legitimate or illegitimate. 
You have no place to tell me what I can and cannot think. That’s very hurtful and talking like that may hurt someone’s feeling. Jeez. Seems like you care more about the dog on the post than other peoples feelings. Wow, this is not the loving Asheville I know!",helene,community_discussion,
loa0mss,t3_1fm4i7p,t1_lo8m4go,asheville,flip469,1726957775,2024-09-21 22:29,-11,BOTH!!!,helene,community_discussion,
loa2atn,t3_1fm4i7p,t3_1fm4i7p,asheville,PT23ALLDAY,1726958398,2024-09-21 22:39,-6,Not uncommon for a true farm dog. He’s not going anywhere. What city did you move from?,helene,community_discussion,
loab8wp,t3_1fm4i7p,t1_lo9ibmt,asheville,ATribeOfAfricans,1726961870,2024-09-21 23:37,7,"Yes it is. At the very least it's an unsecured load, like, the very basic of basic things when moving things around with a truck. It's also a major road hazard if/when this poor dog falls off on the highway at 65mph and the car behind it swerves into a family of 6.


Stupid, selfish, AND illegla",helene,community_discussion,
loadhms,t3_1fm4i7p,t1_lo9ibmt,asheville,Huhimconfuzed,1726962766,2024-09-21 23:52,4,"It is illegal, can cause an accident if the pup falls off",helene,community_discussion,
loaehli,t3_1fm4i7p,t1_loab8wp,asheville,DueMathematician1742,1726963166,2024-09-21 23:59,-7,"It is not illegal. A simple google search can help with the misunderstanding. If you do not want to search it up, that’s ok too. I respect your opinion, even if it is not correct, or differs from mine. It may be stupid and selfish, I do not disagree with you on that point. What is stupid and selfish may not always be illegal. That’s all I’m saying.",helene,community_discussion,
loaetdc,t3_1fm4i7p,t1_loadhms,asheville,DueMathematician1742,1726963295,2024-09-22 00:01,0,"A dog riding in the back of a truck is not illegal. The action may not align with your views, but it does not make it illegal. Potholes can cause accidents, but they are still on the road.",helene,community_discussion,
loaexz3,t3_1fm4i7p,t1_loaehli,asheville,ATribeOfAfricans,1726963348,2024-09-22 00:02,2,"Its true what they say, dumb really does travel in packs. YOU should Google it rofl


Transporting an unsecured load is illegal in Texas under Texas Transportation Code §725.021 . Drivers are required to secure all cargo in their vehicles or trailers to prevent them from falling or spilling onto the roadway.",helene,community_discussion,
loaff0j,t3_1fm4i7p,t1_loaexz3,asheville,DueMathematician1742,1726963538,2024-09-22 00:05,-2,"Correct. That is a code in Texas, in North Carolina there are no laws requiring your pets to be restrained in your vehicle. Dogs are permitted to ride in the back of your pick up truck, and you cannot be ticketed for it. Thank you for your information about the Texas Transportation code, I’ll keep that in mind while traveling there next month.",helene,community_discussion,
loafwix,t3_1fm4i7p,t1_loaff0j,asheville,ATribeOfAfricans,1726963735,2024-09-22 00:08,3,"Jesus what is wrong with you man.Its illegal in all 50 states.


Here's a brochure for N.C


https://www.ncdot.gov/initiatives-policies/environmental/litter-management/Documents/secure-your-load-brochure.pdf",helene,community_discussion,
loagbjh,t3_1fm4i7p,t3_1fm4i7p,asheville,JustAnotherBuilder,1726963906,2024-09-22 00:11,-8,"Lol. This is a Heeler/ranch dog. They are buck. If you’re not used to working ranch dogs you will never understand. If you put a waiver in front of this dog and spelled out all the risks and laws it would choose to do this all day every day. Stay in the city, folks.",helene,community_discussion,
loagt6y,t3_1fm4i7p,t1_lo829u9,asheville,JustAnotherBuilder,1726964108,2024-09-22 00:15,-9,"No. In a crash the dog will bound across 5 vehicle roofs, mark the corner that the accident happened, and run up to you wondering what the big deal is. They’ll mostly be annoyed that their favorite spot in the truck is no longer accessible and the fact that you now have them on a leash.",helene,community_discussion,
loameg3,t3_1fm4i7p,t1_loafwix,asheville,DueMathematician1742,1726966395,2024-09-22 00:53,1,"I hear you, dogs do not fall under that law. Pets can ride in the back of a truck here in N.C.",helene,community_discussion,
loav3jp,t3_1fm4i7p,t1_lo9vmcs,asheville,Skittlesharts,1726970033,2024-09-22 01:53,7,"* #keyboardwarrior

I'm sorry. I couldn't help it. LOL",helene,community_discussion,
loayc8x,t3_1fm4i7p,t3_1fm4i7p,asheville,thepeyoteugly,1726971411,2024-09-22 02:16,2,"https://preview.redd.it/bxnxnlqms9qd1.jpeg?width=1179&format=pjpg&auto=webp&s=ef44d066297b34dfefe066bfd560fb075bd311ae

I saw a dog on a Harley Davidson earlier… What the hell is going on?",helene,community_discussion,
loayspz,t3_1fm4i7p,t3_1fm4i7p,asheville,[deleted],1726971607,2024-09-22 02:20,1,[removed],helene,community_discussion,
lob16ya,t3_1fm4i7p,t1_lo8t6eu,asheville,[deleted],1726972653,2024-09-22 02:37,1,[removed],helene,community_discussion,
lob1faz,t3_1fm4i7p,t1_lo80pr0,asheville,MazdaRanger,1726972756,2024-09-22 02:39,3,What?,helene,community_discussion,
lob8ws6,t3_1fm4i7p,t1_lo9kugt,asheville,RelayFX,1726976164,2024-09-22 03:36,-1,"Because going “reeeeet some dude I saw on the highway is doing something I don’t like, I better post on the Internet but not actually do anything about it” isn’t a requirement for the position. 

Would you like to apply?",helene,community_discussion,
lobj6mz,t3_1fm4i7p,t1_loagbjh,asheville,GovernmentChance4182,1726981578,2024-09-22 05:06,3,Its a fucking highway,helene,community_discussion,
lobjbwo,t3_1fm4i7p,t1_loa2atn,asheville,GovernmentChance4182,1726981663,2024-09-22 05:07,5,"Babe. Its a highway. No farm dog belongs on a highway. I’m as local as it gets, and my family has a farm, but we love and respect our animals",helene,community_discussion,
lobjox0,t3_1fm4i7p,t1_loayc8x,asheville,GovernmentChance4182,1726981876,2024-09-22 05:11,3,Jesus christ. I’ve fostered a lot of dogs and one came from a person that treated her like this. She had immense trust issues and was extremely anxious for the first 3 months until she realized i wasn’t going to put her in these situations,helene,community_discussion,
lobkqvc,t3_1fm4i7p,t1_lobjox0,asheville,thepeyoteugly,1726982489,2024-09-22 05:21,1,That's awful – I mean just look at the photo of the dog is terrified,helene,community_discussion,
lobz3lp,t3_1fm4i7p,t3_1fm4i7p,asheville,Important-Ad-6936,1726991781,2024-09-22 07:56,-2,how do you know the dog hasnt jumped onto it on its own when he left and did not notice since the dog is in the blind spot,helene,community_discussion,
locbzza,t3_1fm4i7p,t3_1fm4i7p,asheville,DerivativesDonkey,1727000701,2024-09-22 10:25,1,call 911,helene,community_discussion,
loccv8y,t3_1fm4i7p,t1_lo7urkw,asheville,flyingfishyman,1727001289,2024-09-22 10:34,0,So they can shoot the dog?,helene,community_discussion,
locemkt,t3_1fm4i7p,t3_1fm4i7p,asheville,FacelessFellow,1727002429,2024-09-22 10:53,2,"Garbage humans are easy to spot.

If your toddler is drinking a soda for breakfast, you’re a garbage human.",helene,community_discussion,
loclg7w,t3_1fm4i7p,t1_loagbjh,asheville,KaraokeMary,1727006314,2024-09-22 11:58,3,"Not really about what the dog would choose, is it? A toddler will stick a fork in a light socket. They’re under your care and you’re responsible for keeping them safe, or at the very least, not putting them in danger.",helene,community_discussion,
locmfmr,t3_1fm4i7p,t3_1fm4i7p,asheville,ArcticSlalom,1727006814,2024-09-22 12:06,-3,"I grew up ranching in ND, MN & SD. You see blue heeler (owners) doing this all the time. That dog probably has a pretty great life.",helene,community_discussion,
loctphr,t3_1fm4i7p,t1_lobz3lp,asheville,GovernmentChance4182,1727010208,2024-09-22 13:03,1,How do we know another dog isn’t in the driver’s seat and they’re going out for ice cream,helene,community_discussion,
locv34w,t3_1fm4i7p,t3_1fm4i7p,asheville,Foxxyforager,1727010799,2024-09-22 13:13,3,"I got my dog because some idiot had him in the back of a truck, no leash, going over 80 mph. He flew out of the back and almost hit my car. I don’t know how he lived but hit sustained some injuries. The guy never turned around.",helene,community_discussion,
lodc7ix,t3_1fm4i7p,t1_lo9id3f,asheville,PoemAgreeable,1727017132,2024-09-22 14:58,3,"My uncle had his border collie, the smartest breed, in the back of a pickup and it got off of its leash and jumped into the road.  It was fine with minor injuries but they got it a proper harness after that.",helene,community_discussion,
lodkgc9,t3_1fm4i7p,t1_locv34w,asheville,GovernmentChance4182,1727019862,2024-09-22 15:44,3,God that is so upsetting but I’m so glad you were able to take the pup home! Sounds like they’re much better off with you,helene,community_discussion,
lodzgmr,t3_1fm4i7p,t3_1fm4i7p,asheville,nls1970,1727024410,2024-09-22 17:00,2,Someone needs to put him back there going 100 mph!!,helene,community_discussion,
loe852v,t3_1fm4i7p,t1_locmfmr,asheville,NewsteadMtnMama,1727026973,2024-09-22 17:42,2,"The three states you grew up in have a lot less traffic in ""ranching"" areas than the Asheville area today.",helene,community_discussion,
loe8esk,t3_1fm4i7p,t1_lo8zvco,asheville,cindysyrup,1727027048,2024-09-22 17:44,2,The fact that laws were passed to prevent such an awful thing is kicker.,helene,community_discussion,
loe8hhq,t3_1fm4i7p,t1_lo80pr0,asheville,NewsteadMtnMama,1727027069,2024-09-22 17:44,2,Tolerance does not mean allowing extremely dangerous behavior.,helene,community_discussion,
log2ynq,t3_1fm4i7p,t1_lodkgc9,asheville,Foxxyforager,1727048332,2024-09-22 23:38,1,I was actually able to trace his lineage back to a border collie breeder in Idaho through Embark. He was an expensive dog!,helene,community_discussion,
lo85zru,t3_1fm4p9t,t3_1fm4p9t,asheville,firestarsupermama,1726935098,2024-09-21 16:11,2,"I think it's a great idea! Things to think about would be materials to set up the different plots/ separate them and how you want to go about that. Also, water supply - do you have enough to sustain that, or would they need to bring their own?",helene,community_discussion,
lo8dxgm,t3_1fm4p9t,t3_1fm4p9t,asheville,EGGlNTHlSTRYlNGTlME,1726937691,2024-09-21 16:54,13,"Cool idea, but I wonder if 20min is too far out?  For many crops during peak season you’re harvesting every day—are people really going to travel 15-30min to go pick their tomatoes?  Half the time I can hardly be bothered to tend to the garden in my backyard.

That said it doesn’t sound like there’s much overhead or anything on your end, so worst case the demand isn’t there and you call it quits.  

If your goal is to make some real money, my (completely unsolicited) advice is to figure out your own little tourist niche.  I’m obviously not even a tourist and in the past couple years I’ve done a few of these “we turned our home into a business” things.  Like we’ve done an in-home “cooking lesson” with this lovely elderly couple, fruit picking at small farms, mushroom inoculation at some dude’s eccentric mushroom “farm”, and goat milking/cheesemaking lol.  People are always looking for things to do / places to take their dates / “adventures” to show off on social media.  And this being a tourist area, there’s much more demand here than in other places.",helene,community_discussion,
lo8iyvf,t3_1fm4p9t,t3_1fm4p9t,asheville,Campfire77,1726939291,2024-09-21 17:21,3,I have some friends in Hendersonville who rent garden space in Mills River! I think it’s a great idea for those who are passionate about gardening but have no access to land.,helene,community_discussion,
lo8pgqz,t3_1fm4p9t,t3_1fm4p9t,asheville,QuietInNature,1726941352,2024-09-21 17:55,5,"Don’t forget to check your property insurance policy. Commercial business may require an addendum or additional policy all together. If “unlimited” also means past dusk, you’ll likely need floodlights for safety. Who would be responsible for a listeria or E. coli outbreak? I don’t know, just things to consider as plan things out. 

Love the idea, we need more community agriculture!",helene,community_discussion,
lo8vo9c,t3_1fm4p9t,t3_1fm4p9t,asheville,Plenty_Yam_8015,1726943429,2024-09-21 18:30,6,"I would suggest renting out space to one person/company/other farm. Someone who is already growing on a larger scale and needs more space, as I know that's a thing, and would be so much easier to manage. You want to get monthly rent from one person, or 20?  

I know people pay for anything but I personally wouldn't pay someone for the ability to drive 20 minutes to work some land; how much do those tomatoes end up costing, and how many grocery stores and markets did you drive past to get to yours? What happens in the initial planting and then dry summer weeks where it needs to be watered regularly? Maybe there's a very specific niche of customers in downtown condos or apartments who wouldn't otherwise have the space and have the money to not worry about it. Good luck!",helene,community_discussion,
lo92fxy,t3_1fm4p9t,t3_1fm4p9t,asheville,No-Personality1840,1726945776,2024-09-21 19:09,3,I think the John Wilson garden in Black Mountain rents out spaces to community members for a fee. Might want to check with the Town of Black Mountain and see if you can get more info. I do know all the spaces are rented out. I think it’s a great idea for people who live in condos or apartments and want to grow some of their own food. Good luck!,helene,community_discussion,
lo9mbwf,t3_1fm4p9t,t3_1fm4p9t,asheville,Poyal_Rines,1726952571,2024-09-21 21:02,3,Grow my pot there.,helene,community_discussion,
lo9sjcg,t3_1fm4p9t,t3_1fm4p9t,asheville,PaulWilczynski,1726954758,2024-09-21 21:39,2,"Several people have referred to travel time of 20 minutes.

I’m guessing that not all of your prospective gardeners live in downtown Asheville. Many may live much closer to you.",helene,community_discussion,
lock7ip,t3_1fm4p9t,t3_1fm4p9t,asheville,justtobecontrary,1727005666,2024-09-22 11:47,1,"Dunno if I would do it, but I love you for considering it.",helene,community_discussion,
lo7zps1,t3_1fm4r20,t3_1fm4r20,asheville,mtnviewguy,1726933019,2024-09-21 15:36,3,"Being an Asheville post, is this Salem, MA, or Salem, NC (Winston-Salem)?  Unless I missed it, I didn't see a state reference.",helene,community_discussion,
lo8096f,t3_1fm4r20,t1_lo7zps1,asheville,sean369n,1726933197,2024-09-21 15:39,8,"I’m assuming MA because I’ve never heard of tourists visiting Salem, NC (which is closer and different than Winston-Salem btw).",helene,community_discussion,
lo811xh,t3_1fm4r20,t1_lo7zps1,asheville,KPashlove,1726933462,2024-09-21 15:44,1,I thought the same thing,helene,community_discussion,
lo81502,t3_1fm4r20,t1_lo811xh,asheville,KPashlove,1726933489,2024-09-21 15:44,2,Then I thought this too. Salem Massachusetts is amazing but obviously gonna be crowded around these times🤣🤣,helene,community_discussion,
lo8665a,t3_1fm4r20,t3_1fm4r20,asheville,Alternative_Plan_823,1726935157,2024-09-21 16:12,2,"I went to a nice wedding in Salem in the spring, and it was pretty packed. Cool, old little city. Its art museum punches above its weight.

BUT... I knew it would have some witchy shops and whatnot. It turns out that that's basically 80% of everything. Black cat pictures everywhere. Perpetual Halloween. It's pretty tacky; like 50 bumper stickers on a beautiful old car.",helene,community_discussion,
lo86eox,t3_1fm4r20,t1_lo7zps1,asheville,Alternative_Plan_823,1726935236,2024-09-21 16:13,2,MA. Op mentions it in their little blurb,helene,community_discussion,
lo88uip,t3_1fm4r20,t3_1fm4r20,asheville,asheville-ModTeam,1726936042,2024-09-21 16:27,1,"We are removing your post/comment due to irrelevant content. This includes but is not limited to content which does not or is not centered around, located from, or make more than passing reference to Asheville, North Carolina, or areas in its vicinity.

Feel free to repost this content in the pinned free talk thread! Sort r/asheville by hot and it should be the second topic.

Please see our full rules page for the specifics. https://www.reddit.com/r/asheville/about/rules/",helene,community_discussion,
lo8emxh,t3_1fm4r20,t1_lo8096f,asheville,mtnviewguy,1726937918,2024-09-21 16:58,2,"My wife and I took a long weekend to visit Salem, NC, and we had an awesome experience there.

The history of Old Salem is fascinating.  It has the oldest private women's school in the United States, founded by the Moravian Church, in 1772, predating American Independence. Salem College today. 

It's very touristy for those who enjoy local history, and aren't looking for Asheville's 'Big House' and breweries.

We never saw Winston-Salem proper. We probably didn't miss much other than cigarette manufacturing, if that's still there.",helene,community_discussion,
lo8f1x5,t3_1fm4r20,t1_lo86eox,asheville,mtnviewguy,1726938049,2024-09-21 17:00,3,"Thanks,  I must have missed that.👍",helene,community_discussion,
lo9bye7,t3_1fm4r20,t1_lo8665a,asheville,Fun_Explanation_3417,1726949099,2024-09-21 20:04,2,I think that those shops make 90% of their income in 6 weeks. Sounds wild.,helene,community_discussion,
lo9c2gn,t3_1fm4r20,t1_lo7zps1,asheville,Fun_Explanation_3417,1726949138,2024-09-21 20:05,1,"Salem Mass, its essentially Halloween town USA",helene,community_discussion,
lo9eemt,t3_1fm4r20,t1_lo9c2gn,asheville,mtnviewguy,1726949920,2024-09-21 20:18,1,"LOL,  like Savannah, GA. You can't set foot in the DT river district without stepping on someone's grave!  Thanks Sherman!",helene,community_discussion,
lo8if6h,t3_1fm7fds,t3_1fm7fds,asheville,jwjitsu,1726939121,2024-09-21 17:18,1,Do they have an Asheville location?,helene,community_discussion,
lo8m53z,t3_1fm7fds,t3_1fm7fds,asheville,UncannyLucky,1726940299,2024-09-21 17:38,3,"That's fucked up, but I don't really understand what this has to do with Asheville",helene,community_discussion,
lo8nsc5,t3_1fm7fds,t3_1fm7fds,asheville,EGGlNTHlSTRYlNGTlME,1726940818,2024-09-21 17:46,1,/r/lostredditors,helene,community_discussion,
lo8o2un,t3_1fm7fds,t3_1fm7fds,asheville,asheville-ModTeam,1726940909,2024-09-21 17:48,1,"We are removing your post/comment due to irrelevant content. This includes but is not limited to content which does not or is not centered around, located from, or make more than passing reference to Asheville, North Carolina, or areas in its vicinity.

Feel free to repost this content in the pinned free talk thread! Sort r/asheville by hot and it should be the second topic.

Please see our full rules page for the specifics. https://www.reddit.com/r/asheville/about/rules/",helene,community_discussion,
lo8lg95,t3_1fm7t9p,t3_1fm7t9p,asheville,bitt3rbuffalo,1726940081,2024-09-21 17:34,1,"> I feel like people should know about this

> doesn't name brewery",helene,community_discussion,
lo8mzhv,t3_1fm7t9p,t1_lo8lg95,asheville,KirklandBrandScrotum,1726940566,2024-09-21 17:42,1,Terra Nova,helene,community_discussion,
lo8n9ay,t3_1fm7t9p,t3_1fm7t9p,asheville,QuietInNature,1726940652,2024-09-21 17:44,2,Imagine if they take all that loot and funnel into business which help insurance companies figure how to pay out fewer claims. But at least they’re from here!,helene,community_discussion,
lo8oqfd,t3_1fm7t9p,t3_1fm7t9p,asheville,EGGlNTHlSTRYlNGTlME,1726941119,2024-09-21 17:51,21,Why is the burger joint okay with this arrangement?  Who told you how the tips are distributed?,helene,community_discussion,
lo8p6ov,t3_1fm7t9p,t3_1fm7t9p,asheville,fritzycat,1726941261,2024-09-21 17:54,6,We require more information before judging you accordingly,helene,community_discussion,
lo8q1ox,t3_1fm7t9p,t3_1fm7t9p,asheville,MindlessDribble828,1726941550,2024-09-21 17:59,-7,"I’ll take ‘things that never happened’ for $100, Alex.",helene,community_discussion,
lo8qx0i,t3_1fm7t9p,t1_lo8oqfd,asheville,KirklandBrandScrotum,1726941847,2024-09-21 18:04,8,It's none of my business whether the owners of these establishments have an agreement between them on how tip money is distributed. But as a consumer I would want to know because a drink tip is so different than a plated meal tip.,helene,community_discussion,
lo8r8f4,t3_1fm7t9p,t3_1fm7t9p,asheville,No-Personality1840,1726941956,2024-09-21 18:05,3,Oh wow. We go here a lot and I never knew the tip only went to the brewery and not the restaurant. Did you ask how it worked? I mean I just assumed it was split. Thanks for the heads up.,helene,community_discussion,
lo8rqnx,t3_1fm7t9p,t1_lo8oqfd,asheville,No-Personality1840,1726942120,2024-09-21 18:08,3,I figure it may be because the  Loott House folks had a restaurant in that space precovid? i do know you don’t see much info on the restaurant part when you go there. Curious as to how OP found out the particulars of  the tipping. I just assumed it was split between Loott House and Terra Nova.,helene,community_discussion,
lo8sdcw,t3_1fm7t9p,t1_lo8qx0i,asheville,EGGlNTHlSTRYlNGTlME,1726942329,2024-09-21 18:12,10,"Sure but how do you know they’re not tipping out the burger staff?  Are you tipping only on drinks now, and then running over to the burger joint to tip them as well, or are you just okay with the food not being tipped?  I’d want to make sure my information is 100% correct before I start screwing with people’s income for no reason.

And fwiw I hate the tipping system and think it should be prohibited by law.",helene,community_discussion,
lo8whor,t3_1fm7t9p,t1_lo8sdcw,asheville,KirklandBrandScrotum,1726943706,2024-09-21 18:35,5,"I don't want any employees there to face retaliation but would be happy to DM you more info. Like you, I want to make sure the facts are straight and that's why I had asked a friend who works there to talk to ownership/management to see if there was some missing information. That was 2 weeks ago which is I guess the time it takes for my righteous anger to make it to reddit.",helene,community_discussion,
lo8wqzh,t3_1fm7t9p,t1_lo8sdcw,asheville,KirklandBrandScrotum,1726943794,2024-09-21 18:36,1,And I really truly am not trying to get people to boycott or anything I was just very surprised and so will make it a habit to ask in the future at places like this.,helene,community_discussion,
lo97h36,t3_1fm7t9p,t1_lo8whor,asheville,EGGlNTHlSTRYlNGTlME,1726947554,2024-09-21 19:39,6,"Wow that sucks.  I wonder if the burger joint knows and is just happy for the extra business.  Maybe the brewery staff busses everything so they feel that’s fair?  

Tbh I’m fine with it as long as the burger staff knows and is okay with it, but idk how likely that is.  The main problem I’d have is if the burger staff is doing the work, bringing the food and bussing the dishes, while the brewery staff gets the gratuity.  But you haven’t said if that’s explicitly the case—wouldn’t your friend know?  ",helene,community_discussion,
lo98hga,t3_1fm7t9p,t1_lo8q1ox,asheville,MildAndLazyKids,1726947904,2024-09-21 19:45,2,Apt username.,helene,community_discussion,
lo98ooz,t3_1fm7t9p,t1_lo98hga,asheville,MindlessDribble828,1726947973,2024-09-21 19:46,4,Pretty original there Mild & Lazy,helene,community_discussion,
lo99zk8,t3_1fm7t9p,t3_1fm7t9p,asheville,DankestBasil481,1726948419,2024-09-21 19:53,1,"I can confirm this is true, and kinda not cool. Their Chezch was so bad I couldn't finish it, and I typically don't leave partial beers. The smash burger was a solid 9/10 the few times I went there.",helene,community_discussion,
lo9a4jn,t3_1fm7t9p,t3_1fm7t9p,asheville,MindlessDribble828,1726948468,2024-09-21 19:54,-3,"Not exactly what your point is in this shitpost besides flaming a local business.  Maybe the restaurant pays a living wage to its cooks? There aren’t any waitstaff besides the bartenders so that’s likely where tips go since they are serving the food and beverages as well as taking orders. I’ve never tipped $5 on a beer cause that’s ridiculous and doubt you have either, especially when Terra Nova’s beers run $7-9 a piece.  I go here often since I live close by and after bringing this post up with the staff they thought it was ridiculous also.",helene,community_discussion,
lo9bc4a,t3_1fm7t9p,t3_1fm7t9p,asheville,Tough_Difference_111,1726948884,2024-09-21 20:01,1,I'm genuinely confused.  They call themselves 2 diff business names and you have to pay for the beer on one POS and the food on another.  Wouldn't you tip on your food when you're paying for your food?,helene,community_discussion,
lo9d63y,t3_1fm7t9p,t3_1fm7t9p,asheville,NCUmbrellaFarmer,1726949509,2024-09-21 20:11,1,Yes. ,helene,community_discussion,
lo9djsh,t3_1fm7t9p,t1_lo8q1ox,asheville,NCUmbrellaFarmer,1726949638,2024-09-21 20:13,3,It's Ken now but same flavor😊.,helene,community_discussion,
lo9dsr4,t3_1fm7t9p,t1_lo8sdcw,asheville,NCUmbrellaFarmer,1726949719,2024-09-21 20:15,4,Yes!,helene,community_discussion,
lo9fixl,t3_1fm7t9p,t1_lo9bc4a,asheville,MindlessDribble828,1726950294,2024-09-21 20:24,5,It’s not like that. It’s one POS for all orders. Food and drink have always been combined.  Idk what OP is trying to do here besides cause unnecessary drama,helene,community_discussion,
lo9ozr6,t3_1fm7t9p,t3_1fm7t9p,asheville,lightning_whirler,1726953485,2024-09-21 21:18,3,Do you tip 15% at McDonald's? If I order at the register it's fast food.,helene,community_discussion,
lo9vdag,t3_1fm7t9p,t3_1fm7t9p,asheville,SecretNecessary5712,1726955801,2024-09-21 21:56,-2,If you don’t like the business ethics somewhere don’t go?,helene,community_discussion,
lo9wg59,t3_1fm7t9p,t3_1fm7t9p,asheville,robotali3n,1726956203,2024-09-21 22:03,1,No,helene,community_discussion,
lob5dks,t3_1fm7t9p,t3_1fm7t9p,asheville,IPDaily23,1726974520,2024-09-22 03:08,2,Their beer and food are both pretty top-shelf.  I’m a fan.,helene,community_discussion,
lob5nud,t3_1fm7t9p,t3_1fm7t9p,asheville,Low_Ladder_3016,1726974653,2024-09-22 03:10,1,Fuck new age tip culture I look forward to pressing “no tip” at all this counter service bullshit,helene,community_discussion,
lo9d41i,t3_1fm800m,t3_1fm800m,asheville,certifiedraerae,1726949491,2024-09-21 20:11,2,"I’ve lived my entire adult life here, but I’m a relocated Chapel Hill native, and you can order a whole strawberry shortcake from Nantucket and take it home! It is divine and the recipe never changes.

Honestly here, Whole Foods does a strawberry shortcake that is similar to Nantucket but maybe someone else has a ~^local^~ suggestion",helene,community_discussion,
lo9d4qt,t3_1fm800m,t3_1fm800m,asheville,certifiedraerae,1726949497,2024-09-21 20:11,1,"I’ve lived my entire adult life here, but I’m a relocated Chapel Hill native, and you can order a whole strawberry shortcake from Nantucket and take it home! It is divine and the recipe never changes.

Honestly here, Whole Foods does a strawberry shortcake that is similar to Nantucket but maybe someone else has a ~^local^~ suggestion",helene,community_discussion,
loadui4,t3_1fm800m,t1_lo9d41i,asheville,dizzydance,1726962909,2024-09-21 23:55,1,haha great! I'll check out Whole Foods!,helene,community_discussion,
loalau1,t3_1fm800m,t3_1fm800m,asheville,RegisterGood5917,1726965944,2024-09-22 00:45,2,Short street cakes,helene,community_discussion,
loansik,t3_1fm800m,t3_1fm800m,asheville,sevrosengine,1726966965,2024-09-22 01:02,2,Crumbl actually did one of these over the summer and I was pretty impressed😅,helene,community_discussion,
lo8l9q8,t3_1fm830h,t3_1fm830h,asheville,ReallySmallWeenus,1726940022,2024-09-21 17:33,6,Korean food options in the area are nearly nonexistent. We couldn’t even keep a (admittedly mediocre) Korean barbecue place open.,helene,community_discussion,
lo8n8q8,t3_1fm830h,t3_1fm830h,asheville,featuringgunna,1726940647,2024-09-21 17:44,2,Like a Coconut Corn Husky?,helene,community_discussion,
lo8oiou,t3_1fm830h,t1_lo8l9q8,asheville,Ruwen368,1726941051,2024-09-21 17:50,2,"Yeah, as far as searching went apparently Stone Bowl has them? But I didn't see them on a menu, just in a 8 mo review.",helene,community_discussion,
lo8orc6,t3_1fm830h,t1_lo8n8q8,asheville,Ruwen368,1726941127,2024-09-21 17:52,0,More like a Sphinxian Treecat,helene,community_discussion,
lo8qou6,t3_1fm830h,t3_1fm830h,asheville,lauradiamandis,1726941768,2024-09-21 18:02,5,There’s a place in Greenville that has them but I’ve not seen them in town anywhere. There are frozen ones at the Asian market but they’re pretty bad.,helene,community_discussion,
loaaimu,t3_1fm830h,t3_1fm830h,asheville,OmegaJ8006,1726961580,2024-09-21 23:33,1,N/A,helene,community_discussion,
loan1nr,t3_1fm830h,t3_1fm830h,asheville,WomCatNow,1726966658,2024-09-22 00:57,3,Stone bowl has had them on the specials board for a while now.,helene,community_discussion,
loaqrrh,t3_1fm830h,t3_1fm830h,asheville,johnlikesgolfs,1726968197,2024-09-22 01:23,1,"Stone bowl, I think cultura and the Haywood mall
Food court",helene,community_discussion,
loaweta,t3_1fm830h,t1_lo8oiou,asheville,mtnviewguy,1726970590,2024-09-22 02:03,3,"Stone Bowl is the best Asian food I've had outside of Asia! I miss their other location that was on Airport Rd, Koreana's",helene,community_discussion,
lob8zbx,t3_1fm830h,t3_1fm830h,asheville,NotrellufHctim,1726976198,2024-09-22 03:36,4,Frozen aisle in Asiana Market on Hendersonville rd,helene,community_discussion,
locvymr,t3_1fm830h,t3_1fm830h,asheville,spirits_expert,1727011162,2024-09-22 13:19,3,The Funkatorium has them.,helene,community_discussion,
lod88jc,t3_1fm830h,t1_lo8n8q8,asheville,HeHateMe115,1727015747,2024-09-22 14:35,1,They’re battle dogs.,helene,community_discussion,
lodftzq,t3_1fm830h,t3_1fm830h,asheville,mincky,1727018355,2024-09-22 15:19,1,Is that another improv troupe?,helene,community_discussion,
loeb8of,t3_1fm830h,t1_locvymr,asheville,Ruwen368,1727027866,2024-09-22 17:57,2,Confirmed on the menu thanks!,helene,community_discussion,
lo8ns5f,t3_1fm8jop,t3_1fm8jop,asheville,goldbman,1726940816,2024-09-21 17:46,5,Should've posted this as a link post instead of a text post,helene,community_discussion,
lo8o7cb,t3_1fm8jop,t1_lo8ns5f,asheville,lightning_whirler,1726940950,2024-09-21 17:49,3,"Yup, that's what I intended but somehow reddit messed it up.",helene,community_discussion,
lo8oc68,t3_1fm8jop,t3_1fm8jop,asheville,lightning_whirler,1726940992,2024-09-21 17:49,32,GOP is done with Robinson. Hope they learned a lesson.,helene,community_discussion,
lo8ovr4,t3_1fm8jop,t1_lo8o7cb,asheville,goldbman,1726941164,2024-09-21 17:52,4,Fucking reddit,helene,community_discussion,
lo8qcaw,t3_1fm8jop,t1_lo8oc68,asheville,AnUnholy,1726941649,2024-09-21 18:00,68,"Lolz, they made a convicted felon who is also a pedophilic rapist their Presidential nominee. The only they dislike about Robinson is his admission to being what the rest of them are: Nazis",helene,community_discussion,
lo8r0yu,t3_1fm8jop,t3_1fm8jop,asheville,freerangemum,1726941885,2024-09-21 18:04,-5,Well I guess at least ONE person is willing at pretend it’s not true. “So you’re saying there’s a chance.”,helene,community_discussion,
lo8scfw,t3_1fm8jop,t1_lo8qcaw,asheville,lightning_whirler,1726942321,2024-09-21 18:12,-70,">pedophilic rapist...The only they dislike about Robinson is his admission to being what the rest of them are: Nazis

There's where the Democrats have a problem. They've been making up so much shit about Republicans and appointees that they've lost all credibility.",helene,community_discussion,
lo8stet,t3_1fm8jop,t1_lo8scfw,asheville,cdirty1,1726942480,2024-09-21 18:14,8,What part of that was made up?,helene,community_discussion,
lo8tq8r,t3_1fm8jop,t1_lo8scfw,asheville,PartyPoisoned21,1726942785,2024-09-21 18:19,29,He literally claimed that title.,helene,community_discussion,
lo8txw4,t3_1fm8jop,t1_lo8stet,asheville,lightning_whirler,1726942855,2024-09-21 18:20,-8,"Seriously? 

All Republicans are Nazis? You have proof of that? 

Trump is a ""pedophilic rapist"" because a prostitute tried unsuccessfully to sue him and Epstein? Do you still support  Michael Avenatti as the Democrat's candidate for president?",helene,community_discussion,
lo8ub89,t3_1fm8jop,t1_lo8tq8r,asheville,lightning_whirler,1726942975,2024-09-21 18:22,-37,"Robinson said it, that doesn't make all Republicans Nazis any more than a couple of Democrats claiming to be Communists means they all are.",helene,community_discussion,
lo8uei8,t3_1fm8jop,t1_lo8ub89,asheville,PartyPoisoned21,1726943004,2024-09-21 18:23,19,Sure. Democrats did not make this up.,helene,community_discussion,
lo8vlcj,t3_1fm8jop,t1_lo8uei8,asheville,lightning_whirler,1726943400,2024-09-21 18:30,-35,Republicans are done with Robinson. Tillis just told him to withdraw. Do you have a reading comprehension problem?,helene,community_discussion,
lo8x3m9,t3_1fm8jop,t3_1fm8jop,asheville,Everett1973,1726943915,2024-09-21 18:38,0,"Got Mark ""Trans"" Rubinsome on the ropes",helene,community_discussion,
lo8x433,t3_1fm8jop,t3_1fm8jop,asheville,Eyruaad,1726943919,2024-09-21 18:38,12,"I'd be quite shocked if this actually upset GOP voters.  I guess maybe the fact that he said the quiet part out loud, but this is the exact shit they supported Robinson for previously.",helene,community_discussion,
lo8y22d,t3_1fm8jop,t1_lo8txw4,asheville,Flexbottom,1726944243,2024-09-21 18:44,11,"He was found legally responsible for sexual assault by a court of law, and he's all over Epstein's logs.",helene,community_discussion,
lo8ywwx,t3_1fm8jop,t1_lo8y22d,asheville,lightning_whirler,1726944537,2024-09-21 18:48,2,"Nope. He was sued for slandering that crazy woman after she said she'd been assaulted by 21 celebrities, including Trump. 

As far as Epstein, he took a few flights between New York and Miami back in the 1990's, never to Pedo Island (where Clinton visited a couple of dozen times).",helene,community_discussion,
lo8zhjz,t3_1fm8jop,t1_lo8ywwx,asheville,Flexbottom,1726944738,2024-09-21 18:52,16,"Throw Clinton under the jail with trumpie.

You sound like an idiot, so here's proof that lil trumpie has been found liable for sexual assault by the courts:

https://apnews.com/article/trump-rape-carroll-trial-fe68259a4b98bb3947d42af9ec83d7db",helene,community_discussion,
lo8ztto,t3_1fm8jop,t1_lo8scfw,asheville,jwjitsu,1726944857,2024-09-21 18:54,1,">The Argument from Repetition fallacy is based on the assumption that repetition of a statement is enough to make it true. However, this is not necessarily the case. A statement can be repeated many times, but if it is not supported by evidence or logical reasoning, it is still not true. This fallacy can also be used to obscure the truth by distracting the audience from considering the relevant evidence.

* [https://www.logicalfallacies.org/argument-from-repetition.html](https://www.logicalfallacies.org/argument-from-repetition.html)

They know exactly what they're doing, as does a screaming three year old in a grocery store checkout line. Zero concept of shame, eye on the prize.",helene,community_discussion,
lo904hd,t3_1fm8jop,t3_1fm8jop,asheville,Ok-Swordfish-9476,1726944960,2024-09-21 18:56,35,"A Citizen-Times article on the Robinson scandal posted to Facebook was getting comments about how ""biased"" against Republicans AC-T were to publish it. Cognitive dissonance is a hell of a drug.",helene,community_discussion,
lo91v8g,t3_1fm8jop,t1_lo8zhjz,asheville,lightning_whirler,1726945573,2024-09-21 19:06,3,"As I said, he was sued - it was not a criminal case. She said/he said about something that happened almost 30 years ago. How do you defend yourself against that?",helene,community_discussion,
lo91x58,t3_1fm8jop,t1_lo8ub89,asheville,WrongfullyIncarnated,1726945592,2024-09-21 19:06,9,Something something if you sit down to the dinner table and it’s full of Nazis how are you not one too?,helene,community_discussion,
lo92bc5,t3_1fm8jop,t1_lo91v8g,asheville,[deleted],1726945731,2024-09-21 19:08,1,[removed],helene,community_discussion,
lo92kbz,t3_1fm8jop,t1_lo8ztto,asheville,lightning_whirler,1726945820,2024-09-21 19:10,-3,"Do you still believe the Russian Collusion/Steele Dossier claims even though Mueller concluded they were a total fabrication by Hilary's campaign staff? But it must be true because you kept hearing it repeated for at least six years.

But you believe that ex-cheerleader who said she was assaulted at a party she couldn't remember where or when, and nobody else who was supposedly at the party remembers any of her story? But you believe it because you've heard it hundreds of times.",helene,community_discussion,
lo92rlo,t3_1fm8jop,t1_lo91x58,asheville,lightning_whirler,1726945892,2024-09-21 19:11,-5,So you agree that all Democrats are communists? Got it.,helene,community_discussion,
lo936lg,t3_1fm8jop,t1_lo92rlo,asheville,WrongfullyIncarnated,1726946040,2024-09-21 19:14,8,Prove it.  Also check out the idea of projection,helene,community_discussion,
lo9385p,t3_1fm8jop,t1_lo8zhjz,asheville,Regenclan,1726946055,2024-09-21 19:14,1,"The claim was he is a nazi, pedo, and rapist. He was found guilty in a civil court with lower standards for guilt of sexual abuse. Still bad and I wouldn't be surprised if there is worse stuff he's done but still not close to the same level as the accusation.",helene,community_discussion,
lo93bwe,t3_1fm8jop,t3_1fm8jop,asheville,OkCommunity1625,1726946093,2024-09-21 19:14,13,Yeah I doubt he wants anything getting subpoenaed. No one is getting sued,helene,community_discussion,
lo93hx0,t3_1fm8jop,t1_lo9385p,asheville,Flexbottom,1726946153,2024-09-21 19:15,0,You are mistaking me for a different poster. I didn't make those claims.,helene,community_discussion,
lo93n7e,t3_1fm8jop,t1_lo8qcaw,asheville,jwjitsu,1726946205,2024-09-21 19:16,-19,"To open with ""lolz"" and then expect to be taken seriously... What a time to be alive.",helene,community_discussion,
lo93vj4,t3_1fm8jop,t3_1fm8jop,asheville,justquestioningit,1726946286,2024-09-21 19:18,4,This is not exactly calling on him to drop out— wish washy cowardly statement-  not a surprise from Tillis.,helene,community_discussion,
lo94976,t3_1fm8jop,t1_lo8vlcj,asheville,drumgearreview,1726946419,2024-09-21 19:20,15,"Because they feel his public perception is damaging ahead of November, nit because of his beliefs and actions. Much of this info was known inside the party months ago and yet weirdly none of them called for him to withdraw then.",helene,community_discussion,
lo9511t,t3_1fm8jop,t3_1fm8jop,asheville,Hefty-Instruction-73,1726946692,2024-09-21 19:24,4,"Senator, how did you not know how weird this guy was before he was chosen to run for Governor, I did.",helene,community_discussion,
lo95bbo,t3_1fm8jop,t1_lo8ywwx,asheville,The_RealAnim8me2,1726946794,2024-09-21 19:26,3,What are you talking about? This is crazy talk.,helene,community_discussion,
lo95ty0,t3_1fm8jop,t1_lo93hx0,asheville,Regenclan,1726946979,2024-09-21 19:29,1,No but the person you were responding to was responding to someone who was making that claim. It seemed like you were going off that original comment. My bad if it wasn't,helene,community_discussion,
lo99qju,t3_1fm8jop,t3_1fm8jop,asheville,SpookyWah,1726948334,2024-09-21 19:52,11,Robinsin loves his piss play. Her loves peeing on his girls and getting pissed on. I haven't heard anyone leading with the piss play.,helene,community_discussion,
lo9bfrh,t3_1fm8jop,t3_1fm8jop,asheville,BrilliantHost7923,1726948919,2024-09-21 20:01,-11,Sue CNN,helene,community_discussion,
lo9c4kt,t3_1fm8jop,t1_lo94976,asheville,lightning_whirler,1726949158,2024-09-21 20:05,-9,Bullshit.,helene,community_discussion,
lo9dtnx,t3_1fm8jop,t1_lo9c4kt,asheville,dogscangrowbeards,1726949727,2024-09-21 20:15,9,"They did. Last year. 

https://ewerickson.substack.com/p/republicans-knew-about-mark-robinson",helene,community_discussion,
lo9ff72,t3_1fm8jop,t1_lo8qcaw,asheville,lorumosaurus,1726950258,2024-09-21 20:24,4,"Yeah. But if this happens a couple more times, the GOP will just start marketing the Nazi part as a feature.",helene,community_discussion,
lo9g0x3,t3_1fm8jop,t1_lo8vlcj,asheville,SpeakerOfMyMind,1726950465,2024-09-21 20:27,7,"As u/dumbgearreview has pointed out, he should have never been a choice by any ""Republican"".

He's said awful comments, to a degree that no one should say, let alone someone running for any government position.

Saying school shootings are karma for abortions.

Saying teachers are wicked and wants to rid science and social studies. 

Calling LGBT+ filth. - ""Months after referring to homosexuality as ""filth,"" Robinson said in November that year that straight couples are superior to same-sex couples because they can potentially reproduce sexually. He then equated LGBTQ+ people with “what the cows leave behind,” as well as “maggots” and “flies.”

Quoting Hitler and saying we ought to read more from him. - ""I'd take Hitler over any of the sh** that's in Washington right now!""


Saying he wished we could go back to a time were women could not vote, and that women are not meant to be any kind leader, that men are supposed to lead women. - “I absolutely want to go back to the America where women couldn’t vote.”

Holocaust denier, ""Hitler disarming MILLIONS of Jews and then marching them off to concentration camps is a bunch of hogwash.""

Saying that some people just need killing, ""Get mad at me if you want to. Some folks need killing. It's time for somebody to say it. It's not a matter of vengeance. It's not a matter of being mean or spiteful. It's a matter of necessity.""

Saying crazy shit about Jews. 

Claiming if women don't want to be raped or sexually assaulted they should keep their skirts down!! - “about killing the child because you weren’t responsible enough to keep your skirt down""

Spreading hate against Muslims. - “sad fact” that “religious freedom in this country now means Muslims are free to do as they please and anyone who says anything about it is a bigot,”


Yeah, no, everyone has known this guy, if anything these comments coming out are not even surprising, if anything at all, fitting to who he is and always has been. The only reason it's a problem is the timing. Seriously, you need to have a serious thought about whatever you are trying to say.",helene,community_discussion,
lo9in76,t3_1fm8jop,t1_lo8ywwx,asheville,Brophylactic2000,1726951329,2024-09-21 20:42,6,Gear point.  It’s like just because he brags about grabbing women by the pussy without their consent and all these women claim that he grabbed their pussy without their consent doesn’t automatically make him a pussy grabber.,helene,community_discussion,
lo9jrlj,t3_1fm8jop,t1_lo92rlo,asheville,Flexbottom,1726951701,2024-09-21 20:48,6,Lol. What do you think communism is?,helene,community_discussion,
lo9k39f,t3_1fm8jop,t1_lo8o7cb,asheville,PrincessPlusUltra,1726951812,2024-09-21 20:50,0,Sounds like user error and then blaming Reddit,helene,community_discussion,
lo9knru,t3_1fm8jop,t1_lo8x3m9,asheville,PrincessPlusUltra,1726952004,2024-09-21 20:53,3,This guy woke up today and his only goal was to make the stupidest comment,helene,community_discussion,
lo9lj45,t3_1fm8jop,t1_lo8qcaw,asheville,Gilbert_Grapes_Mom,1726952299,2024-09-21 20:58,19,"I think it might be because he put black in front of Nazi. They’re fine with self-admitted nazis. Trump will even have dinner with them. Also, because he said he likes transsexual on women porn. He didn’t keep that private like all the other gop members that enjoy lgbtq porn.",helene,community_discussion,
lo9m1ru,t3_1fm8jop,t1_lo9dtnx,asheville,Tereducky714,1726952475,2024-09-21 21:01,3,"Be careful showing your sources, they'll just be labeled as ""fake news"" if they didn't come from a far-right website. They're feelings don't care about your facts.",helene,community_discussion,
lo9qtkl,t3_1fm8jop,t1_lo9m1ru,asheville,dogscangrowbeards,1726954142,2024-09-21 21:29,2,"Oh, that is a right wing source. Conservative talk show host,  Erick Erickson.",helene,community_discussion,
lo9w6o9,t3_1fm8jop,t1_lo8vlcj,asheville,253local,1726956106,2024-09-21 22:01,2,🤣😂🤣,helene,community_discussion,
lo9wpui,t3_1fm8jop,t1_lo9m1ru,asheville,253local,1726956302,2024-09-21 22:05,5,"They support geatz, support trump (after multiple ligations AND now being tied to TWO human traffickers and pedophiles).

The GQP are perfectly happy being known sec offenders and kiddy diddlers.  It is *absolutely* the ‘black’ preceding ‘Nazi’ that they take umbrage with.",helene,community_discussion,
lo9yx5o,t3_1fm8jop,t1_lo9knru,asheville,Everett1973,1726957126,2024-09-21 22:18,0,How'd I do,helene,community_discussion,
loa1ciq,t3_1fm8jop,t1_lo9c4kt,asheville,Away_Froyo_1317,1726958042,2024-09-21 22:34,2,"You done or do they need to list several more things for you to go ""wow, I have been a bit of a condensing dick and clearly these people know more than me""",helene,community_discussion,
loa6k12,t3_1fm8jop,t1_lo92kbz,asheville,canadianguy77,1726960017,2024-09-21 23:06,2,"Do you believe that it starts to look real gay when you blindly defend a man you've never met much less talked to?  When you start to outright reject reality for another dude, you might be in love. 

 Nothing wrong with that, but it does seem odd considering how your side tries to shit on people who aren’t hetero.",helene,community_discussion,
loa7ifm,t3_1fm8jop,t1_loa1ciq,asheville,asheville-ModTeam,1726960393,2024-09-21 23:13,1,"We are removing your post/comment due to hate speech or insults. This includes but is not limited to:

- Demeaning or inflammatory language directed at other users.

Please see our full rules page for the specifics.
https://www.reddit.com/r/asheville/about/rules/",helene,community_discussion,
loa9odu,t3_1fm8jop,t3_1fm8jop,asheville,GreatLakesBard,1726961250,2024-09-21 23:27,1,The smart move would be to issue a press release saying he’s retained a law firm to pursue a lawsuit,helene,community_discussion,
loabqw8,t3_1fm8jop,t1_loa6k12,asheville,lightning_whirler,1726962071,2024-09-21 23:41,0,That's the best you can do? Homophobia? A true liberal.,helene,community_discussion,
loadkre,t3_1fm8jop,t1_lo8scfw,asheville,curse-free_E212,1726962801,2024-09-21 23:53,1,"Ok, that got a solid laugh from me. Hah yes, it’s the that democrats have a big problem here. 

But I do appreciate the poetic justice of Republicans demonizing trans people, only to find out their weirdo gubernatorial candidate can’t keep it under his hat that he’s a nazi who hates MLK, but loves trans porn.",helene,community_discussion,
loamgsz,t3_1fm8jop,t1_lo93bwe,asheville,Tinkerer221,1726966421,2024-09-22 00:53,8,Imagine what else they might find during the discovery phase... ,helene,community_discussion,
loantgt,t3_1fm8jop,t1_lo9bfrh,asheville,curse-free_E212,1726966977,2024-09-22 01:02,5,Yeah and open himself up to discovery.,helene,community_discussion,
lob8ktm,t3_1fm8jop,t1_lo9jrlj,asheville,curious-gibbon,1726976006,2024-09-22 03:33,0,Dude has no idea. 🤣,helene,community_discussion,
lof1zqn,t3_1fm8jop,t3_1fm8jop,asheville,TKripper69,1727035904,2024-09-22 20:11,1,Too late republicans. Guess you are gonna have to carry this big black nazi mini soldier baby to full term. Guess that might gag a maggot in your house of cards. Get ready for Cooper to take your seat in two years.,helene,community_discussion,
lof5j8c,t3_1fm8jop,t1_lo8qcaw,asheville,United_Window_5026,1727036994,2024-09-22 20:29,-2,Everyone I disagree with is a nazi. That’s how you win hearts and minds.,helene,community_discussion,
lofw51b,t3_1fm8jop,t1_lof5j8c,asheville,AnUnholy,1727045904,2024-09-22 22:58,2,"Those who were Republicans who were opposed to out right fascism and the neo-Nazis have dropped their support of the republican party or retired/are retiring from politics. 

I disagree with Cheney, Romney, & Pence. They’re all old school republicans. They all dropped their support of trump and his clan of fascists.

Maybe if you still like the Republican party it’s because you’re just a Nazi or a Russian troll trying to bring down America",helene,community_discussion,
log2y6i,t3_1fm8jop,t1_lofw51b,asheville,United_Window_5026,1727048327,2024-09-22 23:38,0,Please go outside and talk to people ,helene,community_discussion,
lo8ojik,t3_1fm8jq2,t3_1fm8jq2,asheville,No_Mathematician8687,1726941058,2024-09-21 17:50,-82,Ok,helene,community_discussion,
lo8ozke,t3_1fm8jq2,t3_1fm8jq2,asheville,peace_point,1726941197,2024-09-21 17:53,18,Hopefully it was just their mushroom pizza,helene,community_discussion,
lo8x0nd,t3_1fm8jq2,t1_lo8ojik,asheville,huntzduke,1726943886,2024-09-21 18:38,30,Ok,helene,community_discussion,
lo8ynsu,t3_1fm8jq2,t1_lo8ozke,asheville,Dirtbagstan,1726944450,2024-09-21 18:47,17,Don't you dare yuck my yum!,helene,community_discussion,
lo9dm6f,t3_1fm8jq2,t3_1fm8jq2,asheville,Saturn_Starman,1726949660,2024-09-21 20:14,47,"Sending collective ""Better Day"" vibes to that guy",helene,community_discussion,
loaab5x,t3_1fm8jq2,t3_1fm8jq2,asheville,bokehtoast,1726961498,2024-09-21 23:31,4,Been there 💀,helene,community_discussion,
loahbmh,t3_1fm8jq2,t3_1fm8jq2,asheville,jmac_1957,1726964316,2024-09-22 00:18,7,The bears will be happy.,helene,community_discussion,
loaqudg,t3_1fm8jq2,t1_lo8ojik,asheville,Repulsive_Buy_6895,1726968228,2024-09-22 01:23,11,Imagine if this is the guy....,helene,community_discussion,
lodp104,t3_1fm8jq2,t3_1fm8jq2,asheville,Slightlyoff13,1727021285,2024-09-22 16:08,3,That’s such a bummer.,helene,community_discussion,
lo8ooey,t3_1fm8kbd,t3_1fm8kbd,asheville,peace_point,1726941101,2024-09-21 17:51,3,Bojangles,helene,community_discussion,
lo8qe4s,t3_1fm8kbd,t1_lo8ooey,asheville,Awkward-Afternoon-22,1726941666,2024-09-21 18:01,5,🙃,helene,community_discussion,
lo8qel5,t3_1fm8kbd,t3_1fm8kbd,asheville,Alive-Argument5712,1726941671,2024-09-21 18:01,7,Bee Thai and Luella’s.,helene,community_discussion,
lo8qkbf,t3_1fm8kbd,t3_1fm8kbd,asheville,RegisterGood5917,1726941725,2024-09-21 18:02,3,Creek side,helene,community_discussion,
lo8urpg,t3_1fm8kbd,t3_1fm8kbd,asheville,Remarkable-Owl2034,1726943122,2024-09-21 18:25,7,828 on Merrimon,helene,community_discussion,
lo98hjs,t3_1fm8kbd,t3_1fm8kbd,asheville,mduncanavl,1726947905,2024-09-21 19:45,4,Zella’s Deli in Swannanoa,helene,community_discussion,
lo9d7ac,t3_1fm8kbd,t1_lo8urpg,asheville,Zealousideal_Hat_330,1726949520,2024-09-21 20:12,7,Best pizza in the state,helene,community_discussion,
loadrf6,t3_1fm8kbd,t3_1fm8kbd,asheville,Ok_Cartographer7942,1726962874,2024-09-21 23:54,3,All day darlin,helene,community_discussion,
loazvcr,t3_1fm8kbd,t3_1fm8kbd,asheville,sallyshooter222,1726972076,2024-09-22 02:27,3,Someone was telling me how cute junebug was around weaverville. They have a good truck and outdoor seating. It’s also a retro Rv resort,helene,community_discussion,
lo9hcc1,t3_1fm8u06,t3_1fm8u06,asheville,2FightTheFloursThatB,1726950906,2024-09-21 20:35,2,"1.) We're much more likely to help out a *LOCAL*.

2.) You need to delete your post RIGHT NOW, as you just put someone else's phone number on publicly available social media.

You fucked up.  Now fix it.",helene,community_discussion,
lo9i8gj,t3_1fm8u06,t3_1fm8u06,asheville,IveMadeAHugeMistake,1726951195,2024-09-21 20:39,1,"Hi! We appreciate you trying to help a friend, but posting name and phone number is personal information. Maybe ask folks to DM you their information and you can pass it along to your friend?",helene,community_discussion,
lo8pqe1,t3_1fm8u1y,t3_1fm8u1y,asheville,asheville-ModTeam,1726941443,2024-09-21 17:57,1,"We are removing your post/comment due to hate speech or insults. This includes but is not limited to:

- __Calls to physical violence or cyberbullying against another person or organization.__
- Suicidal posts.
- Text that expresses prejudice against a particular group, especially on the basis of race, religion, sexual orientation, gender, or abilities.
- Demeaning or inflammatory language directed at other users.

Please see our full rules page for the specifics.
https://www.reddit.com/r/asheville/about/rules/",helene,community_discussion,
lo8rqy6,t3_1fm8yj0,t3_1fm8yj0,asheville,ClimbaClimbaCameleon,1726942123,2024-09-21 18:08,28,That’s actually a law and it’s not new.,helene,community_discussion,
lo8v319,t3_1fm8yj0,t3_1fm8yj0,asheville,effortfulcrumload,1726943226,2024-09-21 18:27,26,"I saw this fucker drop a bunch of fast food trash out his windows in Shilow a bit ago. I honked and slammed on the brakes, got out of the car and stomped over to the trash. I glared at him as he drove away, wide eyed with fear.. Litter bugs are fucking trash",helene,community_discussion,
lo8v5xj,t3_1fm8yj0,t3_1fm8yj0,asheville,2FightTheFloursThatB,1726943253,2024-09-21 18:27,129,"2.)  When a Dueling Piano Bar sends enormous advertising  mall-crawlers constantly through downtown, slowing and blocking traffic, while spewing exhaust fumes, then the punishment shall be:

*100 locals, filling up the bar and ordering 1 drink (the cheapest drink), sitting there for no less than 3 hours while listening to their own music on headphones, earbuds or blaring out of their iPad.",helene,community_discussion,
lo8vft6,t3_1fm8yj0,t3_1fm8yj0,asheville,F1tnessTacoInMyMouth,1726943348,2024-09-21 18:29,-25,3) stop making political posts in this sub. The constant circle jerking to candidates is getting old.,helene,community_discussion,
lo8zej1,t3_1fm8yj0,t1_lo8v319,asheville,JustTheFacts714,1726944709,2024-09-21 18:51,12,I doubt that driver even noticed you-- good try.,helene,community_discussion,
lo8zgij,t3_1fm8yj0,t1_lo8vft6,asheville,howldetroit,1726944728,2024-09-21 18:52,28,"Nice try, Mr. Robinson.",helene,community_discussion,
lo9080g,t3_1fm8yj0,t3_1fm8yj0,asheville,howldetroit,1726944993,2024-09-21 18:56,1,4. All fat lil whistle pigs must now wear bowties for maximum adorableness,helene,community_discussion,
lo90mrz,t3_1fm8yj0,t1_lo8zej1,asheville,MigraineMan,1726945136,2024-09-21 18:58,21,And everyone clapped,helene,community_discussion,
lo90xip,t3_1fm8yj0,t3_1fm8yj0,asheville,Latter_Street1059,1726945240,2024-09-21 19:00,85,"4) if I see you going 45mph in my 25mph residential neighborhood while I’m walking my dog with my family, I am legally allowed to egg your car",helene,community_discussion,
lo92y2s,t3_1fm8yj0,t1_lo8vft6,asheville,HappyCamper2121,1726945956,2024-09-21 19:12,8,What's the punishment for this crime?,helene,community_discussion,
lo9313a,t3_1fm8yj0,t3_1fm8yj0,asheville,OkCommunity1625,1726945986,2024-09-21 19:13,4,Your rule might have some unintended consequences among a freakier crowd,helene,community_discussion,
lo931tr,t3_1fm8yj0,t3_1fm8yj0,asheville,dieselengine9,1726945993,2024-09-21 19:13,95,Do I have to throw out the trash or can I go strait to the spanking?,helene,community_discussion,
lo9335o,t3_1fm8yj0,t1_lo931tr,asheville,haikusbot,1726946006,2024-09-21 19:13,67,"*Do I have to throw*

*Out the trash or can I go*

*Strait to the spanking?*

\- dieselengine9

---

^(I detect haikus. And sometimes, successfully.) ^[Learn&#32;more&#32;about&#32;me.](https://www.reddit.com/r/haikusbot/)

^(Opt out of replies: ""haikusbot opt out"" | Delete my comment: ""haikusbot delete"")",helene,community_discussion,
lo93ipg,t3_1fm8yj0,t1_lo90xip,asheville,thevintagetraveler,1726946161,2024-09-21 19:16,29,"Better yet, dog poo the car.",helene,community_discussion,
lo93n96,t3_1fm8yj0,t3_1fm8yj0,asheville,HappyCamper2121,1726946206,2024-09-21 19:16,91,"If a tourist asks where the best hidden things are in Asheville, you can legally give them directions to the waste transfer station by Hominy Creek.",helene,community_discussion,
lo93okz,t3_1fm8yj0,t1_lo9335o,asheville,cherrygoats,1726946218,2024-09-21 19:16,48,Stupid sexy haiku,helene,community_discussion,
lo93v75,t3_1fm8yj0,t3_1fm8yj0,asheville,ghostofbiltmore,1726946282,2024-09-21 19:18,19,"5) If you jaywalk while traffic is present and you're within 200 ft of a crosswalk, you're not allowed to go to your favorite brewery for one year. 

6) Any business that is deemed to be disturbing the public peace to sell shitty experiences to tourists will have all assets seized to be burned at the annual Fuck The Tourists bonfire in Pack Square Park.

7) Real estate attorneys shouldn't be Mayor or else Asheville will be forced to turn into Trustafarian  Gatlinburg.",helene,community_discussion,
lo95bzc,t3_1fm8yj0,t3_1fm8yj0,asheville,awhq,1726946800,2024-09-21 19:26,34,"If you charge $65 for an entree with no sides, you should have to explain to Gordon Ramsey why that shit is not better than what I can get in any major city for $35 with sides.",helene,community_discussion,
lo95hnz,t3_1fm8yj0,t1_lo92y2s,asheville,frenchtoastkid,1726946857,2024-09-21 19:27,12,Mark Robinson spanks you,helene,community_discussion,
lo95oyy,t3_1fm8yj0,t1_lo95hnz,asheville,HappyCamper2121,1726946930,2024-09-21 19:28,5,"Okay, you've already got me thinking twice about my next post. This whole crime and punishment thing is really working!",helene,community_discussion,
lo95vks,t3_1fm8yj0,t3_1fm8yj0,asheville,Aardvarksof1776,1726946996,2024-09-21 19:29,3,"One fucking beer sample. One. If you need another sample just order that beer and be stuck with it. Or better yet -flights. Also, this dumb like that forms at new Belgium?- push up to the bar, don’t get in a single file line, it’s not designed that way",helene,community_discussion,
lo96hje,t3_1fm8yj0,t1_lo8rqy6,asheville,Fun_Explanation_3417,1726947210,2024-09-21 19:33,11,The public spanking?,helene,community_discussion,
lo96txl,t3_1fm8yj0,t1_lo95bzc,asheville,Fun_Explanation_3417,1726947330,2024-09-21 19:35,17,Guessing some went to (redacted) last night? Just realized the number of restaurants that commit this crime in Asheville is too long to list. And that suuuuuuuucks.,helene,community_discussion,
lo9752k,t3_1fm8yj0,t1_lo96txl,asheville,awhq,1726947438,2024-09-21 19:37,2,Ha ha! Actually no.  I won't pay their prices for their mediocre food.  I save and spend my money in Austin or Chicago.,helene,community_discussion,
lo98zrv,t3_1fm8yj0,t3_1fm8yj0,asheville,lookmomnoarms,1726948078,2024-09-21 19:47,11,"8. If you’re seen in town doing heroin, meth or fentanyl, the public is now legally allowed to spray you with bear mace.",helene,community_discussion,
lo99kp2,t3_1fm8yj0,t1_lo8v319,asheville,certifiedraerae,1726948277,2024-09-21 19:51,2,Driver probably thought to himself “someone else can pick it up” right before you picked it up for him,helene,community_discussion,
lo99uhe,t3_1fm8yj0,t3_1fm8yj0,asheville,surpriseslothparty,1726948371,2024-09-21 19:52,137,If you feed the bears you have to drink a gallon of water directly from the French Broad River,helene,community_discussion,
lo9amcp,t3_1fm8yj0,t1_lo8vft6,asheville,certifiedraerae,1726948638,2024-09-21 19:57,5,*unless it’s about Mark Robinson,helene,community_discussion,
lo9bhru,t3_1fm8yj0,t1_lo9752k,asheville,Fun_Explanation_3417,1726948939,2024-09-21 20:02,1,"Very wise, Austin really is a foodie town.",helene,community_discussion,
lo9bxc0,t3_1fm8yj0,t1_lo93n96,asheville,LyndonsBigJohnson69,1726949089,2024-09-21 20:04,4,I'll send them to MSD,helene,community_discussion,
lo9dbtv,t3_1fm8yj0,t3_1fm8yj0,asheville,peppery_lettuce,1726949563,2024-09-21 20:12,115,"if you don’t know what lane you need to be in on westgate and careen four lanes over at the last minute, you have to drive the pubcycle for six months community service during peak bachelorette party season",helene,community_discussion,
lo9e2l9,t3_1fm8yj0,t1_lo96hje,asheville,JustAfter10pm,1726949809,2024-09-21 20:16,6,If you pay an extra fee,helene,community_discussion,
lo9ekg8,t3_1fm8yj0,t1_lo9amcp,asheville,F1tnessTacoInMyMouth,1726949973,2024-09-21 20:19,5,I’ll allow it.,helene,community_discussion,
lo9elsq,t3_1fm8yj0,t1_lo8zgij,asheville,F1tnessTacoInMyMouth,1726949985,2024-09-21 20:19,3,I lol’d.,helene,community_discussion,
lo9ghtr,t3_1fm8yj0,t1_lo93n96,asheville,Sibrew,1726950622,2024-09-21 20:30,18,Dude waste transfer station on hominy creek is surprisingly pleasant if you haven’t been. I some times get a coffee and go read there.,helene,community_discussion,
lo9gwtx,t3_1fm8yj0,t1_lo99uhe,asheville,sauvagedunord,1726950763,2024-09-21 20:32,33,"No.  If you feed the bears, we feed YOU to the bears.  Quid Pro Quo, no?",helene,community_discussion,
lo9ibyq,t3_1fm8yj0,t3_1fm8yj0,asheville,MtnMaiden,1726951228,2024-09-21 20:40,5,Free spankings?,helene,community_discussion,
lo9icu9,t3_1fm8yj0,t3_1fm8yj0,asheville,MtnMaiden,1726951236,2024-09-21 20:40,3,Free spankings?,helene,community_discussion,
lo9idnu,t3_1fm8yj0,t3_1fm8yj0,asheville,MtnMaiden,1726951244,2024-09-21 20:40,2,Free spankings?,helene,community_discussion,
lo9iehb,t3_1fm8yj0,t3_1fm8yj0,asheville,MtnMaiden,1726951251,2024-09-21 20:40,0,Free spankings?,helene,community_discussion,
lo9ip43,t3_1fm8yj0,t3_1fm8yj0,asheville,Saucespreader,1726951346,2024-09-21 20:42,0,"I dont understand, has to be mental illness or low iq",helene,community_discussion,
lo9jaxe,t3_1fm8yj0,t1_lo93ipg,asheville,Lower-Elderberry2894,1726951544,2024-09-21 20:45,7,On fire.,helene,community_discussion,
lo9k0o6,t3_1fm8yj0,t3_1fm8yj0,asheville,sauvagedunord,1726951787,2024-09-21 20:49,8,"9)  If it's tourist season, why can't we hunt them?  Turns out NC Wildlife has declared them an invasive species, thus:

No bag limit.

No closed season.

Bucks must be over 200 lbs and wearing a ball cap, polo, shorts, and shoes a real man wouldn't be caught dead wearing.

Does must have a perm, sunglasses, and be wearing more gold than an average jewelry shop carries.

Legal method of take must be brickbat, discus, or tire iron.

It is prohibited from taking tourists if in water over their knees or within 50 meters of a produce stand named ""Barber's Orchard.""  It's simply not fair.

Down votes.  I'm right here.",helene,community_discussion,
lo9ljhq,t3_1fm8yj0,t1_lo93n96,asheville,Revrider,1726952302,2024-09-21 20:58,8,Had someone do that to me in Kings Mountain when I was in high school. I laughed out loud when I got to the dump.,helene,community_discussion,
lo9lp57,t3_1fm8yj0,t1_lo931tr,asheville,ReallySmallWeenus,1726952355,2024-09-21 20:59,13,"I don’t want to litter, but I do want to be treated dirty.",helene,community_discussion,
lo9m22y,t3_1fm8yj0,t1_lo9k0o6,asheville,peace_point,1726952478,2024-09-21 21:01,3,">Legal method of take must be brickbat, discus, or tire iron 

And a large rubber dildo is required if you hear them say, “We’re from Florida,” in a New Jersey accent",helene,community_discussion,
lo9mh5v,t3_1fm8yj0,t1_lo8v5xj,asheville,thepeyoteugly,1726952620,2024-09-21 21:03,13,You get an award for that good sir 🫡,helene,community_discussion,
lo9mhf2,t3_1fm8yj0,t1_lo9bhru,asheville,awhq,1726952623,2024-09-21 21:03,1,"I love that you can still go to small, locally run places and get a really good meal and not have to take out a loan.  Last time we ate at a hole-in-the-wall breakfast place on South Lamar that was really good.",helene,community_discussion,
lo9mktu,t3_1fm8yj0,t1_lo9ibyq,asheville,thepeyoteugly,1726952655,2024-09-21 21:04,1,Yes,helene,community_discussion,
lo9mlcg,t3_1fm8yj0,t1_lo9icu9,asheville,thepeyoteugly,1726952660,2024-09-21 21:04,1,Yes,helene,community_discussion,
lo9mloh,t3_1fm8yj0,t1_lo9idnu,asheville,thepeyoteugly,1726952663,2024-09-21 21:04,1,Yes,helene,community_discussion,
lo9mm1m,t3_1fm8yj0,t1_lo9iehb,asheville,thepeyoteugly,1726952667,2024-09-21 21:04,1,Yes,helene,community_discussion,
lo9mtfm,t3_1fm8yj0,t3_1fm8yj0,asheville,cat2phatt,1726952737,2024-09-21 21:05,38,Bring you kid to a brewery they have to chug a beer 🍺,helene,community_discussion,
lo9np1m,t3_1fm8yj0,t1_lo9m22y,asheville,sauvagedunord,1726953038,2024-09-21 21:10,1,"Define ""large.""  Likely I'm right there with you in viewpoint and tolerance.  I wanted to call this ""Rule 303"", though I thought too few would get the reference.",helene,community_discussion,
lo9nw7f,t3_1fm8yj0,t3_1fm8yj0,asheville,junkbmwr75,1726953108,2024-09-21 21:11,11,If you don't vote you don't get to complain. We'll be looking for the little stickers and making notes of who has one.,helene,community_discussion,
lo9ohnr,t3_1fm8yj0,t1_lo92y2s,asheville,peace_point,1726953309,2024-09-21 21:15,2,I vote for a spanking from Kamala Harris,helene,community_discussion,
lo9otc6,t3_1fm8yj0,t1_lo93n96,asheville,poledrawolf,1726953424,2024-09-21 21:17,17,"Noooo, stay away from the transfer station, that's MINE, my precioussss! Send they ass to the Sweeten Creek Hotspot instead.",helene,community_discussion,
lo9p6hi,t3_1fm8yj0,t1_lo9np1m,asheville,peace_point,1726953552,2024-09-21 21:19,2,"6”… that’s considered large, right?… right?",helene,community_discussion,
lo9pj9a,t3_1fm8yj0,t3_1fm8yj0,asheville,PatAD,1726953680,2024-09-21 21:21,2,"New Rule, if you ask what wait times are like any day of the week at the Asheville Airport , you probably don’t know what a search bar is",helene,community_discussion,
lo9pqdh,t3_1fm8yj0,t3_1fm8yj0,asheville,sauvagedunord,1726953751,2024-09-21 21:22,17,"10.  If you're on the BRP and the speed limit is X, do X.  If you want to look at something, pull out at an overlook.  If there are more than two cars behind you, pull out at an overlook.  If someone flashes their lights at you repeatedly to pull over at an overlook, it just MIGHT be search and rescue volunteers enroute to a call.  Pull out at an overlook.",helene,community_discussion,
lo9qsap,t3_1fm8yj0,t1_lo8v5xj,asheville,HuddieLedbedder,1726954129,2024-09-21 21:28,59,"Friendly amendment - rather than ordering the cheapest drink, ask for water.  They charge you for it, or tell you that it is free if you leave a 5 star review, but as their nasty ass responses to reviews make clear, asking for water in general drives the owner crazy.",helene,community_discussion,
lo9u4nw,t3_1fm8yj0,t3_1fm8yj0,asheville,mavetgrigori,1726955342,2024-09-21 21:49,15,"If you don't use your blinker, you get 100 paddlings on that cheek.",helene,community_discussion,
lo9xf3a,t3_1fm8yj0,t1_lo9mtfm,asheville,CardMechanic,1726956567,2024-09-21 22:09,28,"Nah, bring a kid to a brewery, and they get an espresso cookie when they leave.",helene,community_discussion,
lo9xs7h,t3_1fm8yj0,t1_lo9lp57,asheville,therealelainebenes,1726956700,2024-09-21 22:11,4,Real,helene,community_discussion,
lo9zmes,t3_1fm8yj0,t3_1fm8yj0,asheville,bloodxandxrank,1726957391,2024-09-21 22:23,13,I’ve been honking at houses with trump/vance signs to “show my support.” I think we all should.,helene,community_discussion,
loa23n2,t3_1fm8yj0,t3_1fm8yj0,asheville,Tthrowaaaawy,1726958323,2024-09-21 22:38,1,"If you complain about people going the speed limit in the left lane on any part of the interstate within a 3 mile radius of town, you will have your side view mirrors removed and be forced to do a series of rally-car-style laps hitting every nearby left-entrance/exit (particularly Amboy Road, 19-23 towards weaverville off the Patton bridge, and that one I-40w to 26 interchange)",helene,community_discussion,
loa2cuh,t3_1fm8yj0,t1_loa23n2,asheville,Tthrowaaaawy,1726958418,2024-09-21 22:40,0,"Oh, and don’t forget the STOP SIGN getting back onto 240w from the mall lmao",helene,community_discussion,
loa41uc,t3_1fm8yj0,t1_lo93okz,asheville,TheDudeHuge,1726959048,2024-09-21 22:50,5,This is brilliant,helene,community_discussion,
loa4t1a,t3_1fm8yj0,t1_lo9dbtv,asheville,BigmamaOF,1726959340,2024-09-21 22:55,33,"This may be the cruelest, yet most fitting, punishment in this thread. I love it.",helene,community_discussion,
loa4vlo,t3_1fm8yj0,t1_loa4t1a,asheville,peppery_lettuce,1726959366,2024-09-21 22:56,3,🥹🥹🥹,helene,community_discussion,
loa5dch,t3_1fm8yj0,t3_1fm8yj0,asheville,Salt_Studio_2951,1726959559,2024-09-21 22:59,18,"If you pick up your dog's poop with one of those little green bags, but then leave the little bag of poop on the ground instead of throwing it away.... then you must be tied to a tree while we all get to throw fresh manure at you. Look at what some asshole left sitting on a rock at the gym the other day. It remained in that spot for days. Why even pick it up? Just leave it to decompose at that point. I'm tired of this shit, literally.

https://preview.redd.it/ennlcq2ft8qd1.jpeg?width=3000&format=pjpg&auto=webp&s=fe432d69e78645057ab691b782a884a58f518bfe",helene,community_discussion,
loa60bq,t3_1fm8yj0,t1_lo9lp57,asheville,bruuhhwutshappenz,1726959805,2024-09-21 23:03,2,Amen!,helene,community_discussion,
loa8jpl,t3_1fm8yj0,t3_1fm8yj0,asheville,BlackLioConvoy,1726960798,2024-09-21 23:19,2,I nominate myself as head spanker!,helene,community_discussion,
loa94am,t3_1fm8yj0,t3_1fm8yj0,asheville,nstygrrl,1726961025,2024-09-21 23:23,5,"If you want people to stop doing that, you can’t give away prizes for the behavior. Also, I just threw trash out the window on the parkway, how do I turn myself in for the spanking?",helene,community_discussion,
loa9n9n,t3_1fm8yj0,t1_lo9mtfm,asheville,nstygrrl,1726961238,2024-09-21 23:27,9,"It’s really the only way I can get them to go to sleep anyway. I wish there was anything but IPAs in this town tho, I’m tired of taking a bunch of hairy chested elementary schoolers to the pool.",helene,community_discussion,
loaawez,t3_1fm8yj0,t1_lo9u4nw,asheville,FreshFondant,1726961731,2024-09-21 23:35,2,What if I just put my hazard lights on? Both cheeks?,helene,community_discussion,
loabf75,t3_1fm8yj0,t1_loa94am,asheville,AvlSteve,1726961940,2024-09-21 23:39,2,I’m next!,helene,community_discussion,
loac93l,t3_1fm8yj0,t1_lo90xip,asheville,longcooolwoman,1726962273,2024-09-21 23:44,10,"I’ve wanted to start carrying tire spikes to throw out in front of me when I see a car speeding by. My dog, toddler, and I have almost been killed outside our own home many times by the assholes trying to treat it as a thru street. And it’s by no means even close to a thru street.",helene,community_discussion,
loacnfg,t3_1fm8yj0,t1_lo8v5xj,asheville,thekrawdiddy,1726962431,2024-09-21 23:47,8,EVERY TIME YOU SEE THE DUELING PIANO TRUCK YOU HAVE TO GO TO THE YELPS AND LEAVE THEM A 6-STAR REVIEW (/s),helene,community_discussion,
loae03h,t3_1fm8yj0,t1_lo93n96,asheville,Suspicious_Kale44,1726962972,2024-09-21 23:56,2,"I worked at a very popular downtown brewery during their heyday. When we closed at midnight, all the assholes would ask me where I liked to party/drink. I always sent them to O’Henry’s.",helene,community_discussion,
loafnts,t3_1fm8yj0,t1_lo9gwtx,asheville,Evening_Cry_256,1726963638,2024-09-22 00:07,5,"They are not really meat eaters. That is grizzly, and polar bears",helene,community_discussion,
loagqkd,t3_1fm8yj0,t1_loafnts,asheville,Brooktrout304,1726964078,2024-09-22 00:14,10,"They're omnivores... they'll eat a human if they're hungry enough. Worst case scenario, they'll just maim the shit out of the offender. Good enough for me",helene,community_discussion,
loal18n,t3_1fm8yj0,t1_lo9pqdh,asheville,DruVatier,1726965835,2024-09-22 00:43,8,Drove from Pisgah Hwy up to the Arboretum on it today and OMFG the amount of braking by people who are already going under 40 MPH was enraging.,helene,community_discussion,
loanjyt,t3_1fm8yj0,t1_lo9mh5v,asheville,2FightTheFloursThatB,1726966866,2024-09-22 01:01,4,"And I am grateful.  Thank you!

Can I use it to pay for my water at an unnamed Dueling Piano Bar?",helene,community_discussion,
loant9p,t3_1fm8yj0,t1_loanjyt,asheville,thepeyoteugly,1726966974,2024-09-22 01:02,3,We will have to find out when we are sitting in there together on our iPads 😛,helene,community_discussion,
loaonb6,t3_1fm8yj0,t1_loant9p,asheville,2FightTheFloursThatB,1726967321,2024-09-22 01:08,3,"So, next Friday?

^(Also, I'll need to borrow an iPad)",helene,community_discussion,
loar3cf,t3_1fm8yj0,t1_loa5dch,asheville,SevendigitSteamID,1726968333,2024-09-22 01:25,6,"This blows my mind - you took the time to literally grab hot shit (that would decompose eventually) with your barely covered hand, wrapped it in PLASTIC and THEN you littered it? Fuck all the way off.",helene,community_discussion,
loas9i8,t3_1fm8yj0,t3_1fm8yj0,asheville,Haunting_Long8901,1726968825,2024-09-22 01:33,3,Yeah but spanked naked ',helene,community_discussion,
loato95,t3_1fm8yj0,t3_1fm8yj0,asheville,MetallicCrab,1726969425,2024-09-22 01:43,6,If you wave a sign outside of planned parenthood you have to take a bite out of it everytime someone pulls in to get services. Chew and swallow entirely.,helene,community_discussion,
loazoq4,t3_1fm8yj0,t1_loaawez,asheville,mavetgrigori,1726971995,2024-09-22 02:26,2,Nah. We hang you upside down by your big toes,helene,community_discussion,
loaztun,t3_1fm8yj0,t3_1fm8yj0,asheville,mojotoodopebish,1726972058,2024-09-22 02:27,2,"If there isn't a car behind me and you're planning to drive 5 under the speed limit, you're not allowed to pull out in front of me 🫠",helene,community_discussion,
lob0lbu,t3_1fm8yj0,t1_lo98zrv,asheville,mojotoodopebish,1726972391,2024-09-22 02:33,2,https://preview.redd.it/s2yp0wpkv9qd1.jpeg?width=680&format=pjpg&auto=webp&s=1d578d0ce99d525b7575b8241be56e10402b145e,helene,community_discussion,
lob2vsd,t3_1fm8yj0,t1_lo9pqdh,asheville,ghostofbiltmore,1726973396,2024-09-22 02:49,4,"Please. Dear fucking God almighty in heaven, please.",helene,community_discussion,
lob4ouv,t3_1fm8yj0,t1_loa5dch,asheville,ruralfpthrowaway,1726974206,2024-09-22 03:03,3,"A lot of times people are doing out and back walks and are just going to pick it up on the way back rather than carry it the whole way. 

Honestly, I find it a bit odd that most people haven’t realized this.",helene,community_discussion,
lob898t,t3_1fm8yj0,t1_lo93n96,asheville,RandomMandarin,1726975857,2024-09-22 03:30,3,"Real talk though, the transfer station is a godsend. I used to think you had to drive twenty miles to the dump near Marshall.",helene,community_discussion,
lobe7su,t3_1fm8yj0,t3_1fm8yj0,asheville,motosapian1,1726978842,2024-09-22 04:20,4,There’s going to be a whole lot more litter with talk like this.,helene,community_discussion,
lobeqq2,t3_1fm8yj0,t1_loa5dch,asheville,HappyCamper2121,1726979125,2024-09-22 04:25,4,You're so right. Just leaving the shit on the ground would be a lot less offensive. What is wrong with people?,helene,community_discussion,
lobf2gn,t3_1fm8yj0,t1_lo9pqdh,asheville,HappyCamper2121,1726979299,2024-09-22 04:28,10,"IDK, I've got to counter this one and say the BRP was made for gawking. When you're driving up there, try not to worry so much about how fast you can go and just enjoy the amazing views",helene,community_discussion,
lobzl1c,t3_1fm8yj0,t1_lo9335o,asheville,LoraxVW,1726992113,2024-09-22 08:01,4,Good bot.,helene,community_discussion,
loccdj0,t3_1fm8yj0,t1_lo93v75,asheville,snuggle2struggle,1727000953,2024-09-22 10:29,1,"No need for number 5.  APD will beat you to death.  

Number 7 wouldn't be needed if residents who live within 1 mile of city limits shall also vote in city elections since everything they do is affected by Asheville (except taxes).",helene,community_discussion,
loclubq,t3_1fm8yj0,t1_lo96txl,asheville,dr-pangloss,1727006513,2024-09-22 12:01,1,What's redacted? I'm so curious.,helene,community_discussion,
locs3nw,t3_1fm8yj0,t1_lo9pqdh,asheville,Dragon_Flow,1727009508,2024-09-22 12:51,4,"If you want to get somewhere fast, don't take the Blue Ridge Parkway.",helene,community_discussion,
locx4ll,t3_1fm8yj0,t1_loclubq,asheville,nah-meh-stay,1727011646,2024-09-22 13:27,2,"If you’re ordinary and you love seizure inducing Malaysian music, I’ve just a place for you. Asheville’s hottest club is (redacted). Built in upside down world, this haunted hospice was closed when the inspectors found a sexy form of asbestos that could cause disease. This place has everything. Young popes, old popes, Roman J. Israel Esquire. But avoid the dance floor in Wednesdays when a dozen hot dachshunds and corgi’s get in free. They call it long and low night. I don’t trust any dog whose stomach touches the ground. Plus, you can party in the VIP room with a group of human squatty potties.",helene,community_discussion,
locxloh,t3_1fm8yj0,t1_lo8v5xj,asheville,flortny,1727011839,2024-09-22 13:30,2,We should actually totally do this,helene,community_discussion,
locxyae,t3_1fm8yj0,t1_loac93l,asheville,flortny,1727011978,2024-09-22 13:32,1,"Gps has destroyed so many otherwise quiet neighborhood streets, when i learned to drive the only speed bumps were at malls, airports, hospitals and large apartment complexes, i have to imagine the proliferation of GPS is why we got speed bumps in residential neighborhoods",helene,community_discussion,
locy08s,t3_1fm8yj0,t3_1fm8yj0,asheville,nah-meh-stay,1727012000,2024-09-22 13:33,3,"If you turn on your fog lights, your car can't go over 10 mph.",helene,community_discussion,
lodmp7q,t3_1fm8yj0,t3_1fm8yj0,asheville,stacferg,1727020558,2024-09-22 15:55,1,"""Asheville Foodies"", know nothing about good food but are too busy praising over priced mediocrity to realize it.",helene,community_discussion,
lodnf52,t3_1fm8yj0,t3_1fm8yj0,asheville,stacferg,1727020776,2024-09-22 15:59,2,"If you go to church on Sunday, you need to act like a Christian for the rest of the week.",helene,community_discussion,
lodofma,t3_1fm8yj0,t1_locxyae,asheville,Latter_Street1059,1727021101,2024-09-22 16:05,3,"Also I’d say it’s due to the influx of vehicles on roads that aren’t designed to carry the amount of traffic that we put on them. The lack or public transportation and/or the inability to commute via bike/walking safely. Also to get philosophical,the reduced attention span, as someone rushes from one location to another. 

I’d say GPS routes people on back roads more yes, but overall there are innumerable reasons why people drive faster now than before. 

Last year I sat in on a zoom call with the Asheville Parks Department and Director of Transportation. They stated that the best thing to slow down cars on back roads is speed bumps and street parking. So I am all for the speed bumps, however I am afraid to park on my road as I think I’d lose a mirror in less than a week.",helene,community_discussion,
loe47gq,t3_1fm8yj0,t1_loal18n,asheville,Seriously_Enraged,1727025843,2024-09-22 17:24,1,This drives me insane. If you're going the speed limit there's generally no reason to brake around every curve.,helene,community_discussion,
loeiy9f,t3_1fm8yj0,t1_lodofma,asheville,flortny,1727030178,2024-09-22 18:36,1,"I keep seeing all the subtle methods that slow people down subconsciously instead of speed bumps

https://www.smartcitiesdive.com/ex/sustainablecitiescollective/12-ways-slow-down-traffic-car-oriented-city/262221/",helene,community_discussion,
loeo2xp,t3_1fm8yj0,t3_1fm8yj0,asheville,Low-Tumbleweed-5793,1727031727,2024-09-22 19:02,2,"If a restaurant feels it's so important that you know they pay their staff a ""living wage"" by tacking hidden fees on their bills, they should be required to include the full copy of their latest health inspection as the cover page for their menu.",helene,community_discussion,
loeqloy,t3_1fm8yj0,t1_loeiy9f,asheville,Latter_Street1059,1727032478,2024-09-22 19:14,1,I’d love for this to work but the city and state are unwilling to put money into roads and slowing traffic,helene,community_discussion,
loez6r3,t3_1fm8yj0,t1_loeqloy,asheville,flortny,1727035052,2024-09-22 19:57,2,"Well, except for ""road diets"" with no alternatives, although, pedestrians do say that N merrimon is much safer now, for them.",helene,community_discussion,
lof9mj3,t3_1fm8yj0,t1_lo8v5xj,asheville,Unlikely-North-9191,1727038273,2024-09-22 20:51,1,My music up loud and/or watching Kamala speeches.,helene,community_discussion,
lofa8oe,t3_1fm8yj0,t1_lobf2gn,asheville,Unlikely-North-9191,1727038464,2024-09-22 20:54,2,Nope. Pull off and let people pass.,helene,community_discussion,
lofb8ci,t3_1fm8yj0,t1_lo9pqdh,asheville,Unlikely-North-9191,1727038777,2024-09-22 20:59,5,"Yep. 

But I must add: This should apply as strictly to the stretch between folk art center and Hendersonville road, which is 35 mph. I’ll go 40-41 and I’ll pull off it there are more than three cars following; but if you ride my a$$ obnoxiously I’ll slow down for the duration. I don’t give AF I am not risking a $100+ ticket for speeding in a national park. If you are in a hurry take 40.",helene,community_discussion,
lofbydw,t3_1fm8yj0,t1_lofa8oe,asheville,HappyCamper2121,1727039009,2024-09-22 21:03,1,"Or pull over and let people pass, that's a good option too, especially if you suspect you have angry people behind you. It's a special kind of fury when you're stuck on a road behind someone going way too slow.",helene,community_discussion,
lofqlnv,t3_1fm8yj0,t1_lofb8ci,asheville,sauvagedunord,1727043944,2024-09-22 22:25,4,"I agree.  I am not advocating for speeding.  I am simply asking if people are driving below the speed limit and cars are stacking up behind, please pull over.  This is why:  Search and Rescue volunteers use that road.  No other option.  They are not allowed to drive emergency traffic, that is to say lights and siren.  They do, however, want to get to your Meemaw or PapPaw or grandchild, etc. as quickly, as legally, and as safely possible.  If someone flicks their lights at you, It might be a SAR volunteer begging you to safely let them by.",helene,community_discussion,
lo9qtlu,t3_1fm9kxr,t3_1fm9kxr,asheville,screaminatthemoon,1726954142,2024-09-21 21:29,2,[https://www.ashevillehumane.org/get-help/found-a-stray/](https://www.ashevillehumane.org/get-help/found-a-stray/),helene,community_discussion,
lo8ydvc,t3_1fm9l0l,t3_1fm9l0l,asheville,Everynameismistaken,1726944355,2024-09-21 18:45,5,Beautiful Plotthound mix.,helene,community_discussion,
lo90xp0,t3_1fm9l0l,t3_1fm9l0l,asheville,billbobham,1726945242,2024-09-21 19:00,8,"My wife and daughter just did a lap around the park looking for people looking for her. No luck. 

She’s great - she’s got a snack & some water (she seemed hungry/thirsty). We’re hanging on the porch.

She’s wet, feel like she was maybe in the creek and got away?",helene,community_discussion,
lo9qv4a,t3_1fm9l0l,t3_1fm9l0l,asheville,screaminatthemoon,1726954157,2024-09-21 21:29,3,[https://www.ashevillehumane.org/get-help/found-a-stray/](https://www.ashevillehumane.org/get-help/found-a-stray/),helene,community_discussion,
lo9ubx5,t3_1fm9l0l,t3_1fm9l0l,asheville,billbobham,1726955415,2024-09-21 21:50,7,Had a chip- humans are on the way 🫡,helene,community_discussion,
lo9y9z1,t3_1fm9l0l,t3_1fm9l0l,asheville,billbobham,1726956886,2024-09-21 22:14,17,She’s back with her humans.,helene,community_discussion,
lo9zycf,t3_1fm9l0l,t1_lo9y9z1,asheville,HappyCamper2121,1726957515,2024-09-21 22:25,8,Thanks. You rock!,helene,community_discussion,
loa6q7q,t3_1fm9l0l,t1_lo9ubx5,asheville,DankestBasil481,1726960085,2024-09-21 23:08,1,Good. Looks pretty dangerous. Great job brave citizen! You were an integral part of this operation. 🫡,helene,community_discussion,
lo99r9i,t3_1fm9slg,t3_1fm9slg,asheville,asheville-ModTeam,1726948340,2024-09-21 19:52,1,"We are removing your post/comment due to trolling related behavior. This includes but is not limited to:

- Inflammatory and digressive behavior
- Extraneous, or off-topic messages
- Intentional deception
- Posts with little substance that invite ridicule at a person or group of people (car owners, parents with children, cyclists, etc)

Please see our full rules page for the specifics.
https://www.reddit.com/r/asheville/about/rules/",helene,community_discussion,
lo92vnw,t3_1fm9zdg,t3_1fm9zdg,asheville,OkCommunity1625,1726945933,2024-09-21 19:12,20,Very sad. Improved pedestrian infrastructure is one of the things we are so behind on that I will blindly support anything even tangentially related,helene,community_discussion,
lo93enu,t3_1fm9zdg,t3_1fm9zdg,asheville,Visible_Thing_3015,1726946120,2024-09-21 19:15,24,There was a comment in the other post made by the pedestrian's neighbor that she was in the hospital recovering with no broken bones. Thank goodness,helene,community_discussion,
lo97f1y,t3_1fm9zdg,t1_lo93enu,asheville,Aromatic-Rough3963,1726947534,2024-09-21 19:38,5,Thank goodness. I live around the corner from there… And I remember when we had a pedestrian killed a by were Coleman crosses Merrimon. It's a crazy road to try to cross.,helene,community_discussion,
lo9uu1t,t3_1fm9zdg,t1_lo92vnw,asheville,mavetgrigori,1726955604,2024-09-21 21:53,5,"Yeah, but it was at a spot that has stop lights and crosswalks. Improved pedestrian infrastructure, while would be amazing, will unfortunately be defeated by the sheer amount of bad drivers and terribad pedestrians.",helene,community_discussion,
lober4c,t3_1fm9zdg,t3_1fm9zdg,asheville,Psychobob2213,1726979131,2024-09-22 04:25,-1,Which one?,helene,community_discussion,
lobfher,t3_1fm9zdg,t3_1fm9zdg,asheville,darkbyrd,1726979524,2024-09-22 04:32,-1,They deserve their privacy,helene,community_discussion,
lodb6n2,t3_1fm9zdg,t1_lo9uu1t,asheville,mikezer0,1727016783,2024-09-22 14:53,3,"Yeah. Infrastructure is one half. The real battle is traffic enforcement. I would be throwing the book at folks until people chill out. But there aren’t enough police full stop, and the city refused to pay people living wages. I’m at the put traffic cameras everywhere part of experiment myself.",helene,community_discussion,
lo9413r,t3_1fm9zse,t3_1fm9zse,asheville,amazing_scotnik,1726946341,2024-09-21 19:19,1,It’s… changing?,helene,community_discussion,
lo951sn,t3_1fm9zse,t3_1fm9zse,asheville,coffeeandsand,1726946700,2024-09-21 19:25,33,itll be almost 90 tmrw,helene,community_discussion,
lo96xny,t3_1fm9zse,t3_1fm9zse,asheville,MindlessDribble828,1726947367,2024-09-21 19:36,17,Climate change? You mean the seasons are unstable and unpredictable due to fossil fuels being trapped in the atmosphere for years and years thus causing extreme weather conditions? Sooooo weird.  It’s not as if science predicted this at all.  You can say it will snow on Halloween or be 90 degrees around Xmas and nobody would be surprised. 🤷🏼‍♂️,helene,community_discussion,weather
lo9g47d,t3_1fm9zse,t3_1fm9zse,asheville,NCUmbrellaFarmer,1726950496,2024-09-21 20:28,2,The beginning of last September fucked me up. I think I was exposed to the hottest night of my entire life on a ride to Charlotte.,helene,community_discussion,
lo9og8n,t3_1fm9zse,t1_lo96xny,asheville,lightning_whirler,1726953296,2024-09-21 21:14,2,"No extreme weather this fall, just a cold front that came through.",helene,community_discussion,weather
lo9rj7u,t3_1fm9zse,t1_lo9og8n,asheville,MindlessDribble828,1726954395,2024-09-21 21:33,3,"This weather is like my wife, hot or cold every five minutes",helene,community_discussion,weather
loa6lxv,t3_1fm9zse,t3_1fm9zse,asheville,Vladivostokorbust,1726960038,2024-09-21 23:07,2,Until today. Couldn’t work outside today for more than a half hour. Too hot,helene,community_discussion,
loapejx,t3_1fm9zse,t3_1fm9zse,asheville,mikeorhizzae,1726967638,2024-09-22 01:13,10,It’s just you,helene,community_discussion,
loauxmi,t3_1fm9zse,t1_lo9rj7u,asheville,AvlSteve,1726969964,2024-09-22 01:52,1,Whomp whomp,helene,community_discussion,
loe0rf9,t3_1fm9zse,t3_1fm9zse,asheville,purrmutations,1727024814,2024-09-22 17:06,1,"Look at a temp graph, its just you",helene,community_discussion,
lo8zr8z,t3_1fma2ya,t3_1fma2ya,asheville,AutoModerator,1726944832,2024-09-21 18:53,1,"Hi u/shadowmodel! Your post appears to be asking about or discussing a frequent topic. To help reduce spam, please [click this link](https://www.reddit.com/r/asheville/search/?q=Dating in Asheville: what happened to us?&restrict_sr=1&sr_nsfw=&include_over_18=1&sort=new) to search the subreddit for similar posts.

**Your post has not been removed!** However, please consider removing your post if you found the answer you are looking for in another post. If you wish to continue with this discussion, no action is necessary.

*I am a bot, and this action was performed automatically. Please [contact the moderators of this subreddit](/message/compose/?to=/r/asheville) if you have any questions or concerns.*",helene,community_discussion,
lo8zra1,t3_1fma2ya,t3_1fma2ya,asheville,AutoModerator,1726944832,2024-09-21 18:53,1,"This thread is flaired as ""Serious Replies Only"". As a result, the moderator team will be holding comments to a higher standard. If you have any questions, [message the moderators by clicking on this link](https://www.reddit.com/message/compose?to=%2Fr%2Fasheville).


*I am a bot, and this action was performed automatically. Please [contact the moderators of this subreddit](/message/compose/?to=/r/asheville) if you have any questions or concerns.*",helene,community_discussion,
lo9hpfp,t3_1fmbsev,t3_1fmbsev,asheville,asheville-ModTeam,1726951025,2024-09-21 20:37,1,"We are removing this post because you're asking about moving to or visiting Asheville. We have a dedicated, weekly pinned thread for all visiting/moving questions. This thread resets every Monday morning. Please feel free to repost your question there!

If you can't find the pinned thread, try clicking on r/asheville and then sorting the list by 'Hot'. The pinned thread will be the first topic! If on the app, it may be under a hidden dropdown menu.

(Note that all visiting/moving inquiries posted outside the pinned thread will be removed **even if you live here and are asking for a friend/relative**)",helene,community_discussion,
loaf9dx,t3_1fmdffn,t3_1fmdffn,asheville,suspirio,1726963476,2024-09-22 00:04,1,Wanted to :(,helene,community_discussion,
loasw1e,t3_1fmdffn,t3_1fmdffn,asheville,rivers-queen,1726969091,2024-09-22 01:38,1,"I wanted to go, but today was also the Pride festival downtown so I think that overshadowed Shrektoberfest ☹",helene,community_discussion,
lo9t26y,t3_1fmdgfk,t3_1fmdgfk,asheville,crapface1984,1726954950,2024-09-21 21:42,2,"Size doesn’t matter, it’s all about how you use it! Honestly they are all tree haters and “get off” on giving us useless receipts lol",helene,community_discussion,
lo9tyry,t3_1fmdgfk,t3_1fmdgfk,asheville,2FightTheFloursThatB,1726955282,2024-09-21 21:48,2,"Ingles is worse that *everything*.  
^(Possible exceptions include members of the political party that is currently headed by a pedophile.)",helene,community_discussion,
lo9uerv,t3_1fmdgfk,t3_1fmdgfk,asheville,mavetgrigori,1726955445,2024-09-21 21:50,17,"Yep, Ingles takes the cake at sucking more than everyone else",helene,community_discussion,
lo9x0d6,t3_1fmdgfk,t3_1fmdgfk,asheville,peace_point,1726956411,2024-09-21 22:06,-1,Not to mention all that extra ink…,helene,community_discussion,
lo9xipg,t3_1fmdgfk,t3_1fmdgfk,asheville,IShouldBWorkin,1726956603,2024-09-21 22:10,10,"If you don't scan your tracking information ""membership card"" then the receipt is normal sized.",helene,community_discussion,
lo9z67e,t3_1fmdgfk,t3_1fmdgfk,asheville,NC_Wildkat,1726957221,2024-09-21 22:20,5,"In case you didn’t make it to the end, they are Now Hiring!",helene,community_discussion,
loa4s87,t3_1fmdgfk,t3_1fmdgfk,asheville,DeepBlessing,1726959331,2024-09-21 22:55,2,The list of items tells us everything we need to know really,helene,community_discussion,
loa5nyn,t3_1fmdgfk,t1_lo9tyry,asheville,lightning_whirler,1726959672,2024-09-21 23:01,-5,"Biden? Yeah, showering with his 14 y/o daughter is sick.",helene,community_discussion,
loa7pzh,t3_1fmdgfk,t1_loa4s87,asheville,peace_point,1726960476,2024-09-21 23:14,2,OP has good taste in beer 👍,helene,community_discussion,
loa98cx,t3_1fmdgfk,t1_lo9z67e,asheville,Ok_Leg_6507,1726961071,2024-09-21 23:24,1,🤣🤣🤣Always hiring!,helene,community_discussion,
loa9c16,t3_1fmdgfk,t1_loa5nyn,asheville,[deleted],1726961111,2024-09-21 23:25,1,[removed],helene,community_discussion,
loa9hfe,t3_1fmdgfk,t3_1fmdgfk,asheville,shrimp-and-potatoes,1726961171,2024-09-21 23:26,24,"I got a little nervous. There hasn't been an Ingles post in over a week, and I thought maybe they shut down or something. 

Or worse, the end of the world happened. I am glad we are still alive.",helene,community_discussion,
loacldm,t3_1fmdgfk,t1_lo9xipg,asheville,stewpideople,1726962408,2024-09-21 23:46,7,Came to say this. You get more paper to tell you your fuel points breakdown.,helene,community_discussion,
loacrgx,t3_1fmdgfk,t3_1fmdgfk,asheville,erockdanger,1726962476,2024-09-21 23:47,5,That's not what people are saying when they talk about CVS receipts,helene,community_discussion,
loadoqo,t3_1fmdgfk,t1_lo9xipg,asheville,adjperiod,1726962845,2024-09-21 23:54,1,"Yeah, unless I buy something marked down a noticeable amount then I don’t scan for this reason 

Is that the whole scam!?",helene,community_discussion,
loae1ii,t3_1fmdgfk,t3_1fmdgfk,asheville,stewpideople,1726962988,2024-09-21 23:56,3,And OP better use those fuel points before they expire!,helene,community_discussion,
loalmy7,t3_1fmdgfk,t3_1fmdgfk,asheville,Das-Drew,1726966082,2024-09-22 00:48,7,"Laura Lynn’s a vicious, life sucking bitch from which there is no escape.",helene,community_discussion,
loam4k3,t3_1fmdgfk,t3_1fmdgfk,asheville,green_hell_awaits,1726966285,2024-09-22 00:51,2,"Publix baby, better in every way!",helene,community_discussion,
loaog37,t3_1fmdgfk,t1_loa5nyn,asheville,Short_Bed9097,1726967237,2024-09-22 01:07,1,It’s sort of stunning how Trumpers will buy into the most outlandish conspiracy theories while simultaneously rejecting the most reasonable of obvious facts. Whatever supports what you want to believe I guess.,helene,community_discussion,
loasldp,t3_1fmdgfk,t3_1fmdgfk,asheville,sabotabo,1726968966,2024-09-22 01:36,3,now try it with an extracare card.,helene,community_discussion,
loasqci,t3_1fmdgfk,t1_lo9tyry,asheville,sabotabo,1726969024,2024-09-22 01:37,1,"which one?


*laugh track*",helene,community_discussion,
loassk8,t3_1fmdgfk,t3_1fmdgfk,asheville,koliberry,1726969050,2024-09-22 01:37,-1,So you shop at both and still complain.  Skip them and be free. Lots of options around town.,helene,community_discussion,
lob0esl,t3_1fmdgfk,t3_1fmdgfk,asheville,NoEscape4U,1726972311,2024-09-22 02:31,5,Ingles is a terrible business with a terrible CEO.,helene,community_discussion,
lob9s6g,t3_1fmdgfk,t3_1fmdgfk,asheville,auau_gold_scoffs,1726976588,2024-09-22 03:43,3,i think it’s money laundering shenanigans with receipt paper but i’m new to town so.,helene,community_discussion,
lobb47n,t3_1fmdgfk,t1_lo9xipg,asheville,nsxplore,1726977235,2024-09-22 03:53,3,You can just get a card and put a random phone #,helene,community_discussion,
lobd6m9,t3_1fmdgfk,t3_1fmdgfk,asheville,kissmaryjane,1726978294,2024-09-22 04:11,1,"Every time the self checkout machine prints one out , I stare at it and think “I ain’t grabbing allat “ before leaving",helene,community_discussion,
lobd9us,t3_1fmdgfk,t1_lo9xipg,asheville,kissmaryjane,1726978342,2024-09-22 04:12,7,Excuse me sir every time I go to ingles and scan my tracking card it knocks many dollars off the price,helene,community_discussion,
lobdbmn,t3_1fmdgfk,t3_1fmdgfk,asheville,kissmaryjane,1726978369,2024-09-22 04:12,-1,U shokld cleanr ur xsr,helene,community_discussion,
lobk0p2,t3_1fmdgfk,t3_1fmdgfk,asheville,demonslayercorpp,1726982069,2024-09-22 05:14,4,"I really want to ruin ingles but I don’t know how. I hate walking in there, sucks the life out of me.",helene,community_discussion,
lobqida,t3_1fmdgfk,t1_lobd9us,asheville,MazdaRanger,1726986055,2024-09-22 06:20,5,"Ingles rewards is a predatory sales tactic to overcharge groceries for those who don't have a rewards card and make people think they are getting a good deal by lowering the prices to a normal level with a rewards card.

I do hear the fuel rewards aint bad...BUT ALL THE HOMIES HATE BOB",helene,community_discussion,
lobqpks,t3_1fmdgfk,t1_lo9uerv,asheville,MazdaRanger,1726986186,2024-09-22 06:23,1,Bob robs,helene,community_discussion,
lobqttw,t3_1fmdgfk,t1_lob0esl,asheville,MazdaRanger,1726986263,2024-09-22 06:24,1,BOB ROBS,helene,community_discussion,
loceg7a,t3_1fmdgfk,t1_lo9xipg,asheville,Gabelschwanzteufel,1727002317,2024-09-22 10:51,1,How do they benefit from tracking by purchases?,helene,community_discussion,
locxpi4,t3_1fmdgfk,t1_loasldp,asheville,Dragon_Flow,1727011881,2024-09-22 13:31,3,Exactly. CVS receipt is much longer.,helene,community_discussion,
locxsgv,t3_1fmdgfk,t3_1fmdgfk,asheville,Dragon_Flow,1727011913,2024-09-22 13:31,1,* NOT,helene,community_discussion,
lodfdbz,t3_1fmdgfk,t1_lobqida,asheville,seakinghardcore,1727018200,2024-09-22 15:16,2,HT does it too,helene,community_discussion,
loe489p,t3_1fmdgfk,t3_1fmdgfk,asheville,Intrepid_Table_8593,1727025850,2024-09-22 17:24,2,"Nah, CVS also gives you like 6 coupon receipts for things you’ll never buy and 1 that you can but the window is 3 hours next Tuesday when you’re at work.",helene,community_discussion,
loek8r0,t3_1fmdgfk,t1_loa9hfe,asheville,No-Survey5277,1727030578,2024-09-22 18:42,2,"No shit, Bob is living rent free in the heads of so many people.",helene,community_discussion,
loa0fax,t3_1fmea1w,t3_1fmea1w,asheville,8-BitFrankenstein,1726957695,2024-09-21 22:28,3,"""Why is a highly desirable climate change haven with a limited supply of homes and an excessive influx of wealth and population so expensive for home buyers?""",helene,community_discussion,
loa0w9w,t3_1fmea1w,t1_loa0fax,asheville,Anoceto,1726957872,2024-09-21 22:31,4,"I completely understand why it’s “expensive” to live here, but why is it so much cheaper to rent than buy? Usually it’s a little more even, or the cost of renting is a lot higher than buying.",helene,community_discussion,
loa110f,t3_1fmea1w,t3_1fmea1w,asheville,clementine-sunrise,1726957922,2024-09-21 22:32,1,"Asheville is a highly desirable place to live, with very little houses being available to buy (which is a nationwide issue really).  This is why homes are priced so high above market value right now.",helene,community_discussion,
loa1d7f,t3_1fmea1w,t3_1fmea1w,asheville,EgregiousPhilbin69,1726958049,2024-09-21 22:34,1,"We moved from our Asheville apartment and bought a house in Alexander earlier this year. Our realtor said at the time we were buying the local market was relatively slow, due to it being winter and interest rates. However, I guess Asheville is one of the few markets in the US that is kind of a perpetual bubble, and they thought once interest rates start coming down the market would heat up quickly. Who knows what impact the recent 0.5% rate cut will have, but based on everything I’m seeing, I wouldn’t be surprised if home prices take another jump up by next Summer",helene,community_discussion,
loa1f8t,t3_1fmea1w,t1_loa110f,asheville,Anoceto,1726958069,2024-09-21 22:34,-1,"Are landlords just more generous here? Or are sellers asking too much? Usually renting a home is a lot more expensive than buying a home. So I’m wondering if this is indicative of rentals being undervalued, or home prices being over valued.",helene,community_discussion,
loa1rnl,t3_1fmea1w,t1_loa110f,asheville,mistermalc,1726958200,2024-09-21 22:36,1,"Thanks, corporate landlords who buy up homes!",helene,community_discussion,
loa1uk1,t3_1fmea1w,t1_loa0w9w,asheville,snotboogie,1726958231,2024-09-21 22:37,-1,"See above.  Many markets have cheaper home prices with oversupply in the market.  Asheville is a TOP 10 city to move to.  Rental prices are capped by local income and not driven up by the out of town wealth buying homes in the area .  The rental market price is defined by a whole other set of factors than than real estate market.  

There is also a lot of local government incentives for building cheaper affordable rentals in the area.",helene,community_discussion,
loa1xjj,t3_1fmea1w,t1_loa1d7f,asheville,Anoceto,1726958261,2024-09-21 22:37,0,"Yeah that’s what I’m thinking too! On the graph it looks like winter is the best time to buy, but timing the market is so impossible especially now.",helene,community_discussion,
loa2izx,t3_1fmea1w,t1_loa1uk1,asheville,Anoceto,1726958480,2024-09-21 22:41,0,"That’s what I was thinking. The only people buying must be from out of town, because otherwise it doesn’t make sense. The market is so lopsided.",helene,community_discussion,
loa2o30,t3_1fmea1w,t3_1fmea1w,asheville,asheville-ModTeam,1726958532,2024-09-21 22:42,1,"We are removing this post because you're asking about moving to or visiting Asheville. We have a dedicated, weekly pinned thread for all visiting/moving questions. This thread resets every Monday morning. Please feel free to repost your question there!

If you can't find the pinned thread, try clicking on r/asheville and then sorting the list by 'Hot'. The pinned thread will be the first topic! If on the app, it may be under a hidden dropdown menu.

(Note that all visiting/moving inquiries posted outside the pinned thread will be removed **even if you live here and are asking for a friend/relative**)",helene,community_discussion,
loa3bts,t3_1fmea1w,t1_loa1xjj,asheville,EgregiousPhilbin69,1726958775,2024-09-21 22:46,1,"Timing is tough! Winter was great for us. In winter it’s generally a less competitive buying environment, but there’s also less inventory. We got lucky and found the perfect place for us",helene,community_discussion,
loa3p57,t3_1fmea1w,t1_loa2izx,asheville,snotboogie,1726958915,2024-09-21 22:48,1,"The market is the market.  I am lucky to live in a downtown neighborhood, the two houses near me that sold this year were to California transplants.  Under 30.  My house has more than doubled in value over the last 5 years .  Idk.  

I could never buy my house again .",helene,community_discussion,
loa5fg7,t3_1fmea1w,t1_loa0w9w,asheville,8-BitFrankenstein,1726959582,2024-09-21 22:59,-1,"> I completely understand why it’s “expensive” to live here  
  
Oh, good. It's obvious.  
  
>but why is it so much cheaper to rent than buy  
  
So, you don't really get it. They're building apartments and you can cram a lot of apartments on a lot that would fit one house.  
  
Space is limited; demand is high.",helene,community_discussion,
loa6vmp,t3_1fmea1w,t1_loa5fg7,asheville,Anoceto,1726960145,2024-09-21 23:09,3,"Okay snotty pants. I rent a house, not an apartment. It won’t last forever this way. Rentals will go up or home prices will come down… we’ll see what happens. Ever had a conversation? Human interaction seems new to you. Give it a try sometime. 😙",helene,community_discussion,
loaco7b,t3_1fmea1w,t1_loa6vmp,asheville,firecrackerboom,1726962439,2024-09-21 23:47,1,Look in Madison county. Way cheaper. Get in before it’s the next S. Avl,helene,community_discussion,
load6so,t3_1fmea1w,t1_loa110f,asheville,purrmutations,1726962647,2024-09-21 23:50,2,You'd think that would make rent equally as high % wise.,helene,community_discussion,
loahgce,t3_1fmea1w,t1_loa6vmp,asheville,8-BitFrankenstein,1726964369,2024-09-22 00:19,1,I do appreciate the reminder as to why I avoid neurotypicals; you lot can be insufferable asking questions you don't want the answer to.,helene,community_discussion,
loahmdt,t3_1fmea1w,t1_loahgce,asheville,Anoceto,1726964437,2024-09-22 00:20,1,"I’m autistic, somehow I learned not to be a jerk 🥰",helene,community_discussion,
loahp86,t3_1fmea1w,t1_loahmdt,asheville,8-BitFrankenstein,1726964471,2024-09-22 00:21,1,">Okay snotty pants. I rent a house, not an apartment. It won’t last forever this way. Rentals will go up or home prices will come down… we’ll see what happens. Ever had a conversation? Human interaction seems new to you. Give it a try sometime. 😙  
  
Would you consider this communication not being a jerk?",helene,community_discussion,
loaio72,t3_1fmea1w,t1_loahp86,asheville,Anoceto,1726964873,2024-09-22 00:27,1,It’s not that serious stop being so snotty,helene,community_discussion,
loakutm,t3_1fmea1w,t1_loaio72,asheville,8-BitFrankenstein,1726965761,2024-09-22 00:42,1,"

    That didn't happen.

    And if it did, it wasn't that bad.

    And if it was, that's not a big deal.

    And if it is, that's not my fault.

    And if it was, I didn't mean it.

    And if I did...

    You deserved it.",helene,community_discussion,
locpmif,t3_1fmea1w,t1_loahgce,asheville,asheville-ModTeam,1727008373,2024-09-22 12:32,1,"We are removing your post/comment due to hate speech or insults. This includes but is not limited to:

- Demeaning or inflammatory language directed at other users.

Please see our full rules page for the specifics.
https://www.reddit.com/r/asheville/about/rules/",helene,community_discussion,
locpnmf,t3_1fmea1w,t1_loa6vmp,asheville,asheville-ModTeam,1727008388,2024-09-22 12:33,1,"We are removing your post/comment due to hate speech or insults. This includes but is not limited to:

- Calls to physical violence or cyberbullying against another person or organization.
- Suicidal posts.
- Text that expresses prejudice against a particular group, especially on the basis of race, religion, sexual orientation, gender, or abilities.
- Demeaning or inflammatory language directed at other users.

Please see our full rules page for the specifics.
https://www.reddit.com/r/asheville/about/rules/",helene,community_discussion,
locpqmc,t3_1fmea1w,t1_loakutm,asheville,asheville-ModTeam,1727008427,2024-09-22 12:33,1,"We are removing your post/comment due to hate speech or insults. This includes but is not limited to:

- Calls to physical violence or cyberbullying against another person or organization.
- Suicidal posts.
- Text that expresses prejudice against a particular group, especially on the basis of race, religion, sexual orientation, gender, or abilities.
- Demeaning or inflammatory language directed at other users.

Please see our full rules page for the specifics.
https://www.reddit.com/r/asheville/about/rules/",helene,community_discussion,
loa6203,t3_1fmeo1t,t3_1fmeo1t,asheville,Remarkable-Owl2034,1726959824,2024-09-21 23:03,8,smiley's flea market,helene,community_discussion,
loa6wqc,t3_1fmeo1t,t1_loa6203,asheville,snotboogie,1726960156,2024-09-21 23:09,2,Farmers markets are the only pop sale location I can think of downtown,helene,community_discussion,
loai8s7,t3_1fmeo1t,t3_1fmeo1t,asheville,Jumpy_Marketing9093,1726964696,2024-09-22 00:24,3,Downtown post office parking lot.,helene,community_discussion,
loam7cx,t3_1fmeo1t,t1_loai8s7,asheville,lightning_whirler,1726966316,2024-09-22 00:51,0,Depends on what you're selling.,helene,community_discussion,
lodduqg,t3_1fmeo1t,t3_1fmeo1t,asheville,calvinquisition,1727017688,2024-09-22 15:08,5,"Fleetwoods, Haywood County Club and The Odd all have weekly/monthly pop-up markets for venders. As well there is a weekly farmers market on Tuesdays in the parking lot of the (presbyterian?) church in West Asheville. They used to also set up at Cascades, but it has changed ownership (its now Day Trip) so not sure if the new owners are going to continue the market there.",helene,community_discussion,
loaeha5,t3_1fmgf85,t3_1fmgf85,asheville,AutoModerator,1726963163,2024-09-21 23:59,1,"Hey u/LifeOdd5781, it looks like you are trying to post an inquiry about visiting the Asheville area. Luckily, **we have a weekly thread devoted to your questions and it's stickied at the top of /r/Asheville.** Before posting in that thread, be sure to check out the [/r/Asheville FAQ for Moving](https://www.reddit.com/r/asheville/wiki/moving). You can also search the subreddit for specific visiting posts here:

[Click Me](https://www.reddit.com/r/asheville/search/?q=visit&restrict_sr=1&sr_nsfw=&include_over_18=1)

**If your post is obviously not about visiting Asheville, please hold tight and the moderators will approve it shortly.** If we haven't approved it or if the topic is time-sensitive, please [click here to send us a modmail](https://www.reddit.com/message/compose?to=%2Fr%2Fasheville) and we'll get it approved.

*I am a bot, and this action was performed automatically. Please [contact the moderators of this subreddit](/message/compose/?to=/r/asheville) if you have any questions or concerns.*",helene,community_discussion,
loamxi5,t3_1fmhcea,t3_1fmhcea,asheville,Fun_Explanation_3417,1726966611,2024-09-22 00:56,45,It’s a comedy troupe.,helene,community_discussion,
loamzal,t3_1fmhcea,t3_1fmhcea,asheville,svgklingon,1726966631,2024-09-22 00:57,11,Amazing improv troupe.,helene,community_discussion,
loaou1x,t3_1fmhcea,t3_1fmhcea,asheville,losermobile_getin,1726967399,2024-09-22 01:09,4,It's a rebrand. Asheville Pizza and Baby Company.,helene,community_discussion,
loaqdpa,t3_1fmhcea,t3_1fmhcea,asheville,frenchtoastkid,1726968035,2024-09-22 01:20,1,"If they do, so what?",helene,community_discussion,
loaqgbs,t3_1fmhcea,t3_1fmhcea,asheville,Diligent-Bug-552,1726968066,2024-09-22 01:21,1,"Reminded me of Fat Bastard from Austin Powers (“Mmmmmm, babyyyyy”)",helene,community_discussion,
loaqzu5,t3_1fmhcea,t3_1fmhcea,asheville,ceilingfansuperpower,1726968293,2024-09-22 01:24,7,"Only on Sundays, buffet style",helene,community_discussion,
loarcwv,t3_1fmhcea,t3_1fmhcea,asheville,Petorian343,1726968443,2024-09-22 01:27,5,"Hey, that’s my old theatre teacher’s improv troupe!",helene,community_discussion,
loasztx,t3_1fmhcea,t3_1fmhcea,asheville,goldbman,1726969136,2024-09-22 01:38,26,"Honestly though if the buffet is really back, this is pretty fucking awesome news",helene,community_discussion,
loav5kp,t3_1fmhcea,t3_1fmhcea,asheville,Intrepid-Anxiety1852,1726970057,2024-09-22 01:54,3,Pizzagate,helene,community_discussion,
loaw4ie,t3_1fmhcea,t3_1fmhcea,asheville,Character_Guava_5299,1726970468,2024-09-22 02:01,20,This is misleading and an outright lie! The babies are way overpriced and there’s a bunch of hidden fees and paperwork they make you fill out before you scribble leave with a baby.,helene,community_discussion,
loawp6l,t3_1fmhcea,t1_loamxi5,asheville,Burrito_Goddess,1726970714,2024-09-22 02:05,10,Oooooh that makes waaay more sense!,helene,community_discussion,
loaya0u,t3_1fmhcea,t1_loarcwv,asheville,SunRa73,1726971384,2024-09-22 02:16,6,Hell yeah fellow art space kid,helene,community_discussion,
loayyjx,t3_1fmhcea,t3_1fmhcea,asheville,NoEscape4U,1726971676,2024-09-22 02:21,3,Always wanted a reasonably priced one!,helene,community_discussion,
lob12x8,t3_1fmhcea,t3_1fmhcea,asheville,kaimidoyouloveme,1726972603,2024-09-22 02:36,4,"Common mistake, it’s actually rabies",helene,community_discussion,
lob1paz,t3_1fmhcea,t1_loasztx,asheville,mattnotgeorge,1726972876,2024-09-22 02:41,34,"""BUFFET IS BACK"" is the name of a local improv troupe, sadly.",helene,community_discussion,
lob4ecw,t3_1fmhcea,t3_1fmhcea,asheville,Critical-Lifeguard94,1726974075,2024-09-22 03:01,-7,Weird… figured they’d have been aborted considering they’re obviously “bargain bin”,helene,community_discussion,
lob8mvx,t3_1fmhcea,t1_loaqgbs,asheville,Kolslaw77,1726976033,2024-09-22 03:33,2,It’s what’s for dinner,helene,community_discussion,
loba21i,t3_1fmhcea,t3_1fmhcea,asheville,so-pitted-wabam,1726976723,2024-09-22 03:45,3,"They had to relocate this whole situation out of DC after pizzagate got exposed. Now it’s pizza baby gate I think technically? 

Pretty messed up if u ask me 🧐🧐",helene,community_discussion,
lobaqcf,t3_1fmhcea,t3_1fmhcea,asheville,JoyfulWarrior2019,1726977050,2024-09-22 03:50,2,Very funny improv group!,helene,community_discussion,
lobd2fp,t3_1fmhcea,t1_lob1paz,asheville,Impossible-Library32,1726978234,2024-09-22 04:10,12,Underrated joke,helene,community_discussion,
lobig2f,t3_1fmhcea,t1_loasztx,asheville,Sorenroy,1726981155,2024-09-22 04:59,11,"It is and it's $10. Plus they give you a punch card that makes the tenth time you go free. So effectively a $9.00 all you can eat lunch buffet of nachos and fresh, hot pizza.",helene,community_discussion,
lobni3q,t3_1fmhcea,t3_1fmhcea,asheville,asdcatmama,1726984148,2024-09-22 05:49,1,Will you grab a baby for me? I can Venmo you the reasonable price.,helene,community_discussion,
loc0lbp,t3_1fmhcea,t3_1fmhcea,asheville,shrimp-and-potatoes,1726992809,2024-09-22 08:13,8,"Babies are not reasonably priced.

I repeat. They are NOT REASONABLY PRICED.

Use protection. Wrap it, zap it, twist it, tie it, snip it, insert it, swallow it, do whatever it takes.

https://preview.redd.it/0y8nfweakbqd1.jpeg?width=600&format=pjpg&auto=webp&s=ea7354815a52741ad00e1a310a0dfa4b85cc1607",helene,community_discussion,
loc5gb7,t3_1fmhcea,t1_loba21i,asheville,Wudrow,1726996171,2024-09-22 09:09,5,Still no basement though.,helene,community_discussion,
locenwu,t3_1fmhcea,t3_1fmhcea,asheville,dayuseful00,1727002453,2024-09-22 10:54,0,"Haha, I think there might have been a mix-up! I'm pretty sure Asheville Pizza Co has reasonably priced pizzas, not babies! But hey, at least you won't go hungry while you're there!",helene,community_discussion,
lochcm7,t3_1fmhcea,t1_lobig2f,asheville,Redbullbundy,1727004070,2024-09-22 11:21,3,They still do this?  Know where I am eating next week.,helene,community_discussion,
lockxib,t3_1fmhcea,t3_1fmhcea,asheville,Catharpin363,1727006044,2024-09-22 11:54,1,It’s about time. This damn economy…,helene,community_discussion,
lod5cc5,t3_1fmhcea,t1_lochcm7,asheville,LyndonsBigJohnson69,1727014696,2024-09-22 14:18,1,Holy shit me too,helene,community_discussion,
lod5gl8,t3_1fmhcea,t3_1fmhcea,asheville,gonnafaceit2022,1727014741,2024-09-22 14:19,5,Ugh I don't want them even if they're free,helene,community_discussion,
lod5mwm,t3_1fmhcea,t1_lob12x8,asheville,gonnafaceit2022,1727014805,2024-09-22 14:20,2,Rabies should be free.,helene,community_discussion,
lod8oar,t3_1fmhcea,t3_1fmhcea,asheville,Single_Huckleberry40,1727015903,2024-09-22 14:38,1,I am going to Ashebville Sat the 28th to a disco party at the Orange Peel maybe i have me some pizza.,helene,community_discussion,
lodo3sy,t3_1fmhcea,t1_loaw4ie,asheville,thekrawdiddy,1727020996,2024-09-22 16:03,6,"Exactly! And mine only lasted around a year, and now it’s not even a baby anymore, it’s just a plain old person. I took it back, but manager said it was no longer under warranty.",helene,community_discussion,
lodqpy2,t3_1fmhcea,t1_loaw4ie,asheville,rtoyraven,1727021813,2024-09-22 16:16,3,It's always the fine print that gets you.,helene,community_discussion,
lodsd04,t3_1fmhcea,t1_lodo3sy,asheville,Character_Guava_5299,1727022301,2024-09-22 16:25,3,I’ve reported them to the BBB😎,helene,community_discussion,
loeitia,t3_1fmhcea,t3_1fmhcea,asheville,Low-Tumbleweed-5793,1727030136,2024-09-22 18:35,1,The Merrimon Twin offers buy one get one free babies! 😜,helene,community_discussion,
loejz3f,t3_1fmhcea,t1_loawp6l,asheville,sleepy_xia,1727030496,2024-09-22 18:41,2,they’re fucking with you,helene,community_discussion,
lofusqt,t3_1fmhcea,t3_1fmhcea,asheville,Roscoe_Farang,1727045427,2024-09-22 22:50,1,Goddamn I miss the brew 'n view.,helene,community_discussion,
lob70vp,t3_1fmjyc9,t3_1fmjyc9,asheville,asheville-ModTeam,1726975279,2024-09-22 03:21,1,"We are removing this post because you're asking about moving to or visiting Asheville. We have a dedicated, weekly pinned thread for all visiting/moving questions. This thread resets every Monday morning. Please feel free to repost your question there!

If you can't find the pinned thread, try clicking on r/asheville and then sorting the list by 'Hot'. The pinned thread will be the first topic! If on the app, it may be under a hidden dropdown menu.

(Note that all visiting/moving inquiries posted outside the pinned thread will be removed **even if you live here and are asking for a friend/relative**)",helene,community_discussion,
lobazzj,t3_1fmkids,t3_1fmkids,asheville,AutoModerator,1726977179,2024-09-22 03:52,1,"Hey u/Pitiful_Interview_82, it looks like you are trying to post an inquiry about visiting the Asheville area. Luckily, **we have a weekly thread devoted to your questions and it's stickied at the top of /r/Asheville.** Before posting in that thread, be sure to check out the [/r/Asheville FAQ for Moving](https://www.reddit.com/r/asheville/wiki/moving). You can also search the subreddit for specific visiting posts here:

[Click Me](https://www.reddit.com/r/asheville/search/?q=visit&restrict_sr=1&sr_nsfw=&include_over_18=1)

**If your post is obviously not about visiting Asheville, please hold tight and the moderators will approve it shortly.** If we haven't approved it or if the topic is time-sensitive, please [click here to send us a modmail](https://www.reddit.com/message/compose?to=%2Fr%2Fasheville) and we'll get it approved.

*I am a bot, and this action was performed automatically. Please [contact the moderators of this subreddit](/message/compose/?to=/r/asheville) if you have any questions or concerns.*",helene,community_discussion,
locsgy5,t3_1fmsgp8,t3_1fmsgp8,asheville,KitKatAttackHiss,1727009673,2024-09-22 12:54,47,Not really,helene,community_discussion,
loct3cy,t3_1fmsgp8,t3_1fmsgp8,asheville,Tough_Difference_111,1727009945,2024-09-22 12:59,20,Unfortunately not.  I have the book Every Grain of Rice for Chinese food cravings in our home.,helene,community_discussion,
loctjvi,t3_1fmsgp8,t3_1fmsgp8,asheville,goldbman,1727010142,2024-09-22 13:02,-7,"Nope, try Cary and Morrisville",helene,community_discussion,
locudqy,t3_1fmsgp8,t3_1fmsgp8,asheville,snotboogie,1727010499,2024-09-22 13:08,5,"I think of gan shan west Asheville Chinese takeout , and they are pretty good.",helene,community_discussion,
locuh9a,t3_1fmsgp8,t3_1fmsgp8,asheville,azulun,1727010541,2024-09-22 13:09,4,"Not the answer you’re looking for, but Asia Pacific is the best Chinese around and you’ll see people post about making trips there. It’s in Greenville.",helene,community_discussion,
locum1h,t3_1fmsgp8,t3_1fmsgp8,asheville,JewstarGames,1727010598,2024-09-22 13:09,14,"Oriental pavilion is a god send. I wouldn't call it good chinese, but it is certainly great",helene,community_discussion,
locup24,t3_1fmsgp8,t1_loctjvi,asheville,azulun,1727010634,2024-09-22 13:10,8,"You can be in Duluth, GA (Asian food central for the Atlanta metro area) in less than it takes to get to Morrisville. No reason to go that far",helene,community_discussion,
locupoh,t3_1fmsgp8,t3_1fmsgp8,asheville,zethren117,1727010640,2024-09-22 13:10,27,New 1 China in West Asheville off of Patton is the best one that I’ve found.,helene,community_discussion,
locuwus,t3_1fmsgp8,t3_1fmsgp8,asheville,mikeorhizzae,1727010726,2024-09-22 13:12,4,Taste of china on state street.  It’s a scene but it’s awesome food and supports the business.  Without them the shopping center there would be lost.,helene,community_discussion,
locvpum,t3_1fmsgp8,t1_locup24,asheville,goldbman,1727011061,2024-09-22 13:17,-6,"3 hours versus 3.5, but then you can go hang out in Chapel Hill afterwards",helene,community_discussion,
locvrmu,t3_1fmsgp8,t3_1fmsgp8,asheville,D0RMIN,1727011082,2024-09-22 13:18,7,Ghan shan and red ginger are better than your typical Chinese restaurants in town. Perhaps shanghai dumpling downtown,helene,community_discussion,
locwd73,t3_1fmsgp8,t3_1fmsgp8,asheville,ReallySmallWeenus,1727011330,2024-09-22 13:22,11,"China Taste is the best I’ve found. The area is sketchy, but it’s what I expect from Chinese takeout.",helene,community_discussion,
locy1jq,t3_1fmsgp8,t1_locvpum,asheville,azulun,1727012014,2024-09-22 13:33,3,Is that a good thing?,helene,community_discussion,
locydl4,t3_1fmsgp8,t1_loct3cy,asheville,azulun,1727012150,2024-09-22 13:35,9,Good call. We’ve pretty much been learning to cook these dishes at home to make up for local availability. All the books by Grace Young are great too for DIY,helene,community_discussion,
locym66,t3_1fmsgp8,t3_1fmsgp8,asheville,tnydnceronthehighway,1727012244,2024-09-22 13:37,7,I like Asian Wok on Leicester hwy.  Fairly priced and tasty. New One on Patton used to be pretty good but haven't had it in a long time.,helene,community_discussion,
locysqv,t3_1fmsgp8,t1_locy1jq,asheville,goldbman,1727012315,2024-09-22 13:38,-4,Yeah if you're a dude in your 20s,helene,community_discussion,
locz0a5,t3_1fmsgp8,t1_locwd73,asheville,Mayor_of_BBQ,1727012399,2024-09-22 13:39,5,"they give you a mountain of food for cheap, but it’s flavorless and calling it mid would be a stretch",helene,community_discussion,
locz298,t3_1fmsgp8,t3_1fmsgp8,asheville,Relamun,1727012421,2024-09-22 13:40,4,Mizu Noodle & Asian Cuisine has been a good option in West Asheville.,helene,community_discussion,
locz4rb,t3_1fmsgp8,t3_1fmsgp8,asheville,mtnviewguy,1727012448,2024-09-22 13:40,13,Kin's Kitchen on Hendo is great.,helene,community_discussion,
loczf7c,t3_1fmsgp8,t3_1fmsgp8,asheville,Flexbottom,1727012563,2024-09-22 13:42,13,Pacific Pagoda,helene,community_discussion,
lod0usl,t3_1fmsgp8,t3_1fmsgp8,asheville,bmwlocoAirCooled,1727013061,2024-09-22 13:51,6,China Wok is ok.,helene,community_discussion,
lod11r5,t3_1fmsgp8,t3_1fmsgp8,asheville,Maleficent_Nerve1436,1727013123,2024-09-22 13:52,6,Nope,helene,community_discussion,
lod1466,t3_1fmsgp8,t1_locuwus,asheville,dx1nx1gx1,1727013141,2024-09-22 13:52,0,Yea...you can shoot fenny and smoke meth there too 24/7...enjoy,helene,community_discussion,
lod13ta,t3_1fmsgp8,t1_locuwus,asheville,dx1nx1gx1,1727013141,2024-09-22 13:52,-1,Yea...you can shoot fenny and smoke meth there too 24/7...enjoy,helene,community_discussion,
lod1qbc,t3_1fmsgp8,t3_1fmsgp8,asheville,Seventhson77,1727013349,2024-09-22 13:55,1,Miyako House downtown has the best General Tao’s chicken I have ever had. It’s shocking.,helene,community_discussion,
lod222c,t3_1fmsgp8,t3_1fmsgp8,asheville,LiveSticky,1727013465,2024-09-22 13:57,4,Oriental pavilion,helene,community_discussion,
lod2kaj,t3_1fmsgp8,t3_1fmsgp8,asheville,JohnnyWhiscash,1727013655,2024-09-22 14:00,14,Dragon China is where it’s at,helene,community_discussion,
lod38x1,t3_1fmsgp8,t3_1fmsgp8,asheville,ScratchyPurple,1727013912,2024-09-22 14:05,1,New China Garden in Hendersonville has the best greasy American Chinese in WNC,helene,community_discussion,
lod3dtt,t3_1fmsgp8,t3_1fmsgp8,asheville,TordSandwich,1727013963,2024-09-22 14:06,2,New One China has been my go to for 15+ years,helene,community_discussion,
lod3n86,t3_1fmsgp8,t3_1fmsgp8,asheville,DreamBigAtHome,1727014061,2024-09-22 14:07,6,"China wok, Northside gem",helene,community_discussion,
lod40f2,t3_1fmsgp8,t1_locudqy,asheville,No-Weather2486,1727014201,2024-09-22 14:10,5,The rice bowl at GSW is really good,helene,community_discussion,
lod4bb3,t3_1fmsgp8,t1_locym66,asheville,Kari3132,1727014315,2024-09-22 14:11,1,I second this!,helene,community_discussion,
lod51uh,t3_1fmsgp8,t3_1fmsgp8,asheville,holographoc,1727014589,2024-09-22 14:16,5,"None are very good. 

Red Ginger and Gan Shan are the best, but they are more upscale, not “takeout” takeout.

New 1 China is decent, same with China taste, Oriental Pavilion is fine. Scratches the itch but no great takeout spots.",helene,community_discussion,
lod6sk5,t3_1fmsgp8,t3_1fmsgp8,asheville,FirmMechanic,1727015228,2024-09-22 14:27,-8,I’m here for the hipsters that respond “no” in a pathetic attempt to sound cultured.,helene,community_discussion,
lod7ihg,t3_1fmsgp8,t3_1fmsgp8,asheville,gonnafaceit2022,1727015488,2024-09-22 14:31,2,"Not convenient but No. 1 China in Marion is the best Chinese I've had around here. Strangely, their google reviews are not quite 4 stars but it looks like people complaining about the buffet. I just get takeout.",helene,community_discussion,
lod7olu,t3_1fmsgp8,t1_locum1h,asheville,[deleted],1727015548,2024-09-22 14:32,1,[removed],helene,community_discussion,
lod8euy,t3_1fmsgp8,t1_locz4rb,asheville,General_Foundation11,1727015809,2024-09-22 14:36,3,Yessir indeed,helene,community_discussion,
lod8go1,t3_1fmsgp8,t1_locudqy,asheville,General_Foundation11,1727015827,2024-09-22 14:37,7,Overpriced at tho,helene,community_discussion,
lod9gyo,t3_1fmsgp8,t3_1fmsgp8,asheville,nazeem676,1727016185,2024-09-22 14:43,0,Panda express,helene,community_discussion,
lodbdak,t3_1fmsgp8,t1_locsgy5,asheville,Nammanow,1727016845,2024-09-22 14:54,10,"I've been very frustrated with the Chinese food in this town.  All those take-out joints are candy sweet.  Mizu could have been a solid, focused Chinese BBQ/noodle/dim sum joint, but no, they just joined the ranks of mediocre pan-Asian with cookie cutter menus. 

What is really missing that would go over extremely well here is a Chinese vegetarian spot. That has a deep tradition that, if done right, would explode in this town and still keep the meat-eaters coming back for more.",helene,community_discussion,
lodcn5c,t3_1fmsgp8,t1_lod8go1,asheville,snotboogie,1727017276,2024-09-22 15:01,3,"I mean , idk.  It's more than standard Chinese takeout, but it's much better ingredients and food m",helene,community_discussion,
lodd5cj,t3_1fmsgp8,t1_lod40f2,asheville,snotboogie,1727017446,2024-09-22 15:04,3,The GSW bowl is my go too.  I also like the kung Pao chicken cause they use the weird pepper that makes your tongue tingle .,helene,community_discussion,
loddnu7,t3_1fmsgp8,t3_1fmsgp8,asheville,seakinghardcore,1727017622,2024-09-22 15:07,1,Nope,helene,community_discussion,
loddzfa,t3_1fmsgp8,t1_lod6sk5,asheville,seakinghardcore,1727017732,2024-09-22 15:08,8,I'm here because you couldn't even name a good Chinese place in town,helene,community_discussion,
lodecdy,t3_1fmsgp8,t1_lod2kaj,asheville,jblack6527,1727017852,2024-09-22 15:10,2,Dragon China is my favorite take out place.,helene,community_discussion,
lodei72,t3_1fmsgp8,t1_lod6sk5,asheville,Realistic_Ear_9378,1727017906,2024-09-22 15:11,7,"What's your recommendation for a quality Chinese takeout place in Asheville?  Because that's a weird comment to make while not making a single suggestion.

You should travel more.",helene,community_discussion,
lodo0jw,t3_1fmsgp8,t3_1fmsgp8,asheville,Fluid_Stick69,1727020966,2024-09-22 16:02,1,Seven Asians in Waynesville is a cool joint. Not gonna blow your mind but the price is right.,helene,community_discussion,
lodojok,t3_1fmsgp8,t3_1fmsgp8,asheville,Latter_Street1059,1727021136,2024-09-22 16:05,2,Literally none,helene,community_discussion,
lodq2vt,t3_1fmsgp8,t1_locum1h,asheville,mr_remy,1727021615,2024-09-22 16:13,2,"Was looking for this one. Moderately good Chinese takeout at a good price and quick. I’m a sucker for their pork fried rice, they actually use decent size juicy pieces.",helene,community_discussion,
lodqp9x,t3_1fmsgp8,t1_lodcn5c,asheville,General_Foundation11,1727021807,2024-09-22 16:16,1,They use Sysco. It’s the same quality. Just a better chef and know they can overcharge based on location,helene,community_discussion,
lodubhu,t3_1fmsgp8,t3_1fmsgp8,asheville,beywatch,1727022853,2024-09-22 16:34,2,oriental pavilion & udon sushi & noodle if you looking for classic takeout,helene,community_discussion,
lodufgk,t3_1fmsgp8,t1_locuwus,asheville,chubby_fiasco,1727022883,2024-09-22 16:34,-1,"China Taste is great.  Basic, cheap, takeout.  Yeah, you are gonna see poor people, ya fuckin' snobs",helene,community_discussion,
loe0q0e,t3_1fmsgp8,t1_locvrmu,asheville,that_pizza_boi,1727024802,2024-09-22 17:06,-2,People sleep on Gan Shan.,helene,community_discussion,
loe1xxa,t3_1fmsgp8,t3_1fmsgp8,asheville,Chodedingers-Cancer,1727025167,2024-09-22 17:12,1,"No. If theyre passing off yellow rice as fried rice its usually telling everything else is garbage too. Most here do this. The few I've tried that don't use yellow rice still suck. The odd thing is city to city, usually recipes are pretty similar to each other within a town. I've never had chinese food that had a mustard flavor present elsewhere. Here its like the standard. Its like 1 spot just gave their recipes to the rest of the takeout spots in town.",helene,community_discussion,
loe7urm,t3_1fmsgp8,t1_locz298,asheville,RocketAlana,1727026893,2024-09-22 17:41,2,"Mizu has a massive menu and it’s all reasonably priced. I’ve always been pleased with getting takeout there, doubly so for the price.",helene,community_discussion,
loehybt,t3_1fmsgp8,t1_lod9gyo,asheville,Brazwell26,1727029867,2024-09-22 18:31,1,"I honestly concur. It's all bad, may as well hit Panda Express",helene,community_discussion,
loeiiti,t3_1fmsgp8,t1_loehybt,asheville,nazeem676,1727030044,2024-09-22 18:34,1,"Exactly, panda express is consistently average, better than wondering if you've wasted your money ordering from somewhere else lol",helene,community_discussion,
loeijah,t3_1fmsgp8,t1_lod0usl,asheville,Low-Tumbleweed-5793,1727030048,2024-09-22 18:34,-4,That place is _terrible_.,helene,community_discussion,
loeimx3,t3_1fmsgp8,t1_lod3n86,asheville,Low-Tumbleweed-5793,1727030079,2024-09-22 18:34,-2,🤮,helene,community_discussion,
loejmm9,t3_1fmsgp8,t1_locupoh,asheville,Yeezy4President2020,1727030388,2024-09-22 18:39,2,Yeah this is my go to,helene,community_discussion,
loeor2p,t3_1fmsgp8,t3_1fmsgp8,asheville,fancycar123,1727031929,2024-09-22 19:05,1,This question gets asked like once a week. New 1 China and China Taste are your best options.,helene,community_discussion,
loetsu6,t3_1fmsgp8,t1_loct3cy,asheville,felixj,1727033438,2024-09-22 19:30,1,Thanks for the book suggestion! Any favorite recipes from it you recommend?,helene,community_discussion,
loettkw,t3_1fmsgp8,t1_loeimx3,asheville,DreamBigAtHome,1727033444,2024-09-22 19:30,1,Oh no! Seriously where else would you suggest for the north end? I've named chickens after their dishes,helene,community_discussion,
loeukc4,t3_1fmsgp8,t1_locwd73,asheville,vaguely_literate,1727033670,2024-09-22 19:34,2,Agreed on all counts.,helene,community_discussion,
loev4vs,t3_1fmsgp8,t1_loettkw,asheville,Low-Tumbleweed-5793,1727033840,2024-09-22 19:37,-1,There is no good American Chinese on the north side.,helene,community_discussion,
loeyi5f,t3_1fmsgp8,t1_loetsu6,asheville,Tough_Difference_111,1727034846,2024-09-22 19:54,2,"Not at home rn but there’s a smashed cucumber app that’s delicious, green beans in garlic and an eggplant dish in fish sauce I like. 

Also if you love to cook and want another great and flavorful recco (Indian and not Chinese), Madhur Jaffrey’s squid curry recipe is amazing.",helene,community_discussion,
loeyp94,t3_1fmsgp8,t3_1fmsgp8,asheville,Grape-Hubba-Bubba,1727034906,2024-09-22 19:55,2,No,helene,community_discussion,
lofkmkb,t3_1fmsgp8,t1_locuh9a,asheville,cubert73,1727041859,2024-09-22 21:50,2,I was there a few days ago while making a Costco run. It's so good and the portions are HUGE! They'll also go off menu if they have the ingredients. There are a couple of things I used to get at Canton House in Atlanta that I'll ask for at Asia Pacific and they make it for me.,helene,community_discussion,
lofo6f0,t3_1fmsgp8,t1_lod40f2,asheville,Eye_on_the_prize,1727043102,2024-09-22 22:11,1,Love it.,helene,community_discussion,
lofv03w,t3_1fmsgp8,t3_1fmsgp8,asheville,TrailMisadventure,1727045500,2024-09-22 22:51,2,Chen Garden on Long Shoals… delicious!!,helene,community_discussion,
lofwiqb,t3_1fmsgp8,t3_1fmsgp8,asheville,all-up-in-yo-dirt,1727046036,2024-09-22 23:00,3,"Little tokyo, burnsville",helene,community_discussion,
locz0nr,t3_1fmsx7j,t3_1fmsx7j,asheville,asheville-ModTeam,1727012404,2024-09-22 13:40,1,"We are removing your post/comment due to irrelevant content. This includes but is not limited to content which does not or is not centered around, located from, or make more than passing reference to Asheville, North Carolina, or areas in its vicinity.

Feel free to repost this content in the pinned free talk thread! Sort r/asheville by hot and it should be the second topic.

Please see our full rules page for the specifics. https://www.reddit.com/r/asheville/about/rules/",helene,community_discussion,
lod2c60,t3_1fmtdcu,t3_1fmtdcu,asheville,thecodebenders,1727013571,2024-09-22 13:59,70,"I'm looking forward to seeing what offices Jackson runs for in the future, but Josh Stein is the one running against Robinson. That does kinda prove the point of the meme I guess. ",helene,community_discussion,
lod4h45,t3_1fmtdcu,t3_1fmtdcu,asheville,MtnMaiden,1727014375,2024-09-22 14:12,-45,They're both the same ?,helene,community_discussion,
lod4pm3,t3_1fmtdcu,t3_1fmtdcu,asheville,shupack,1727014463,2024-09-22 14:14,41,"I'm independent,  dislike R and D about equally. 


I LIKE JJ.",helene,community_discussion,
lod6kuh,t3_1fmtdcu,t1_lod4h45,asheville,atreeindisguise,1727015149,2024-09-22 14:25,27,"Please, pay attention and participate. I understand the complacency. I dislike both parties myself and being herded in a direction, but clearly at this point, we need to all be playing. Support the normalcy if not providing a new option, at the very least.",helene,community_discussion,
lod6xsn,t3_1fmtdcu,t1_lod2c60,asheville,SweetOsmanthus,1727015280,2024-09-22 14:28,8,Yeah had to do a double take haha,helene,community_discussion,
lod7hu1,t3_1fmtdcu,t1_lod6kuh,asheville,rennat19,1727015481,2024-09-22 14:31,-13,American normalcy has caused more harm than any other nation by miles,helene,community_discussion,
lod7py3,t3_1fmtdcu,t3_1fmtdcu,asheville,Southern-Arm-1670,1727015562,2024-09-22 14:32,193,I don't get the JJ hate.  He's not normal at all.  Most transparent politician I've ever seen.,helene,community_discussion,
lod7sqp,t3_1fmtdcu,t3_1fmtdcu,asheville,RelayFX,1727015589,2024-09-22 14:33,-27,"What this should say:

R: We’re greedy bastards who want to exploit our office to make money for ourselves. We don’t bother to even try and hide it.

D: We’re greedy bastards who want to exploit our office to make money for ourselves. But, we’re working for you to make your life better. What’s that? You say our net worth tripled in just a few years? Nah, you’re imagining things. You’re making that up. We just want to help the average American.",helene,community_discussion,
lod85hu,t3_1fmtdcu,t3_1fmtdcu,asheville,Diligent-Bug-552,1727015717,2024-09-22 14:35,90,JJ is a good guy who thinks for himself. Videos he regularly posts about “business as usual” in Congress have been really eye-opening.,helene,community_discussion,
lodahbc,t3_1fmtdcu,t1_lod7py3,asheville,Trout-Population,1727016540,2024-09-22 14:49,-37,"For the most part absolutely. He did vote to ban TikTok on the reasoning of ""I saw things that made me want to ban it no you can't see them"", though.",helene,community_discussion,
lodaoug,t3_1fmtdcu,t1_lod7py3,asheville,tnydnceronthehighway,1727016612,2024-09-22 14:50,-34,I don't hate him. He's just a pretty run of the mill Democrat. He has been good at talking to people and transparency but he doesn't have any radical ideals or anything. Also I didn't make the meme. I would have used Josh Stein,helene,community_discussion,
lodavql,t3_1fmtdcu,t3_1fmtdcu,asheville,Sendit24_7,1727016679,2024-09-22 14:51,46,You don’t gotta do Jeff Jackson like that,helene,community_discussion,
lodbdjd,t3_1fmtdcu,t3_1fmtdcu,asheville,big_actually,1727016847,2024-09-22 14:54,11,"There's a million examples, but it reminds me of Doug Jones *barely* beating Roy Moore for Alabama senator in 2017 after all the allegations against Moore.",helene,community_discussion,
lodbn15,t3_1fmtdcu,t1_lod2c60,asheville,whereismyketamine,1727016938,2024-09-22 14:55,13,He is definitely one of the very few politicians that I would vote for in almost any role he chose to run for.,helene,community_discussion,
lodddh5,t3_1fmtdcu,t1_lod7sqp,asheville,pertinaciousglacier,1727017523,2024-09-22 15:05,17,"You're leaving out a whooooooooooooole lot from that R side, like a lack of any actual policy, shameless lying, projection, racism, sexism, authoritarianism, pedofiles, cocaine orgies, disenfranchising voters, harrassing victims fo school shootings, lunatic conspiracy theories, animal cruelty, insurrection, treason etc... Don't forget all the Republican greatest hits!",helene,community_discussion,
lodeim4,t3_1fmtdcu,t1_lodddh5,asheville,RelayFX,1727017911,2024-09-22 15:11,-23,"Not really. I used a very inclusive statement in that regard. If they only want to do X, that means they aren’t interested in doing Y. That’s something which is pretty damn easy to infer. Just because I didn’t spell it out for those in the back doesn’t mean it’s omitted.

Like I said, they don’t even try to hide it.",helene,community_discussion,
lodexap,t3_1fmtdcu,t3_1fmtdcu,asheville,CompleteSherbert885,1727018050,2024-09-22 15:14,110,"Jeff Jackson's ""honestly what's happening"" videos have helped me to calm down in a very chaotic two years in politics. I look forward to them, my friends and family look forward to them, we discussed them, he makes sense of the nonsense. I sure hope he becomes AG of our state because we need people like this! He's got all of our votes.",helene,community_discussion,
lodfjol,t3_1fmtdcu,t1_lod6kuh,asheville,Arcanian88,1727018258,2024-09-22 15:17,-13,"“Dislike being herded in a direction” , “support the normalcy”

The irony of this as you post one candidate’s picture as a meme of a black-faced hitler. Hypocrisy at its finest ladies and gentlemen, Reddit at its normal.",helene,community_discussion,
lodfvuv,t3_1fmtdcu,t1_lodeim4,asheville,pertinaciousglacier,1727018372,2024-09-22 15:19,9,"Not really. You opened with ""What this should say:"", implying that you could get to the heart of the matter, and then you didn't.",helene,community_discussion,
lodg2jv,t3_1fmtdcu,t3_1fmtdcu,asheville,Elle_334,1727018434,2024-09-22 15:20,5,He is a good guy,helene,community_discussion,
lodg3uz,t3_1fmtdcu,t3_1fmtdcu,asheville,chrisdetrin,1727018446,2024-09-22 15:20,-26,Other way around.,helene,community_discussion,
lodgppc,t3_1fmtdcu,t1_lod4pm3,asheville,BakedMarziPamGrier,1727018651,2024-09-22 15:24,13,"I for one, am all for more research and development.",helene,community_discussion,
lodh2eh,t3_1fmtdcu,t1_lodfvuv,asheville,RelayFX,1727018768,2024-09-22 15:26,-15,"I mean, I really did. My entire point is that the majority of politicians on both sides of the aisle are in the business of maximizing their stock market returns first and running the country second. One party just doesn’t bother to hide it and the other just gaslights the population about it. I addressed that pretty definitively.",helene,community_discussion,
lodisiy,t3_1fmtdcu,t1_lodfjol,asheville,sysiphean,1727019328,2024-09-22 15:35,8,This comment might not be such a joke if the R candidate had not actually and literally called himself a black Nazi.,helene,community_discussion,
lodjxvp,t3_1fmtdcu,t1_lodaoug,asheville,kingofthen00bs,1727019697,2024-09-22 15:41,32,Do you want him to have radical ideas?,helene,community_discussion,
lodklez,t3_1fmtdcu,t1_lodahbc,asheville,RealWanheda,1727019909,2024-09-22 15:45,30,"You should see those things. You’d want to ban it too. Here’s a fun sample: TikTok uses biometric data to push you videos, via its algorithm. What is this biometric data? It is reading your micro-expressions from your face camera to determine how you react to things and push u proper things relavent to that. That’s pretty cool right? 

No, it has been “linked” (very difficult to prove these things) to suicides and eating disorders by pushing videos that it can tell will hook you for whatever reason, and because your brain really doesn’t know the difference between morbid/dark curiosity and reality, it sees what it sees and is affected either way at the subconscious level, it plants seeds that grow into disorders. First you’re interested in fitness influencer videos, then it slowly normalizes anorexic behavior, then all of a sudden these girls are giving it a go. 

It’s playing on societal pressures and planting seeds in the minds of these kids. Why? Because it’s addictive. It keeps you scrolling. Was the intention to cause eating disorders? I don’t know. 

Tik tok is very fucking innovative. My wife loves it. She was in big tech working at Microsoft for years, computer science degree, and she can’t stop talking about how amazing the algorithm is. And it’s true, it’s amazing. But it’s resulting in scary and harmful things at levels beyond insta, Twitter, Snapchat, YouTube. Way fucking beyond.",helene,community_discussion,
lodkycd,t3_1fmtdcu,t1_lod2c60,asheville,LionKiwiEagle,1727020026,2024-09-22 15:47,9,"Jeff Jackson is running to be our AG. I really hope he wins, he is a good person, we need more people like him in politics.",helene,community_discussion,
lodkyvr,t3_1fmtdcu,t1_lodg3uz,asheville,ChaosRainbow23,1727020031,2024-09-22 15:47,20,"Robinson quote literally called himself a 'black Nazi'. 

What type of mental gymnastics are you doing here?",helene,community_discussion,
lodkz7k,t3_1fmtdcu,t1_lodh2eh,asheville,pertinaciousglacier,1727020034,2024-09-22 15:47,4,"That doesn't improve upon the original statement, as you implied you could or would do. Also if your Entire Point is ""Both Sides"" and focuses exclusively on stock market returns, you really haven't addressed the broader reality or appealed to most people's desire to discuss that broader reality.",helene,community_discussion,
lodlk6e,t3_1fmtdcu,t1_lodexap,asheville,mr_remy,1727020214,2024-09-22 15:50,57,"Jeff Jackson also constantly post in North Carolina regional sub Reddit, he’s the transparency of democracy we all seek, unless you’re Republican and 1984 is your genre lol.

I’ve been saying Jeff Jackson for president (eventually) for a while",helene,community_discussion,
lodmljt,t3_1fmtdcu,t1_lodisiy,asheville,Arcanian88,1727020528,2024-09-22 15:55,-6,"https://www.reuters.com/world/us/north-carolina-republican-vows-stay-governors-race-after-calling-himself-black-2024-09-19/

CNN really has just gone full bought and paid for these days huh, or maybe always has been?",helene,community_discussion,
lodmu03,t3_1fmtdcu,t1_lod7py3,asheville,strangelystrangled,1727020598,2024-09-22 15:56,56,"He's excellent at communicating but is a standard democrat outside of that. I don't think its a bad thing, it's how you win statewide elections in North Carolina.",helene,community_discussion,
lodng6o,t3_1fmtdcu,t3_1fmtdcu,asheville,Legitimate-Blood-613,1727020784,2024-09-22 15:59,10,Of all the politicians in our country; Jeff Jackson is the best; IMO!,helene,community_discussion,
lodoesr,t3_1fmtdcu,t1_lodklez,asheville,Trout-Population,1727021093,2024-09-22 16:04,-2,"Keep in mind it isn't an outright ban, it's banning or forcing a sale. The US gov did the same thing to Grindr. It was sold, and was later caught selling it's user's data to the Catholic church.

All that shit is horrifying, and it's part of why I never have and never will download Tik Tok, but wouldn't it be better to pass a bunch of privacy and safety regulations for social media than doing this? Well, I guess COSA is their attempt at that, but a shitty one, as it would likely give us a bit of privacy and safety at the expense of massive civil liberty violations.",helene,community_discussion,
lodojbz,t3_1fmtdcu,t3_1fmtdcu,asheville,Lets_keep_It_Clean,1727021133,2024-09-22 16:05,1,Is there any down ballot race featuring a moderate Republican? I’m serious. I might vote for one or 2 if there’s a single one of integrity.,helene,community_discussion,
lodop1f,t3_1fmtdcu,t1_lod7hu1,asheville,atreeindisguise,1727021180,2024-09-22 16:06,5,I'm not advocating for all American policy. Unfortunately stuck with the basics ATM.,helene,community_discussion,
lodpqne,t3_1fmtdcu,t1_lodoesr,asheville,RealWanheda,1727021507,2024-09-22 16:11,6,"Yep. The other scary points are that China is a lot fucking worse as government than the US. I know, one way or another government has your data, but still.",helene,community_discussion,
lodpuij,t3_1fmtdcu,t1_lodfjol,asheville,atreeindisguise,1727021540,2024-09-22 16:12,1,"I do understand the irony and the consequence. I could stand by and make statements too, any suggestions beyond that?",helene,community_discussion,
lodqu56,t3_1fmtdcu,t1_lodpuij,asheville,Arcanian88,1727021850,2024-09-22 16:17,-5,Who are you even talking to? You replied to me but nothing that you wrote is an actual response.,helene,community_discussion,
lodr5yo,t3_1fmtdcu,t1_lodop1f,asheville,rennat19,1727021946,2024-09-22 16:19,0,"I feel like folks are forgetting, how important our votes are. Especially in NC. 

If we all told the dems we just need y’all to do X and we can discuss Y and Z later or something, Kamala and the dems would fall in line in a heartbeat. But because people refused to use their voting power we’re stuck in the same cycle we’ve been in for the past 40+ years (realistically longer but I digress)",helene,community_discussion,power
lodw9mr,t3_1fmtdcu,t1_lod85hu,asheville,hangdog-gigbag,1727023424,2024-09-22 16:43,42,Jeff Jackson is no normal dem. He actively cultivates transparency in the congressional process.,helene,community_discussion,
loe1po6,t3_1fmtdcu,t1_lodw9mr,asheville,Mdignan79,1727025099,2024-09-22 17:11,20,"Agreed.  I’ve been following this guy since the embarrassing bathroom bill while he was a state senator. If all things line up, he’s probably running for governor or more in 8 years. No one should take my word for it, just go look at all of the info he’s put out on various issues for the last decade.",helene,community_discussion,
loe1zwi,t3_1fmtdcu,t1_lodahbc,asheville,Mdignan79,1727025184,2024-09-22 17:13,4,"That’s not entirely fair, I’d have to imagine a lot of that stuff is confidential and illegal for him to share.  But you aren’t wrong.",helene,community_discussion,
loe3gh5,t3_1fmtdcu,t3_1fmtdcu,asheville,typoguy,1727025623,2024-09-22 17:20,8,Yeah Jeff may look whitebread but he is the real deal.,helene,community_discussion,
loebn1k,t3_1fmtdcu,t3_1fmtdcu,asheville,Significant-Drop-565,1727027983,2024-09-22 17:59,-2,"Every two party system always devolved into Hitler v Stalin, the system is just broken.",helene,community_discussion,
loed7c0,t3_1fmtdcu,t1_lodaoug,asheville,nihilistic-simulate,1727028440,2024-09-22 18:07,10,Is radical something that is universally desirable in a candidate?,helene,community_discussion,
loed89o,t3_1fmtdcu,t3_1fmtdcu,asheville,Taskr36,1727028447,2024-09-22 18:07,1,https://preview.redd.it/98hqhj69ieqd1.jpeg?width=368&format=pjpg&auto=webp&s=8690667bdb65cd85eafce9fabbcf5db222280a96,helene,community_discussion,
loehypt,t3_1fmtdcu,t3_1fmtdcu,asheville,FirmMechanic,1727029870,2024-09-22 18:31,-13,The left is desperately trying to normalize radicals like Jeff Jackson and Tampon Tim. This is a clever attempt.,helene,community_discussion,
loei2r1,t3_1fmtdcu,t1_lodmljt,asheville,sysiphean,1727029904,2024-09-22 18:31,5,"CNN brings proof (though they didn’t publish it all; others had to pick up and publish the craziest bits.) Robinson said it wasn’t true without any evidence contrary to the presented evidence. And you believe him.

I didn’t think there was anyone out there dumb enough to trust the Shaggy Defense, but here you are.",helene,community_discussion,
loei4z3,t3_1fmtdcu,t3_1fmtdcu,asheville,I_Fuck_Sharks_69,1727029923,2024-09-22 18:32,-6,🎶Everyone I don't like is literally Hitler🎶,helene,community_discussion,
loek2i9,t3_1fmtdcu,t3_1fmtdcu,asheville,Soupermans_dongle,1727030525,2024-09-22 18:42,16,Jeff Jackson is the most transparent politician I’ve ever seen. He’s far from Bland.,helene,community_discussion,
loekczp,t3_1fmtdcu,t1_lodr5yo,asheville,n0radrenaline,1727030613,2024-09-22 18:43,2,"The problem is the Dems are a coalition party. Everybody has a different X. You have to use your vote in order to have a place at the table, but it's not guaranteed that they will be able to prioritize your specific agenda immediately out of the gate (but at least they probably won't actively oppose it). There's not really a great way around this without changing the whole way voting works in the US; if everybody just fractures into their own single-issue cocoons then the conservatives win as their ""coalition"" actually has relatively few actual aims to split apart over.",helene,community_discussion,
loell9k,t3_1fmtdcu,t1_loekczp,asheville,rennat19,1727030976,2024-09-22 18:49,1,"I definitely agree that you need to vote to be at the table, which is why I do recommend folks vote, but personally because she didn’t do my bare minimum I’ll be voting for a 3rd party. Which is also a little silly because dems should try to win non voters. It’s not like non voters by and large are lazy, they just don’t see the point of lesser evil voting and still getting evil. 

Personally I’m very disheartened that so many “left” leaning folks hate minimum isn’t stop supporting genocide, but I can’t say I’m surprised",helene,community_discussion,
loemdj9,t3_1fmtdcu,t3_1fmtdcu,asheville,Comprehensive-Leg899,1727031214,2024-09-22 18:53,1,The mental health of you people is embarrassing,helene,community_discussion,
loerlsf,t3_1fmtdcu,t3_1fmtdcu,asheville,captliberty,1727032779,2024-09-22 19:19,1,"Every post on this sub is political.  Breweries, delta nines, trustafarians and activism...come on Asheville.",helene,community_discussion,
loet1px,t3_1fmtdcu,t1_lodklez,asheville,kimness1982,1727033216,2024-09-22 19:26,12,"This is my take too. I work with kids, tik tok is poison. It’s actively making America stupider.",helene,community_discussion,
loeti2j,t3_1fmtdcu,t1_loet1px,asheville,RealWanheda,1727033349,2024-09-22 19:29,3,"Yep. That said, my wife has found some damn good videos on there. But we’re adults, we can handle it, it’s not gonna trick us into this shit. But kids literally are unable to handle it.",helene,community_discussion,
loetzpp,t3_1fmtdcu,t1_loeti2j,asheville,kimness1982,1727033495,2024-09-22 19:31,0,That’s exactly it! Adults have fully developed brains and have learned critical thinking skills.,helene,community_discussion,
loeu1bs,t3_1fmtdcu,t1_lodjxvp,asheville,frenchtoastkid,1727033509,2024-09-22 19:31,1,Yes,helene,community_discussion,
loeydze,t3_1fmtdcu,t1_lod7py3,asheville,Altruistic_Flower965,1727034811,2024-09-22 19:53,33,Normal is great when  running against Dan ( the bathroom bill ) Bishop.,helene,community_discussion,
loezptr,t3_1fmtdcu,t1_loed7c0,asheville,GiblertMelendezz,1727035214,2024-09-22 20:00,8,"The RADICAL left is trying to take away your guns! 

So no…depending on who you ask I guess",helene,community_discussion,
lof1224,t3_1fmtdcu,t3_1fmtdcu,asheville,twild01,1727035619,2024-09-22 20:06,0,"I wasn't aware we had a ""democratic"" party...",helene,community_discussion,
lof2cu4,t3_1fmtdcu,t3_1fmtdcu,asheville,lorumosaurus,1727036011,2024-09-22 20:13,4,"Jeff Jackson is supremely qualified, incredibly dedicated, highly reasoned & well thought out….all  of which are qualities neither bland or normal.",helene,community_discussion,
lof61gz,t3_1fmtdcu,t3_1fmtdcu,asheville,Yertle82496,1727037155,2024-09-22 20:32,-6,Everyone you disagree with is automatically a nazi and the worst person ever… except that they aren’t… you have just been brainwashed by the media and the democrats to believe whatever they feed you… you don’t believe your own eyes and you can no longer think for yourself so you just parrot back the bullshit you’ve been ingesting from them….  Sadly I pity you and wish you had someone that could help open your eyes to the nonsense and damage that has been happening to this great country under the current administration and what looms in the future if they manage to steal this upcoming election as they did in the past…. You need some help …,helene,community_discussion,
lof679p,t3_1fmtdcu,t3_1fmtdcu,asheville,greenmountains94,1727037205,2024-09-22 20:33,2,"As an outsider, what do you all think is the minimum vote Robinson will get? 35%? 40%? Do you see this affecting top of the ticket vote?",helene,community_discussion,
lof67ex,t3_1fmtdcu,t1_lodjxvp,asheville,tnydnceronthehighway,1727037206,2024-09-22 20:33,13,"When universal healthcare and free lunches for kids are branded as ""radical"" ? Yes.",helene,community_discussion,
lof6i0t,t3_1fmtdcu,t1_lod7py3,asheville,tnydnceronthehighway,1727037297,2024-09-22 20:34,15,Also I'm using normal here as in he's not some kinda maga weirdo. I love that I'm getting down voted for saying he's just a normal dude lol,helene,community_discussion,
lof8fxe,t3_1fmtdcu,t1_lof67ex,asheville,kingofthen00bs,1727037904,2024-09-22 20:45,2,Fair enough. I'm down with both those things as well I just wasn't sure if that was considered radical. Seems like common sense to me based on how much health care costs.,helene,community_discussion,
lofczob,t3_1fmtdcu,t1_lod2c60,asheville,Immolation_E,1727039342,2024-09-22 21:09,5,I bet once Stein terms out that Jackson will run for governor.,helene,community_discussion,
loffpmn,t3_1fmtdcu,t3_1fmtdcu,asheville,The_Angry_Turtle,1727040243,2024-09-22 21:24,1,"I'm more terrified of Jackson's thousands of posts in porn forums and video comments. 

Nazis are a dime a dozen and their activities are mostly restricted to muttering slurs under their breath. Someone who writes manifestos on porn enthusiast forums 100% has a mass grave in their basement.",helene,community_discussion,
lofg8rt,t3_1fmtdcu,t1_lof61gz,asheville,tnydnceronthehighway,1727040419,2024-09-22 21:26,4,"Bwhahaha Robinson called himself a ""black nazi"" so idk what you think you did here.",helene,community_discussion,
lofh5nx,t3_1fmtdcu,t1_lof67ex,asheville,_Angel_3,1727040719,2024-09-22 21:31,5,Those aren’t radical things though. They’re just reasons to vote for logic.,helene,community_discussion,
lofhhyv,t3_1fmtdcu,t1_lof1224,asheville,_Angel_3,1727040830,2024-09-22 21:33,2,You obviously haven’t been listening,helene,community_discussion,
lofhvgv,t3_1fmtdcu,t1_lodh2eh,asheville,_Angel_3,1727040952,2024-09-22 21:35,1,Look into Jeff Jackson’s stock market returns. He doesn’t have any. There are huge differences,helene,community_discussion,
lofj5jn,t3_1fmtdcu,t1_lofh5nx,asheville,tnydnceronthehighway,1727041364,2024-09-22 21:42,4,I don't think they are radical ideas. I believe they are common sense. They are BRANDED as such in this country. How many times have people called Bernie Sanders a radical? How about  AOC? Even other Dems have labeled them as such.,helene,community_discussion,
lofjcv7,t3_1fmtdcu,t3_1fmtdcu,asheville,DirtyHomelessWizard,1727041432,2024-09-22 21:43,1,Its more like dumber hitler vs ronald reagan wrapped in a pride flag,helene,community_discussion,
lofkbsz,t3_1fmtdcu,t3_1fmtdcu,asheville,710whitejesus420,1727041758,2024-09-22 21:49,5,Jeff Jackson for President 2028!,helene,community_discussion,
lofkfvl,t3_1fmtdcu,t1_lofj5jn,asheville,_Angel_3,1727041795,2024-09-22 21:49,2,"Gotcha!  I’m good with voting for the radicals then. As such, I just call them “common sense candidates”",helene,community_discussion,
lofkpek,t3_1fmtdcu,t1_lodexap,asheville,tnydnceronthehighway,1727041886,2024-09-22 21:51,16,"I honestly like Jeff Jackson too. I will certainly be voting for him.  But he seems like a pretty normal dude, yes? I'm not sure what ppl are taking offense to here? I am hoping how comically evil many of our state  Republican candidates are that it makes it a no brainer even for conservatives",helene,community_discussion,
lofmkn7,t3_1fmtdcu,t3_1fmtdcu,asheville,grant47,1727042532,2024-09-22 22:02,7,Jeff Jackson is a true homie with relatively unbiased takes on what’s going on in congress.  If Down to earth and sane is “bland normie” then I wish all politicians had that label,helene,community_discussion,
lofocmi,t3_1fmtdcu,t3_1fmtdcu,asheville,ayyy3322,1727043163,2024-09-22 22:12,-4,Yall do this every year. LiTeRaLy HiTlEr,helene,community_discussion,
lofoo4g,t3_1fmtdcu,t1_lofkpek,asheville,CompleteSherbert885,1727043274,2024-09-22 22:14,3,"People just like to be bad behaving trolls, pay no mind to them. I've been following him after he began doing videos. A friend forwarded an early one and I subscribed immediately. Like Pete Buttigieg, he seems like a kind, hard working guy anyone from any party (or no party) can get behind. He's got my vote and all my family and friends as well. We'll be lucky to have him in office!",helene,community_discussion,
lofqiyp,t3_1fmtdcu,t3_1fmtdcu,asheville,[deleted],1727043918,2024-09-22 22:25,1,[removed],helene,community_discussion,
lofqoin,t3_1fmtdcu,t3_1fmtdcu,asheville,InevitableOwl530,1727043972,2024-09-22 22:26,-8,Funny how Hitler actually had more in common with today's democratic party...,helene,community_discussion,
loftgoa,t3_1fmtdcu,t1_lodklez,asheville,Western-Passage-1908,1727044951,2024-09-22 22:42,1,Not a good enough reason to ban it.,helene,community_discussion,
lofypb8,t3_1fmtdcu,t1_lofqoin,asheville,nkawtgpilot,1727046812,2024-09-22 23:13,1,Absolutely did not,helene,community_discussion,
log0wrv,t3_1fmtdcu,t1_lofhvgv,asheville,RelayFX,1727047598,2024-09-22 23:26,0,One datapoint is definitely indicative of the wider dataset 👍,helene,community_discussion,
log2asz,t3_1fmtdcu,t3_1fmtdcu,asheville,duddy33,1727048094,2024-09-22 23:34,5,"Jeff has been such a breath of fresh air. His calmness and willingness to actually sit down and explain what’s going on and why along with his thought processes is exactly what I want from someone representing me. 

If someone sees him as bland, I’d argue that’s a good thing in this political climate. Politics are traditionally boring and are not usually filled with bombastic excitement.",helene,community_discussion,
log5ezu,t3_1fmtdcu,t3_1fmtdcu,asheville,mingohills,1727049234,2024-09-22 23:53,2,"As a proud West Virginian, you get used to it. We know there are good folks there, but clowns make the most noise.",helene,community_discussion,
lod41q5,t3_1fmu5wf,t3_1fmu5wf,asheville,AutoModerator,1727014214,2024-09-22 14:10,1,"Unfortunately, your post has been removed because we require post titles to have a minimum of 30 characters. You are welcome to resubmit your post with a longer title. For example, please consider a title that is a complete sentence. If you're asking a question, make your question the title. We apologize for the inconvenience.

*I am a bot, and this action was performed automatically. Please [contact the moderators of this subreddit](/message/compose/?to=/r/asheville) if you have any questions or concerns.*",helene,community_discussion,
lod62fc,t3_1fmud3r,t3_1fmud3r,asheville,SweetOsmanthus,1727014962,2024-09-22 14:22,12,That’s very pretty. I love our nature.,helene,community_discussion,
lod67os,t3_1fmud3r,t1_lod62fc,asheville,FlyingBuilder,1727015016,2024-09-22 14:23,7,Thank you! There’s no other place like it.,helene,community_discussion,
lod7to8,t3_1fmud3r,t1_lod67os,asheville,SweetOsmanthus,1727015599,2024-09-22 14:33,4,Do you have a site where you post your other pieces?,helene,community_discussion,
lod83f0,t3_1fmud3r,t3_1fmud3r,asheville,LunarFrogs,1727015696,2024-09-22 14:34,5,This is incredible! The talent you have for oil painting is amazing!,helene,community_discussion,
lod9c30,t3_1fmud3r,t3_1fmud3r,asheville,beans_n_taters,1727016137,2024-09-22 14:42,2,Do you sell locally?,helene,community_discussion,
lodaevp,t3_1fmud3r,t1_lod7to8,asheville,FlyingBuilder,1727016516,2024-09-22 14:48,5,My website is https://www.adamstevensfineart.net,helene,community_discussion,
lodagaq,t3_1fmud3r,t1_lod7to8,asheville,FlyingBuilder,1727016530,2024-09-22 14:48,3,I post mostly on instagram though. Www.Instagram.Com/paintings_by_adam_stevens,helene,community_discussion,
lode748,t3_1fmud3r,t3_1fmud3r,asheville,ScratchyPurple,1727017804,2024-09-22 15:10,2,Beautiful,helene,community_discussion,
lodfji7,t3_1fmud3r,t1_lodaevp,asheville,SweetOsmanthus,1727018256,2024-09-22 15:17,3,"I really like Purple Fog, the scene with the sheep and chickens, and the circular painting of the ocean at night in that elaborate frame. On average how long does it take to complete pieces like those? I would guess it’s pretty dependent on size. 

And is it hard to find all of the cool frames?",helene,community_discussion,
lodgobw,t3_1fmud3r,t3_1fmud3r,asheville,StellaBean_bass,1727018638,2024-09-22 15:23,2,Very pretty!,helene,community_discussion,
lodkje0,t3_1fmud3r,t3_1fmud3r,asheville,Boring_Swan1960,1727019890,2024-09-22 15:44,3,pretty it looks so real,helene,community_discussion,
lodofb9,t3_1fmud3r,t3_1fmud3r,asheville,tbeastley,1727021098,2024-09-22 16:04,2,How much?,helene,community_discussion,
loduyhx,t3_1fmud3r,t1_lodofb9,asheville,SweetOsmanthus,1727023038,2024-09-22 16:37,2,Pretty neat right? It’s available for purchase on [their website](https://www.adamstevensfineart.net/store),helene,community_discussion,
lodx184,t3_1fmud3r,t3_1fmud3r,asheville,PedrosSpanishFly,1727023660,2024-09-22 16:47,2,That’s really pretty.,helene,community_discussion,
lodydi6,t3_1fmud3r,t1_lodfji7,asheville,FlyingBuilder,1727024075,2024-09-22 16:54,2,Eh it definitely varies. Usually it’s about five 1-2 hour sessions? The bigger ones can definitely eat up more time than that though. Thanks so much!,helene,community_discussion,
lodyf1q,t3_1fmud3r,t1_lodx184,asheville,FlyingBuilder,1727024089,2024-09-22 16:54,1,Thank you!,helene,community_discussion,
lodygie,t3_1fmud3r,t1_lodyf1q,asheville,exclaim_bot,1727024101,2024-09-22 16:55,2,">Thank you!

You're welcome!",helene,community_discussion,
lodyjpy,t3_1fmud3r,t1_lodofb9,asheville,FlyingBuilder,1727024128,2024-09-22 16:55,1,Shoot me a message if interested or just checkout my site!,helene,community_discussion,
lodynej,t3_1fmud3r,t1_lodkje0,asheville,FlyingBuilder,1727024160,2024-09-22 16:56,1,Thank you so much,helene,community_discussion,
lodyo88,t3_1fmud3r,t1_lode748,asheville,FlyingBuilder,1727024167,2024-09-22 16:56,1,Thank you!,helene,community_discussion,
lodyov3,t3_1fmud3r,t1_lodgobw,asheville,FlyingBuilder,1727024172,2024-09-22 16:56,1,Thanks so much!,helene,community_discussion,
lodyqix,t3_1fmud3r,t1_lod83f0,asheville,FlyingBuilder,1727024186,2024-09-22 16:56,1,Thanks so much,helene,community_discussion,
lodzr12,t3_1fmud3r,t3_1fmud3r,asheville,TallGreg_Art,1727024501,2024-09-22 17:01,2,Looks awesome!!,helene,community_discussion,
loe10qa,t3_1fmud3r,t1_lodzr12,asheville,FlyingBuilder,1727024892,2024-09-22 17:08,2,Thank you!,helene,community_discussion,
loe13xa,t3_1fmud3r,t1_loe10qa,asheville,TallGreg_Art,1727024918,2024-09-22 17:08,2,"I live in Asheville as well, and also paint! Love your technique",helene,community_discussion,
loehit4,t3_1fmud3r,t3_1fmud3r,asheville,Tough_Difference_111,1727029735,2024-09-22 18:28,1,Your work is wonderful. Thanks for sharing.,helene,community_discussion,
loelhuv,t3_1fmud3r,t3_1fmud3r,asheville,less_butter,1727030948,2024-09-22 18:49,0,"""a river""?

THE RIVER HAS A NAME!",helene,community_discussion,
loev7cp,t3_1fmud3r,t3_1fmud3r,asheville,ComfortableParking83,1727033860,2024-09-22 19:37,1,Looks great!,helene,community_discussion,
lofkkt7,t3_1fmud3r,t3_1fmud3r,asheville,allisonpoe,1727041843,2024-09-22 21:50,1,That's really beautiful.,helene,community_discussion,
lofpi9z,t3_1fmud3r,t3_1fmud3r,asheville,IamTheUnknownEntity,1727043564,2024-09-22 22:19,1,Gorgeous piece!,helene,community_discussion,
lod95bs,t3_1fmuudp,t3_1fmuudp,asheville,AutoModerator,1727016071,2024-09-22 14:41,1,"Hey u/PratherForNC, it looks like you are trying to post an inquiry about buying or selling tickets for events in Asheville. Please refer to the r/AshevilleClassifieds subreddit.

**If your post is obviously not about tickets or events, please hold tight and the moderators will approve it shortly.** If we haven't approved it or if the topic is time-sensitive, please [click here to send us a modmail](https://www.reddit.com/message/compose?to=%2Fr%2Fasheville) and we'll get it approved.

*I am a bot, and this action was performed automatically. Please [contact the moderators of this subreddit](/message/compose/?to=/r/asheville) if you have any questions or concerns.*",helene,community_discussion,
loeojsr,t3_1fmuudp,t3_1fmuudp,asheville,2FightTheFloursThatB,1727031867,2024-09-22 19:04,0,30 bucks ain't bad!,helene,community_discussion,
lof5d7n,t3_1fmuudp,t3_1fmuudp,asheville,goldbman,1727036940,2024-09-22 20:29,0,Trying to get rid of Erin Paré in south Wake. Might be more competitive than Buncombe,helene,community_discussion,
lodcw2s,t3_1fmuztr,t3_1fmuztr,asheville,Mr-Bigglesworth-,1727017359,2024-09-22 15:02,12,Disgusting,helene,community_discussion,
lode7ra,t3_1fmuztr,t3_1fmuztr,asheville,Just_A_Dog_chillin,1727017810,2024-09-22 15:10,20,"This is not graffiti, this is plain vandalism and hatrid.",helene,community_discussion,
lodmz0q,t3_1fmuztr,t3_1fmuztr,asheville,Substantial_Wash8102,1727020639,2024-09-22 15:57,-8,The news and orange are the real culprits,helene,community_discussion,
lodpoz6,t3_1fmuztr,t3_1fmuztr,asheville,hopeless-hobo,1727021492,2024-09-22 16:11,14,I think it’s safe to assume we should vote for the ones they really hate,helene,community_discussion,
lodqtvw,t3_1fmuztr,t1_lode7ra,asheville,Gamethesystem2,1727021848,2024-09-22 16:17,-20,It fits the definition of graffiti. The definitely doesn’t include any mention of hatred as being a factor.,helene,community_discussion,
lodrjo9,t3_1fmuztr,t1_lodqtvw,asheville,Just_A_Dog_chillin,1727022059,2024-09-22 16:20,13,Graffiti is an art form. This is somebody with a can of red spray paint and too much time and hate on their hands. That's like calling hate speech poetry because they use the same medium of words.,helene,community_discussion,
lodtma3,t3_1fmuztr,t3_1fmuztr,asheville,WanderlustKing157,1727022653,2024-09-22 16:30,-16,What's antisemitic about the star of Remphan?,helene,community_discussion,
lodvh3y,t3_1fmuztr,t3_1fmuztr,asheville,SoundMetalSculptor,1727023188,2024-09-22 16:39,0,"Gaza
Killed: at least 41,252 people, including nearly 16,500 children",helene,community_discussion,
lodyc36,t3_1fmuztr,t1_lodvh3y,asheville,[deleted],1727024063,2024-09-22 16:54,1,[removed],helene,community_discussion,
lodym0z,t3_1fmuztr,t1_lodvh3y,asheville,Hazey_Dreams4658,1727024148,2024-09-22 16:55,18,Found the nazi. This post is about a jew who was a victim of antisemitism. Pipe down buddy,helene,community_discussion,
lodynwb,t3_1fmuztr,t1_lodvh3y,asheville,[deleted],1727024164,2024-09-22 16:56,1,[removed],helene,community_discussion,
loe0e0j,t3_1fmuztr,t1_lodvh3y,asheville,[deleted],1727024700,2024-09-22 17:05,1,[removed],helene,community_discussion,
loeacni,t3_1fmuztr,t3_1fmuztr,asheville,lightning_whirler,1727027610,2024-09-22 17:53,-23,Almost certainly anti-Israel War rather than anti-semitic. Probably someone who voted for the Squad.,helene,community_discussion,
loeexdj,t3_1fmuztr,t1_loeacni,asheville,HuddieLedbedder,1727028963,2024-09-22 18:16,9,"Suffice it to say that anti-semitism is not difficult to find these days on either the right and the left.  How about calling out hate just for its own sake, rather than speculating in a feeble attempt to own the libs?",helene,community_discussion,
loefnv6,t3_1fmuztr,t3_1fmuztr,asheville,thegeckomademedoit,1727029182,2024-09-22 18:19,-14,"IDF bootlicker alert 🚨 I’m not saying that in response to this post, but in response to the communities that OP is active in.",helene,community_discussion,
loegzfz,t3_1fmuztr,t1_lodtma3,asheville,sleepy_xia,1727029570,2024-09-22 18:26,6,and the only time it’s mentioned is condemning Jewish idolatry. but sure play dumb,helene,community_discussion,
loeyq01,t3_1fmuztr,t1_loefnv6,asheville,[deleted],1727034912,2024-09-22 19:55,1,[removed],helene,community_discussion,
lof7fu7,t3_1fmuztr,t1_loe6f5h,asheville,Hazey_Dreams4658,1727037590,2024-09-22 20:39,-6,Yes,helene,community_discussion,
lofoznk,t3_1fmuztr,t3_1fmuztr,asheville,ayyy3322,1727043387,2024-09-22 22:16,-4,How dare people notice what's going on and what certain groups incessantly push,helene,community_discussion,
loful5a,t3_1fmuztr,t1_lodrjo9,asheville,8-BitFrankenstein,1727045353,2024-09-22 22:49,-4,"Not all graffiti is art, I don't feel moved when I see dadbod.",helene,community_discussion,
lofw4e4,t3_1fmuztr,t1_loful5a,asheville,asteroidtube,1727045898,2024-09-22 22:58,4,"The sheer fact that you mention dadbod here and that everybody knows what you mean is proof that it is indeed an art project at its core. You may not agree with it or understand it or 'feel moved' by it, but it is very much art.",helene,community_discussion,
lofw63w,t3_1fmuztr,t1_loefnv6,asheville,GeorgeGnarlin,1727045915,2024-09-22 22:58,-6,"IDF supporter as opposed to what, supporting terrorists?… Maybe don’t open your mouth again, you’d be better off.",helene,community_discussion,
lofz1n8,t3_1fmuztr,t1_lofw4e4,asheville,8-BitFrankenstein,1727046935,2024-09-22 23:15,-4,Knowing about it doesn't make it art just like Yoko Ono screaming into a microphone isn't a meaningful contribution to outsider art. Modern art has been infiltrated by trust funds more interested in outsourcing their self-worth than making meaningful contributions to art.,helene,community_discussion,
log0wdi,t3_1fmuztr,t1_lofz1n8,asheville,asteroidtube,1727047594,2024-09-22 23:26,5,"Again, you don’t need to understand it or enjoy it for it to be art.  Not all art has to be a “meaningful contribution”, nor even pleasant to the senses of the consumer. 

Regardless of our opinions on the definition of art, or the merits of how Dadbod has impressively gotten up all over town and become a household name, at least we can hopefully both agree that spraypainting Jewish stars onto campaign signs is intended to be hateful and to spread fear and is ultimately something that only a very sad individual would do. They probably hate themselves and have no way to cope with it so they project their own fear and hatred onto others in this manner. 

Anti-semitism is, unfortunately, very much alive and is something that is often overlooked because even well-intentioned people like to claim it’s not a real problem. Caleb Rudow did nothing to deserve this kind of treatment  except simply *being jewish*. And this symbol was used historically to persecute people for that one thing. Think about that.",helene,community_discussion,
log3w0a,t3_1fmuztr,t1_log0wdi,asheville,8-BitFrankenstein,1727048663,2024-09-22 23:44,-7,"> Not all art has to be a “meaningful contribution”, nor even pleasant to the senses of the consumer. 

Sure, I can take a shit and put it on a plate as a statement to modern fast food and its nutritional value but that doesn't make it art. I'm sure it would in an art gallery if I had the correct pedigree but that's the problem with postmodernism imo.
  
>at least we can hopefully both agree that spraypainting Jewish stars onto campaign signs is intended to be hateful and to spread fear and is ultimately something that only a very sad individual would do.  
  
Yes but I don't see what that has to do with our topic of conversation.",helene,community_discussion,
log5dp4,t3_1fmuztr,t1_log3w0a,asheville,asteroidtube,1727049221,2024-09-22 23:53,4,Pretty sure it has everything to do with the content in the OP but you are free to stop engaging me whenever you want,helene,community_discussion,
lodg13i,t3_1fmvlc8,t3_1fmvlc8,asheville,BRMarksmanship,1727018421,2024-09-22 15:20,5,"FAQ & Relevant Links (will update as the thread progresses):

[BRM Website -Beginner Pistol Course Description](http://blueridgemarksmanship.com/courses/beginner-pistol-rifle-or-shotgun/) 

[Beginner Pistol Video Description](https://youtu.be/KhtZgVqbMJM?si=9YqtbCmOKidO9P9v)

Q: Kevin, I don’t own a firearm or the proper gear to train. What should I do?

A: [Also in this video](https://youtube.com/shorts/vFOAR6e1y2A?si=1i06V24ubRgz-Mnn) Good news! We provide everything you need. You can rent firearms, purchase ammunition, and we offer complimentary holsters, ear protection, and eye protection. Just reach out ahead of time, and we’ll have all the gear ready for you.",helene,community_discussion,
lodhr8f,t3_1fmvlc8,t3_1fmvlc8,asheville,FU-allthetime,1727018995,2024-09-22 15:29,-14,"Since we’re talking to beginners…

Men who own handguns are 8 times more likely to use them on themselves than those who do not own handguns. 

Women are 35 times more likely. 

Be informed when you make a decision. 

https://med.stanford.edu/news/all-news/2020/06/handgun-ownership-associated-with-much-higher-suicide-risk.html",helene,community_discussion,
lodieqk,t3_1fmvlc8,t3_1fmvlc8,asheville,sexywizard420,1727019204,2024-09-22 15:33,6,Do you have any advanced pistol or rifle classes?,helene,community_discussion,
lodj7ye,t3_1fmvlc8,t1_lodieqk,asheville,BRMarksmanship,1727019468,2024-09-22 15:37,9,"Yes! We offer a wide range of courses suitable for everyone, from beginners to advanced shooters, including those who carry firearms professionally. Our upcoming Room Clearance course is scheduled for October 5th and 6th. Please feel free to send us a direct message if you have any questions about a specific course.

[BRM Course List](https://blueridgemarksmanship.com/courses/)",helene,community_discussion,
lodjdm9,t3_1fmvlc8,t1_lodj7ye,asheville,sexywizard420,1727019519,2024-09-22 15:38,2,Thank you! I will def check this out.,helene,community_discussion,
lodk9g1,t3_1fmvlc8,t1_lodhr8f,asheville,PedrosSpanishFly,1727019798,2024-09-22 15:43,27,Amazing that also people with a motorcycle license are more likely to die on a motorcycle than those who do not.,helene,community_discussion,
lodkc5d,t3_1fmvlc8,t1_lodjdm9,asheville,BRMarksmanship,1727019823,2024-09-22 15:43,4,"That is fantastic! We have several notable intermediate/advanced-level courses between now and the end of the year. We also offer anything in a private lesson, but we are booked out a little ways on private lessons.",helene,community_discussion,
lodm5l4,t3_1fmvlc8,t1_lodk9g1,asheville,geekamongus,1727020398,2024-09-22 15:53,7,So owning either motorcycles or guns can increase your chance of death by each. Got it.,helene,community_discussion,
lodngco,t3_1fmvlc8,t1_lodm5l4,asheville,PedrosSpanishFly,1727020786,2024-09-22 15:59,8,Yep. And owning a car means I more likely drove it to Trader Joes than taking the bus. But a car didn’t make me go to trader joes.,helene,community_discussion,
lodpqxo,t3_1fmvlc8,t3_1fmvlc8,asheville,SoylentGreenbean,1727021510,2024-09-22 16:11,-16,Dude in black already cosplaying as the next school shooter,helene,community_discussion,
lodt7me,t3_1fmvlc8,t1_lodhr8f,asheville,peace_point,1727022538,2024-09-22 16:28,14,"I imagine the same is true for people that own enough rope to hang themselves versus those who don’t. 

What’s your point?",helene,community_discussion,
lodubt8,t3_1fmvlc8,t1_lodhr8f,asheville,mavetgrigori,1727022855,2024-09-22 16:34,-2,"More likely than what? In what age group? What time frame? I'm sorry, but your information is lacking, and even the article is lacking. 8 times more like to die by self inflocted gunshot in a 12 year period. That means I am still likely, just 8 times less likely to die by self-inflicted gunshot. You're also likely to die earlier due to the consumption of soda or nicotine products, excessive drinking, multitude of legal and illegal substances, driving, swimming in the French Broad, from the chimp you thought was a good idea to own, saying hi to wildlife, and pretty much everything you do ever. There are risks in life",helene,community_discussion,
lodulqt,t3_1fmvlc8,t3_1fmvlc8,asheville,certifiedraerae,1727022933,2024-09-22 16:35,35,"Super important to be trained to use a firearm if you’re going to own a firearm! It should be a requirement to take a class prior to owning a firearm, IMO.",helene,community_discussion,
lodunzk,t3_1fmvlc8,t1_lodhr8f,asheville,2FightTheFloursThatB,1727022952,2024-09-22 16:35,-13,"Unfortunately, it looks  the pew-pew  business owner has asked his staff and students to participate in this ""discussion"".  They probably show up on their InstaFace posts, too (with different names of course). 

Notice the usernames that appeared that you don't see here on normal discussions?",helene,community_discussion,
lodvagp,t3_1fmvlc8,t1_lodunzk,asheville,FU-allthetime,1727023135,2024-09-22 16:38,0,"It’s wild that any discussion about…hey this is dangerous and often leads to death including a high percentage of firearm deaths in children…is seen as a threat. 

Informed consent is a smart thing.",helene,community_discussion,
lodxcay,t3_1fmvlc8,t3_1fmvlc8,asheville,beaverlakenc,1727023756,2024-09-22 16:49,-2,I never see enthusiasm for safety and training on the bipartisan east Asheville site.  Have you been banned over there?,helene,community_discussion,
lodyjbr,t3_1fmvlc8,t1_lodxcay,asheville,BRMarksmanship,1727024125,2024-09-22 16:55,7,I don’t know which group you are talking about.,helene,community_discussion,
lodyraw,t3_1fmvlc8,t1_lodulqt,asheville,BRMarksmanship,1727024192,2024-09-22 16:56,11,Training is very important!,helene,community_discussion,
loe0tsu,t3_1fmvlc8,t3_1fmvlc8,asheville,HawkCee,1727024833,2024-09-22 17:07,1,Sould be interesting,helene,community_discussion,
loe24zl,t3_1fmvlc8,t1_loe0tsu,asheville,BRMarksmanship,1727025227,2024-09-22 17:13,17,"This course? Yes.

This thread? Probably.",helene,community_discussion,
loe3qpg,t3_1fmvlc8,t1_lodunzk,asheville,B1893,1727025705,2024-09-22 17:21,6,"Well, to be fair, I don't recognize your username...",helene,community_discussion,
loe69cv,t3_1fmvlc8,t1_lodhr8f,asheville,aRiskyUndertaking,1727026445,2024-09-22 17:34,5,"Guess those women should learn to master Jui-Jitzu. We wouldn’t want them to hurt themselves trying to use a force equalizer like a handgun.

( s/ in case I didn’t lay it on thick enough.)",helene,community_discussion,
loe7dee,t3_1fmvlc8,t1_lodulqt,asheville,aRiskyUndertaking,1727026763,2024-09-22 17:39,6,"As far as I know, NC still requires a safety course to obtain a concealed carry permit. I think there is legislation to remove the permit requirement but I’ve been out of that loop for some time. Quick google search says a permit is still required but it could be old info.",helene,community_discussion,
loe8d1b,t3_1fmvlc8,t1_lodk9g1,asheville,RealWanheda,1727027034,2024-09-22 17:43,1,"Also spoke to a motorcyclist who informed me that the vast majority of motorcyclist deaths are the fault of the motorcyclist. He says he feels safer in a motorcycle because he can very quickly accelerate out of tricky situations or move to one side or the other because motorcycles are so thin. 

Different perspective, I still dont think I’ll ever own a motorcycle though lol.",helene,community_discussion,
loe9vzv,t3_1fmvlc8,t1_lodunzk,asheville,billsbitch,1727027474,2024-09-22 17:51,3,Oh just shut the actual fk up 🙄,helene,community_discussion,
loeckxa,t3_1fmvlc8,t1_lodpqxo,asheville,jwjitsu,1727028257,2024-09-22 18:04,7,"Meanwhile, he may be learning skills that he'll use one day to save you from a random act of violence.",helene,community_discussion,
loef595,t3_1fmvlc8,t1_loe3qpg,asheville,jwjitsu,1727029028,2024-09-22 18:17,2,You're not missing anything.,helene,community_discussion,
loej9pu,t3_1fmvlc8,t3_1fmvlc8,asheville,BaronVonBullshite,1727030278,2024-09-22 18:37,4,"Took a course of yours, Kevin. I grew up around guns and still learned a lot. If you’re new to them, you need training. Kevin is your guy. ",helene,community_discussion,
loejdp0,t3_1fmvlc8,t1_lodm5l4,asheville,ngtac,1727030312,2024-09-22 18:38,6,"Sheesh, since we have learned this newfound knowledge, imagine the statistics for carrying a gun while riding a motorcycle. I shudder to see it.",helene,community_discussion,
loekfsv,t3_1fmvlc8,t3_1fmvlc8,asheville,Aardvarksof1776,1727030635,2024-09-22 18:43,10,"Long time gun owner and semi-competitive shooter. Just here to share my positive experience with Kevin and his outfit.  Great folks, compressive training. Rarely was shown the “right way” to do things, more so, trying different techniques to see what felt the most comfortable and effective.  Been to two classes and looking forward to a third.",helene,community_discussion,
loelyed,t3_1fmvlc8,t1_loeckxa,asheville,ExpiredMilkMan,1727031087,2024-09-22 18:51,-8,The only way to stop a bad guy with a gun is a good guy with a gun ahhhh argument,helene,community_discussion,
loes5qv,t3_1fmvlc8,t1_loekfsv,asheville,BRMarksmanship,1727032949,2024-09-22 19:22,3,Thank you so much for the kind words! Looking forward to working with you again.,helene,community_discussion,
loeu8jn,t3_1fmvlc8,t1_loe9vzv,asheville,2FightTheFloursThatB,1727033569,2024-09-22 19:32,-6,I don't believe I will.,helene,community_discussion,
loeymn9,t3_1fmvlc8,t1_loej9pu,asheville,BRMarksmanship,1727034884,2024-09-22 19:54,2,Thank you very much for the kind words!,helene,community_discussion,
loeyybx,t3_1fmvlc8,t1_loe7dee,asheville,BRMarksmanship,1727034981,2024-09-22 19:56,4,That’s correct. North Carolina still requires a permit for concealed carry. We offer a concealed carry course once a month to meet that requirement.,helene,community_discussion,
lof14fu,t3_1fmvlc8,t1_lodt7me,asheville,PeanyButter,1727035639,2024-09-22 20:07,4,Be informed and don't own rope! /s,helene,community_discussion,
lof266i,t3_1fmvlc8,t1_lodvagp,asheville,PeanyButter,1727035957,2024-09-22 20:12,5,"Sick back pedaling. 

You posted an article and stated ""You're more likely to kill yourself with a gun than if you don't"" which is like no shit 101. If you suffer from major depression or suicidal thoughts, most people will recommend not purchasing a firearm.

Now you're bringing the children into the discussion AFTER people called out the ridiculousness. What about all the people who don't even have a child?",helene,community_discussion,
lof3n74,t3_1fmvlc8,t3_1fmvlc8,asheville,Signal-View4754,1727036405,2024-09-22 20:20,5,You can never train enough.,helene,community_discussion,
lof5jum,t3_1fmvlc8,t1_lof3n74,asheville,BRMarksmanship,1727037000,2024-09-22 20:30,9,You nailed it!,helene,community_discussion,
lof9ybj,t3_1fmvlc8,t1_loe7dee,asheville,certifiedraerae,1727038375,2024-09-22 20:52,-8,"Yes, I’m glad it’s allowed in that case. But to be a gun OWNER and acquire pistol purchase permits does not require safety lessons and maybe it should! Food for thought.",helene,community_discussion,
lofgpno,t3_1fmvlc8,t1_lof9ybj,asheville,B1893,1727040574,2024-09-22 21:29,3,"Absolutely tf not.


IMO that's like requiring one to take a civics class before voting.",helene,community_discussion,
lofkad4,t3_1fmvlc8,t1_lof9ybj,asheville,mgwwgm,1727041745,2024-09-22 21:49,7,Pistol purchase permits is a scam. Best thing NC did was get rid of them,helene,community_discussion,
lofnbga,t3_1fmvlc8,t1_lofgpno,asheville,Ok_Target5058,1727042795,2024-09-22 22:06,1,"Not understanding civics doesn’t have quite the same potential for bodily harm.

IMO it’s more like requiring a person to pass a test showing they understand how to operate a machine that when used properly is pretty safe but when used improperly is incredibly dangerous…🚗🚙",helene,community_discussion,
lofpx25,t3_1fmvlc8,t3_1fmvlc8,asheville,Razrcrimp,1727043705,2024-09-22 22:21,3,Thanks for everything Kevin. What a great class!,helene,community_discussion,
lofv7hw,t3_1fmvlc8,t1_lofnbga,asheville,B1893,1727045573,2024-09-22 22:52,1,"You mean like a car?


There's no testing required to own one.",helene,community_discussion,
lofyhxu,t3_1fmvlc8,t1_lofpx25,asheville,BRMarksmanship,1727046740,2024-09-22 23:12,2,And thank you! Did you connect with us on Reddit?,helene,community_discussion,
lofyj8d,t3_1fmvlc8,t1_loelyed,asheville,ezbreezyslacker,1727046752,2024-09-22 23:12,3,"Happens millions of times a year 

Inform yourself",helene,community_discussion,
lofz6vw,t3_1fmvlc8,t1_lofnbga,asheville,aRiskyUndertaking,1727046987,2024-09-22 23:16,1,"I don’t think any adult in any state is unsure if guns are unsafe to handle inappropriately. It’s common sense. However, many people are so ignorant to the operation of a handgun they can be a hazard to themselves. How many reading this (without google) know the first step to clearing a firearm? Hint: it is the most commonly skipped step in the accidental/negligent discharge of a firearm.",helene,community_discussion,
log2f91,t3_1fmvlc8,t1_lofv7hw,asheville,Ok_Target5058,1727048138,2024-09-22 23:35,2,"Fair point. But if you own a car without a license you can’t legally operate it in a way that could make it dangerous. A gun owned by someone with no idea how to store, clean, or use even on their own property can still be dangerous. 

A hypothetical test doesn’t need to be more than just common sense. Should you store a firearm loaded and unlocked? If you can’t answer that, I feel like you shouldn’t own a gun quite yet.",helene,community_discussion,
log2jcu,t3_1fmvlc8,t1_lofyhxu,asheville,Razrcrimp,1727048179,2024-09-22 23:36,3,"Yessir, did a quick Reddit search for the best place to learn concealed carry in AVL. Yours came up! After checking the website it seemed like a no brainer, and it was. Thanks again! Go air force, beat army! 😛",helene,community_discussion,
log4gdh,t3_1fmvlc8,t1_log2jcu,asheville,BRMarksmanship,1727048872,2024-09-22 23:47,2,Ha! Thank you so much for the kind words! Looking forward to training with you again very soon!,helene,community_discussion,
lodiar5,t3_1fmvnsk,t3_1fmvnsk,asheville,uncertainhope,1727019169,2024-09-22 15:32,21,"With a history degree, have you considered teaching? Asheville City Schools is hiring a middle school Social Studies/ELA teacher. Even without a teaching license, you can apply for a one year emergency license if you meet the criteria.",helene,community_discussion,
lodiox5,t3_1fmvnsk,t1_lodiar5,asheville,MoonlightHighlight,1727019295,2024-09-22 15:34,3,"I highly recommend teaching too! This is a great idea, while the pay isn’t great you can get some good benefits and supplement income through the service industry which is huge here",helene,community_discussion,
lodjb8i,t3_1fmvnsk,t3_1fmvnsk,asheville,confidential_info_,1727019498,2024-09-22 15:38,13,"The unfortunate reality is that without a specialized skillset, most jobs here will revolve around service and tourism. I’m very sorry you’re new to the area and are finding this out the hard way. 

I did see somewhere that Aldi was raising their starting wage? Pratt & Whitney recently opened a new factory too.",helene,community_discussion,
lodkio9,t3_1fmvnsk,t3_1fmvnsk,asheville,Iamnotyouiammex066,1727019883,2024-09-22 15:44,4,"Amazon is probably hiring for the upcoming peak season.  There is usually full, part, or seasonal options.  The one in Mills River is a DS, if you wanted to poke around the subreddit to see if it's something you'd actually be interested in.  It's not a bad gig, it does get a little intense from time to time though.

As long as you leave on good terms it's pretty easy to go back if you find something a bit more in your line of expertise, but it doesn't work out, or if you just wanted to try and get some extra money during whatever part of the year.",helene,community_discussion,
lodpcuy,t3_1fmvnsk,t3_1fmvnsk,asheville,Mortonsbrand,1727021387,2024-09-22 16:09,11,Not sure which jobs in Asheville a BA in History would get you moved up for other than teaching.,helene,community_discussion,
lodpenj,t3_1fmvnsk,t3_1fmvnsk,asheville,Saucespreader,1727021403,2024-09-22 16:10,5,"Lear about tinting windows, huge niche market for fancy homes. Also every well drilling company I know is back logged 9-12 months. K2 is a local lighting/service company growing fast.",helene,community_discussion,
lodth5a,t3_1fmvnsk,t3_1fmvnsk,asheville,stacferg,1727022613,2024-09-22 16:30,1,https://careers.hireology.com/ardenwoodsretirementcmnty,helene,community_discussion,
lodueap,t3_1fmvnsk,t3_1fmvnsk,asheville,NoLeading7472,1727022874,2024-09-22 16:34,9,"Keep checking USAjobs, the parkway is hiring GS5 dispatchers and GS6/7 Admin in the next few months!",helene,community_discussion,
lodufxy,t3_1fmvnsk,t3_1fmvnsk,asheville,FlapJackson420,1727022887,2024-09-22 16:34,7,"Just curious, what did you imagine yourself doing with the History Degree, and why not out it to use in that field. Honestly curious what you envisioned doing with that education. You must have had a plan ...",helene,community_discussion,
lodwaee,t3_1fmvnsk,t3_1fmvnsk,asheville,IzzetAWin,1727023431,2024-09-22 16:43,2,There should be plenty of online sales/customer service roles. Look up Healthcare jobs asheville. You'll find something,helene,community_discussion,
lodwdef,t3_1fmvnsk,t3_1fmvnsk,asheville,NoDeparture9372,1727023455,2024-09-22 16:44,1,Look at Enterprise rental cars.,helene,community_discussion,
loe2nd5,t3_1fmvnsk,t1_lodufxy,asheville,Fightrt1,1727025382,2024-09-22 17:16,5,"Teaching history at a college level eventually, museum work, government work, something like that. My plan was to get something along those lines, but everything seemed to dry up where I was before I came here.",helene,community_discussion,
loe33ar,t3_1fmvnsk,t1_lodjb8i,asheville,Fightrt1,1727025515,2024-09-22 17:18,3,"Hey, I used to do a lot of stuff with tourism, I used to work in the city market for the Historic Charleston Foundation in Charleston while I was in college and I was a volunteer for the National Park Service at Ft. Sumter, which was a great outlet for my history interests. It's one of the reasons I've been looking for USFS/NCFS/NPS jobs or something parks related.",helene,community_discussion,
loe3an1,t3_1fmvnsk,t1_lodueap,asheville,Fightrt1,1727025575,2024-09-22 17:19,2,"Awesome! I've been looking for NPS stuff for a while and have been a volunteer at Ft Sumter before, that's so cool!",helene,community_discussion,
loe5bwt,t3_1fmvnsk,t3_1fmvnsk,asheville,ComfortableParking83,1727026171,2024-09-22 17:29,0,Take your college education off of your resume.,helene,community_discussion,
loe5xuz,t3_1fmvnsk,t3_1fmvnsk,asheville,Difficulty-Brave,1727026349,2024-09-22 17:32,8,"Asheville is BYOJ. Bring your own job. Also, and this is out of curiosity, what research regarding employment did you do before moving here?",helene,community_discussion,
loe6rax,t3_1fmvnsk,t3_1fmvnsk,asheville,ComfortableParking83,1727026591,2024-09-22 17:36,1,"Take the college education off your resume and get a tourist job. Then, put it back on while you search for a more permanent position",helene,community_discussion,
loe6uv7,t3_1fmvnsk,t1_loe5xuz,asheville,Fightrt1,1727026619,2024-09-22 17:36,1,"I looked at USAJOBS, NCJobs, and Buncombe County's pages for months before moving up here and it seemed pretty promising, lots of ranger and park positions and things like that. Hell I even looked at indeed and there seemed to be some decent stuff. But that was months ago and it is what is is lmao",helene,community_discussion,
loeb182,t3_1fmvnsk,t3_1fmvnsk,asheville,shrimp-and-potatoes,1727027805,2024-09-22 17:56,4,Eaton or Pratt. Any number manufacturing gigs.,helene,community_discussion,
loedhyo,t3_1fmvnsk,t3_1fmvnsk,asheville,bmwlocoAirCooled,1727028528,2024-09-22 18:08,-6,Best bet?  Bring your own job.,helene,community_discussion,
loedpdg,t3_1fmvnsk,t1_loedhyo,asheville,Fightrt1,1727028591,2024-09-22 18:09,3,"Thanks, very informative!",helene,community_discussion,
loee0hh,t3_1fmvnsk,t3_1fmvnsk,asheville,vavoomshakalacka,1727028685,2024-09-22 18:11,3,"Try Biltmore (history degree!!!), and governmentjobs.com for Buncombe County jobs.",helene,community_discussion,
loeedu5,t3_1fmvnsk,t3_1fmvnsk,asheville,TheBug20,1727028798,2024-09-22 18:13,17,"Tbh this is a problem that needs to be addressed… 

I will never know why this area pays lower… it doesn’t match the cost of living at all even with a specialized skill set…",helene,community_discussion,
loeeeqp,t3_1fmvnsk,t3_1fmvnsk,asheville,billbobham,1727028805,2024-09-22 18:13,7,History degree maybe check out the Biltmore? Can’t help much but thats where my mind goes,helene,community_discussion,
loeeo5o,t3_1fmvnsk,t1_loeeeqp,asheville,Fightrt1,1727028885,2024-09-22 18:14,6,"Tbh I never really thought of that lol, I'll take a look tonight and see what's available!",helene,community_discussion,
loeey97,t3_1fmvnsk,t1_loee0hh,asheville,Fightrt1,1727028970,2024-09-22 18:16,2,I'll definitely check Biltmore tonight! And I'm gonna keep checking the Buncombe County page for anything else 😊,helene,community_discussion,
loek2f5,t3_1fmvnsk,t1_loeey97,asheville,vavoomshakalacka,1727030525,2024-09-22 18:42,2,Not the Buncombe County page.  There are some state openings and you have to go to governmentjobs.com for those!,helene,community_discussion,
loepffa,t3_1fmvnsk,t3_1fmvnsk,asheville,Foxxyforager,1727032129,2024-09-22 19:08,5,"All of the Department of Labor/Forest Service has been on a hiring freeze since early summer essentially. Even then, any veteran that applies to that same job will automatically be picked over you. I wouldn’t give up, but I wouldn’t count on it for now. It took me 8 months from originally applying to start my job with them.",helene,community_discussion,
loezu6r,t3_1fmvnsk,t3_1fmvnsk,asheville,Redbonius_Max,1727035251,2024-09-22 20:00,4,Car sales.  Dealerships are almost always hiring.,helene,community_discussion,
lof6is9,t3_1fmvnsk,t1_loepffa,asheville,Fightrt1,1727037303,2024-09-22 20:35,3,"Any reason why they started a freeze?

Oh I know the feeling, when I worked with the USPS in SC it took a hot minute to hear back from them lol",helene,community_discussion,
lof6oft,t3_1fmvnsk,t1_loek2f5,asheville,Fightrt1,1727037351,2024-09-22 20:35,2,"Oh okay! I always check NCJobs which takes me over that way, and I'm always keeping an eye out 😊",helene,community_discussion,
lof7j8o,t3_1fmvnsk,t1_lof6is9,asheville,Foxxyforager,1727037619,2024-09-22 20:40,6,"Yes, they are severely broke. Our budget was supposed renew in July. It is September, and the fiscal year has still not started.",helene,community_discussion,
lofmfiy,t3_1fmvnsk,t1_lodiar5,asheville,certifiedraerae,1727042482,2024-09-22 22:01,4,Or he could become a substitute teacher —takes a short course at AB tech and it pays $140/day,helene,community_discussion,
lofmyus,t3_1fmvnsk,t1_loeedu5,asheville,certifiedraerae,1727042672,2024-09-22 22:04,7,"Apparently, as a single person you need to make $43.32/hour to live comfortably, or earn $89k a year. 2 adults with 2 kids need to earn $202k a year to live comfortably in NC.",helene,community_discussion,
lofnvfz,t3_1fmvnsk,t1_lofmyus,asheville,TheBug20,1727042993,2024-09-22 22:09,5,"I can believe it. Straight bull crap. 

I have a Bachelors in I.T. And several years in the field and have not reached close 80k though. ( Systems engineer btw…) 

Have quite a few friends who aren’t even near that… that work in Asheville as well.",helene,community_discussion,
loftcfv,t3_1fmvnsk,t3_1fmvnsk,asheville,SpaceJunkie828,1727044910,2024-09-22 22:41,0,Asheville is a BYOJ city.,helene,community_discussion,
log3bxt,t3_1fmvnsk,t3_1fmvnsk,asheville,Bag_of_DIcksss,1727048464,2024-09-22 23:41,2,"Maybe reach out to 
 Southern Appalachian Highlands Conservancy 
https://appalachian.org/

Or Appalachian Trail Conservancy 
https://appalachiantrail.org/

Or Southern Highlands Craft Guild
https://southernhighlandguild.org/

Or NC Historic Sites
https://historicsites.nc.gov/about/employment-opportunities

I don't really know but good luck OP! 

I was making ""good money"" (for Asheville) ,but as a single income, rent very quickly outpaced what I was making",helene,community_discussion,
log3d5h,t3_1fmvnsk,t1_lofmyus,asheville,HeyAsheville,1727048476,2024-09-22 23:41,2,Do you have a source? It’s wild to think that’s true for the whole state.,helene,community_discussion,
loduu49,t3_1fmwqmz,t3_1fmwqmz,asheville,mavetgrigori,1727023003,2024-09-22 16:36,2,"https://www.buncombecounty.org/governing/depts/solid-waste/transfer-station.aspx

Listed there",helene,community_discussion,
lof1sax,t3_1fmwqmz,t3_1fmwqmz,asheville,sleepy_xia,1727035841,2024-09-22 20:10,2,They‘ll take it but I’m sure they’d rather you recycle it,helene,community_discussion,
lodriqa,t3_1fmwrnw,t3_1fmwrnw,asheville,Any-Road-4179,1727022051,2024-09-22 16:20,-6,Boo,helene,community_discussion,
lodtgdj,t3_1fmwrnw,t1_lodriqa,asheville,BennyFane,1727022607,2024-09-22 16:30,1,"I like the Eagles. But if the Saints are on, I’m cheering for them. Where are you watching the game?",helene,community_discussion,
lody042,t3_1fmwrnw,t1_lodtgdj,asheville,Any-Road-4179,1727023959,2024-09-22 16:52,1,"Same place for the last 20 years, At my buddy's house and it's the Panthers game.",helene,community_discussion,
loegeb9,t3_1fmwrnw,t3_1fmwrnw,asheville,appquacksation,1727029394,2024-09-22 18:23,2,There’s a Facebook group called ‘New Orleans Saints who dat nation of NC”. They all get together at a spot in West Asheville and are a good bunch I’ve heard.,helene,community_discussion,
loei63t,t3_1fmwrnw,t3_1fmwrnw,asheville,bmwlocoAirCooled,1727029933,2024-09-22 18:32,0,Burger Bar Haywood.  Lots o' TVs.,helene,community_discussion,
loejdls,t3_1fmwrnw,t3_1fmwrnw,asheville,Maleficent_Nerve1436,1727030311,2024-09-22 18:38,1,"Pats fan here, but go saints!!",helene,community_discussion,
lofj1e5,t3_1fmwrnw,t3_1fmwrnw,asheville,[deleted],1727041327,2024-09-22 21:42,1,[removed],helene,community_discussion,
lofsj6s,t3_1fmwrnw,t3_1fmwrnw,asheville,MindlessDribble828,1727044625,2024-09-22 22:37,2,"For future reference, go to VooDoo brewing on Sweeten Creek Rd.",helene,community_discussion,
loe4a6v,t3_1fmxxs6,t3_1fmxxs6,asheville,GetFitDriveFast,1727025866,2024-09-22 17:24,6,"It can be hit or miss. We find it’s better for cleaning supplies, toiletries and random consumables. It’s rare we grab anything edible there and be sure to check expiration dates if you do.",helene,community_discussion,
lofk9ju,t3_1fmxxs6,t1_loe4a6v,asheville,starchildx,1727041738,2024-09-22 21:48,2,Almost everything there had passed its best by date when I went there. I only buy stuff that’s past that date when it’s something special that I really like.,helene,community_discussion,
loflq7x,t3_1fmxxs6,t3_1fmxxs6,asheville,cubert73,1727042240,2024-09-22 21:57,3,When it first opened I got all kinds of really great stuff. Now it's basically Big Lots rejects. I haven't been in over a year because the quality of everything was just so bad.,helene,community_discussion,
loe9j8g,t3_1fmy27f,t3_1fmy27f,asheville,asheville-ModTeam,1727027374,2024-09-22 17:49,1,"We are removing your post/comment due to spam material. This includes but is not limited to content which is:

- Similar content repetitively posted within a short timeframe
- Intended to promote the poster, their brand/business, or a specific cause

Please see our full rules page for the specifics.
https://www.reddit.com/r/asheville/about/rules/",helene,community_discussion,
loe2cck,t3_1fmy989,t3_1fmy989,asheville,jecksluv,1727025291,2024-09-22 17:14,-13,Just marketing to morons. It's non-GMO and gluten free too!!,helene,community_discussion,
loe2rzz,t3_1fmy989,t3_1fmy989,asheville,Federal-Biscotti,1727025420,2024-09-22 17:17,7,https://ext.vt.edu/content/dam/ext_vt_edu/topics/food-health/food-business/infographics/Beef-Labeling-Infographic.pdf,helene,community_discussion,
loe3wsr,t3_1fmy989,t3_1fmy989,asheville,AffectionateFig5864,1727025755,2024-09-22 17:22,52,"Yeah, but only humane vegetarians who weren’t on antibiotics.",helene,community_discussion,
loe45hv,t3_1fmy989,t3_1fmy989,asheville,crapface1984,1727025827,2024-09-22 17:23,-4,"I feed my pets Vegetarians too, just incase I ever find myself in a survival situation I like knowing I helped rid the world of at least one vegetarian. /s",helene,community_discussion,
loe5nbk,t3_1fmy989,t3_1fmy989,asheville,_forgotmyname,1727026263,2024-09-22 17:31,3,"It’s vegetarian fed VS grain fed. Apparently grass fed (aka vegetarian fed) makes better meat than grain fed but is more expensive. 

No vegetarians were harmed in the raising of those cows.",helene,community_discussion,
loe5v92,t3_1fmy989,t3_1fmy989,asheville,BorisTheHangman,1727026328,2024-09-22 17:32,56,"[Mad Cow Disease](https://www.fda.gov/animal-veterinary/animal-health-literacy/all-about-bse-mad-cow-disease#:~:text=A%20cow%20gets%20BSE%20by,its%20first%20year%20of%20life) or Bovine Spongiform Encephalopathy (BSE):

The parts of a cow that are not eaten by people are cooked, dried, and ground into a powder. The powder is then used for a variety of purposes, including as an ingredient in animal feed. A cow gets BSE by eating feed contaminated with parts that came from another cow that was sick with BSE. The contaminated feed contains the abnormal prion, and a cow becomes infected with the abnormal prion when it eats the feed.  If a cow gets BSE, it most likely ate the contaminated feed during its first year of life.  Remember, if a cow becomes infected with the abnormal prion when it is one-year-old, it usually will not show signs of BSE until it is five-years-old or older.


How would you like your steak prepared this evening?",helene,community_discussion,
loe7rhn,t3_1fmy989,t3_1fmy989,asheville,2FightTheFloursThatB,1727026868,2024-09-22 17:41,35,"It remains legal in the US to feed cattle what is called ""poultry litter feed"" (the shit that they wash out of chicken growing warehouses).  

It is believed to be the cause of the outbreak of avian flu in cattle,  earlier this year,  and resulted in the death of at least one cattle worker

Also, ground up bones and feathers for calcium and other mineral supplements. 

But this multi-billion dollar industry attracts a lot of shady operators, from your local dairy farmer to the industry insiders that sneak into high positions at the FDA.

They outlawed feeding the blood of slaughtered animals to calves (as a substitute for their mother's milk, as that gets sold for human consumption), but it still goes on where enforcement is weak.",helene,community_discussion,
loe8ehi,t3_1fmy989,t3_1fmy989,asheville,HawkCee,1727027046,2024-09-22 17:44,1,Hilarious,helene,community_discussion,
loe8m44,t3_1fmy989,t1_loe5v92,asheville,Strong-Rise6221,1727027106,2024-09-22 17:45,21,Who could forget the videos Oprah showed. And then the ranchers sued her for 10 million.,helene,community_discussion,
loe9d40,t3_1fmy989,t3_1fmy989,asheville,Babsee,1727027324,2024-09-22 17:48,43,"Hickory Nut Gap is the way to go

[https://hickorynutgap.com/](https://hickorynutgap.com/)",helene,community_discussion,
loe9jjv,t3_1fmy989,t1_loe2cck,asheville,Strong-Rise6221,1727027377,2024-09-22 17:49,1,"300 people a year. This you?
https://youtu.be/oNk5hV0HFR0?si=xRHLLNrBqDMezTm2",helene,community_discussion,
loe9ta1,t3_1fmy989,t1_loe8m44,asheville,lightning_whirler,1727027453,2024-09-22 17:50,-2,"One famous video (I don't know if it was one of Oprah's) was a chicken producer who hired a guy to help him clean the cages. Instead of cleaning them the guy let them get especially dirty, then videoed it. 

Don't believe everything you see on TV.",helene,community_discussion,
loea6iq,t3_1fmy989,t1_loe9jjv,asheville,jecksluv,1727027560,2024-09-22 17:52,-3,"Wait, what? Only 300 people? That makes this one of the least likely things I could possibly die from.",helene,community_discussion,
loectof,t3_1fmy989,t1_loe5nbk,asheville,jephra,1727028329,2024-09-22 18:05,10,"Vegetarian fed and grain fed actually mean the same thing, as opposed to grass fed",helene,community_discussion,
loefsuy,t3_1fmy989,t1_loectof,asheville,_forgotmyname,1727029221,2024-09-22 18:20,3,"Oh fuck, thanks. Always assumed veg fed meant grass but that totally makes sense",helene,community_discussion,
loefvtm,t3_1fmy989,t1_loe9d40,asheville,ltdesigns,1727029244,2024-09-22 18:20,30,"Also if you are in their districts vote for John or Eric Ager, owners. They are excellent people who are truly invested in their communities and sustainability!!",helene,community_discussion,
loehnxg,t3_1fmy989,t1_loe9ta1,asheville,Strong-Rise6221,1727029779,2024-09-22 18:29,20,Well the jury ruled unanimously in Oprah’s favor because the videos were real and the ranchers didn’t get a dime.,helene,community_discussion,
loei6nh,t3_1fmy989,t1_loehnxg,asheville,lightning_whirler,1727029938,2024-09-22 18:32,0,The video taken at that chicken farm was real too.,helene,community_discussion,
loej0l0,t3_1fmy989,t3_1fmy989,asheville,stock_sloth,1727030198,2024-09-22 18:36,2,That’s to differentiate between the meat from cannibal cows…,helene,community_discussion,
loejp6b,t3_1fmy989,t1_loe9d40,asheville,rohm418,1727030411,2024-09-22 18:40,5,Found them about a year ago and haven't purchased any other beef since.,helene,community_discussion,
loem8gf,t3_1fmy989,t3_1fmy989,asheville,ireallyh8cats,1727031171,2024-09-22 18:52,2,Burger²,helene,community_discussion,
loeock4,t3_1fmy989,t1_loe8m44,asheville,Character_Guava_5299,1727031807,2024-09-22 19:03,4,Don’t bring Oprah into this pal!,helene,community_discussion,
loeoi96,t3_1fmy989,t3_1fmy989,asheville,strvld,1727031854,2024-09-22 19:04,0,"Well, I’m sure that the vegetarians had it coming",helene,community_discussion,
loetaio,t3_1fmy989,t1_loe9d40,asheville,zethren117,1727033288,2024-09-22 19:28,4,"Yeah, HNG is so good. We love them",helene,community_discussion,
loetgz7,t3_1fmy989,t1_loe9d40,asheville,Screaming_Emu,1727033341,2024-09-22 19:29,9,Brasstown in Franklin is also incredible.,helene,community_discussion,
loev4t9,t3_1fmy989,t1_loe9d40,asheville,thegonka95,1727033839,2024-09-22 19:37,1,100%,helene,community_discussion,
lof3f7y,t3_1fmy989,t1_loe3wsr,asheville,AchyBreaker,1727036336,2024-09-22 20:18,8,It's okay they are ethically sourced from only depressed vegetarians who agreed to suicide for the benefit of the cows. ,helene,community_discussion,
lof3o0y,t3_1fmy989,t1_lof3f7y,asheville,AffectionateFig5864,1727036412,2024-09-22 20:20,1,*agreed to martyrdom,helene,community_discussion,
lof482v,t3_1fmy989,t1_loe9d40,asheville,Electronic-Mine1724,1727036583,2024-09-22 20:23,10,"My manager who had a cooking channel on YouTube (first red flag) asked me why I wasted money on organic and/or pasture raised meat and I had to kindly explain that if I’m going to eat animal products I would rather eat things that lived a good life before making it to my plate. 

I would always be more than happy to pay a premium for HNG. I’ve pasted their farm on the way to hiking spots etc and it’s genuinely lovely.",helene,community_discussion,
lof6cpa,t3_1fmy989,t1_loefsuy,asheville,aRiskyUndertaking,1727037251,2024-09-22 20:34,1,"You can usually spot a grain fed piece of meat. It tends to be bright red as opposed to grass fed that is darker and usually less marbled. This is not a scientific way of distinction but a good rule of thumb as you shop various choices. Also, the cuts tend to be smaller with grass fed.",helene,community_discussion,
lof7zjv,t3_1fmy989,t3_1fmy989,asheville,Ok_Leg_6507,1727037760,2024-09-22 20:42,1,All of the meat at Ingles is actually pigeon meat,helene,community_discussion,
lofb2oz,t3_1fmy989,t1_loefvtm,asheville,AutoGearFiend,1727038727,2024-09-22 20:58,5,I've met him and know his wife. Amazing people and really down to earth.,helene,community_discussion,
loff1rl,t3_1fmy989,t3_1fmy989,asheville,mtnviewguy,1727040021,2024-09-22 21:20,-1,"That's vegan beef by proxy!  If you eat veggies, by definition, you ARE a veggie!

Enjoy your impossible burger, made from 100% vegetables, converted by a cow into a delicious beef patty!  It's the ultimate cycle of life! 👍😀🥩",helene,community_discussion,
lofg759,t3_1fmy989,t3_1fmy989,asheville,Substantial_Sky2649,1727040404,2024-09-22 21:26,1,https://www.newsweek.com/cow-eat-skittles-dairy-farmer-reveal-reason-1698035,helene,community_discussion,
lofk6jp,t3_1fmy989,t1_loem8gf,asheville,JournalistKnown5428,1727041710,2024-09-22 21:48,1,Steak\^3,helene,community_discussion,
lofufqv,t3_1fmy989,t3_1fmy989,asheville,Samael_Lucifero,1727045299,2024-09-22 22:48,7,They feed cows whatever cheap calorie rich shit they can. Yes they will feed cows beef byproducts.,helene,community_discussion,
log49k7,t3_1fmy989,t3_1fmy989,asheville,MtnMaiden,1727048802,2024-09-22 23:46,14,"bro...if you knew what goes on in the meat industry.

The Pork industry especially. 

There's a reason why China bought almost all the pig farms in America and ship the meat to China.

Smithfield Foods, yes that one.  Largest landowner of farms in America, held by the Chinese.  Capitalism Fuck Yea",helene,community_discussion,
loe8l60,t3_1fmyqsb,t3_1fmyqsb,asheville,AffectionateFig5864,1727027099,2024-09-22 17:44,10,Well thank you!  A lil dose of seasonal poetry might be just what our sub needs before another week of the usual drama.  Happy Equinox! 🍂,helene,community_discussion,
loe927s,t3_1fmyqsb,t1_loe8l60,asheville,SweetOsmanthus,1727027235,2024-09-22 17:47,3,Hehe it certainly can’t hurt 😊,helene,community_discussion,
loe96xb,t3_1fmyqsb,t3_1fmyqsb,asheville,Fit_Albatross7454,1727027274,2024-09-22 17:47,7,blessed be! im also celebrating tonight!,helene,community_discussion,
loeficr,t3_1fmyqsb,t3_1fmyqsb,asheville,GeorgeBushTwinTowers,1727029138,2024-09-22 18:18,1,Nerd,helene,community_discussion,
loecouh,t3_1fmz6oy,t3_1fmz6oy,asheville,SuperbFuck,1727028289,2024-09-22 18:04,39,"Nice, only $9k less than what I make!",helene,community_discussion,
loefze6,t3_1fmz6oy,t3_1fmz6oy,asheville,shrimp-and-potatoes,1727029272,2024-09-22 18:21,9,https://preview.redd.it/4d9yoylpkeqd1.jpeg?width=1200&format=pjpg&auto=webp&s=116e9e8c1d290337f2bae806adcda58744861e23,helene,community_discussion,
loejnlt,t3_1fmz6oy,t3_1fmz6oy,asheville,demonslayercorpp,1727030397,2024-09-22 18:39,4,What’s crazy is if you have a parent that works at a college you can usually get free or half off admission I got half my sister who went to a different branch still got 25% off. One thing I’ve learned is if they can afford discounts they could afford that to be the normal price,helene,community_discussion,
loet9im,t3_1fmz6oy,t3_1fmz6oy,asheville,wncpeaks,1727033279,2024-09-22 19:27,66,"Slightly less for the children of the rich to cosplay as farmers, sounds good!",helene,community_discussion,
lof505i,t3_1fmz6oy,t1_loet9im,asheville,Jumpy_Marketing9093,1727036826,2024-09-22 20:27,50,It’s almost like a preparatory school for living in Marshall.,helene,community_discussion,
lofqjt8,t3_1fmz6oy,t3_1fmz6oy,asheville,Better_Ad_8307,1727043926,2024-09-22 22:25,44,"A friend is there on partial scholarship, she pays 12k a year.",helene,community_discussion,
lofs6yl,t3_1fmz6oy,t3_1fmz6oy,asheville,Taskr36,1727044507,2024-09-22 22:35,-16,They're really trying to win over those kids who want an overpriced degree in Gender Studies.,helene,community_discussion,
loftdof,t3_1fmz6oy,t3_1fmz6oy,asheville,lauradiamandis,1727044922,2024-09-22 22:42,19,"so 100k for an absolutely useless degree? 
(don’t come at me, I went to UNCA, I know the pain)",helene,community_discussion,
lofysvk,t3_1fmz6oy,t3_1fmz6oy,asheville,Roscoe_Farang,1727046848,2024-09-22 23:14,6,I lived with a guy who graduated from Warren Wilson and went for free bc his dad was a professor at another small school in California.  He was working security.,helene,community_discussion,
lofyzfk,t3_1fmz6oy,t3_1fmz6oy,asheville,MtnMaiden,1727046913,2024-09-22 23:15,-6,UNCA offers free tuition for 4 years :),helene,community_discussion,
lofzoq3,t3_1fmz6oy,t3_1fmz6oy,asheville,SpeakerOfMyMind,1727047165,2024-09-22 23:19,16,"Damn, I knew we had a reputation, but not quite like I thought.",helene,community_discussion,
log1wlh,t3_1fmz6oy,t1_lof505i,asheville,BigmamaOF,1727047954,2024-09-22 23:32,14,I snorted!!,helene,community_discussion,
log34jx,t3_1fmz6oy,t1_loftdof,asheville,the_continuum,1727048390,2024-09-22 23:39,18,"Hey, UNCA has great programs! Happy to have graduated from there and wouldn’t have traded it for any other school",helene,community_discussion,
loecd5g,t3_1fmz8l8,t3_1fmz8l8,asheville,Cash4Duranium,1727028193,2024-09-22 18:03,29,I'm confused. Are we eating the cats and dogs or not?,helene,community_discussion,
loed5al,t3_1fmz8l8,t3_1fmz8l8,asheville,[deleted],1727028424,2024-09-22 18:07,1,[removed],helene,community_discussion,
loee6w7,t3_1fmz8l8,t3_1fmz8l8,asheville,peace_point,1727028739,2024-09-22 18:12,7,Who’s eating bugs?,helene,community_discussion,
loef2wl,t3_1fmz8l8,t3_1fmz8l8,asheville,LimeGreenTangerine97,1727029008,2024-09-22 18:16,6,What in the actual,helene,community_discussion,
loefxwr,t3_1fmz8l8,t1_loecd5g,asheville,lightning_whirler,1727029260,2024-09-22 18:21,-13,You do you.,helene,community_discussion,
loegckq,t3_1fmz8l8,t3_1fmz8l8,asheville,lightning_whirler,1727029379,2024-09-22 18:22,5,">And then there’s the biggest selling point: Devouring bugs instead of methane-producing livestock is an easy, excellent way to deliver quality nutrition to the masses of humanity while helping the environment.

[https://www.cnn.com/2019/10/25/health/insects-feed-save-planet-wellness/index.html](https://www.cnn.com/2019/10/25/health/insects-feed-save-planet-wellness/index.html)",helene,community_discussion,
loei90h,t3_1fmz8l8,t3_1fmz8l8,asheville,HawkCee,1727029959,2024-09-22 18:32,-2,Beef Tacos,helene,community_discussion,
loeie0z,t3_1fmz8l8,t3_1fmz8l8,asheville,jmac_1957,1727030002,2024-09-22 18:33,4,Screw balls,helene,community_discussion,
loeiu93,t3_1fmz8l8,t3_1fmz8l8,asheville,2FightTheFloursThatB,1727030143,2024-09-22 18:35,8,Weirdos in Henderson County is a common as pumpkin spice in every godsdamned product in the Autumn.,helene,community_discussion,
loelg8z,t3_1fmz8l8,t3_1fmz8l8,asheville,Agreeable_Sense9618,1727030935,2024-09-22 18:48,20,"Sorry, I need a place to use one of my favorite memes.

https://preview.redd.it/odncxcfnpeqd1.jpeg?width=732&format=pjpg&auto=webp&s=02a3b13b46a15b574a6b3d36be09e0a765cd67d5",helene,community_discussion,
loepode,t3_1fmz8l8,t3_1fmz8l8,asheville,8-BitFrankenstein,1727032205,2024-09-22 19:10,5,"Considering that heart disease is one of the leading causes of death in the US, maybe we shouldn't eat so much beef.",helene,community_discussion,
loeqb73,t3_1fmz8l8,t1_loeie0z,asheville,sallothered,1727032391,2024-09-22 19:13,3,Well that's just unfair to balls,helene,community_discussion,
loeqnxl,t3_1fmz8l8,t1_loee6w7,asheville,ngtac,1727032497,2024-09-22 19:14,6,"According to Truth Social, the Lib Lunch is all the rage these days, featuring a smorgasbord of various and assorted sprouts, fake meat, and/or sautéed insects.",helene,community_discussion,
loeqyls,t3_1fmz8l8,t1_loee6w7,asheville,Livid_Zucchini_1625,1727032583,2024-09-22 19:16,5,you don't eat praying mantises for breakfast?   weirdo,helene,community_discussion,
loeuw50,t3_1fmz8l8,t1_loepode,asheville,zethren117,1727033769,2024-09-22 19:36,4,"The American diet really could use less red meat in general, absolutely. It would be healthier for us all, and industrial farming is actually a horrific and wasteful practice. 

If you can, buy from local farms and markets. That would be the best way to cut down on corporate industrial farming, and you’ll be much happier and healthier as well.",helene,community_discussion,
loew5nz,t3_1fmz8l8,t3_1fmz8l8,asheville,SirTeddles,1727034146,2024-09-22 19:42,1,Ives seen a few of these now. Buncombe Henderson and Transylvania County.,helene,community_discussion,
loewgyl,t3_1fmz8l8,t3_1fmz8l8,asheville,asheville-ModTeam,1727034240,2024-09-22 19:44,1,"We are removing your post/comment due to trolling related behavior. This includes but is not limited to:

- Inflammatory and digressive behavior
- Extraneous, or off-topic messages
- Intentional deception
- Posts with little substance that invite ridicule at a person or group of people (car owners, parents with children, cyclists, etc)

Please see our full rules page for the specifics.
https://www.reddit.com/r/asheville/about/rules/",helene,community_discussion,
loews54,t3_1fmz8l8,t3_1fmz8l8,asheville,IveMadeAHugeMistake,1727034333,2024-09-22 19:45,0,"Hi OP, I removed your post due to the text saying ""brain rot"". You can repost with a less inflammatory word choice.",helene,community_discussion,
loext1c,t3_1fmz8l8,t1_loeuw50,asheville,8-BitFrankenstein,1727034635,2024-09-22 19:50,3,I started drinking more Huel to get my protein in and I've felt so much better after cutting down my meat intake. I mean I love meat but I feel so much better eating a small portion of it once a day.,helene,community_discussion,
lof5d2z,t3_1fmz8l8,t3_1fmz8l8,asheville,H2Bro88,1727036939,2024-09-22 20:28,1,"Saw several of these in Mills River over the weekend, this is truly what desperation looks like. It's weird because it's like the Republican candidates have such moral fiber they could be campaigning on, or popular policies etc. right? ...right?",helene,community_discussion,
loecmhg,t3_1fmzayz,t3_1fmzayz,asheville,Campfire77,1727028270,2024-09-22 18:04,2,Mount Patisserie for Wedding Cake and Terra Firma for Food. Stefanie Irene for Photos.,helene,community_discussion,
loecrjj,t3_1fmzayz,t1_loecmhg,asheville,Strawberry_Poptart,1727028311,2024-09-22 18:05,1,Thanks!,helene,community_discussion,
loes7b9,t3_1fmzayz,t3_1fmzayz,asheville,Xina123,1727032962,2024-09-22 19:22,2,You could try reaching out to Unifire Theater for fire performances. They’re great.,helene,community_discussion,
loeu9nk,t3_1fmzayz,t1_loes7b9,asheville,Strawberry_Poptart,1727033579,2024-09-22 19:32,1,I will! Thanks!,helene,community_discussion,
lof22cs,t3_1fmzayz,t3_1fmzayz,asheville,BlockedOverGuac,1727035926,2024-09-22 20:12,2,"Not a quartet and a copy/paste from previous post but …

BellaNova Strings out of Greenville was phenomenal for our wedding weekend.

They played the GOT music, Shallow by Gaga (absolutely stunning rendition), and my best friend Rick Rolled me at our rehearsal. The last one wasn't pre planned but she asked and they obliged on the spot.

13/10 would hire again.",helene,community_discussion,
lof4yxn,t3_1fmzayz,t3_1fmzayz,asheville,asheville-ModTeam,1727036815,2024-09-22 20:26,1,"We are removing this post because you're asking about moving to or visiting Asheville. We have a dedicated, weekly pinned thread for all visiting/moving questions. This thread resets every Monday morning. Please feel free to repost your question there!

If you can't find the pinned thread, try clicking on r/asheville and then sorting the list by 'Hot'. The pinned thread will be the first topic! If on the app, it may be under a hidden dropdown menu.

(Note that all visiting/moving inquiries posted outside the pinned thread will be removed **even if you live here and are asking for a friend/relative**)",helene,community_discussion,
loeddff,t3_1fmzi9g,t3_1fmzi9g,asheville,firestarsupermama,1727028490,2024-09-22 18:08,5,The nature center,helene,community_discussion,
loedymf,t3_1fmzi9g,t3_1fmzi9g,asheville,GeorgeBushTwinTowers,1727028669,2024-09-22 18:11,-1,Hot Spot,helene,community_discussion,
loeegy6,t3_1fmzi9g,t3_1fmzi9g,asheville,Campfire77,1727028824,2024-09-22 18:13,4,Azalea Park,helene,community_discussion,
loei5qn,t3_1fmzi9g,t3_1fmzi9g,asheville,ClimbaClimbaCameleon,1727029930,2024-09-22 18:32,1,There’s trails that link up with the mountain to sea trail just a mile east of that Walmart.,helene,community_discussion,
loekuxs,t3_1fmzi9g,t1_loei5qn,asheville,KaliberGareth,1727030759,2024-09-22 18:45,1,Is there a cerain map site to see where those start?,helene,community_discussion,
loekxe5,t3_1fmzi9g,t3_1fmzi9g,asheville,Kenilwort,1727030778,2024-09-22 18:46,2,Kenilworth Forest?,helene,community_discussion,
loelnve,t3_1fmzi9g,t1_loekxe5,asheville,KaliberGareth,1727030998,2024-09-22 18:49,1,Sounds like the right setting! Is there trails or anything to look up for getting in it?,helene,community_discussion,
loem3zn,t3_1fmzi9g,t3_1fmzi9g,asheville,No-Personality1840,1727031133,2024-09-22 18:52,1,There’s a trail just below the nature center.  Forget the name of it but you can walk around there and around the soccer fields. If you’re game you can also drive up to the Folk Art Center center and hike the little trail beside that.,helene,community_discussion,
lof0h81,t3_1fmzi9g,t1_loelnve,asheville,Kenilwort,1727035444,2024-09-22 20:04,1,Uh no it's just a neighborhood next to the mall. Not really sure what you're looking for. It's pretty chill though. There is a small wooded section.,helene,community_discussion,
lof1p2o,t3_1fmzi9g,t1_loelnve,asheville,Kenilwort,1727035813,2024-09-22 20:10,1,"Hope this helps!

https://preview.redd.it/p4wlzap54fqd1.png?width=2376&format=png&auto=webp&s=cdb474b6af80720bb721a1d1c2e29165fd7152ca",helene,community_discussion,
lof9sai,t3_1fmzi9g,t1_lof1p2o,asheville,KaliberGareth,1727038323,2024-09-22 20:52,1,"Majorly, ty so much for taking the time",helene,community_discussion,
lofcxoj,t3_1fmzi9g,t3_1fmzi9g,asheville,cblzst,1727039324,2024-09-22 21:08,2,"the parkway is just a couple miles from there. if you hop in at 74A, you can park right at the entrance/exit ramps and hike along the MTS trail",helene,community_discussion,
log5ey5,t3_1fmzi9g,t1_lofcxoj,asheville,KaliberGareth,1727049234,2024-09-22 23:53,2,Ty for this!,helene,community_discussion,
loekt6m,t3_1fn0565,t3_1fn0565,asheville,CarpeMuerte,1727030744,2024-09-22 18:45,91,"The fence could make it challenging to use...

I am glad to see them making the effort. Hopefully it's self cleaning like some in Japan?",helene,community_discussion,
loemnj0,t3_1fn0565,t1_loekt6m,asheville,sleepy_xia,1727031298,2024-09-22 18:54,9,not self cleaning but easily cleaned [https://en.wikipedia.org/wiki/Portland\_Loo](https://en.wikipedia.org/wiki/Portland_Loo),helene,community_discussion,
loeo8vt,t3_1fn0565,t3_1fn0565,asheville,Low-Tumbleweed-5793,1727031777,2024-09-22 19:02,9,It's the Master's new TARDIS.,helene,community_discussion,
loeofdk,t3_1fn0565,t1_loekt6m,asheville,RelayFX,1727031830,2024-09-22 19:03,-22,Not for the local crackheads it won’t. They’ve probably used it already.,helene,community_discussion,
loep4g9,t3_1fn0565,t3_1fn0565,asheville,OutsideInspection958,1727032038,2024-09-22 19:07,4,https://mountainx.com/news/new-24-hour-restroom-coming-to-downtown/,helene,community_discussion,
loepinu,t3_1fn0565,t1_loeofdk,asheville,OutsideInspection958,1727032156,2024-09-22 19:09,7,It has lighting that prevents veins from being visible… so one can’t shoot up inside… also the bottom is open air so if folks are lying down they will be visible.,helene,community_discussion,
loeqrbm,t3_1fn0565,t1_loepinu,asheville,RelayFX,1727032524,2024-09-22 19:15,3,https://preview.redd.it/6tsqfimdueqd1.jpeg?width=258&format=pjpg&auto=webp&s=a2089907413c863966a5b7c0e80d4d7fad332a28,helene,community_discussion,
loeusqb,t3_1fn0565,t3_1fn0565,asheville,GeorgeBushTwinTowers,1727033741,2024-09-22 19:35,-1,I can’t wait to scribble DADBOD on the inside of it,helene,community_discussion,
loev14n,t3_1fn0565,t3_1fn0565,asheville,qqq_lazzarus,1727033810,2024-09-22 19:36,11,Very tangentially related but that movie Perfect Days…I recommend it. Lovely film. But that’s kind of Wenders’ speciality.,helene,community_discussion,
loew1l4,t3_1fn0565,t3_1fn0565,asheville,rollotherottie,1727034112,2024-09-22 19:41,-7,what is proper etiquet if you go to use it and someone is passed out on the floor?  Use it or drag the person outside before using it.,helene,community_discussion,
loexpcb,t3_1fn0565,t1_loekt6m,asheville,less_butter,1727034605,2024-09-22 19:50,146,"Fuck self-cleaning toilets. I used one in Atlanta once and it was a huge fucking disaster.

I went in there because I was having a bathroom emergency. As soon as I closed the door and got down to business, the automated voice says ""no movement detected, unlocking door in 30 seconds"". I waved my hands around, nothing. ""no movement detected, unlocking door in 20 seconds"". At this point I really couldn't get off the toilet. Also, the toilet paper dispense was automated too and I'd wave my hands and a single TP square was released. Then I'd have to wait 5-10 seconds to wave my hands again for another square.

Anyway, after the time was up, the door unlocked and some poor lady opened it. I apologized profusely and said I'm not done and asked her to please close the door. 

I was worried that it was about to go into cleaning mode while I was in there so I did my best to hurry. When I tried to wash my hands, the water dispenser was just as bad at the TP dispenser, it would run water for like 2 seconds and then I'd have to wait 5-10 seconds to get more water. There was no soap.

I finally left and the lady was still standing there and I warned her not to use it. She said ""I have to"" and went in. I stood there and guarded the door for her so nobody else would try to open it. When she came out she said the toilet was horrible and the city wasted their money.

I wrote an email to the parks department to complain, they never responded.",helene,community_discussion,
loezbd5,t3_1fn0565,t3_1fn0565,asheville,Huge_Cry_2007,1727035092,2024-09-22 19:58,9,In concept it’s nice and useful. In reality people who actually need to use the bathroom won’t feel safe going and it’ll be used mostly for iv drug use,helene,community_discussion,
loezuva,t3_1fn0565,t3_1fn0565,asheville,Lets_keep_It_Clean,1727035257,2024-09-22 20:00,3,Can’t wait to hear people pooping and screwing in here as I walk by.,helene,community_discussion,
lof0blu,t3_1fn0565,t3_1fn0565,asheville,Lets_keep_It_Clean,1727035397,2024-09-22 20:03,1,Can we name it “The Roney”?,helene,community_discussion,
lof443e,t3_1fn0565,t3_1fn0565,asheville,Saucespreader,1727036549,2024-09-22 20:22,-6,Corruption at its finest… what a joke,helene,community_discussion,
lof4f6j,t3_1fn0565,t1_loezuva,asheville,Jumpy_Marketing9093,1727036644,2024-09-22 20:24,2,Hopefully at the same time!!,helene,community_discussion,
lof4znh,t3_1fn0565,t1_loeqrbm,asheville,AffectionateFig5864,1727036822,2024-09-22 20:27,14,"It won’t prevent it, but [it may increase safety hazards for anyone who uses those bathrooms](http://www.bccdc.ca/resource-gallery/Documents/Educational%20Materials/Epid/Other/BCCDC_Blue_Lights_%20Position%20Statement.pdf), whether they’re injecting or just there to pee.  Also, from the perspective of anyone who works in overdose prevention, the blue lights are a massive liability.",helene,community_discussion,
lof6ks5,t3_1fn0565,t1_loew1l4,asheville,AffectionateFig5864,1727037320,2024-09-22 20:35,29,"It doesn’t sound like you’re asking out of sincerity or concern, but the answer is, check to see if they are breathing.  If not, or if the breath is agonized, and they are not responding to stimuli like yelling or pinching, you call 911.",helene,community_discussion,
lof8p0b,t3_1fn0565,t3_1fn0565,asheville,Regular-Yogurt9231,1727037984,2024-09-22 20:46,7,I bet I could clog it w a morning dump after eating at 12 bones.  Anyone else up for a challenge?,helene,community_discussion,
lofcxhx,t3_1fn0565,t1_loexpcb,asheville,curse-free_E212,1727039323,2024-09-22 21:08,83,"I feel bad admitting that I cried laughing reading this, but you may have a gift for comedic story telling. Also, very nice of you to help the next person.",helene,community_discussion,
lofduja,t3_1fn0565,t1_loexpcb,asheville,Suntzu6656,1727039623,2024-09-22 21:13,10,"I don't think restroom technology is quite there yet.

Sinks that are motion operated and towel dispensers not up to snuff half the time.",helene,community_discussion,
lofe3wf,t3_1fn0565,t3_1fn0565,asheville,kjsmith4ub88,1727039711,2024-09-22 21:15,20,This will be closed within 6 months.,helene,community_discussion,
lofj1w1,t3_1fn0565,t3_1fn0565,asheville,mtnviewguy,1727041331,2024-09-22 21:42,-16,"For God's sake, vote for any non incumbent in November if given the option!  This should be a criminal misuse of taxpayer money!",helene,community_discussion,
lofk4df,t3_1fn0565,t1_loexpcb,asheville,rtoyraven,1727041689,2024-09-22 21:48,23,You get three guesses as to \*why\* it was designed that way.,helene,community_discussion,
lofknpd,t3_1fn0565,t3_1fn0565,asheville,lightning_whirler,1727041870,2024-09-22 21:51,-16,One toilet. For all of downtown Asheville. Sigh.,helene,community_discussion,
loflpnb,t3_1fn0565,t1_lofknpd,asheville,MindlessDribble828,1727042235,2024-09-22 21:57,8,Dude there are tons of bathrooms in downtown if you look hard enough.  As well as a perfectly good parking garage next to this to piss in!,helene,community_discussion,
loflv93,t3_1fn0565,t1_loflpnb,asheville,lightning_whirler,1727042288,2024-09-22 21:58,-2,"Yes, that's my point. Why spend all that money for one outhouse?",helene,community_discussion,
lofmdvj,t3_1fn0565,t3_1fn0565,asheville,Turbulent-Today830,1727042466,2024-09-22 22:01,2,You can thank both the government AND government contractor who GOUGE THE PHAQ 🧀 💸 outta taxpayers,helene,community_discussion,
loforwi,t3_1fn0565,t3_1fn0565,asheville,Judaspriestbarbers,1727043312,2024-09-22 22:15,-7,600 what-now?!,helene,community_discussion,
lofq97y,t3_1fn0565,t1_loezuva,asheville,beaverlakenc,1727043824,2024-09-22 22:23,0,"Only people who can't get laid, get jealous of the homeless getting laid.   Very sad",helene,community_discussion,
lofqcc2,t3_1fn0565,t1_loemnj0,asheville,SpeakerOfMyMind,1727043854,2024-09-22 22:24,17,"Why is OP saying $600k? Unless they bought 6 of these, wiki says they are $96k each.",helene,community_discussion,
lofqq07,t3_1fn0565,t3_1fn0565,asheville,trvlg,1727043986,2024-09-22 22:26,-10,All Asheville politicians should be replaced over this one.  What a waste.,helene,community_discussion,
lofqzfo,t3_1fn0565,t1_loflv93,asheville,MindlessDribble828,1727044077,2024-09-22 22:27,1,It’s the American way!!,helene,community_discussion,
lofr2pg,t3_1fn0565,t3_1fn0565,asheville,sayyyywhat,1727044110,2024-09-22 22:28,-10,I walked past this last week. $600k?!,helene,community_discussion,
lofusqy,t3_1fn0565,t1_lofq97y,asheville,Jumpy_Marketing9093,1727045427,2024-09-22 22:50,1,I’m not jealous. I saw a couple porking while a 3rd jacked off between the wall and the dumpster of heiwa last weekend. Sadly I don’t think they were homeless though. The bedazzled denim jacket and brand name baseball hats had me thinking they had just recently left either the lazy Diamond or one of the other Lexington Avenue establishments.,helene,community_discussion,
lofv53s,t3_1fn0565,t1_lofqcc2,asheville,katyggls,1727045550,2024-09-22 22:52,59,"There's [an article](https://mountainx.com/news/new-24-hour-restroom-coming-to-downtown/) about it that says:

>In spring 2021, Asheville received $26.2 million in federal funding from the American Rescue Plan Act, a COVID-19 relief package passed by Congress earlier that year. Council voted at its May 10, 2022, meeting to allocate $650,000 toward “the modernization and upgrade of downtown restroom facilities,” along with [30 other city projects](https://www.ashevillenc.gov/projects/arpa-american-rescue-plan-act-engagement/) relating to homelessness, affordable housing, climate change, domestic violence prevention and assistance, among others.

So yeah, they did not pay 600k for one restroom. They spent 650k for the modernization and upgrade of ALL downtown bathrooms, including this new one, plus a whole bunch of other projects to assist with the homeless, housing, climate, and domestic violence. Honestly sounds like they made extremely efficient use of the money.",helene,community_discussion,
lofvzhy,t3_1fn0565,t3_1fn0565,asheville,iengleba,1727045848,2024-09-22 22:57,30,"People complaining about this need to do some research. Yes, the upfront cost for this toilet is expensive and seems crazy. However the cost to maintain it is cheaper than other options. It will end up saving the city money in the long run.",helene,community_discussion,
lofwi6k,t3_1fn0565,t1_lofv53s,asheville,SpeakerOfMyMind,1727046031,2024-09-22 23:00,31,"Ah, thank you! So either OP is ignorant or misleading, maybe both.",helene,community_discussion,
lofylhv,t3_1fn0565,t1_loeo8vt,asheville,jazzfruit,1727046775,2024-09-22 23:12,20,The Turdis?,helene,community_discussion,
lofzfne,t3_1fn0565,t1_lofvzhy,asheville,jazzfruit,1727047075,2024-09-22 23:17,34,This individual toilet cost less than $100k. The cost would go down if they were more commonplace. We have to start somewhere…,helene,community_discussion,
log0277,t3_1fn0565,t1_lofj1w1,asheville,jazzfruit,1727047298,2024-09-22 23:21,10,"I want to vote for more toilets and more pedestrian friendly architecture. This toilet cost less than $100k and was funded by a federal grant for this category of spending. If this toilet was more commonplace, it would be cheaper to build.",helene,community_discussion,category
log1ivp,t3_1fn0565,t3_1fn0565,asheville,MtnMaiden,1727047815,2024-09-22 23:30,8,"So...bidet?

Or toilet paper...like a savage",helene,community_discussion,
loere3r,t3_1fn0yy4,t3_1fn0yy4,asheville,GeorgeBushTwinTowers,1727032713,2024-09-22 19:18,-1,Post Office,helene,community_discussion,
loez58h,t3_1fn0yy4,t3_1fn0yy4,asheville,WarmlyIrritable,1727035039,2024-09-22 19:57,2,I was able to get mine filled (well after it supposed to be) from Ingles.  I worked with my doctor and switched to the IRs for this month.  My Dr. seemed to be very aware of the shortage.,helene,community_discussion,
lof77sz,t3_1fn0yy4,t3_1fn0yy4,asheville,VTBT,1727037521,2024-09-22 20:38,2,Try walgreens corner of airport rd & Hendersonville rd,helene,community_discussion,
lof1sin,t3_1fn1o97,t3_1fn1o97,asheville,GeorgeBushTwinTowers,1727035843,2024-09-22 20:10,-4,Try biking down 26,helene,community_discussion,
lof23qw,t3_1fn1o97,t3_1fn1o97,asheville,Kenilwort,1727035937,2024-09-22 20:12,24,"I love that bridge, one of the more bikable things in town.",helene,community_discussion,
lof27vf,t3_1fn1o97,t3_1fn1o97,asheville,SweetOsmanthus,1727035970,2024-09-22 20:12,6,Alright who found the hidden treasure?,helene,community_discussion,
lof537a,t3_1fn1o97,t3_1fn1o97,asheville,Saucespreader,1727036852,2024-09-22 20:27,11,trash everywhere… what a beautiful city ruined by a selfish few,helene,community_discussion,
lof5ady,t3_1fn1o97,t3_1fn1o97,asheville,footdragon,1727036915,2024-09-22 20:28,86,a 9 score is justified...a terrible bike infrastructure.,helene,community_discussion,
lof5pnr,t3_1fn1o97,t3_1fn1o97,asheville,heavenstarcraft,1727037051,2024-09-22 20:30,7,The guy on the blue ridge parkway with 20 cars behind him wanting to pass gives asheville 5 stars,helene,community_discussion,
lof76df,t3_1fn1o97,t3_1fn1o97,asheville,fuzzdoomer,1727037508,2024-09-22 20:38,0,"Poor guy should have went just over the mountains to the tri cities. MUCH better biking experience. Asheville, time to clean up.  It's too beautiful not to.",helene,community_discussion,
lof95yg,t3_1fn1o97,t3_1fn1o97,asheville,Creepy_Borat,1727038129,2024-09-22 20:48,9,"Love how he says he doesn't understand why it deserves such a low score, and also that he didn't see anything to raise that score.",helene,community_discussion,
lof9ixy,t3_1fn1o97,t3_1fn1o97,asheville,Left_Percentage_527,1727038241,2024-09-22 20:50,-23,I feel like this whole city  ( at least the north side) is geared to accommodate bikers.,helene,community_discussion,
lofb5jj,t3_1fn1o97,t1_lof5pnr,asheville,etagloh1,1727038752,2024-09-22 20:59,1,If it’s not the commuter section then enjoy the view.,helene,community_discussion,
lofbwzy,t3_1fn1o97,t1_lof5pnr,asheville,losnalgenes,1727038996,2024-09-22 21:03,27,Id rather be behind a bicycle than a motorist going 20 below the speed limit for 20 miles. I’ve never been unable to pass a cyclist safely in a timely manner,helene,community_discussion,
lofc46v,t3_1fn1o97,t1_lof537a,asheville,8-BitFrankenstein,1727039062,2024-09-22 21:04,-4,"Jesus wept, for there were no more worlds to conquer.",helene,community_discussion,
lofda6n,t3_1fn1o97,t1_lof5ady,asheville,pantsattack,1727039437,2024-09-22 21:10,-27,"You know, it’s not made for bikes but I really don’t think it’s that bad. But I think his point about whether you’ve ridden with cars before or not is super valid. For a beginner, being forced into traffic sucks. For someone with experience around cars, it’s totally fine.",helene,community_discussion,
lofdcuu,t3_1fn1o97,t1_lof9ixy,asheville,Mortonsbrand,1727039461,2024-09-22 21:11,0,"From UNCA to downtown it’s not exactly geared to them, but it’s pretty bikeable. But also that’s a fairly small percentage of the city.",helene,community_discussion,
lofdulu,t3_1fn1o97,t1_lof9ixy,asheville,isprayaxe,1727039624,2024-09-22 21:13,17,"Afaik there are no protected bike lanes at all in North Asheville, aside from the greenway.",helene,community_discussion,
lofeapf,t3_1fn1o97,t1_lof27vf,asheville,isprayaxe,1727039772,2024-09-22 21:16,3,I looked for it a bit today but couldn't find it. Perhaps it's already found?,helene,community_discussion,
lofeyxg,t3_1fn1o97,t3_1fn1o97,asheville,etagloh1,1727039994,2024-09-22 21:19,5,"I do not get why the directions sent him over the Bowen Bridge and the Hillcrest overpass, tbh. If I were coming into town from the west or back out to Munoz I’d go Clingman / Haywood Road. Yeah, the slopes either side of the river are pretty steep but if you’re a decent cyclist you’ve got the legs for that. That’s where I actually see cyclists.",helene,community_discussion,
loffuqd,t3_1fn1o97,t3_1fn1o97,asheville,SpringVegetable,1727040289,2024-09-22 21:24,26,"That rating doesn't surprise me

Especially considering 50% of this sub openly hates on cyclists and wants them off the road 

I've even encountered people here wishing harm on cyclists, it's really gross",helene,community_discussion,
lofh9o3,t3_1fn1o97,t1_lofda6n,asheville,EGGlNTHlSTRYlNGTlME,1727040756,2024-09-22 21:32,22,"Except for all the impatient drivers that post here every time they’re stuck behind a cyclist.  Or the cyclist that was hit and killed a couple of months ago.

It’s absurd that we require a healthy, emission-free, silent transportation method to share a road with the worst urban transportation method on earth.  And they’re completely defenseless, just hoping all the drivers are paying attention?  Crazy 

Especially with e-bikes available now, and the fact that we have a record number of seniors in mobility scooters, it just seems like a no-brainer to prioritize separate annd safer infrastructure.  It’s both local-friendly and tourist-friendly.",helene,community_discussion,
lofhhiy,t3_1fn1o97,t1_lofbwzy,asheville,EGGlNTHlSTRYlNGTlME,1727040826,2024-09-22 21:33,15,I suspect you have a reasonable definition for “timely” though,helene,community_discussion,
lofhq4z,t3_1fn1o97,t1_lof5pnr,asheville,EGGlNTHlSTRYlNGTlME,1727040903,2024-09-22 21:35,14,"Yes, that’s the law.  We have lots of other roads if you find that one too slow.  The cyclist is just as entitled to be there as you are.",helene,community_discussion,
lofi66w,t3_1fn1o97,t1_lofdulu,asheville,EGGlNTHlSTRYlNGTlME,1727041048,2024-09-22 21:37,15,That’s how biased the whole conversation is thanks to cultural carbrain.  “We painted a line to protect you!  What more do you want?!”,helene,community_discussion,
lofjm4i,t3_1fn1o97,t3_1fn1o97,asheville,jephra,1727041518,2024-09-22 21:45,7,Shout-out to Taqueria Munoz!,helene,community_discussion,
lofksnt,t3_1fn1o97,t1_lofda6n,asheville,duramus,1727041918,2024-09-22 21:51,43,"I have lots of experience riding in traffic and I am just going to have to disagree.


Asheville has so many roads with no shoulder or bike lane (so nowhere to bail out of you're bout to get hit) and curvy, hilly roads with lots of elevation changes, all of which decreases sightlines for drivers. And of course drivers drive crazier than ever and everyone is texting and driving. 


Someone said once, if you want to bike around Asheville, buy a mountain bike or gravel bike and get off the roads so you don't get killed ",helene,community_discussion,
lofl2ag,t3_1fn1o97,t1_lof5pnr,asheville,duramus,1727042010,2024-09-22 21:53,23,As a cyclist and a driver I can confidently say I have been inconvenienced and slowed down by other drivers thousands and thousands of times more than I have been inconvenienced by cyclists ,helene,community_discussion,
lofqhpc,t3_1fn1o97,t3_1fn1o97,asheville,Low-Tumbleweed-5793,1727043906,2024-09-22 22:25,-14,I ride a bike! Stop lights are optional! 🚦🛑,helene,community_discussion,
loftrxo,t3_1fn1o97,t1_lofeyxg,asheville,Jumpy_Marketing9093,1727045063,2024-09-22 22:44,8,He was probably taking the most direct route. Which I imagine is what a city with a decent infrastructure for all modes of transportation would have us use. I was wondering the same thing at first.,helene,community_discussion,
lofuxm5,t3_1fn1o97,t1_lofh9o3,asheville,Lets_keep_It_Clean,1727045476,2024-09-22 22:51,-1,"Let me wave my magic infrastructure wand 🪄

Oh wait, I just remembered that we spent 600k on a toilet, and god knows how many millions over a decade to build a sidewalk along the river.",helene,community_discussion,
lofvxds,t3_1fn1o97,t1_lof537a,asheville,Kenilwort,1727045827,2024-09-22 22:57,5,Selfish few? Half the yokels on I-240 are responsible for the trash seen in the beginning parts of the video. I worked on cleaning it up a few years ago -- tons of car parts.,helene,community_discussion,
lofvzon,t3_1fn1o97,t1_lofeapf,asheville,Kenilwort,1727045850,2024-09-22 22:57,2,Surely. Dude has too many followers. Probably was found like 5 mins after the video came out.,helene,community_discussion,
lofw9mj,t3_1fn1o97,t1_lofvxds,asheville,Saucespreader,1727045950,2024-09-22 22:59,2,mix of homeless/pick up bed trash blowing out/fools throwin garbage out the window. I do clean ups in hendersonville & south asheville sometimes. Do you know any group clean ups?,helene,community_discussion,
lofyceb,t3_1fn1o97,t1_lofuxm5,asheville,EGGlNTHlSTRYlNGTlME,1727046685,2024-09-22 23:11,3,Cool now say how much we spend on roads ,helene,community_discussion,
lofzwrw,t3_1fn1o97,t1_lofjm4i,asheville,Ok-Relief4772,1727047244,2024-09-22 23:20,8,Best part of the video- choosing Munoz over White Duck.,helene,community_discussion,
lofdam7,t3_1fn36vw,t3_1fn36vw,asheville,HappyCamper2121,1727039441,2024-09-22 21:10,1,"You need to make a written response to them and explain your situation very clearly. Also mention that you are writing the letter on the advice of your attorney and you'll be forwarding any future complaints to their office. (Just a bluff of course, but it should get the message across, and you could really decide to have an attorney represent you. A little money to legal counsel can go a long way)",helene,community_discussion,
lofjdba,t3_1fn36vw,t3_1fn36vw,asheville,AshevilleHooker,1727041436,2024-09-22 21:43,4,"If you have a ring camera, you can use the lack of barking being recorded as evidence. If you don't, you can purchase a Wyze cam for fairly cheap to record inside your home. Also, if they won't pick up the phone, send a certified letter and keep a copy. Tell them this in the letter. :)",helene,community_discussion,
lofld2l,t3_1fn36vw,t1_lofjdba,asheville,EGGlNTHlSTRYlNGTlME,1727042114,2024-09-22 21:55,2,"Don’t ring cameras record based on motion, not noise?",helene,community_discussion,
loflrp5,t3_1fn36vw,t1_lofld2l,asheville,dreamscout,1727042254,2024-09-22 21:57,1,"My inside Ring will sometimes start recording just from noise, but I don’t think it’s consistent.",helene,community_discussion,
lofmygg,t3_1fn36vw,t1_lofdam7,asheville,JobbyJobberson,1727042668,2024-09-22 22:04,13,"It’s not a good idea to mention or bluff about an attorney when trying to resolve issues like this unless you really intend to hire one. 

In a dispute with a customer, many companies such as property managers, car dealers, etc, instruct the onsite employee to immediately stop conversation with the customer as soon as a lawyer is mentioned. 

At that point they are told to refer the customer to their legal department - end of story.

This puts a stop to any possible resolution with the onsite decision makers. 

It can really make simple disputes drag on forever. ",helene,community_discussion,
log01l8,t3_1fn36vw,t3_1fn36vw,asheville,Virtual_Honeydew_765,1727047292,2024-09-22 23:21,1,You have loud barking dogs. Someone complained about your loud barking dogs. What are you trying to fight here? The fact that they bark when you’re home and not when you’re it home?,helene,community_discussion,
lofg6fi,t3_1fn3gzo,t3_1fn3gzo,asheville,GeorgeBushTwinTowers,1727040397,2024-09-22 21:26,5,Beautiful. Can’t wait to see the fall colors,helene,community_discussion,
lofi7dr,t3_1fn3gzo,t3_1fn3gzo,asheville,AffectionateFig5864,1727041059,2024-09-22 21:37,7,Love that hike and view.  Thanks for sharing!,helene,community_discussion,
lofu45x,t3_1fn3gzo,t3_1fn3gzo,asheville,coffeeandsand,1727045185,2024-09-22 22:46,6,How long did it take to get to the top?,helene,community_discussion,
lofybvp,t3_1fn6961,t3_1fn6961,asheville,billbobham,1727046680,2024-09-22 23:11,3,Reminds me of max patch (?),helene,community_discussion,
lofyg4u,t3_1fn6961,t3_1fn6961,asheville,svgklingon,1727046722,2024-09-22 23:12,15,Looks like Max Patch.,helene,community_discussion,
lofyrc8,t3_1fn6961,t3_1fn6961,asheville,o62omega,1727046832,2024-09-22 23:13,33,That’s the patch between the PO and the bus stop off of Coxe,helene,community_discussion,
lofysfl,t3_1fn6961,t3_1fn6961,asheville,Vesemir66,1727046843,2024-09-22 23:14,31,I fucking hate photo shoot groups there. They get all pissy if you walk into the shot or trying to enjoy THE FUCKING PUBLIC SPACE that isn’t your private photo shoot.,helene,community_discussion,
lofyz36,t3_1fn6961,t1_lofyrc8,asheville,Jumpy_Marketing9093,1727046910,2024-09-22 23:15,12,Was here to say that too. This was before Covid though. No longer looks like this.,helene,community_discussion,
lofz4qr,t3_1fn6961,t3_1fn6961,asheville,dyslexicsuntied,1727046965,2024-09-22 23:16,7,“Keep wild places wild “,helene,community_discussion,
lofz5mv,t3_1fn6961,t1_lofysfl,asheville,throwRA8439028920,1727046974,2024-09-22 23:16,19,"yeah, I'm just looking for some hiking spots haha. Messaged the photographer to ask the location and she refused to give it to me. Okay I get the whole keep it wild thing but like dang, I literally live here.",helene,community_discussion,
lofzgla,t3_1fn6961,t1_lofz5mv,asheville,Vesemir66,1727047084,2024-09-22 23:18,23,And most of the people co-opting the public space don’t. The photographer probably didn’t give it to you because they doing a photo shoot without a permit or permission.,helene,community_discussion,
lofzhwo,t3_1fn6961,t1_lofyg4u,asheville,Vesemir66,1727047098,2024-09-22 23:18,6,Definitely max patch.,helene,community_discussion,
log02t1,t3_1fn6961,t3_1fn6961,asheville,Pretty-Ad5348,1727047304,2024-09-22 23:21,0,"Chattooga (sp?) Belle, Long Creek SC",helene,community_discussion,
log0rwf,t3_1fn6961,t3_1fn6961,asheville,Plastic_Cat9560,1727047550,2024-09-22 23:25,2,Totally Max Patch.,helene,community_discussion,
log1htr,t3_1fn6961,t3_1fn6961,asheville,Saucespreader,1727047805,2024-09-22 23:30,1,"looks like a great spot for a brewery, oh wait maybe we can build another hotel…",helene,community_discussion,
log1u93,t3_1fn6961,t3_1fn6961,asheville,fancycar123,1727047930,2024-09-22 23:32,5,State street and Hanover,helene,community_discussion,
log2adx,t3_1fn6961,t1_lofyz36,asheville,AffectionateFig5864,1727048090,2024-09-22 23:34,4,Damn Tropical Storm Fred ruined all the best places.,helene,community_discussion,storm
log3pn6,t3_1fn6961,t3_1fn6961,asheville,Sad_Bear_78,1727048600,2024-09-22 23:43,1,Trail of tears,helene,community_discussion,
log4559,t3_1fn6961,t3_1fn6961,asheville,flavlgirl,1727048756,2024-09-22 23:45,9,"Is that the photographers IG? How ironic she won’t tell you that spot, yet I see under the name is says: “ keep wild places wild” 🤯🤯🤯
Why crop out her name when she’s  it gatekeeping a public spot that she’s capitalizing on?",helene,community_discussion,
log54ra,t3_1fn6961,t1_log4559,asheville,asteroidtube,1727049126,2024-09-22 23:52,9,"There is not much ""wild"" about having a bridal photoshoot at the location complete with outfits and all. The irony.",helene,community_discussion,
log62zf,t3_1fn6961,t3_1fn6961,asheville,cominwiththethunder,1727049485,2024-09-22 23:58,2,Yup Max Patch,helene,community_discussion,
lofzgnn,t3_1fn6bef,t3_1fn6bef,asheville,GeorgeBushTwinTowers,1727047085,2024-09-22 23:18,1,Jargon is pretty solid,helene,community_discussion,
lofzlnu,t3_1fn6bef,t3_1fn6bef,asheville,asheville-ModTeam,1727047135,2024-09-22 23:18,1,"We are removing this post because you're asking about moving to or visiting Asheville. We have a dedicated, weekly pinned thread for all visiting/moving questions. This thread resets every Monday morning. Please feel free to repost your question there!

If you can't find the pinned thread, try clicking on r/asheville and then sorting the list by 'Hot'. The pinned thread will be the first topic! If on the app, it may be under a hidden dropdown menu.

(Note that all visiting/moving inquiries posted outside the pinned thread will be removed **even if you live here and are asking for a friend/relative**)",helene,community_discussion,
