id,link_id,parent_id,subreddit,author,created_utc,created_date,score,body,hurricane,source_type,keyword_hit
lo4zgcz,t3_1flqjy0,t3_1flqjy0,Georgia,zanybrainy,1726878723,2024-09-21 00:32,38,I know you can get a half and half and not complain about it.,helene,community_discussion,
lo4zhn5,t3_1flqjy0,t3_1flqjy0,Georgia,floridfox,1726878738,2024-09-21 00:32,18,I feel you on this! I do half and half sweet/unsweet now with CFA and Zaxby’s. My other dramatic complaint is that they never have the ice to beverage ratio right. It would be less syrupy if it was iced correctly.,helene,community_discussion,
lo51fuy,t3_1flqjy0,t3_1flqjy0,Georgia,bbb26782,1726879523,2024-09-21 00:45,1,The European sub is r/sakartvelo,helene,community_discussion,
lo51l7t,t3_1flqjy0,t3_1flqjy0,Georgia,atlhart,1726879585,2024-09-21 00:46,10,"I ditched sugar tea 15 years ago. I know it’s part of our culture and all that, but it’s just too much sugar.

Splenda Milo’s or unsweetened for me.",helene,community_discussion,
lo53pgw,t3_1flqjy0,t1_lo4zgcz,Georgia,Lumpy_Lady_Society,1726880461,2024-09-21 01:01,15,"I ALWAYS order half and half, just for this reason.  and if you are near Augusta, make sure to say half sweet, half unsweet, or they will give you the Arnold Palmer, which is half sweet, half lemonade, to which you might spew all over your dashboard.  (Don’t bother asking me how I know, lol.)",helene,community_discussion,
lo53y6d,t3_1flqjy0,t1_lo51l7t,Georgia,Cool_Hawks,1726880562,2024-09-21 01:02,-21,Sweet tea is disgusting. Y’all are insane. Drink an adult drink. There’s enough diabetes in this country.,helene,community_discussion,
lo540k1,t3_1flqjy0,t1_lo53pgw,Georgia,MCsmalldick12,1726880590,2024-09-21 01:03,21,Yo Arnold Palmers are good tho,helene,community_discussion,
lo54kbm,t3_1flqjy0,t1_lo540k1,Georgia,Lumpy_Lady_Society,1726880821,2024-09-21 01:07,17,"It doesn’t matter how good an Arnold Palmer is, if you are expecting a half sweet/half unsweet tea, and you get an Arnold Palmer instead….it’s a shock to the system and gets spewed all over my dash lol.",helene,community_discussion,
lo557xw,t3_1flqjy0,t1_lo51fuy,Georgia,polysemanticity,1726881089,2024-09-21 01:11,6,"Those mfs don’t know shit about Chik-fil-a so idk how you’re getting that confused. 

Don’t get wrong, I love Tbilisi, but they ain’t cooking waffle fries.",helene,community_discussion,
lo559n3,t3_1flqjy0,t3_1flqjy0,Georgia,DreamOutLoud47,1726881109,2024-09-21 01:11,16,"I very rarely order sweet tea in restaurants for this very reason. On the rare occasions that I do, I always ask for half sweet half unsweet. That can be hit or miss though because then the sweetness level depends on who's making it.

Funnily enough, the only place where I've ordered and gotten perfectly sweetened tea was at a random Starbucks off the interstate near Baltimore. Before I ordered I asked if their iced tea was sweet and the response was ""we can make it sweet."" Yhats not normally what you want to hear. Lol. But it was perfect.",helene,community_discussion,
lo56aul,t3_1flqjy0,t3_1flqjy0,Georgia,min_mus,1726881541,2024-09-21 01:19,1,I just ask for unsweetened iced tea. Iced tea is more refreshing without sugar. ,helene,community_discussion,
lo56vut,t3_1flqjy0,t1_lo557xw,Georgia,bbb26782,1726881789,2024-09-21 01:23,5,It’s a “you can’t be from Georgia if you don’t like sweet tea” joke. Calm down.,helene,community_discussion,
lo56x1c,t3_1flqjy0,t1_lo559n3,Georgia,__Moog,1726881803,2024-09-21 01:23,-5,I’m the same way. I actually stopped drinking sweet tea entirely for about 3 years. I just started trusting these 2 about 6 months ago and they go and both betrayed me in one day. It’s so rare to find good sweet tea anywhere anymore.,helene,community_discussion,
lo5762i,t3_1flqjy0,t1_lo56aul,Georgia,__Moog,1726881908,2024-09-21 01:25,2,Valid. I prefer regular water over sugarless leaf-water though.,helene,community_discussion,
lo57c1j,t3_1flqjy0,t1_lo56x1c,Georgia,DreamOutLoud47,1726881978,2024-09-21 01:26,9,"If you want it done right, you've gotta make it yourself. 😆",helene,community_discussion,
lo57cil,t3_1flqjy0,t1_lo53y6d,Georgia,__Moog,1726881984,2024-09-21 01:26,8,"I can see that. However, everything has dye and sugar in it. I don’t think barely sweetened tea is too much to ask.",helene,community_discussion,
lo57kg9,t3_1flqjy0,t1_lo56vut,Georgia,[deleted],1726882076,2024-09-21 01:27,1,[removed],helene,community_discussion,
lo57l37,t3_1flqjy0,t1_lo51l7t,Georgia,__Moog,1726882083,2024-09-21 01:28,1,Milo’s is definitely the best store tea. I’m just baffled at the demand for syrup in a cup.,helene,community_discussion,
lo58l1s,t3_1flqjy0,t3_1flqjy0,Georgia,DrewDAMNIT,1726882508,2024-09-21 01:35,3,"Sweet tea is ALWAYS far too sweet. Half and half is the way to go for most, but I recommend simply cutting the sugar and acquiring the taste of unsweetened tea. I spent the first 30 years of my life drinking sweet tea and have switched to unsweetened tea about 12 years ago and do not regret it at all. My father thinks I'm crazy though. Lol",helene,community_discussion,
lo5919z,t3_1flqjy0,t3_1flqjy0,Georgia,rabidstoat,1726882700,2024-09-21 01:38,3,I just drink unsweet. Sometimes I'll put Splenda in it and sometimes not.,helene,community_discussion,
lo5bcv1,t3_1flqjy0,t3_1flqjy0,Georgia,wadical_weft,1726883685,2024-09-21 01:54,44,I freaking love georgia sweet tea😭 Only reason I don’t drink it anymore is because it’s crazy unhealthy.,helene,community_discussion,
lo5c9a0,t3_1flqjy0,t3_1flqjy0,Georgia,joe0418,1726884064,2024-09-21 02:01,5,"I always default to half unsweet tea, half sweet or half lemonade.

Restaurant ""sweet tea"" is too sweet for my tastes.",helene,community_discussion,
lo5e1bm,t3_1flqjy0,t3_1flqjy0,Georgia,AMSAtl,1726884840,2024-09-21 02:14,86,Super sugary sweet tea is how it's always been to my recollection in the South. I used to describe my aunt's tea growing up as a few grains of sugar short of rock candy.,helene,community_discussion,
lo5e4gt,t3_1flqjy0,t1_lo5c9a0,Georgia,fishshake,1726884879,2024-09-21 02:14,1,"Same, especially in the area I'm in. I grew up using no more than a loose cup per gallon. No wonder the rate of diabetes is so high in this state.",helene,community_discussion,
lo5eapb,t3_1flqjy0,t1_lo540k1,Georgia,Disastrous-Group3390,1726884957,2024-09-21 02:15,2,So are John Daleys.,helene,community_discussion,
lo5eqkq,t3_1flqjy0,t3_1flqjy0,Georgia,dar2623,1726885152,2024-09-21 02:19,21,This is Georgia! The sweet tea bastion of the south. Sweet tea should be so sweet it makes your teeth hurt and instantly gives you and your relatives diabetes. Come at me.,helene,community_discussion,
lo5erzi,t3_1flqjy0,t3_1flqjy0,Georgia,fishshake,1726885169,2024-09-21 02:19,6,"It's definitely grown sweeter over the years in restaurants. Say something about it, and people just laugh. As many others in the comments, I just order half and half, and if it's still too sweet, I mention it to the server.",helene,community_discussion,
lo5fhi6,t3_1flqjy0,t3_1flqjy0,Georgia,Radiant_Maize2315,1726885486,2024-09-21 02:24,38,Get an Arnold Palmer with unsweet tea.,helene,community_discussion,
lo5mmpf,t3_1flqjy0,t3_1flqjy0,Georgia,Kuntry_Catfish,1726888724,2024-09-21 03:18,3,"I do love my sweet tea.  It doesn’t have to be syrup.  However, if I want the other tea, I’ll have it the British way.  Otherwise give me sweet tea.  

One guy told me he stopped drinking sugary drinks, but eat twice as many Big Macs.  I don’t drink it often.  However, when I want sweet tea, I want sweet tea.  💪🏾",helene,community_discussion,
lo5mn5u,t3_1flqjy0,t3_1flqjy0,Georgia,MonkeyManJohannon,1726888730,2024-09-21 03:18,13,"I haven’t had a normal sweet tea in years. Half sweet, half unsweet. The only place that will cock an eyebrow up at this request that I’ve found is Bojangles…like you’ve cursed at their mama. 😂",helene,community_discussion,
lo5nt44,t3_1flqjy0,t1_lo57l37,Georgia,thelionsnorestonight,1726889286,2024-09-21 03:28,0,I mean I saw a purple label on extra sweet Milo’s in a quick stop the other day. And the original at the restaurant was pretty seriously sweet.,helene,community_discussion,
lo5og27,t3_1flqjy0,t1_lo5fhi6,Georgia,andiinAms,1726889590,2024-09-21 03:33,11,My favorite drink,helene,community_discussion,
lo5pqr6,t3_1flqjy0,t3_1flqjy0,Georgia,Curious_Platform7720,1726890201,2024-09-21 03:43,4,Order 1/2 & 1/2.  I’ve been drinking it for years.,helene,community_discussion,
lo5rjgt,t3_1flqjy0,t3_1flqjy0,Georgia,IsThatASigSauer,1726891085,2024-09-21 03:58,69,"I'm surprised this question didn't get you deported from GA. 

I love some thick sweet tea, lol.",helene,community_discussion,
lo5tlmf,t3_1flqjy0,t3_1flqjy0,Georgia,phoenixgsu,1726892147,2024-09-21 04:15,4,Do what I do and order a half-sweet and half-unsweet,helene,community_discussion,
lo5toln,t3_1flqjy0,t3_1flqjy0,Georgia,CalebGT,1726892191,2024-09-21 04:16,2,"I didn't go to Virginia Tech because when I visited, the restaurant didn't serve sweet tea. I decided that was too far North. I grew up on it, so I get the appeal. But now I have grown to prefer unsweet. It took some getting used to, but I drink coffee and tea for the caffeine, not to develop diabetes. Plain unsweetened tea tastes good to me now. It's an acquired taste, but I also prefer my coffee black, so maybe I'm just a psycho.",helene,community_discussion,
lo5u2d3,t3_1flqjy0,t1_lo5rjgt,Georgia,__Moog,1726892393,2024-09-21 04:19,-10,![gif](giphy|1bYaHhGtueIqQ),helene,community_discussion,
lo5xaea,t3_1flqjy0,t3_1flqjy0,Georgia,Justified_Ga,1726894158,2024-09-21 04:49,2,I always get  1/2 and 1/2  that levels it out,helene,community_discussion,
lo5y80d,t3_1flqjy0,t3_1flqjy0,Georgia,madprgmr,1726894686,2024-09-21 04:58,31,"Hasn't that been the norm? Growing up, the trick to getting it sweet enough was to add sugar while it was still boiling until it stopped dissolving (see: https://www.engineeringtoolbox.com/sugar-solubility-water-d_2193.html for the mechanics behind it), and _then_ chill it... thus allowing the sweet tea to be [supersaturated](https://en.wikipedia.org/wiki/Supersaturation) with sugar.

Which, now that I type it out, is the same process used to make simple syrup.",helene,community_discussion,
lo5z5vs,t3_1flqjy0,t3_1flqjy0,Georgia,Hashbrown808,1726895224,2024-09-21 05:07,152,OP must be new to Georgia.  😂,helene,community_discussion,
lo5zada,t3_1flqjy0,t1_lo5eqkq,Georgia,__Moog,1726895295,2024-09-21 05:08,-4,Gag,helene,community_discussion,
lo5zhw2,t3_1flqjy0,t1_lo5y80d,Georgia,__Moog,1726895416,2024-09-21 05:10,4,This comment gave me a sugar headache.,helene,community_discussion,
lo652fs,t3_1flqjy0,t3_1flqjy0,Georgia,Deep-Treacle-6760,1726898839,2024-09-21 06:07,3,![gif](giphy|9WMbakqXueAbS),helene,community_discussion,
lo6bywy,t3_1flqjy0,t3_1flqjy0,Georgia,neuroxin,1726903345,2024-09-21 07:22,5,You must be new,helene,community_discussion,
lo6dnvt,t3_1flqjy0,t3_1flqjy0,Georgia,RawIsLaw,1726904497,2024-09-21 07:41,33,OUTSIDER!! HERETIC!!! HIISSSSS!!!,helene,community_discussion,
lo6jl9t,t3_1flqjy0,t3_1flqjy0,Georgia,nuwm,1726908665,2024-09-21 08:51,7,There is no such thing as Yankee sweet tea in the South.   We drink tea flavored simple syrup.   Take it or leave it.,helene,community_discussion,
lo6kbcr,t3_1flqjy0,t1_lo5rjgt,Georgia,Round-Jackfruit-7191,1726909182,2024-09-21 08:59,2,Hahahahaha,helene,community_discussion,
lo6lkah,t3_1flqjy0,t3_1flqjy0,Georgia,Round-Jackfruit-7191,1726910081,2024-09-21 09:14,11,"My mama moved away from the South, bless it. But when she comes back for a visit, the first thing she does is stop for some sweet tea as soon as she crosses that Mason Dixon line. She’s been taking different routes to visit folks, and she’s been ranking the sweet tea along the way. And let me tell you, she’s completely disregarded Maryland as a Southern state based solely on their sweet tea.",helene,community_discussion,
lo6ncbm,t3_1flqjy0,t3_1flqjy0,Georgia,kevron007,1726911373,2024-09-21 09:36,6,Just order it half unsweet,helene,community_discussion,
lo6phxv,t3_1flqjy0,t3_1flqjy0,Georgia,LDedward,1726912866,2024-09-21 10:01,6,"Welcome to the south, order it half and half",helene,community_discussion,
lo6u8jq,t3_1flqjy0,t3_1flqjy0,Georgia,zedsmith,1726916037,2024-09-21 10:53,2,Start asking for half-unsweetened,helene,community_discussion,
lo6uff6,t3_1flqjy0,t3_1flqjy0,Georgia,Cliff_Dibble,1726916158,2024-09-21 10:55,5,"I grew up with sweet tea with heavy amounts of lemon. At church unsweet or lightly sweet was only for the old people. Then in south Georgia I found ""Statesboro Sweet"" that was the syrup you describe. 

Now if I want flavor with my tea I just add whiskey.",helene,community_discussion,
lo6v8fd,t3_1flqjy0,t1_lo5y80d,Georgia,aceholeman,1726916660,2024-09-21 11:04,20,"It's not a trick, it's the law.",helene,community_discussion,
lo6vrry,t3_1flqjy0,t3_1flqjy0,Georgia,shrivel,1726916984,2024-09-21 11:09,3,"I once got a sweet tea at Subway that was so sweet that I had to open a can of Coke to wash it down. 

I ALWAYS get half and half anywhere I order tea.",helene,community_discussion,
lo7a7sn,t3_1flqjy0,t3_1flqjy0,Georgia,trashcount420,1726923984,2024-09-21 13:06,2,The ice cream wasn’t sweet anymore after I tried the sweet tea. Pretty impressive,helene,community_discussion,
lo7fahz,t3_1flqjy0,t3_1flqjy0,Georgia,__Moog,1726925982,2024-09-21 13:39,2,"Waking up to these responses is great. 😂 bad news. Can’t kick me out, I’ve been here almost my entire life. I think I’ve just had plenty of sugar in my life, as my aunt would use 3-4 cups in a gallon, complete with an inch of sugar on the bottom. How much do yall use? I’m concerned at this point.",helene,community_discussion,
lo7hzl9,t3_1flqjy0,t3_1flqjy0,Georgia,Ok-Nefariousness1335,1726926988,2024-09-21 13:56,6,Nah I'm from deep south ga and not everybody wants that syrupy shit.,helene,community_discussion,
lo7lxar,t3_1flqjy0,t3_1flqjy0,Georgia,goldie0511,1726928382,2024-09-21 14:19,1,I was very brave in giving tea back to the states. It took a lot of courage. Everyone wanted this.,helene,community_discussion,
lo7sl40,t3_1flqjy0,t3_1flqjy0,Georgia,aw919,1726930639,2024-09-21 14:57,3,"> I hate it here.

GO HOME THEN YANKEE!!",helene,community_discussion,
lo7teh1,t3_1flqjy0,t3_1flqjy0,Georgia,Dristig,1726930914,2024-09-21 15:01,1,If it’s not thick it’s not sweet enough. If you have the diabetes you can ask for half and half.,helene,community_discussion,
lo7tlde,t3_1flqjy0,t3_1flqjy0,Georgia,evil-stepmom,1726930978,2024-09-21 15:02,1,"I thought I liked tea. Turns out I only like my mother’s tea, and she puts in enough sugar to trigger diabetes. In the summer she uses one mint tea bag among the regular team bags and it is so wonderful. 

Sorry OP, syrup tea FTW",helene,community_discussion,
lo7u6c6,t3_1flqjy0,t3_1flqjy0,Georgia,Imaletyoufinish_but,1726931174,2024-09-21 15:06,2,My Granny would say “You can stand a spoon up in it.”  Not a good thing if you’re wondering.,helene,community_discussion,
lo8013u,t3_1flqjy0,t3_1flqjy0,Georgia,CommieBobDole,1726933122,2024-09-21 15:38,2,"Stupid ragebait engagement-farming garbage. ""Why do all you dumbasses do thing normal way instead of doing thing extremely specific different way that caters to my specific quirks"".

Sweet tea is sweet. If you want it very slightly sweetened, order unsweet and put a sugar packet in it. Order half sweet and half unsweet. You're presumably a grown-ass adult with internet access and at least some command of language, you can figure it out. I believe in you.",helene,community_discussion,
lo80870,t3_1flqjy0,t1_lo8013u,Georgia,__Moog,1726933188,2024-09-21 15:39,0,![gif](giphy|Z9hZLKflOlXjo349De),helene,community_discussion,
lo82qil,t3_1flqjy0,t3_1flqjy0,Georgia,oneezmonkey,1726934017,2024-09-21 15:53,1,Just order it half and half when they ask if you want sweet or unsweetened,helene,community_discussion,
lo83to8,t3_1flqjy0,t3_1flqjy0,Georgia,marvelgoose,1726934376,2024-09-21 15:59,5,"The reason for super sweet tea is to balance the bitterness from the over long steeping. My grandmother would place the tea bags in the boiling water and then take the pot off the boil and let it sit until room temperature. 

This method not only extracts the tea liquor but all of the tannins in the leaf as well. The result is very bitter. 

Dark Sugar syrup was very plentiful because the cane was boiled down to syrup in backyards.

The time honored method was to gather at whoever had a cane press and sit all night and drink while boiling the cane juice in a huge pot over an open fire. People still do this in South Georgia swamp country. 

That syrup is just a step up from molasses.",helene,community_discussion,
lo83uph,t3_1flqjy0,t1_lo5eapb,Georgia,arguix,1726934386,2024-09-21 15:59,2,"ooh, just looked that up, thanks, gotta try",helene,community_discussion,
lo84d72,t3_1flqjy0,t3_1flqjy0,Georgia,LittleDaeDae,1726934557,2024-09-21 16:02,2,"Po'Folks used to make sugar with tea. It was sooo sweet it could put you in a coma. That said, vodka goes fantastic with sweet tea. We would buy a gallon at the grocery store and poor out 1/4, fill it with vodka.",helene,community_discussion,
lo84dym,t3_1flqjy0,t1_lo5fhi6,Georgia,MaleficentExtent1777,1726934564,2024-09-21 16:02,10,Or a half and half.,helene,community_discussion,
lo84jza,t3_1flqjy0,t1_lo5fhi6,Georgia,LittleDaeDae,1726934620,2024-09-21 16:03,3,Me please! 👋,helene,community_discussion,
lo897a9,t3_1flqjy0,t1_lo7fahz,Georgia,Pyrrhus65,1726936158,2024-09-21 16:29,3,"The way you talked about syrupy tea in your post as if it's some new experience to you is what has everyone assuming you're from out of state lol

I sympathize in not liking super sweet tea but I don't see the use in complaining, thankfully unsweet is available basically everywhere. Unsweet with lemon is the way to go imo, toss a Splenda or some lemonade in it if you need it a little bit sweeter than that.",helene,community_discussion,
lo89xrw,t3_1flqjy0,t1_lo5toln,Georgia,catjojo975,1726936400,2024-09-21 16:33,2,You are accurate. Psycho.,helene,community_discussion,
lo8ax89,t3_1flqjy0,t3_1flqjy0,Georgia,southass,1726936723,2024-09-21 16:38,1,Bro that's how we like it!,helene,community_discussion,
lo8bmdw,t3_1flqjy0,t1_lo5z5vs,Georgia,Squirt1384,1726936955,2024-09-21 16:42,17,Yes because if it doesn’t taste like syrup it’s not sweet enough.,helene,community_discussion,
lo8btby,t3_1flqjy0,t1_lo5u2d3,Georgia,Squirt1384,1726937015,2024-09-21 16:43,7,You know if you don’t like it you don’t have to order it or drink it.,helene,community_discussion,
lo8bvxy,t3_1flqjy0,t3_1flqjy0,Georgia,Zealousideal-Deer866,1726937039,2024-09-21 16:43,2,"Welcome to Georgia.

Get a separate glass. Fill it halfway with cold water, put the tea in it until it's full, and drink that tea. That will be regular tea. Unless you like tea with the consistency of sugary mud.",helene,community_discussion,
lo8cqcj,t3_1flqjy0,t3_1flqjy0,Georgia,SensibleFriend,1726937311,2024-09-21 16:48,2,Super sweet tea is regular in Georgia. Try ordering half and half to get more of that bitter tea taste rather than the syrup sweet taste.,helene,community_discussion,
lo8dbd1,t3_1flqjy0,t1_lo5rjgt,Georgia,Fishman23,1726937495,2024-09-21 16:51,2,He probably dips his biscuits in the gravy.,helene,community_discussion,
lo8dgo8,t3_1flqjy0,t1_lo5u2d3,Georgia,Slighty_Tolerable,1726937542,2024-09-21 16:52,4,"I’m with you, OP. It doesn’t have to taste like our humidity. Sweet is good, thick is NOT. 😂",helene,community_discussion,
lo8f46p,t3_1flqjy0,t3_1flqjy0,Georgia,SelectiveMonstering,1726938069,2024-09-21 17:01,1,"If you can't stand your spoon up in it, you're doing it wrong",helene,community_discussion,
lo8hrob,t3_1flqjy0,t3_1flqjy0,Georgia,Altrano,1726938915,2024-09-21 17:15,2,They sell unsweetened tea too.  You could also get half sweet tea and half unsweetened tea.,helene,community_discussion,
lo8i5dr,t3_1flqjy0,t1_lo6lkah,Georgia,Altrano,1726939035,2024-09-21 17:17,4,As she should.  They’re too close to New England anyway.,helene,community_discussion,
lo8jviq,t3_1flqjy0,t3_1flqjy0,Georgia,an_irishviking,1726939575,2024-09-21 17:26,0,"TIL people order half and half tea. 

It's blasphemous,  but I understand some just have a weak constitution.",helene,community_discussion,
lo8lxb8,t3_1flqjy0,t1_lo5z5vs,Georgia,sparkster777,1726940232,2024-09-21 17:37,13,OP must be new to the south,helene,community_discussion,
lo8lyfi,t3_1flqjy0,t3_1flqjy0,Georgia,CircuitSynapse42,1726940241,2024-09-21 17:37,2,"My aunt used to make a super thick, very syrup like, tea concentrate and freeze it using ice cube trays. She’d pop one in a glass of water with some more ice on a hot day and you’d have some killer sweet tea in no time.",helene,community_discussion,
lo8m5wr,t3_1flqjy0,t3_1flqjy0,Georgia,berdie314,1726940306,2024-09-21 17:38,1,"When I was a kid, a lot of restaurants would just plop a sweet tea in front of you by default, especially the meat-and-threes. I had to *ask* for plain water, and the servers always looked annoyed by the request. Unsweet tea was often not even an option.

As much as I hated the sweet iced tea, my Grandma loved it whenever they visited. In the midwest back then, restaurants gave you unsweet tea and sugar packets, and the sugar would mostly just sink to the bottom of the ice-cold tea.

So welcome to the South! The sweet tea situation is much better than it used to be. Just order it half sweet or something, that does work now.",helene,community_discussion,
lo8nf73,t3_1flqjy0,t3_1flqjy0,Georgia,Borders,1726940704,2024-09-21 17:45,1,Come to the Darkside and drink unsweetened.,helene,community_discussion,
lo8nl44,t3_1flqjy0,t3_1flqjy0,Georgia,hwanggeumnam,1726940756,2024-09-21 17:45,1,"I was raised in Georgia, but I never loved the thick sweet tea either. You can ask for “half and half” tea and never (or hardly ever) get a dirty look.",helene,community_discussion,
lo8rumu,t3_1flqjy0,t3_1flqjy0,Georgia,1tiredmommy,1726942157,2024-09-21 18:09,1,Most places are used to it being ordered Half and half ( or half cut as McDonald’s calls it). I grew up in South and restaurants seem to have gone crazy with the sugary taste. We never made/ nor still make  it that syrupy at home.,helene,community_discussion,
lo8s5tr,t3_1flqjy0,t3_1flqjy0,Georgia,SmokeGSU,1726942259,2024-09-21 18:10,2,"I've found it depends on where you get it. Subway sweet tea is notorious for turning to syrup. When I worked next to one a few years ago, I'd always get a large to drink during a shift. I might leave a few ounces at the end of the night and forget about it. I'd come back the next day to find it had turned to the consistency of pancake syrup over night.

When I made sweet tea at home, I'd only put about 1 and a half cups of sugar per gallon of water and it would still be fully liquid if I left a cup out overnight. People wonder why America is the diabeetus capital of the world.",helene,community_discussion,
lo8v03j,t3_1flqjy0,t3_1flqjy0,Georgia,xeroxchick,1726943198,2024-09-21 18:26,2,Just order unsweetened tea with a splash of sweet.,helene,community_discussion,
lo8wk57,t3_1flqjy0,t3_1flqjy0,Georgia,maxnotcharles,1726943729,2024-09-21 18:35,2,"Probably going to get downvoted to shame, but I only drink unsweet tea😭 I’ve never liked sugary drinks and anytime I tell anyone that I don’t like sweet tea they look at me crazy",helene,community_discussion,
lo8zy2b,t3_1flqjy0,t1_lo5z5vs,Georgia,happy_bluebird,1726944898,2024-09-21 18:54,7,and people are reporting this post for not being specific to Georgia haha,helene,community_discussion,
lo92p8o,t3_1flqjy0,t1_lo5fhi6,Georgia,2greeneyes,1726945870,2024-09-21 19:11,2,Diet Sunjoy,helene,community_discussion,
lo95pgc,t3_1flqjy0,t1_lo5z5vs,Georgia,SouthernGentATL,1726946935,2024-09-21 19:28,5,Clearly,helene,community_discussion,
lo98d5n,t3_1flqjy0,t1_lo53pgw,Georgia,pitchingschool,1726947863,2024-09-21 19:44,1,I don't drink tea but do live near Augusta. I'll keep this in mind for the future tho,helene,community_discussion,
lo992pk,t3_1flqjy0,t3_1flqjy0,Georgia,bidennawmix,1726948106,2024-09-21 19:48,0,If you hate it here get the hell out! Go back north where they put milk and sugar on grits.,helene,community_discussion,
lo998po,t3_1flqjy0,t1_lo8dbd1,Georgia,bidennawmix,1726948163,2024-09-21 19:49,4,And eats chicken with a fork and gets out of the shower to piss.,helene,community_discussion,
lo9anxg,t3_1flqjy0,t3_1flqjy0,Georgia,FLNative64,1726948653,2024-09-21 19:57,1,"Oder half and half.  Half sweet, half unsweet.",helene,community_discussion,
lo9fskp,t3_1flqjy0,t1_lo5eqkq,Georgia,Pinkcoconuts1843,1726950387,2024-09-21 20:26,3,"You mean, The Diabetus, sonny. ",helene,community_discussion,
lo9g1bi,t3_1flqjy0,t1_lo5919z,Georgia,Pinkcoconuts1843,1726950469,2024-09-21 20:27,1,Yankee!,helene,community_discussion,
lo9gmlj,t3_1flqjy0,t1_lo8013u,Georgia,Pinkcoconuts1843,1726950666,2024-09-21 20:31,0,Seems like the ragebait worked on somebody…🥹,helene,community_discussion,
lo9hv29,t3_1flqjy0,t1_lo8dbd1,Georgia,IsThatASigSauer,1726951074,2024-09-21 20:37,1,That should be a felony.,helene,community_discussion,
lo9hvuv,t3_1flqjy0,t1_lo8dbd1,Georgia,IsThatASigSauer,1726951081,2024-09-21 20:38,1,That should be a felony.,helene,community_discussion,
lo9iniz,t3_1flqjy0,t1_lo9g1bi,Georgia,rabidstoat,1726951332,2024-09-21 20:42,1,"Noooo! 

When I'm asked ""is diet Pepsi okay?"" I still answer ""No! What is wrong with you?!"" 

That should count, right?",helene,community_discussion,
lo9uoy0,t3_1flqjy0,t3_1flqjy0,Georgia,Clikx,1726955549,2024-09-21 21:52,2,"You aren’t crazy OP. It’s gotten worse over the years, people legit have forgotten how to make proper sweet tea in the south. It isn’t supposed to taste like syrup and restaurants, specifically fast food restaurants have only been getting worse. I can’t drink the stuff anymore. People have memed sweet tea so much that people think you have to put a a 10lb bag in a gallon of sweet tea.",helene,community_discussion,
lo9uvc9,t3_1flqjy0,t3_1flqjy0,Georgia,ohhhhhhhblahblahblah,1726955617,2024-09-21 21:53,2,The ice melts so fast so it's gravyyyyy,helene,community_discussion,
loa265a,t3_1flqjy0,t3_1flqjy0,Georgia,justniat,1726958350,2024-09-21 22:39,3,"In a server yourself scenario, I do 3/4 Un and 1/4 sweet...perfect!",helene,community_discussion,
loa7wii,t3_1flqjy0,t3_1flqjy0,Georgia,No_Inevitable_3241,1726960546,2024-09-21 23:15,1,"I understand, I have lived in GA my entire 50 +++ years.  My mama made sweet tea but not the syrupie shit you describe. I used to drink a gallon a day for years. I always used about 3/4 cup of sugar for a gallon.",helene,community_discussion,
loaakar,t3_1flqjy0,t3_1flqjy0,Georgia,Zaidswith,1726961598,2024-09-21 23:33,1,"I like really sweet tea, but I find there's often a problem when they've let the tea sit too long.",helene,community_discussion,
loat535,t3_1flqjy0,t3_1flqjy0,Georgia,Joyballard6460,1726969198,2024-09-22 01:39,1,"I’m a native, never lived anywhere else but Florida, and I can’t stand sugar in tea.",helene,community_discussion,
lob8kw1,t3_1flqjy0,t1_lo9fskp,Georgia,dar2623,1726976007,2024-09-22 03:33,1,I absolutely did. I set your comment up perfectly.,helene,community_discussion,
lob9tsn,t3_1flqjy0,t1_lo9iniz,Georgia,Pinkcoconuts1843,1726976610,2024-09-22 03:43,1,"Ok, you win!  🤣",helene,community_discussion,
locbsi5,t3_1flqjy0,t3_1flqjy0,Georgia,Grammy0812,1727000565,2024-09-22 10:22,2,"As someone who was born and raised in Georgia and grew up on sweet tea, 4 cups of sugar to 1 gallon of tea, preferably made the day before consumption,  I too, am not a huge fan of it. Unless I make it, 1 cup of sugar to 1 gallon of tea.",helene,community_discussion,
loczv3c,t3_1flqjy0,t3_1flqjy0,Georgia,West_Yam7006,1727012734,2024-09-22 13:45,2,I've lived in GA since I was 14. I hate sweet tea. I might as well just eat sugar. 🤮,helene,community_discussion,
lod38lh,t3_1flqjy0,t1_lo5y80d,Georgia,DapperJman,1727013909,2024-09-22 14:05,1,Isn't it normally made by adding sugar after just being boiled? Who adds sugar after its chilled??,helene,community_discussion,
lofr4x2,t3_1flqjy0,t3_1flqjy0,Georgia,K_Garland,1727044132,2024-09-22 22:28,1,I’m a Carolina girl in Georgia and I don’t like sweet tea. Weird I know. Just ask for unsweet tea. Easy.,helene,community_discussion,
lo5744q,t3_1flrmmd,t3_1flrmmd,Georgia,Charolais1993,1726881885,2024-09-21 01:24,68,"The… 1936 tornado? 

I’m gonna say no.",helene,community_discussion,
lo57hq3,t3_1flrmmd,t3_1flrmmd,Georgia,Mistervimes65,1726882045,2024-09-21 01:27,20,I imagine you’d have to be over 90 to have a clear memory of it.,helene,community_discussion,
lo57kr9,t3_1flrmmd,t1_lo5744q,Georgia,TinyDecision31,1726882079,2024-09-21 01:27,21,"Sorry, I meant to say do you know about this tornado ",helene,community_discussion,
lo57nf9,t3_1flrmmd,t1_lo57hq3,Georgia,TinyDecision31,1726882111,2024-09-21 01:28,4,Sorry I meant to say do you know about this tornado ,helene,community_discussion,
lo57s72,t3_1flrmmd,t3_1flrmmd,Georgia,TinyDecision31,1726882167,2024-09-21 01:29,1,Sorry:I meant to say do you KNOW about the Gainesville tornado ,helene,community_discussion,
lo57vsg,t3_1flrmmd,t3_1flrmmd,Georgia,TinyDecision31,1726882209,2024-09-21 01:30,8,Sorry I meant to say do you KNOW about the Gainesville tornado ,helene,community_discussion,
lo57z7q,t3_1flrmmd,t1_lo57nf9,Georgia,Mistervimes65,1726882250,2024-09-21 01:30,1,"Just what Wikipedia says 
https://en.m.wikipedia.org/wiki/1936_Tupelo%E2%80%93Gainesville_tornado_outbreak",helene,community_discussion,
lo59721,t3_1flrmmd,t1_lo57z7q,Georgia,trethompson,1726882769,2024-09-21 01:39,11,I've never seen a more useless wiki link.,helene,community_discussion,
lo5bi78,t3_1flrmmd,t3_1flrmmd,Georgia,KillerCam357,1726883748,2024-09-21 01:55,-12,We could lose Gainesville today and I wouldn’t lose any sleep,helene,community_discussion,
lo5eokc,t3_1flrmmd,t3_1flrmmd,Georgia,Disastrous-Group3390,1726885127,2024-09-21 02:18,9,I grew up there and heard people who remembered it firsthand. The Times would do big stories about it (especially in ‘86 for the 50th anniversary.),helene,community_discussion,
lo5g7dn,t3_1flrmmd,t1_lo5bi78,Georgia,paulbearer619,1726885806,2024-09-21 02:30,-9,I was born and raised there and moved away. I concur.,helene,community_discussion,
lo5htck,t3_1flrmmd,t1_lo57vsg,Georgia,Ok-Mention2294,1726886527,2024-09-21 02:42,10,![gif](giphy|l4Ep6QsF9aC4KrTxu),helene,community_discussion,
lo5kkdi,t3_1flrmmd,t1_lo5bi78,Georgia,KillerCam357,1726887772,2024-09-21 03:02,-8,Whoever downvoted you suck just as much as Gainesville,helene,community_discussion,
lo5oak0,t3_1flrmmd,t3_1flrmmd,Georgia,Littlebird215,1726889517,2024-09-21 03:31,4,My grandparents lived in Gainesville (New Holland area) at the time.  They told me all about it. It was the year before my mother was born. My mother was the youngest of 5 siblings.,helene,community_discussion,
lo5pgxi,t3_1flrmmd,t3_1flrmmd,Georgia,Beginning_Emotion995,1726890072,2024-09-21 03:41,-4,"It was karma fir something 

Guess. 

It’s the reason Gainesville has something secret",helene,community_discussion,
lo5rexk,t3_1flrmmd,t3_1flrmmd,Georgia,Bluezyrn,1726891021,2024-09-21 03:57,10,"One of my aunts talked about it. She was working in a sewing factory that was hit. She was on the second or third floor. The floor collapsed and she was trapped under debris with her legs dangling down to the floor below. The floor below caught fire. She recalled hearing screams and feeling people grab at her legs trying to climb out of the fire.  She was eventually found by one of my uncles (her brother) who had a head injury but still came looking for her. She recovered and lived a full life, passing away in her 80s.",helene,community_discussion,
lo76vuz,t3_1flrmmd,t1_lo5744q,Georgia,mystqueen,1726922612,2024-09-21 12:43,6,There might be some 90 yr old grandmas on reddit. 😂,helene,community_discussion,
lo773al,t3_1flrmmd,t3_1flrmmd,Georgia,mystqueen,1726922701,2024-09-21 12:45,3,I remember the one that hit Helen in 1994.  Flattened the House of Tyrol (spelling?).,helene,community_discussion,
lo78v9r,t3_1flrmmd,t3_1flrmmd,Georgia,willyb100,1726923440,2024-09-21 12:57,2,"Sure, I’m 124 now but still getting by.",helene,community_discussion,
lo7baj9,t3_1flrmmd,t3_1flrmmd,Georgia,Broomstick73,1726924417,2024-09-21 13:13,1,"The here used to be a display about it at the Gainesville history center. (Sorry, north east Georgia history center).",helene,community_discussion,
lo7wwn8,t3_1flrmmd,t1_lo5rexk,Georgia,TinyDecision31,1726932084,2024-09-21 15:21,3,Damn. That must’ve been scary asf. Glad your aunt survived and lived a long life ,helene,community_discussion,
lo7xh3g,t3_1flrmmd,t1_lo773al,Georgia,TinyDecision31,1726932271,2024-09-21 15:24,1,I actually have been to Helen. It’s a lovely town and they’ve got an awesome waterpark. I actually didn’t know that it was hit by a tornado. Glad you’re safe if you were in the tornado ,helene,community_discussion,
lo7xjxj,t3_1flrmmd,t1_lo5bi78,Georgia,TinyDecision31,1726932297,2024-09-21 15:24,2,"Dude, so uncool😭😭😭",helene,community_discussion,
lo7xmy0,t3_1flrmmd,t1_lo5pgxi,Georgia,TinyDecision31,1726932327,2024-09-21 15:25,1,Uhhhhh💀💀😳😳,helene,community_discussion,
lo7xr5u,t3_1flrmmd,t1_lo78v9r,Georgia,TinyDecision31,1726932365,2024-09-21 15:26,1,🤣🤣😂😂,helene,community_discussion,
lo848yi,t3_1flrmmd,t1_lo76vuz,Georgia,MattWolf96,1726934518,2024-09-21 16:01,1,"They would need to be more like 95 to have a chance at remembering it. 

...technically possible but everybody I knew who was even close to that old hadn't even touched a computer.",helene,community_discussion,
lo85zgb,t3_1flrmmd,t3_1flrmmd,Georgia,AWhisperToAScream,1726935095,2024-09-21 16:11,1,"Gainesville has a liberty bell and I want to say it was damaged in the tornado but survived and is, or was, displayed outside on the front entrance to the courthouse",helene,community_discussion,
lo8m16x,t3_1flrmmd,t3_1flrmmd,Georgia,SpecialistSample1276,1726940264,2024-09-21 17:37,1,That's a while back,helene,community_discussion,
lob473x,t3_1flrmmd,t3_1flrmmd,Georgia,Mundane_Sky_21,1726973984,2024-09-22 02:59,1,"Grew up twenty miles and twenty years away from it, but heard astounding stories about it, like the pool table found blocks away from the remains of the pool hall, but all the balls were still on the table",helene,community_discussion,
lo5eg22,t3_1flskpl,t3_1flskpl,Georgia,drummerboy2749,1726885022,2024-09-21 02:17,8,"Zaxby’s and American Deli.

1) I used to work at Zaxbys in high school and I’m over it
2) never been to American Deli, so ignorance is bliss
3) all my gay friends love ChickFila so you can’t argue with that",helene,community_discussion,
lo5esrh,t3_1flskpl,t1_lo5eg22,Georgia,aravarth,1726885178,2024-09-21 02:19,2,I echo this a million billion percent.,helene,community_discussion,
lo5fh3e,t3_1flskpl,t3_1flskpl,Georgia,yolofreak109,1726885481,2024-09-21 02:24,24,american deli and cfa. if you asked me this 7 years ago though i would say cfa and zax… but zax isn’t worth 20 bucks for chicken fingers as big as my pinky.,helene,community_discussion,
lo5gd7v,t3_1flskpl,t3_1flskpl,Georgia,MrMessofGA,1726885877,2024-09-21 02:31,8,"Zaxby's. It's greasy as hell. They only serve two things (bread and chicken) and they're not very good at either. Shoutout to tricking everyone into realizing they fucking LOVE sardine mayo tho

The American Deli has baller lemon pepper wet, and also the one near me designed its COVID plastic guards like the bullet proof bank glass panes, including the little tray you slide around underneath.

Chick-fil-a is legitimately the only drive thru fast food place that doesn't make me want to vomit. Also, I've never gotten a drink that tastes like mold from there, unlike the other two.",helene,community_discussion,
lo5h20m,t3_1flskpl,t3_1flskpl,Georgia,somber_opossum,1726886185,2024-09-21 02:36,13,"I WANT zaxbys fries to be good, but they’re just not. So I have to go with the other two. Plus zaxby’s stopped doing milkshakes which was a big thing they had going for them. Salads being 1200+ calories.. I just can’t.",helene,community_discussion,
lo5h66e,t3_1flskpl,t3_1flskpl,Georgia,fishshake,1726886238,2024-09-21 02:37,28,Banish American Deli.,helene,community_discussion,
lo5i0r0,t3_1flskpl,t3_1flskpl,Georgia,TheGirthyOne,1726886620,2024-09-21 02:43,8,I can only pick one. CfA is the one I can regularly go to and not be disappointed. It's clean with good service. Zaxbys is too expensive for what it is and the wait is usually ridiculous. I haven't been to one in a couple years. American Deli I've never even heard of. Did a search and had to expand it to 100 miles to get three locations within that distance from me. I'll probably never try it so can't pick it.,helene,community_discussion,
lo5ivyo,t3_1flskpl,t1_lo5h20m,Georgia,_Bogey_Lowenstein_,1726887009,2024-09-21 02:50,2,YES once they got rid of their shakes they were dead to me! RIP birthday cake shake 😭,helene,community_discussion,
lo5k3j8,t3_1flskpl,t1_lo5h20m,Georgia,Edallag,1726887560,2024-09-21 02:59,4,"Psst: Milkshakes coming back in a few weeks. 

Source: Currently work for Zaxby's. 7+ years deep.",helene,community_discussion,
lo5ke63,t3_1flskpl,t3_1flskpl,Georgia,ozamatazbuckshank11,1726887697,2024-09-21 03:01,5,"Lifelong GA resident, here. WTF is American Deli? Since I've never even heard of it, I vote to banish that one.",helene,community_discussion,
lo5kjov,t3_1flskpl,t1_lo5ivyo,Georgia,Alarming-Situation-4,1726887764,2024-09-21 03:02,1,"They used to have breakfast, too. But in select locations.",helene,community_discussion,
lo5klp8,t3_1flskpl,t1_lo5k3j8,Georgia,Alarming-Situation-4,1726887788,2024-09-21 03:03,1,Is there a new one coming?,helene,community_discussion,
lo5kwo5,t3_1flskpl,t1_lo5klp8,Georgia,Edallag,1726887926,2024-09-21 03:05,3,"From what I've seen, currently we are getting Birthday Cake, Chocolate, Strawberry, and Vanilla. Been running as a test in a few markets, but machines are currently slated to hit all locations by the end of the month.. or at least that is what they are telling us. 

Also, Zensation Salad is coming back as well, and will be running through the end of the year. First time in my history that I've seen us run it *twice* in a single year.",helene,community_discussion,
lo5l1il,t3_1flskpl,t3_1flskpl,Georgia,Alarming-Situation-4,1726887987,2024-09-21 03:06,1,"Zaxby's and American Deli for me. American Deli's wings are very good, as well as their fries, which are crispy and seasoned. Zaxby's needs no explanation, I usually get the Kickin Chicken Sandwich.",helene,community_discussion,
lo5lgiq,t3_1flskpl,t3_1flskpl,Georgia,BeesCactiSharks,1726888179,2024-09-21 03:09,8,"Tbh it's kind of a weird choice to include American Deli alongside CFA and Zaxby's. Like, a restaurant that's pretty much only  Atlanta and the immediate surrounding area vs 2 chains that have restaurants all over the place? 

That said, I agree with other people that Zaxby's is overpriced for what you get (but I make an exception for their chicken bacon ranch fries).",helene,community_discussion,
lo5qeal,t3_1flskpl,t1_lo5ke63,Georgia,opx22,1726890517,2024-09-21 03:48,1,"Wings, Philly cheese, beef fried rice. Recently their wings haven’t been good but that might just be my location

They have a combo where you can get a Philly, fried rice, and 5 wings for like $15 but I haven’t gone in a while so I dont know if that’s still a thing",helene,community_discussion,
lo5qhcn,t3_1flskpl,t1_lo5kwo5,Georgia,somber_opossum,1726890558,2024-09-21 03:49,1,You’ve got my attention,helene,community_discussion,
lo5qu48,t3_1flskpl,t1_lo5k3j8,Georgia,ozamatazbuckshank11,1726890733,2024-09-21 03:52,1,Any news on brownies and the caesar zalad also returning? 👀,helene,community_discussion,
lo5r6c5,t3_1flskpl,t1_lo5qeal,Georgia,ozamatazbuckshank11,1726890902,2024-09-21 03:55,2,I guess they haven't made it to this corner of the state yet. I'd be interested to try the beef fried rice.,helene,community_discussion,
lo5sl0o,t3_1flskpl,t1_lo5kwo5,Georgia,Alarming-Situation-4,1726891620,2024-09-21 04:07,3,What about the Chicken Salad Sandwich or the Zaxby's Club? Are they returning or are they dormant for the time being?,helene,community_discussion,
lo62vux,t3_1flskpl,t3_1flskpl,Georgia,FromSirius,1726897464,2024-09-21 05:44,1,Rid of all three,helene,community_discussion,
lo6js02,t3_1flskpl,t3_1flskpl,Georgia,MarcTurntables,1726908797,2024-09-21 08:53,1,"Zaxby’s salt budget must be insane.  Easily ok with that college chicken tender knockoff to leave us forever. 

I haven’t been to an American Deli in a long time.

CFA is solid but expensive for what you get.",helene,community_discussion,
lo6l35l,t3_1flskpl,t3_1flskpl,Georgia,Celestial__Bear,1726909742,2024-09-21 09:09,1,I’m pleasantly surprised to see all the zaxbys hate here in the comments,helene,community_discussion,
lo6sofw,t3_1flskpl,t3_1flskpl,Georgia,aacilegna,1726915034,2024-09-21 10:37,1,Zaxby’s. Overpriced for what you get,helene,community_discussion,
lo6yl1j,t3_1flskpl,t1_lo62vux,Georgia,smashkeys,1726918580,2024-09-21 11:36,-1,"Best answer by far. 

Zaxby's is overpriced greasy junk.  
CFA is bland garbage junk. 
American Deli might be actual garbage disguised as food.",helene,community_discussion,
lo72uz5,t3_1flskpl,t1_lo5r6c5,Georgia,[deleted],1726920774,2024-09-21 12:12,1,[removed],helene,community_discussion,
lo73420,t3_1flskpl,t3_1flskpl,Georgia,Gen_Ecks,1726920894,2024-09-21 12:14,1,Zaby’s sucks.  As they build more Cains they will die out.,helene,community_discussion,
lo73x9w,t3_1flskpl,t3_1flskpl,Georgia,Sxs9399,1726921272,2024-09-21 12:21,3,"For me this dives into how I view food and service. I like the food at Zaxby's when it's hot and fresh, but their containers make all their food soggy in minutes. Furthermore Zaxby's might be the slowest fast food restaurant, even when they're not busy! I tolerate/appreciate the quality of CFA but it's very bland IMO. Service is great, but drive through times can be long even if their actual order to window time is short.

So in short I would cut Zaxby's and CFA, and I don't go to either.

For American deli the food is consistently decent. They are extremely fast. Not my first choice for wings but definitely in the mix.",helene,community_discussion,
lo74nui,t3_1flskpl,t3_1flskpl,Georgia,Floating_Misfit76,1726921614,2024-09-21 12:26,2,"The people who’ve never heard of American Deli? Where do you live? Lol. 

AD has been in Georgia for at least 20 years. My first encounter with one was in a Gainesville (GA) mall. There are three in Athens alone. I’ve been to ones in Duluth and Savannah, too.

Never hearing of them is wild. 

That said, AD and CFA can stay. I’ve always like Guthries better anyhow.",helene,community_discussion,
lo7bv6i,t3_1flskpl,t3_1flskpl,Georgia,itsSomethingCool,1726924647,2024-09-21 13:17,1,"Zaxbys has got to go. Boneless wings & things is like $13 smh. Their milkshakes were fire back in HS though. Way too overpriced as well imo. 

The American Deli in Kennesaw is my favorite. Buffalo with lemon pepper sprinkles & peach drink? Fire.

Chick Fil a is a classic, a staple. Will always be fire.

Goodbye Zaxbys",helene,community_discussion,
lo7m1fh,t3_1flskpl,t3_1flskpl,Georgia,WranglerJR83,1726928421,2024-09-21 14:20,1,I could do without Zaxbys.,helene,community_discussion,
lo7wmok,t3_1flskpl,t1_lo5ivyo,Georgia,beharr,1726931995,2024-09-21 15:19,3,Their shakes are back now. Just had a birthday cake shake the other day.,helene,community_discussion,
lo7zue9,t3_1flskpl,t1_lo5sl0o,Georgia,Edallag,1726933062,2024-09-21 15:37,3,"I *highly* doubt CSS or the Club are coming back. At least in my market, I sold maybe 2-5 Chicken Salads a day, so we were losing more mone just having it as a menu option. The Club you can hack, buy doing 1 of 2 weys: If you want tenders, do a Kickin' Chicken, sauce on side, add Bacon, Letuce, and Tomato, and then if you want it as a fillet, Signature Club, no pickles, no cheese (if you prefer), sauce on side, add lettuce and tomato.",helene,community_discussion,
lo80juo,t3_1flskpl,t1_lo5qu48,Georgia,Edallag,1726933294,2024-09-21 15:41,2,"So, last I checked there is a *possibility* that the Caesar could make a return, but that'll depend on test markets and how well it performs there, kinda like when we ran the jar desurts a few months back. 

As for brownies, I'd like to think they are coming back, but something tells me they aren't. I *do* know, however, that we are replacing the Goldfish cookies for the kids meals with rice krispy treats, so there's that.",helene,community_discussion,
lo9909e,t3_1flskpl,t1_lo7wmok,Georgia,_Bogey_Lowenstein_,1726948083,2024-09-21 19:48,2,Omg thank you for this info!!!,helene,community_discussion,
loaiz8g,t3_1flskpl,t1_lo5eg22,Georgia,Altrano,1726964997,2024-09-22 00:29,1,Cfa also treats their employees well — decent pay and benefits.,helene,community_discussion,
loer08n,t3_1flskpl,t3_1flskpl,Georgia,stonedhillbillyXX,1727032597,2024-09-22 19:16,1,"Bring back the L5P Zesto

Don't make me think about chic fil a, it's Sunday

IDGAF about your silly games",helene,community_discussion,
lo5dmd1,t3_1flsncr,t3_1flsncr,Georgia,AutoModerator,1726884658,2024-09-21 02:10,1,"This submission has been flaired for News/Politics. Please remember to follow r/Georgia rules and sitewide [guidelines](https://www.reddit.com/r/Georgia/wiki/faq/politics_guidelines/) when making submission and comments. If this post has been flaired ""News"" ensure that your title matches the headline of the linked article. If the post has been flaired ""Politics"" subreddit karma filtering is enabled to weed out trolls and bots. Thanks!

*I am a bot, and this action was performed automatically. Please [contact the moderators of this subreddit](/message/compose/?to=/r/Georgia) if you have any questions or concerns.*",helene,community_discussion,
lo6au0g,t3_1flsncr,t3_1flsncr,Georgia,DanforthWhitcomb_,1726902576,2024-09-21 07:09,2,"As far as the tax court, while it still isn’t ideal, it’s far better than the current setup that has the Tax Tribunal judges as ALJs employed by DoR to review DoR’s actions.    

They’re also not there to do anything other than apply the state tax code. They aren’t there to help/hurt anyone, and anyone going into it with an agenda of helping the little guy has no business being anywhere near the bench.",helene,community_discussion,
lo5gp4u,t3_1flsv23,t3_1flsv23,Georgia,ShiddyShiddyBangBang,1726886026,2024-09-21 02:33,5,"I can’t help you but I will say suiing local govt is a bitch in general and there are like a jillion times more hurdles than suing a private citizen.  They prob apply the chemicals themselves I would think but who knows. I could also see them contracting out.  

Have you tried asking r/exterminator ?",helene,community_discussion,
lo5lsv7,t3_1flsv23,t3_1flsv23,Georgia,compacktdisck,1726888337,2024-09-21 03:12,13,https://rules.sos.ga.gov/gac/40-21-9,helene,community_discussion,
lo5muxd,t3_1flsv23,t3_1flsv23,Georgia,BeesCactiSharks,1726888831,2024-09-21 03:20,3,"[Applicable Law](https://rules.sos.ga.gov/gac/40-21-9)

This is the main law I was able to find. Looks like there is no date requirement and they only have to post the signs at ""the primary point(s) of entry to the treated area.""

You could try to argue that a large park should be better posted due to the many potential points of entry - but I'm not sure how strong that argument would be legally",helene,community_discussion,
lo5og9c,t3_1flsv23,t3_1flsv23,Georgia,DesireWhisper4,1726889592,2024-09-21 03:33,2,"It’s frustrating they don’t have to post dates. Better signage should be a no-brainer, especially in public parks with pets.",helene,community_discussion,
lo6tyr4,t3_1flsv23,t3_1flsv23,Georgia,kayfeldspar,1726915863,2024-09-21 10:51,5,"I moved to a house where the lawn was treated with that crap. My neighbors get it all the time. I've never thought about it until your post, but my dog got cancer and IMHA soon after we moved in. I didn't continue the lawn treatments but one day my boomer neighbor saw me in the yard and beamed with pride telling me that she sprayed my yard for me and got rid of some poison ivy on my property because her grandkids play over here. I told her to stay out of my yard. She got upset and told me that she was best friends with the previous owner, who died of cancer,  and they always shared the yard. Now I'm wondering if that BS did anything to my dog.",helene,community_discussion,
lo7g713,t3_1flsv23,t3_1flsv23,Georgia,siloamian,1726926324,2024-09-21 13:45,2,"Couple of things here… depending on what theyre using there could be a restricted entry interval (REI) meaning there is a time that must pass between application and entry. This might only apply to workers on a particular chemical but some include everyone. The pesticide label is federal law. Although there might not be a date requirement on their sign, the company is required to keep records on all applications. You might have to work for it but you can initiate a complaint to inquire about both. There should be an inspector assigned to your county and if theyre any help they can find this out for you. You might have to be persistent as they get a ton of complaints like this.",helene,community_discussion,
lo7t1wg,t3_1flsv23,t1_lo5gp4u,Georgia,LivMealown,1726930798,2024-09-21 14:59,5,"r/pestcontrol is a good idea.  I'm not planning on suing my local governments - just ""lobbying"" them to make better choices and enforce the law.  They are contracting the application out to commercial services.",helene,community_discussion,
lo7tek1,t3_1flsv23,t1_lo5lsv7,Georgia,LivMealown,1726930915,2024-09-21 15:01,5,Thanks.  Pretty sure it used to be required.  Time to contact my representatives (though I don't expect much).,helene,community_discussion,
lo7timm,t3_1flsv23,t1_lo5muxd,Georgia,LivMealown,1726930952,2024-09-21 15:02,2,"Yeah, too bad ""legally"" and ""morally"" are sometimes not even close to each other.",helene,community_discussion,
lo7tkic,t3_1flsv23,t1_lo5og9c,Georgia,LivMealown,1726930970,2024-09-21 15:02,1,And kids!,helene,community_discussion,
lo7trsc,t3_1flsv23,t1_lo6tyr4,Georgia,LivMealown,1726931039,2024-09-21 15:03,2,"It's nearly impossible to prove, unfortunately, but I'll always err on the side of my dogs' (and my own) health.  I avoid that shit like the plague.  It just sucks when you aren't given the information that you need to avoid it!",helene,community_discussion,
lo7u37s,t3_1flsv23,t1_lo7g713,Georgia,LivMealown,1726931144,2024-09-21 15:05,2,"Thank you for this.  Where I live, it'd doubtful that they get a ton of complaints, because people here seem oblivious to the potential hazards of lawn chemicals.  The employees of the application companies NEVER have protective gear, people let their kids and pets onto lawns that have been recently treated, etc.  I grew up in the era of ""Silent Spring"" and DDT, so I'm highly aware.",helene,community_discussion,
lo7wgi8,t3_1flsv23,t1_lo7trsc,Georgia,kayfeldspar,1726931939,2024-09-21 15:18,1,"I hate it. I will admit my yard isn't as nice as my poisoned neighbors. I didn't even think about it being in parks, though!  I'm the type to just lay in grass and picnic, so it's definitely a concern.",helene,community_discussion,
lo7y5xv,t3_1flsv23,t1_lo5gp4u,Georgia,leftyblack,1726932500,2024-09-21 15:28,2,"This is due to “qualified immunity” whereby the state, counties, and municipalities are immune to lawsuit except for specific carve-outs. Even when they are not immune, the have specific pleading requirements called “ante litem” notices that must be filed very soon, as little as six months after the incident prompting the lawsuit. 

Long story short if OP wants to sue they need to act quickly.",helene,community_discussion,
lo7zwuq,t3_1flsv23,t1_lo7tek1,Georgia,Longjumping-Bat202,1726933085,2024-09-21 15:38,3,"This is a good place to start, he has a record of helping people in the State, but I don't know what can be done about your specific problem. I hope it works out. 

https://www.ossoff.senate.gov/contact-us/message/",helene,community_discussion,
lo8hwg2,t3_1flsv23,t1_lo7zwuq,Georgia,LivMealown,1726938956,2024-09-21 17:15,2,"I do like Ossoff, but I’ll probably start local with a state rep who will do nothing, and work my way up.  ",helene,community_discussion,
loe9tyi,t3_1flsv23,t1_lo8hwg2,Georgia,UseTheSun,1727027458,2024-09-22 17:50,1,Why would you start with a federal representative when this is clearly a local issue?,helene,community_discussion,
loeuxq2,t3_1flsv23,t1_loe9tyi,Georgia,LivMealown,1727033782,2024-09-22 19:36,1,"I said, “… I’ll probably start local with a state rep…”",helene,community_discussion,
lo6j7rz,t3_1fly525,t3_1fly525,Georgia,PorcelainPrimate,1726908393,2024-09-21 08:46,1,"I just checked, it’s working on my end. Must be because you’re out of the country.",helene,community_discussion,
lo6jpk4,t3_1fly525,t1_lo6j7rz,Georgia,ChemicalPresent92,1726908750,2024-09-21 08:52,1,"Thanks for checking, much appreciated! I am using a VPN now though with server based in Atlanta so I don't know why it's still blocking me. Do you know if I will be able to submit multiple weekly job searches when I return, or do they have to be done each week as they occur?",helene,community_discussion,
lo6jtgx,t3_1fly525,t1_lo6jpk4,Georgia,PorcelainPrimate,1726908826,2024-09-21 08:53,1,"Sorry, i have no clue how that works. It’s probably weekly submissions though.",helene,community_discussion,
lo7u187,t3_1fly525,t3_1fly525,Georgia,brigstan,1726931125,2024-09-21 15:05,1,"You can't claim benefits if you arent local to start work. This happened to me once, and I had to document my previous benefits and accurate locations to prove it wasnt fraud. I also was fined 18 months of future unemployment.  Meanng I want able collect any unemployment for the following 18 months. I do not recommend fooling the system.",helene,community_discussion,
lo9jp7p,t3_1fly525,t1_lo7u187,Georgia,Riversongbluebox,1726951678,2024-09-21 20:47,1,Being out of the country for a couple of weeks does not equal fraud. There are plenty of people that can do their required job searches online while on vacation or out of town to handle family business.,helene,community_discussion,
lo9kc4k,t3_1fly525,t1_lo9jp7p,Georgia,brigstan,1726951895,2024-09-21 20:51,1,"Literally from the unemployment website
If you are physically unable to work, on a leave of absence at your own request, or on vacation, you will not be able to receive unemployment benefits. ",helene,community_discussion,
lo9l2w9,t3_1fly525,t1_lo9kc4k,Georgia,Riversongbluebox,1726952148,2024-09-21 20:55,1,"OP can clearly search for jobs while away for two weeks. That is not fraud. It's unfair to say that they are ""fooling the system"" when all OP is trying to do is log in and conduct his weekly job search.",helene,community_discussion,
lo9le0i,t3_1fly525,t1_lo9l2w9,Georgia,brigstan,1726952250,2024-09-21 20:57,1,"Dude, OP asked a question.  I answered it based on doing the exact same thing and the consequences that happened. OP,  can decide from there",helene,community_discussion,
lo9lkxj,t3_1fly525,t1_lo9le0i,Georgia,Riversongbluebox,1726952316,2024-09-21 20:58,1,"Not a dude, not your dude. It's a difference of two weeks and your apparent fraud of 18 months.",helene,community_discussion,
lo9lwb2,t3_1fly525,t1_lo9lkxj,Georgia,brigstan,1726952423,2024-09-21 21:00,1,It was also 2 weeks for me when I was on vacation.  Why don't you let OP tell everyone what happens?,helene,community_discussion,
lo9m3wo,t3_1fly525,t1_lo9lwb2,Georgia,Riversongbluebox,1726952495,2024-09-21 21:01,1,"They don't owe anyone an update, but okay. Whatever makes you happy.",helene,community_discussion,
lo9maif,t3_1fly525,t1_lo9m3wo,Georgia,brigstan,1726952558,2024-09-21 21:02,1,"What are you, his mom? Calm down",helene,community_discussion,
lobpnuu,t3_1fly525,t1_lo7u187,Georgia,ChemicalPresent92,1726985507,2024-09-22 06:11,1,"thank you for the info! so the situation is that I was in town for the first week of my unemployment, I was laid off on a Monday (9/9) and I was in GA through the end of that week, but then went out of the country the next Monday (9/16). Once I return in early October (10/4) it will have been 3 weeks since my first week of unemployment, so will I still be able to submit the job searches I made during the week of 9/9, or is that money lost?",helene,community_discussion,
lobpvce,t3_1fly525,t1_lobpnuu,Georgia,ChemicalPresent92,1726985639,2024-09-22 06:13,1,"Also, I should clarify, that before I went out of town I did not have the option to report my weekly job searches for that week for whatever reason, but figured I would be able to do so once that week (9/9 thru 9/15) was over.",helene,community_discussion,
lockqgx,t3_1fly525,t1_lobpvce,Georgia,brigstan,1727005941,2024-09-22 11:52,1,"I guess when you are back in the country, try to log in again and see what the issue is? When I wasn't able to claim, I had to call to find out why,  then I was informed. I'm sure each person is different. Call when you return and go from there. Good luck and let me know If you have any more questions:)",helene,community_discussion,
locpw97,t3_1fly525,t1_lockqgx,Georgia,ChemicalPresent92,1727008500,2024-09-22 12:35,1,"I guess my only question is were you able to submit weekly job searches for all weeks you were out of the country, or only the week prior? I'm hoping that when I return I can still submit my searches for week or 9/9.",helene,community_discussion,
locqw4d,t3_1fly525,t1_locpw97,Georgia,brigstan,1727008962,2024-09-22 12:42,1,"When I tried to claim while I was out of the country. The site noticed I was out of the country and shut down all access to claim further weeks also. They also didnt release funds for the week prior that i claimed while in the states, but wasn't released yet. I could barely access my portal. I even tried with a VPN, and I still wasn't able to access it. I had to wait until I returned and then called the UE office. Then everything unfolded.",helene,community_discussion,
lo76ekd,t3_1fm22kc,t3_1fm22kc,Georgia,AutoModerator,1726922404,2024-09-21 12:40,1,"This submission has been flaired for News/Politics. Please remember to follow r/Georgia rules and sitewide [guidelines](https://www.reddit.com/r/Georgia/wiki/faq/politics_guidelines/) when making submission and comments. If this post has been flaired ""News"" ensure that your title matches the headline of the linked article. If the post has been flaired ""Politics"" subreddit karma filtering is enabled to weed out trolls and bots. Thanks!

*I am a bot, and this action was performed automatically. Please [contact the moderators of this subreddit](/message/compose/?to=/r/Georgia) if you have any questions or concerns.*",helene,community_discussion,
lo795jp,t3_1fm22kc,t3_1fm22kc,Georgia,rs6814mith,1726923554,2024-09-21 12:59,23,Help us!,helene,community_discussion,
lo7a4t9,t3_1fm22kc,t3_1fm22kc,Georgia,deJuice_sc,1726923950,2024-09-21 13:05,22,"everything they're doing is malicious, these MAGA have set us up for failure and embarrassment, they are acting on MAGA and QANON propaganda and they are not legislatures, they are purposefully and maliciously creating chaos in order to either game the votes for Trump or to actually make us fail so we cannot give any candidate our electoral votes.

And the mandate they passed on 19 Aug that ""U.S. Citizens Only"" signs must be posted in all polling locations?  This is an obvious narrative strategy because it is a legal requirement that only U.S. citizens are eligible to vote in federal elections - these MAGA are making us all look like fools.",helene,community_discussion,
lo7ap29,t3_1fm22kc,t3_1fm22kc,Georgia,RedDragonFairy,1726924179,2024-09-21 13:09,136,"What can be done? Seriously? There is a massive amount of people against this. Poll workers are speaking up in droves. I didn’t think any election rules could be changed less than 90 days out, but here we are.",helene,community_discussion,
lo7c5mz,t3_1fm22kc,t3_1fm22kc,Georgia,[deleted],1726924762,2024-09-21 13:19,1,[removed],helene,community_discussion,
lo7cyx4,t3_1fm22kc,t1_lo7ap29,Georgia,deJuice_sc,1726925080,2024-09-21 13:24,83,"For starters, don't let any of what they're doing deter you from voting, make sure you go and vote no matter what.  MAGA is doing everything they can to make this election chaotic and make people afraid, don't let them, we all have to get out and vote.",helene,community_discussion,
lo7ewt6,t3_1fm22kc,t3_1fm22kc,Georgia,EinsteinsMind,1726925834,2024-09-21 13:37,65,VOTE EARLY.  Their BS is only for election day.  The Jan 6th traitor lovers will not break U.S.,helene,community_discussion,
lo7ih6j,t3_1fm22kc,t1_lo7ap29,Georgia,Temporary-Outside-13,1726927164,2024-09-21 13:59,37,You can volunteer as a poll worker in your district.,helene,community_discussion,
lo7ioqx,t3_1fm22kc,t1_lo7ewt6,Georgia,VW_R1NZLER,1726927238,2024-09-21 14:00,5,"U.S. spells us, have you ever noticed. I was just thinking the other day U.S., us! I’m a genius. No one else has ever noticed!",helene,community_discussion,
lo7jeq0,t3_1fm22kc,t1_lo7ap29,Georgia,[deleted],1726927497,2024-09-21 14:04,1,[removed],helene,community_discussion,
lo7jgz9,t3_1fm22kc,t1_lo7ioqx,Georgia,GradientDescenting,1726927518,2024-09-21 14:05,2,"Trump: “Did you know McDonalds was created by ME, that is why it’s named after my first name. No one ever knew! Billions and Billions served by yours truly”",helene,community_discussion,
lo7k5gm,t3_1fm22kc,t3_1fm22kc,Georgia,[deleted],1726927757,2024-09-21 14:09,1,[removed],helene,community_discussion,
lo7k8wb,t3_1fm22kc,t3_1fm22kc,Georgia,[deleted],1726927790,2024-09-21 14:09,1,[removed],helene,community_discussion,
lo7katc,t3_1fm22kc,t3_1fm22kc,Georgia,[deleted],1726927810,2024-09-21 14:10,1,[removed],helene,community_discussion,
lo7kpk8,t3_1fm22kc,t1_lo7ap29,Georgia,tmghost7729,1726927954,2024-09-21 14:12,4,"Lawsuit in 3, 2, 1...

Just like with the previous rules:
https://www.cnn.com/2024/08/26/politics/democrats-lawsuit-georgia-certification-rules/index.html",helene,community_discussion,
lo7kshi,t3_1fm22kc,t3_1fm22kc,Georgia,tmghost7729,1726927984,2024-09-21 14:13,6,"Lawsuit in 3, 2, 1...

Just like with the previous rules:
https://www.cnn.com/2024/08/26/politics/democrats-lawsuit-georgia-certification-rules/index.html",helene,community_discussion,
lo7m3n8,t3_1fm22kc,t1_lo7kshi,Georgia,GradientDescenting,1726928442,2024-09-21 14:20,-1,This is from August 26….,helene,community_discussion,
lo7m89m,t3_1fm22kc,t1_lo7kpk8,Georgia,GradientDescenting,1726928486,2024-09-21 14:21,1,This is from August 26…,helene,community_discussion,
lo7mowr,t3_1fm22kc,t1_lo7m3n8,Georgia,tmghost7729,1726928645,2024-09-21 14:24,6,"Well duh, I'm saying this will also get sued like the previous rules did in August. Capish?",helene,community_discussion,
lo7ms45,t3_1fm22kc,t1_lo7m89m,Georgia,tmghost7729,1726928676,2024-09-21 14:24,6,"Well duh, I'm saying this will also get sued like the previous rules did in August. Capish?",helene,community_discussion,
lo7n038,t3_1fm22kc,t1_lo7mowr,Georgia,GradientDescenting,1726928754,2024-09-21 14:25,-1,"Not really how you use 3,2,1…. and then present something that happened in the past. Dropping in 3,2,1 refers to something actively happening.",helene,community_discussion,
lo7ng1c,t3_1fm22kc,t1_lo7n038,Georgia,tmghost7729,1726928905,2024-09-21 14:28,8,"Dude, I said lawsuit is upcoming and then said just like the previous rules did. And then linked the article to explain what happened previously. Hence the ""previous"" word. SMH. You're arguing semantics. Everyone else gets it on all the other threads, only you don't.",helene,community_discussion,
lo7nkhq,t3_1fm22kc,t1_lo7n038,Georgia,[deleted],1726928945,2024-09-21 14:29,1,[removed],helene,community_discussion,
lo7nqmf,t3_1fm22kc,t1_lo7ms45,Georgia,GradientDescenting,1726929002,2024-09-21 14:30,0,"Yeah but you cannot infer that just based on old evidence that it happened before. Time is running out to sue and get things overturned, even then you can find some MAGA friendly court in Georgia to make the decision.

Just because something is bad doesn’t mean it gets addressed or fixed.",helene,community_discussion,
lo7o5p4,t3_1fm22kc,t1_lo7ih6j,Georgia,Forward_Vanilla_3402,1726929142,2024-09-21 14:32,27,"The counties will need extra hands on deck to follow this rediculous rule and still be able to report election night results in a timely manner.

Even if you can't give the whole day, ask your local elections office if you can help relieve the extra load of counting the number of ballots when polls close at 7pm, or in a few limited circumstances the next day, so the poll workers who have been there all day don't have to worry about it and can instead focus on wrapping up their many other closing duties so they can finally go home for a well deserved rest, and the world can see the results of the will of the people of Georgia that much faster. 

The fact that the hundreds or thousands of ballots will need to be divided into batches of 50, that each batch of 50 has to be individually counted and confirmed by 3 different people shows just how much of a stall tactic this is supposed to be. Having fresh eyes and extra hands will minimize the effect of this rule.

If we all chip in, we can make this rule have zero effect other than being a piece of security theatre and an annoyance. They wanted this to be a hurdle to potentially trip up the reporting of any results they didn't like, but we can make it into just a speedbump if we face it together.",helene,community_discussion,
lo7off0,t3_1fm22kc,t1_lo7kshi,Georgia,Cool_Radish_7031,1726929235,2024-09-21 14:33,-12,"So what’s immoral about allowing election officials to conduct a “reasonable inquiry” before certifying election results and permit members of county election boards to investigate ballot counts? Shouldn’t we be able to question things if they don’t line up? In 2020 local and county officials refused to certify results, what should you do in a situation like that? Just let them continue refusing to do what they’re required to do? Truly don’t understand the outrage on this, our elections should have the most checks possible to ensure the sanctity of our elections",helene,community_discussion,
lo7ol24,t3_1fm22kc,t1_lo7ewt6,Georgia,insertwittynamethere,1726929289,2024-09-21 14:34,7,"From what I could find from online, they don't begin counting early votes or absentee prior to Election Day... someone will sue, but if they need voters to sign onto it, I'm sure they can get hundreds of thousands if not millions once the impact of this change is fully understood.",helene,community_discussion,
lo7omoa,t3_1fm22kc,t1_lo7nqmf,Georgia,tmghost7729,1726929305,2024-09-21 14:35,7,"Ok, live in your doomsday bubble if you want. The previous lawsuit I linked the article to has a hearing on Oct 1st with the same judge that reviewed the charges against trump & co. in the Fulton county case and made it proceed to grand jury. All of these rules are blatantly against the GA Constitution and GA laws. You think after suing the other new rules, they'll just let this stand/forget about it? Lol.",helene,community_discussion,
lo7or9e,t3_1fm22kc,t1_lo7o5p4,Georgia,[deleted],1726929348,2024-09-21 14:35,1,[removed],helene,community_discussion,
lo7p44r,t3_1fm22kc,t1_lo7ewt6,Georgia,Forward_Vanilla_3402,1726929469,2024-09-21 14:37,14,"The early voting ballots will still need to be counted, but they will have to be counted on election night when the tabulation of those results begins. This is just another headache to further compound and delay results reporting on election night.

When the truth takes time to be told, misinformation runs rampant in that period where everyone is seeking the truth but it can't be found, and when it's finally available, nobody will believe the facts because they're already found and adhered to their favorite conspiracy theory instead. This is the goal of this rule, to stall and delay results so that they have time to lie to their base and convince them that this delay is the time being used to change the results if it's not how they like it.",helene,community_discussion,
lo7p99p,t3_1fm22kc,t1_lo7off0,Georgia,tmghost7729,1726929517,2024-09-21 14:38,16,"Lol. You obviously don't understand the Code of Georgia or the state's constitution. Certifying elections is purely a ministerial task, they have no discretion. This will only serve to spread chaos, by delaying certification and aid election deniers. ""Reasonable inquiry"" isn't even defined, anyone can just ""think"" there's something wrong and refuse to do what they're supposed to.",helene,community_discussion,
lo7pbj0,t3_1fm22kc,t3_1fm22kc,Georgia,[deleted],1726929538,2024-09-21 14:38,1,[removed],helene,community_discussion,
lo7pdmv,t3_1fm22kc,t3_1fm22kc,Georgia,[deleted],1726929558,2024-09-21 14:39,1,[removed],helene,community_discussion,
lo7q9mj,t3_1fm22kc,t1_lo7ewt6,Georgia,ConsiderationOk1986,1726929858,2024-09-21 14:44,2,I don't understand why voting early matters. Can you explain why if I vote early or on the day of how it will be different?,helene,community_discussion,
lo7r25o,t3_1fm22kc,t3_1fm22kc,Georgia,[deleted],1726930128,2024-09-21 14:48,1,[removed],helene,community_discussion,
lo7rukx,t3_1fm22kc,t3_1fm22kc,Georgia,[deleted],1726930394,2024-09-21 14:53,1,[removed],helene,community_discussion,
lo7rzyp,t3_1fm22kc,t3_1fm22kc,Georgia,[deleted],1726930442,2024-09-21 14:54,1,[removed],helene,community_discussion,
lo7s9zy,t3_1fm22kc,t1_lo7p99p,Georgia,Cool_Radish_7031,1726930536,2024-09-21 14:55,-10,I guess I’m still failing to understand where that’s inherently a bad thing. Why is double checking election results bad? Shouldn’t everyone care about the fairness of our elections? It’s not like we don’t already wait 2+ months before the elected assumes office. Just seems like they’re attempting to centralize election laws instead of letting each county cowboy like they are currently. Let’s face it county officials aren’t gonna investigate themselves,helene,community_discussion,
lo7shy9,t3_1fm22kc,t3_1fm22kc,Georgia,[deleted],1726930609,2024-09-21 14:56,1,[removed],helene,community_discussion,
lo7swjg,t3_1fm22kc,t1_lo7s9zy,Georgia,tmghost7729,1726930749,2024-09-21 14:59,9,It is already fair and bullet proof as is. Don't fall for their rhetoric. This a solution in search of a problem. There is nothing wrong/insecure with GA elections.This is only an attempt to delay and spread chaos. It's all done by 3 Maga SEB members that have no  business to be on that board.,helene,community_discussion,
lo7t0ua,t3_1fm22kc,t1_lo7p44r,Georgia,[deleted],1726930787,2024-09-21 14:59,1,[removed],helene,community_discussion,
lo7u2lo,t3_1fm22kc,t1_lo7ih6j,Georgia,Flimsy-Tailor-6220,1726931138,2024-09-21 15:05,11,it's not a volunteer job. it's a paid job. please get in touch with your county and please go work please.,helene,community_discussion,
lo7u77o,t3_1fm22kc,t1_lo7swjg,Georgia,Cool_Radish_7031,1726931182,2024-09-21 15:06,-7,"Apparently not because counties can refuse to certify election results. Happened in Michigan. Seems like it has been an issue in the past. They can delay all they want, we got nothing but time after all. If counties are manipulating votes, is it ok for them to refuse to investigate themselves? Not too familiar on the people actually running the board, but I would assume it would be pretty hard to manipulate results while performing a “ministerial task”",helene,community_discussion,
lo7u8h9,t3_1fm22kc,t1_lo7ap29,Georgia,[deleted],1726931194,2024-09-21 15:06,1,[removed],helene,community_discussion,
lo7uam8,t3_1fm22kc,t3_1fm22kc,Georgia,Flimsy-Tailor-6220,1726931213,2024-09-21 15:06,1,here's the thing. the ballots already get counted by hand at the end of the day. you have to make sure that your physical balance match the fucking tally. the problem with this rule is that inaccuracies are more likely with hand counting.,helene,community_discussion,
lo7ufh4,t3_1fm22kc,t1_lo7ewt6,Georgia,[deleted],1726931260,2024-09-21 15:07,1,[removed],helene,community_discussion,
lo7ul73,t3_1fm22kc,t3_1fm22kc,Georgia,Flimsy-Tailor-6220,1726931311,2024-09-21 15:08,1,"it's not that they're getting counted by hand, it's that hand counting is inaccurate.",helene,community_discussion,
lo7uq11,t3_1fm22kc,t3_1fm22kc,Georgia,[deleted],1726931357,2024-09-21 15:09,1,[removed],helene,community_discussion,
lo7vjm8,t3_1fm22kc,t1_lo7off0,Georgia,[deleted],1726931634,2024-09-21 15:13,1,[removed],helene,community_discussion,
lo7vjzc,t3_1fm22kc,t3_1fm22kc,Georgia,[deleted],1726931638,2024-09-21 15:13,1,[removed],helene,community_discussion,
lo7vph9,t3_1fm22kc,t1_lo7u77o,Georgia,tmghost7729,1726931688,2024-09-21 15:14,7,"They cannot refuse. That is exactly against GA code and constitution. That rule on this is being litigated already, as I said. You are using your own argument against yourself - exactly, with ministerial tasks there's zero room for shenanigans, unlike what they're trying to do to give them discretion and in turn inject shenanigans into the process.",helene,community_discussion,
lo7w4fu,t3_1fm22kc,t1_lo7swjg,Georgia,CommunicationHot7822,1726931827,2024-09-21 15:17,10,You’re arguing with a guy who hangs out on the Jordan Peterson sub accusing Tim Walz of being a communist.,helene,community_discussion,
lo7w9o6,t3_1fm22kc,t1_lo7vph9,Georgia,Cool_Radish_7031,1726931876,2024-09-21 15:17,4,"Ahhhhhh ok well thanks for answering, was misunderstanding you there. Appreciate the information though and thank you for your time. Didn’t realize they were pushing for discretion, that’s pretty damn slimy",helene,community_discussion,
lo7wi8d,t3_1fm22kc,t3_1fm22kc,Georgia,RandomCreeper3,1726931955,2024-09-21 15:19,6,Their time will come.,helene,community_discussion,
lo7ysi7,t3_1fm22kc,t3_1fm22kc,Georgia,[deleted],1726932707,2024-09-21 15:31,1,[removed],helene,community_discussion,
lo7z115,t3_1fm22kc,t3_1fm22kc,Georgia,[deleted],1726932790,2024-09-21 15:33,1,[removed],helene,community_discussion,
lo7z416,t3_1fm22kc,t3_1fm22kc,Georgia,[deleted],1726932816,2024-09-21 15:33,1,[removed],helene,community_discussion,
lo7zu6g,t3_1fm22kc,t3_1fm22kc,Georgia,InternationalAd9361,1726933060,2024-09-21 15:37,15,"For those that haven't seen her documentary ""From Russia with Lev' it's a must watch. Very revealing of the trump administrations illegal tactics and inner workings",helene,community_discussion,
lo80u9s,t3_1fm22kc,t1_lo7ap29,Georgia,The_Chosen_Unbread,1726933391,2024-09-21 15:43,2,"Well according to the rounding father's thags what the 2nd amendment was for.

But now that's terrorism unless you are maga / proud boys / a lone white wolf",helene,community_discussion,
lo81hzz,t3_1fm22kc,t3_1fm22kc,Georgia,[deleted],1726933605,2024-09-21 15:46,1,[removed],helene,community_discussion,
lo81kv4,t3_1fm22kc,t1_lo7w4fu,Georgia,tmghost7729,1726933633,2024-09-21 15:47,9,"Oops, my bad, thanks for the heads up.👍 Lol. SMH",helene,community_discussion,
lo81lw2,t3_1fm22kc,t1_lo7ap29,Georgia,JeddakofThark,1726933643,2024-09-21 15:47,13,"Planning for some sort of mass demonstration in Atlanta the moment they actually begin refusing to certify the election seems like a good idea. Personally, I don't know how to plan or organize such things.",helene,community_discussion,
lo82boi,t3_1fm22kc,t3_1fm22kc,Georgia,[deleted],1726933881,2024-09-21 15:51,1,[removed],helene,community_discussion,
lo83dgw,t3_1fm22kc,t3_1fm22kc,Georgia,[deleted],1726934227,2024-09-21 15:57,1,[removed],helene,community_discussion,
lo83vay,t3_1fm22kc,t1_lo7ms45,Georgia,Georgiaonmymindtwo,1726934392,2024-09-21 15:59,-4,"Capeesh is most often used in fiction. When it's used to ask someone if they understand, capeesh indicates that the person asking has some authority to make life unpleasant for their listener. Capeesh can also be spelled as capiche or capisce.",helene,community_discussion,
lo84bwr,t3_1fm22kc,t1_lo7ap29,Georgia,[deleted],1726934545,2024-09-21 16:02,1,[removed],helene,community_discussion,
lo84eqz,t3_1fm22kc,t1_lo7off0,Georgia,Bmandoh,1726934571,2024-09-21 16:02,6,"The goal is to delay election certification till the deadline has passed. Then they will claim that since that couldn’t certify the votes in time that they will send a preselected slate of electors instead of the proper ones. The pre selected electors will be fervent trump supporters, like they were the last time and Georgia will go to trump. This will only occur if Harris wins, or looks like she’ll win Georgia. They will recount and delay to prevent proper certification and take Georgia either out of the election if it looks like Harris will win, or attempt to send alternate electors. ",helene,community_discussion,
lo84l0z,t3_1fm22kc,t1_lo83vay,Georgia,tmghost7729,1726934629,2024-09-21 16:03,2,🤦🏻‍♂️,helene,community_discussion,
lo85b6a,t3_1fm22kc,t1_lo7ap29,Georgia,downtimeredditor,1726934872,2024-09-21 16:07,12,"Outside of a large turnout against Trump in the election I doubt we can do much tbh.

But when those election rule seats become available we gotta get sane people in",helene,community_discussion,
lo85k16,t3_1fm22kc,t1_lo7s9zy,Georgia,Bmandoh,1726934954,2024-09-21 16:09,2,"Also it took 2.5 months to recount just 2.1 million ballots in maricopa county in a 2021 audit of the 2020 election. The average estimate is that one person can generally count 120 ballots every 50 mins. And these cases are where individuals are dedicated only to counting and checking ballot accuracy. Not immediately following a 12+ hour day of voting. 

It’s fine to want to double check just to be safe, but electronic counting is both much more efficient and accurate and should be the primary method of counting and certifying. A full hand recount really should only be done if there are significant discrepancy’s found in multiple counties/ polling locations. ",helene,community_discussion,
lo87cp5,t3_1fm22kc,t3_1fm22kc,Georgia,[deleted],1726935552,2024-09-21 16:19,1,[removed],helene,community_discussion,
lo87zif,t3_1fm22kc,t1_lo7p44r,Georgia,EinsteinsMind,1726935760,2024-09-21 16:22,3,"I believe that to be the case, and it'll lead to death.  There will be no grace period like there was for Jan 6th.  Anything that enabled the traitor will be treated as such.",helene,community_discussion,
lo8anef,t3_1fm22kc,t1_lo7ih6j,Georgia,[deleted],1726936634,2024-09-21 16:37,1,[removed],helene,community_discussion,
lo8aqvw,t3_1fm22kc,t1_lo7ap29,Georgia,[deleted],1726936666,2024-09-21 16:37,1,[removed],helene,community_discussion,
lo8b5xq,t3_1fm22kc,t1_lo83vay,Georgia,[deleted],1726936802,2024-09-21 16:40,1,[removed],helene,community_discussion,
lo8d3hl,t3_1fm22kc,t1_lo7ioqx,Georgia,EinsteinsMind,1726937425,2024-09-21 16:50,1,"I've used Microsoft News chat for years using U.S./US like that.  My followers jumped after I said something about red hat season opening if the Jan 6th traitor calls its cult back to violence against U.S. and feeding the Tree of Liberty its natural manure.  Months after I started using that terminology, I heard it say that in a news clip and laughed.  Here's a reminder of its lies on the toilet at 4:44am.      

https://preview.redd.it/hrvxnbjcz6qd1.png?width=1189&format=png&auto=webp&s=9f601f10ed0dd486ed5e061086a0f9abbdd3f1e8",helene,community_discussion,
lo8d639,t3_1fm22kc,t1_lo7o5p4,Georgia,WV-GT,1726937449,2024-09-21 16:50,14,"From what I can see on the Fulton website 
https://www.fultoncountyga.gov/inside-fulton-county/fulton-county-departments/registration-and-elections/become-a-poll-worker

They have already closed applications for poll workers, and I think dekalb may use a temp agency

Changing the rules this late knowing that counties have closed applications for one, is not going to go well",helene,community_discussion,
lo8da63,t3_1fm22kc,t3_1fm22kc,Georgia,[deleted],1726937485,2024-09-21 16:51,1,[removed],helene,community_discussion,
lo8dshh,t3_1fm22kc,t1_lo7ap29,Georgia,BATZ202,1726937648,2024-09-21 16:54,7,"Im scared about another 2000 Election Florida incident. How do we know if Republicans gonna throw away Kamala votes? Make excuses saying it's wrong date, spelling error etc.",helene,community_discussion,
lo8eg48,t3_1fm22kc,t3_1fm22kc,Georgia,Fraxcat,1726937858,2024-09-21 16:57,2,"Votes don't get counted......ya'll say there's nothing we can do? 

Funny, we figured out how to do something a while back when these stupid fucks thought they could just take half the country and do whatever with it. Let them prime the chamber for a *real* revolution, and in the end we will rid ourselves of this trash for another 150 years.",helene,community_discussion,
lo8eqvb,t3_1fm22kc,t1_lo7ap29,Georgia,[deleted],1726937952,2024-09-21 16:59,1,[removed],helene,community_discussion,
lo8f8co,t3_1fm22kc,t3_1fm22kc,Georgia,[deleted],1726938106,2024-09-21 17:01,1,[removed],helene,community_discussion,
lo8gdkf,t3_1fm22kc,t3_1fm22kc,Georgia,[deleted],1726938481,2024-09-21 17:08,1,[removed],helene,community_discussion,
lo8gm7g,t3_1fm22kc,t1_lo7zu6g,Georgia,[deleted],1726938556,2024-09-21 17:09,1,[removed],helene,community_discussion,
lo8h3zy,t3_1fm22kc,t1_lo7wi8d,Georgia,[deleted],1726938711,2024-09-21 17:11,1,[removed],helene,community_discussion,
lo8h7m4,t3_1fm22kc,t1_lo8gm7g,Georgia,[deleted],1726938741,2024-09-21 17:12,1,[removed],helene,community_discussion,
lo8i5m5,t3_1fm22kc,t3_1fm22kc,Georgia,[deleted],1726939037,2024-09-21 17:17,1,[removed],helene,community_discussion,
lo8ja0f,t3_1fm22kc,t3_1fm22kc,Georgia,[deleted],1726939390,2024-09-21 17:23,1,[removed],helene,community_discussion,
lo8m52f,t3_1fm22kc,t3_1fm22kc,Georgia,[deleted],1726940299,2024-09-21 17:38,1,[removed],helene,community_discussion,
lo8myrq,t3_1fm22kc,t3_1fm22kc,Georgia,[deleted],1726940560,2024-09-21 17:42,1,[removed],helene,community_discussion,
lo8nomy,t3_1fm22kc,t3_1fm22kc,Georgia,[deleted],1726940786,2024-09-21 17:46,1,[removed],helene,community_discussion,
lo8psl4,t3_1fm22kc,t1_lo7ap29,Georgia,[deleted],1726941463,2024-09-21 17:57,1,[removed],helene,community_discussion,
lo8tam7,t3_1fm22kc,t3_1fm22kc,Georgia,[deleted],1726942641,2024-09-21 18:17,1,[removed],helene,community_discussion,
lo8ufyp,t3_1fm22kc,t3_1fm22kc,Georgia,[deleted],1726943017,2024-09-21 18:23,1,[removed],helene,community_discussion,
lo8w7x0,t3_1fm22kc,t3_1fm22kc,Georgia,[deleted],1726943614,2024-09-21 18:33,1,[removed],helene,community_discussion,
lo8wj12,t3_1fm22kc,t3_1fm22kc,Georgia,[deleted],1726943719,2024-09-21 18:35,1,[removed],helene,community_discussion,
lo8ynpq,t3_1fm22kc,t3_1fm22kc,Georgia,[deleted],1726944449,2024-09-21 18:47,1,[deleted],helene,community_discussion,
lo8zbo4,t3_1fm22kc,t1_lo7ih6j,Georgia,Alone-Woodpecker-846,1726944680,2024-09-21 18:51,6,Did that. Can’t stand that these assholes appear to be getting away with so much.,helene,community_discussion,
lo90w33,t3_1fm22kc,t1_lo7u2lo,Georgia,Alone-Woodpecker-846,1726945226,2024-09-21 19:00,2,"I’m in the process of volunteering as a Poll Watcher. And here’s a link to volunteer at the State site: 

https://secure.ngpvan.com/xmnIl0vPGEqcvXjemzR—A2",helene,community_discussion,
lo91513,t3_1fm22kc,t1_lo90w33,Georgia,Flimsy-Tailor-6220,1726945315,2024-09-21 19:01,6,Yes. That's not the same thing. A poll watcher cannot be within the enclosed space helping with anything.,helene,community_discussion,
lo91onb,t3_1fm22kc,t1_lo7nqmf,Georgia,[deleted],1726945510,2024-09-21 19:05,1,[removed],helene,community_discussion,
lo93sfn,t3_1fm22kc,t1_lo84l0z,Georgia,[deleted],1726946255,2024-09-21 19:17,1,[removed],helene,community_discussion,
lo94gox,t3_1fm22kc,t1_lo91513,Georgia,Alone-Woodpecker-846,1726946493,2024-09-21 19:21,0,"Based on the training I’ve taken so far, I beg to differ. Approved Poll Watchers do have access to the “secure area”. Of course the whole job is to only observe, and never to “interfere in the conduct of the election”. Bottom line, Dems are looking for all sorts of volunteers. I hope many of y’all are contacting your counties.",helene,community_discussion,
lo94p3b,t3_1fm22kc,t1_lo94gox,Georgia,Flimsy-Tailor-6220,1726946574,2024-09-21 19:22,7,"reread what I said. I said you cannot be in the enclosed area helping with anything. that is true. you are just there to watch. 

we're talking about people working to help count ballots. A poll watcher would not be able to do that.",helene,community_discussion,
lo957ko,t3_1fm22kc,t1_lo7ap29,Georgia,FlexLikeKavana,1726946756,2024-09-21 19:25,18,Stop electing Republicans.,helene,community_discussion,
lo9683r,t3_1fm22kc,t3_1fm22kc,Georgia,[deleted],1726947119,2024-09-21 19:31,1,[removed],helene,community_discussion,
lo9bhq6,t3_1fm22kc,t1_lo7ioqx,Georgia,SuperSpecialAwesome-,1726948938,2024-09-21 20:02,2,Still amazing that that's an actual quote.,helene,community_discussion,
lo9cvpo,t3_1fm22kc,t1_lo7q9mj,Georgia,West_Yam7006,1726949416,2024-09-21 20:10,5,Because who wants to stand in line until midnight after working all day? I did it in 92. It was awful. We didn't get home until after 1am,helene,community_discussion,
lo9efjb,t3_1fm22kc,t3_1fm22kc,Georgia,[deleted],1726949928,2024-09-21 20:18,1,[removed],helene,community_discussion,
lo9g4m6,t3_1fm22kc,t1_lo8d639,Georgia,Forward_Vanilla_3402,1726950500,2024-09-21 20:28,6,"Some may reopen recruitment specifically for this. Some counties never closed recruitment spefically in case this passed. 

A huge part of the problem with rule changes this late is that recruitment for many counties as well as training has already happened.

Just be ready to stand together as a community to make sure things keep running smoothly. The more stress on the poll workers and local officials, the more likely they'll make small human errors that conspiracy nuts will jump on and torment them over for the next four years as ""proof of fraud""

Thank a poll worker. Do your part to try and keep polling places as peaceful and boring as possible, because the less ""exciting"" a voting location is, the less likely someone can find anything to point to to try and challenge the results.

Regardless of their attempted distractions, Georgia has to run smoothly, so that no matter the results, the practice of democracy itself needs to be how the winner is chosen and not through lawfare or rioting.",helene,community_discussion,
lo9gzps,t3_1fm22kc,t1_lo9cvpo,Georgia,ConsiderationOk1986,1726950789,2024-09-21 20:33,2,"Lol i didn't mean about the lines it's just people keep saying ""this is why you have to vote early"" as if it's a better vote than people waiting in lines and that's the part that doesn't make sense to me.",helene,community_discussion,
lo9u5ak,t3_1fm22kc,t1_lo7ih6j,Georgia,[deleted],1726955348,2024-09-21 21:49,1,[removed],helene,community_discussion,
lo9y6g9,t3_1fm22kc,t1_lo7ap29,Georgia,Skankhunt2042,1726956849,2024-09-21 22:14,1,"Confident all of these changes are going to be completely shut down.

The real question is if any county officials will continue to encourage chaos during the election. Personally I think they are going to be burried by leaders of their party.",helene,community_discussion,
lo9yoxx,t3_1fm22kc,t1_lo9gzps,Georgia,West_Yam7006,1726957041,2024-09-21 22:17,2,"But that is literally the reason why people say ""vote early"" and have been saying it for years. This time is no different. No vote is counted until the polls are closed. They can't start counting votes until all people have voted. Voting early keeps the lines down on election day and the possibility of delays at the end of the day.",helene,community_discussion,
lo9z8go,t3_1fm22kc,t1_lo8eg48,Georgia,Skankhunt2042,1726957245,2024-09-21 22:20,2,Are you calling for a civil war?  You're part of the problem.,helene,community_discussion,
lo9z9lr,t3_1fm22kc,t1_lo8eg48,Georgia,Skankhunt2042,1726957257,2024-09-21 22:20,1,Are you calling for a civil war?  You're part of the problem.,helene,community_discussion,
loa58ux,t3_1fm22kc,t3_1fm22kc,Georgia,[deleted],1726959510,2024-09-21 22:58,1,[removed],helene,community_discussion,
loa70pd,t3_1fm22kc,t3_1fm22kc,Georgia,[deleted],1726960198,2024-09-21 23:09,1,[removed],helene,community_discussion,
loa7wpk,t3_1fm22kc,t3_1fm22kc,Georgia,Human_Win_3034,1726960548,2024-09-21 23:15,2,Biden needs to issue a proclamation to disqualify this illegal act,helene,community_discussion,
loa94zy,t3_1fm22kc,t3_1fm22kc,Georgia,[deleted],1726961033,2024-09-21 23:23,1,[removed],helene,community_discussion,
loaajhr,t3_1fm22kc,t3_1fm22kc,Georgia,[deleted],1726961589,2024-09-21 23:33,1,[removed],helene,community_discussion,
loak4hq,t3_1fm22kc,t3_1fm22kc,Georgia,[deleted],1726965463,2024-09-22 00:37,1,[removed],helene,community_discussion,
loalns4,t3_1fm22kc,t3_1fm22kc,Georgia,[deleted],1726966091,2024-09-22 00:48,1,[removed],helene,community_discussion,
loan2tm,t3_1fm22kc,t1_lo7ap29,Georgia,hammilithome,1726966672,2024-09-22 00:57,6,"Cobb county officials wrote a stern letter.

The path is via courts.

Unfortunately, maga runs much of the judiciary in GA.

So the check n balance system here is broken.

Which is why they're making progress toward such anti democratic rules.

My hope is that they can get the courts to block the change for this election while they take the next 2 years to deem it unconstitutional.",helene,community_discussion,
loat6gf,t3_1fm22kc,t3_1fm22kc,Georgia,[deleted],1726969214,2024-09-22 01:40,1,[removed],helene,community_discussion,
lob00al,t3_1fm22kc,t3_1fm22kc,Georgia,[deleted],1726972136,2024-09-22 02:28,1,[removed],helene,community_discussion,
lob0sbx,t3_1fm22kc,t3_1fm22kc,Georgia,[deleted],1726972474,2024-09-22 02:34,1,[removed],helene,community_discussion,
lob49ib,t3_1fm22kc,t3_1fm22kc,Georgia,[deleted],1726974014,2024-09-22 03:00,1,[removed],helene,community_discussion,
lob738h,t3_1fm22kc,t3_1fm22kc,Georgia,[deleted],1726975310,2024-09-22 03:21,1,[removed],helene,community_discussion,
lob7c05,t3_1fm22kc,t3_1fm22kc,Georgia,[deleted],1726975422,2024-09-22 03:23,1,[removed],helene,community_discussion,
lob8zu5,t3_1fm22kc,t1_lo9g4m6,Georgia,ElectricSnowBunny,1726976205,2024-09-22 03:36,6,"I've been a poll worker since 2016 here in Cobb.

Please just vote and we'll do our jobs. It's very tightly coordinated and structured and while I expect some crazy from the public, we'll do the same thing we always do.

Just VOTE",helene,community_discussion,
lobktlb,t3_1fm22kc,t3_1fm22kc,Georgia,[deleted],1726982533,2024-09-22 05:22,1,[removed],helene,community_discussion,
lobl65p,t3_1fm22kc,t1_lob8zu5,Georgia,Forward_Vanilla_3402,1726982741,2024-09-22 05:25,5,"Yes, and I appreciate your service. Georgia's well trained elections officials will prepare for this and will provide free, fair, secure, safe, accurate and accessible elections for it's citizens this November and beyond.

That said, I'm a county elections director. 

Some counties need extra help because of this, some don't. There's 158 other counties that you don't know the situations of. That's why I suggested to concerned citizens that they reach out to counties to find out or at least express appreciation or potentially being put onto a list of reserve poll workers to be able to be called upon if a shortage occurs. Having a healthy list of volunteers available as backups are a valuable contingency resource even if they're never used.

A call to action, by focusing negative reactions to this news towards productive efforts, also disarms feelings of panic as they are beginning to set in, thanks to the media coverage surrounding this and other rules. A panicked public is an unpredictable one, which is a danger to everyone and to a properly administered election.

Voters staying calm and orderly in precincts allows you to do your jobs without having to worry about herding the crowds as much. 

Keeping the precinct peaceful means just going in and voting, following the rules then leaving or observing the process from outside the enclosed area within the confines of the law. 

If anyone reading this is a poll watcher, who can be within the enclosed space, follow your legally required training, and if you see something wrong, tell the poll manager or elections director first before spreading the word far and wide or to your parties or candidates. The absolute priority is to correct or explain any observed issues or concerns in as little time as possible to minimize or nullify any potential negative impact on the process and document the scenario fully for the record, not to find a ""gotcha"" moment to call the whole election into question. Our shared goal is supposed to be a well run, legally compliant election with no voters affected by any errors or obstructions of any kind.

The best elections are the boring ones. Let's do our best to keep it quiet and routine and save the headlines for the results when they are reported.",helene,community_discussion,
loblozk,t3_1fm22kc,t3_1fm22kc,Georgia,[deleted],1726983052,2024-09-22 05:30,1,[removed],helene,community_discussion,
lobn7km,t3_1fm22kc,t1_lo8d639,Georgia,Flimsy-Tailor-6220,1726983969,2024-09-22 05:46,2,"DeKalb uses temp agency? Wow, where are you getting that from? That would be a very wild situation for which you should supply a source.",helene,community_discussion,
lobnoyk,t3_1fm22kc,t1_lo7omoa,Georgia,Flimsy-Tailor-6220,1726984264,2024-09-22 05:51,2,hopefully the case stays with that judge. there's all sorts of things you could do to change your judge. let's hope that doesn't happen.,helene,community_discussion,
lobnuux,t3_1fm22kc,t1_lo9y6g9,Georgia,Flimsy-Tailor-6220,1726984365,2024-09-22 05:52,1,The one thing Georgia has going for it is the beef between Brian Kemp and Donald Trump. That's what's going to save our votes. A fucking beef between two white guys with too much money.,helene,community_discussion,
lobofgc,t3_1fm22kc,t1_lo957ko,Georgia,Forward_Vanilla_3402,1726984727,2024-09-22 05:58,4,"The Governor's appointee to this board is the nonpartisan chair, who legally cannot have any party affiliations or partisan political donations for a minimum of 2 years before taking the role and is subject to disqualification if they participate in partisan political activities. 

Chairman Fervier has voted with the democratic party's appointee in nearly every instance since his appointment, and frequently announces to members of the board prior to voting on any rules if a rule seems to be illegal, not only as a futile attempt to convince them against voting for it, but also putting that acknowledgment in the minutes as evidence to assist any legal challenges to those rules. He's been thrown into an impossible situation and is doing an admirable job considering the challenges he's facing at this time. 

The three ""pit bulls"" in question are appointed by the gop controlled state senate, the gop controlled state house and the state gop itself.

So as far as which elected officials are responsible for these board members who are pushing all this controversy through, it's the state house reps and state senators. Hold them accountable for the actions of who they selected to be on these boards if you want to know the people who are actually responsible of their appointments.

Every single contest on the ballot is important and has an impact. To have your voice heard the loudest, vote for every contest you can, in every election that you qualify for. Elections happen usually multiple times each year for various offices, and each one affects different aspects of your day to day lives.",helene,community_discussion,
loby7mh,t3_1fm22kc,t3_1fm22kc,Georgia,[deleted],1726991168,2024-09-22 07:46,1,[removed],helene,community_discussion,
loc7p1x,t3_1fm22kc,t3_1fm22kc,Georgia,[deleted],1726997735,2024-09-22 09:35,1,[removed],helene,community_discussion,
loc7xkn,t3_1fm22kc,t3_1fm22kc,Georgia,[deleted],1726997901,2024-09-22 09:38,1,[removed],helene,community_discussion,
locgiku,t3_1fm22kc,t3_1fm22kc,Georgia,OrangeOrganicOlive,1727003579,2024-09-22 11:12,3,Treasonous pieces of shit. I hope they all end up in prison.,helene,community_discussion,
locgpme,t3_1fm22kc,t1_lobn7km,Georgia,WV-GT,1727003694,2024-09-22 11:14,4,"It was mentioned by Gabe Sterling in the AJC politically Georgia podcast, came out on Thursday. His interview is very good 
https://open.spotify.com/episode/5gaWOk3aOKY2IJi7LHEUBW?si=pmWgCiNpQT6jG7QrcuAWKg",helene,community_discussion,
locju5x,t3_1fm22kc,t1_lo7off0,Georgia,WV-GT,1727005469,2024-09-22 11:44,1,"Because there is no guidelines on what a ""reasonable inquiry"" can be. Basically as I understand it, someone can say they believe there was fraud, not be required to show proof and the certification stops to hunt for said fraud. It will create confusion, delay things and worse could through things to the courts to sort out . 
One county elections official should not have the power to delay the certification for the entire state",helene,community_discussion,power
locoutt,t3_1fm22kc,t3_1fm22kc,Georgia,[deleted],1727008006,2024-09-22 12:26,1,[removed],helene,community_discussion,
locu5zx,t3_1fm22kc,t3_1fm22kc,Georgia,[deleted],1727010407,2024-09-22 13:06,1,[removed],helene,community_discussion,
locyiky,t3_1fm22kc,t3_1fm22kc,Georgia,[deleted],1727012204,2024-09-22 13:36,1,[removed],helene,community_discussion,
lod0ncx,t3_1fm22kc,t1_lo94p3b,Georgia,Tomato-Legitimate,1727012996,2024-09-22 13:49,1,Watching is helping - be less ambiguous.,helene,community_discussion,
lod0nnf,t3_1fm22kc,t1_lo94p3b,Georgia,Tomato-Legitimate,1727012996,2024-09-22 13:49,1,Watching is helping - be less ambiguous.,helene,community_discussion,
lod273t,t3_1fm22kc,t3_1fm22kc,Georgia,[deleted],1727013517,2024-09-22 13:58,1,[removed],helene,community_discussion,
lodcpmk,t3_1fm22kc,t3_1fm22kc,Georgia,[deleted],1727017300,2024-09-22 15:01,1,[removed],helene,community_discussion,
lode01e,t3_1fm22kc,t1_locju5x,Georgia,Cool_Radish_7031,1727017738,2024-09-22 15:08,2,"Ahhhh ok I actually didn’t even think about how that would affect polling, truly appreciate the perspective and thanks for sharing.",helene,community_discussion,
lodojes,t3_1fm22kc,t1_lo7ap29,Georgia,Lazy_Importance286,1727021134,2024-09-22 16:05,1,"Look, there will be a lawsuit that will put a hold on these changes. Nothing will happen. It’s only posturing, they all know it “look we tried, but the courts kept us from doing it. “

That’s all Maga is. Posturing. Hollow , stupid. 

The most whiny crybaby bitches in the world. You call them out, you stand up to them, they fold like a house of cards.

I’m not talking about the hard-core rednecks with the guns that will shoot you on sight.  I’m talking about all these so-called leaders, they’re like the nastiest most disgusting bottom feeders there are.",helene,community_discussion,
lodr683,t3_1fm22kc,t1_lobl65p,Georgia,ElectricSnowBunny,1727021948,2024-09-22 16:19,2,Thanks for YOUR service!,helene,community_discussion,
lodyc54,t3_1fm22kc,t1_lo7ap29,Georgia,[deleted],1727024064,2024-09-22 16:54,1,[removed],helene,community_discussion,
loe1zff,t3_1fm22kc,t3_1fm22kc,Georgia,[deleted],1727025180,2024-09-22 17:13,1,[removed],helene,community_discussion,
lofacjs,t3_1fm22kc,t3_1fm22kc,Georgia,[deleted],1727038498,2024-09-22 20:54,1,[removed],helene,community_discussion,
lofb6dr,t3_1fm22kc,t3_1fm22kc,Georgia,[deleted],1727038760,2024-09-22 20:59,1,[removed],helene,community_discussion,
lofu46p,t3_1fm22kc,t3_1fm22kc,Georgia,[deleted],1727045186,2024-09-22 22:46,1,[removed],helene,community_discussion,
lofzeqm,t3_1fm22kc,t3_1fm22kc,Georgia,[deleted],1727047066,2024-09-22 23:17,1,[removed],helene,community_discussion,
log342j,t3_1fm22kc,t3_1fm22kc,Georgia,[deleted],1727048385,2024-09-22 23:39,1,[removed],helene,community_discussion,
lo81yah,t3_1fm594r,t3_1fm594r,Georgia,GnarlyLeg,1726933757,2024-09-21 15:49,1,"Both are good but I usually have Dubs. (I live in Calhoun) 
Side note since you are both traveling, Buccees is a madhouse I avoid like the plague.",helene,community_discussion,
lo81zki,t3_1fm594r,t3_1fm594r,Georgia,Intrepid-Goat-9252,1726933769,2024-09-21 15:49,2,"I've never tried High on the Hog, but I have had Thatchers, which have a few locations across the area. It has been fairly good quality each time that I have eaten there.",helene,community_discussion,
lo83mzt,t3_1fm594r,t1_lo81yah,Georgia,marcsaintclair,1726934316,2024-09-21 15:58,1,I avoid Buccees like a plague anyway hahaha,helene,community_discussion,
lo89d8n,t3_1fm594r,t3_1fm594r,Georgia,TemptingTouch4,1726936212,2024-09-21 16:30,5,"Honestly, BBQ in Georgia is like a love language—everyone has their favorite! If you're looking to spark a flavor romance, I’d say give Dub’s a shot..",helene,community_discussion,
lo8aaqj,t3_1fm594r,t3_1fm594r,Georgia,errdaddy,1726936522,2024-09-21 16:35,5,Dub’s is great!,helene,community_discussion,
lo8bdxr,t3_1fm594r,t3_1fm594r,Georgia,mojoman566,1726936876,2024-09-21 16:41,4,Dub's.,helene,community_discussion,
lo8hip3,t3_1fm594r,t3_1fm594r,Georgia,DarkMarkTwain,1726938838,2024-09-21 17:13,1,Lol all these other answers are incorrect.  The best place for bbq in Calhoun is at the Buc-ees off the interstate. Brisket sandwich and the three meat sandwiches are my favorites,helene,community_discussion,
lo8i3yk,t3_1fm594r,t3_1fm594r,Georgia,Boring_Bat5517,1726939023,2024-09-21 17:17,1,Thatchers is going to be your best bet,helene,community_discussion,
lo8i9hr,t3_1fm594r,t1_lo81zki,Georgia,Boring_Bat5517,1726939071,2024-09-21 17:17,1,Thatchers most definitely,helene,community_discussion,
lo8upz9,t3_1fm594r,t3_1fm594r,Georgia,bbagwell13,1726943107,2024-09-21 18:25,1,"Yes, Dubs is the best",helene,community_discussion,
lo98mz1,t3_1fm594r,t1_lo8hip3,Georgia,ILLpLacedOpinion,1726947956,2024-09-21 19:45,2,Came here to say this…damn good sammi for the road.,helene,community_discussion,
lo9djfi,t3_1fm594r,t3_1fm594r,Georgia,Insomniacintheflesh,1726949634,2024-09-21 20:13,1,"I'm originally from Calhoun, most locals go to Dubs. But for real, Buccees is really the best lol.",helene,community_discussion,
loady1e,t3_1fm594r,t3_1fm594r,Georgia,TrumpIsWeird,1726962949,2024-09-21 23:55,1,There is also Character’s In Adairsville. All three are okay. You can get a beer at Dub’s. Does Thatcher’s have a wood smoker?,helene,community_discussion,
loao856,t3_1fm594r,t3_1fm594r,Georgia,marcsaintclair,1726967145,2024-09-22 01:05,1,Thanks for the help y’all! We settled on Dub’s and it was pretty good! I’ll have to try Thatcher’s next time we go through.,helene,community_discussion,
locgv21,t3_1fm594r,t3_1fm594r,Georgia,OrangeOrganicOlive,1727003784,2024-09-22 11:16,1,There is no good anything in Calhoun.,helene,community_discussion,
lo7wukq,t3_1fm5b7q,t3_1fm5b7q,Georgia,Crit_Crab,1726932066,2024-09-21 15:21,11,"https://preview.redd.it/0seqoa7mj6qd1.jpeg?width=510&format=pjpg&auto=webp&s=5be9f11a94108d2b03f1d09ebd45defe58dc909a

What makes a man go neutral?",helene,community_discussion,
lo7wxpx,t3_1fm5b7q,t3_1fm5b7q,Georgia,Buttermilk-Waffles,1726932094,2024-09-21 15:21,5,You should try a donut peach,helene,community_discussion,
lo7x335,t3_1fm5b7q,t3_1fm5b7q,Georgia,LauraD2423,1726932144,2024-09-21 15:22,1,"I moved out to Georgia from Cali 4 years ago. 

First thing I wanted to try was a Georgia peach.

Every single peach in the grocery stores had a ""made in California"" label on their box. 

Even the slogan is a lie.",helene,community_discussion,
lo7xcr9,t3_1fm5b7q,t3_1fm5b7q,Georgia,[deleted],1726932232,2024-09-21 15:23,1,[removed],helene,community_discussion,
lo7xlkb,t3_1fm5b7q,t1_lo7x335,Georgia,EquivalentOwn2185,1726932313,2024-09-21 15:25,3,you got to stop at the 'georgia peach world' spots.,helene,community_discussion,
lo7xvnx,t3_1fm5b7q,t3_1fm5b7q,Georgia,No-Ad-3609,1726932406,2024-09-21 15:26,1,"White peaches are the best ones, plus they are prettier because they get all pink on the inside.",helene,community_discussion,
lo7xzi2,t3_1fm5b7q,t3_1fm5b7q,Georgia,NoKindheartedness00,1726932441,2024-09-21 15:27,1,Thems fighting words around here,helene,community_discussion,
lo7y0g9,t3_1fm5b7q,t3_1fm5b7q,Georgia,chendamoni,1726932450,2024-09-21 15:27,1,They're one of my favorite fruits - more for me!,helene,community_discussion,
lo7y5g8,t3_1fm5b7q,t1_lo7wxpx,Georgia,TinyDecision31,1726932496,2024-09-21 15:28,1,I just looked it up. It’s even more weird looking than a regular peach 😭💀,helene,community_discussion,
lo7yc1t,t3_1fm5b7q,t1_lo7x335,Georgia,TinyDecision31,1726932556,2024-09-21 15:29,1,"Damn.As a representative of all of Georgia, I am sorry 😞 ",helene,community_discussion,
lo7yjyj,t3_1fm5b7q,t1_lo7x335,Georgia,karenwolfhound,1726932628,2024-09-21 15:30,19,Always buy peaches from a roadside stand. They are picked ripe. Grocery store peaches are gross.,helene,community_discussion,
lo7ynui,t3_1fm5b7q,t1_lo7xvnx,Georgia,TinyDecision31,1726932665,2024-09-21 15:31,-2,Oh no 😬 now they actually look like you-know-what ,helene,community_discussion,
lo7yr7w,t3_1fm5b7q,t1_lo7y0g9,Georgia,TinyDecision31,1726932695,2024-09-21 15:31,3,"Respect your opinion, and I hope that we can agree to disagree ",helene,community_discussion,
lo7yulj,t3_1fm5b7q,t1_lo7x335,Georgia,bbb26782,1726932728,2024-09-21 15:32,3,Our season is different than theirs. You’ll find them over the summer.,helene,community_discussion,
lo7z5bt,t3_1fm5b7q,t1_lo7ynui,Georgia,No-Ad-3609,1726932828,2024-09-21 15:33,1,I said what I said,helene,community_discussion,
lo7z9j2,t3_1fm5b7q,t3_1fm5b7q,Georgia,fancywinky,1726932868,2024-09-21 15:34,6,Pearson Peaches in late June are like seeing the face of god. This is a hill I will die on.,helene,community_discussion,
lo7zltf,t3_1fm5b7q,t1_lo7ynui,Georgia,No-Ad-3609,1726932982,2024-09-21 15:36,0,So does a strawberry,helene,community_discussion,
lo807ci,t3_1fm5b7q,t3_1fm5b7q,Georgia,aredd007,1726933180,2024-09-21 15:39,3,You’ve not had a good juicy peach my friend,helene,community_discussion,
lo80o85,t3_1fm5b7q,t1_lo807ci,Georgia,TinyDecision31,1726933334,2024-09-21 15:42,1,"Well in my defense, I’ve only had grocery store peaches. The ATL area doesn’t have many peach farms ",helene,community_discussion,
lo80sur,t3_1fm5b7q,t1_lo7yjyj,Georgia,TinyDecision31,1726933377,2024-09-21 15:42,5,🤔 so that’s why all the peaches I’ve had are ass,helene,community_discussion,
lo813pj,t3_1fm5b7q,t1_lo80sur,Georgia,karenwolfhound,1726933478,2024-09-21 15:44,3,"Yup!  You have to eat the roadside peaches quickly. They don’t last long, but the flavor is a religious experience.",helene,community_discussion,
lo81nzo,t3_1fm5b7q,t1_lo80sur,Georgia,righthandofdog,1726933662,2024-09-21 15:47,4,"Correct.  Peaches are a fruit that does not get sweeter/riper after they are picked.  They just get softer and eventually ferment and rot. 

A fully ripe peach, still warm from the sun from a roadside stand picked the day before is sublime in a way that peach picked not fully ripe to be firm enough to transport from Mexico, Florida, or south Carolina never will be.",helene,community_discussion,
lo86yt1,t3_1fm5b7q,t3_1fm5b7q,Georgia,Original_Telephone_2,1726935424,2024-09-21 16:17,3,r/the10thdentist,helene,community_discussion,
lo88ym6,t3_1fm5b7q,t1_lo7yjyj,Georgia,PotatoesMcLaughlin,1726936079,2024-09-21 16:27,2,This. Fresh picked peaches are soooooo gooooood.,helene,community_discussion,
lo8aoft,t3_1fm5b7q,t1_lo7x335,Georgia,zedsmith,1726936643,2024-09-21 16:37,2,The growing season for Ga/SC peaches is very comparatively narrow. You need to hit the local farmers market in late spring/early summer.,helene,community_discussion,
lo8ffrj,t3_1fm5b7q,t1_lo7y5g8,Georgia,Buttermilk-Waffles,1726938172,2024-09-21 17:02,3,Yeah they're definitely funky looking but they're sweeter than regular peaches lol,helene,community_discussion,
lo8fqso,t3_1fm5b7q,t1_lo7x335,Georgia,MrRikleman,1726938273,2024-09-21 17:04,2,"California produces almost 500,000 tons of peaches, Georgia by contrast produces about 25,000. There’s good reason for it. Georgia is not naturally suited to peach growing. The major problems, Plum Curculio and brown rot will cause near total loss of crops if not treated. Add in the various other pests present in Georgia and diseases and despite the slogan, it’s just not a good place to grow peaches. Much of California on the other hand is exceptional for growing just about anything.",helene,community_discussion,
lo8h6bq,t3_1fm5b7q,t3_1fm5b7q,Georgia,DrSunstorm1911,1726938730,2024-09-21 17:12,2,![gif](giphy|kclWCOmuVDrESeM3zV|downsized),helene,community_discussion,
lo8jhw5,t3_1fm5b7q,t3_1fm5b7q,Georgia,GetBentHo,1726939458,2024-09-21 17:24,2,"Tbh, yellow nectarines have won this summer over for me. Fresh or dehydrated",helene,community_discussion,
lo8mg02,t3_1fm5b7q,t1_lo7z9j2,Georgia,Arya_kidding_me,1726940394,2024-09-21 17:39,1,Where do I get these?,helene,community_discussion,
lo8t52u,t3_1fm5b7q,t1_lo8mg02,Georgia,fancywinky,1726942589,2024-09-21 18:16,5,"They are out of season now, but you can generally find them at your local farmers market. Here is their website: https://pearsonfarm.com/",helene,community_discussion,
lo8ufo8,t3_1fm5b7q,t1_lo8t52u,Georgia,Arya_kidding_me,1726943014,2024-09-21 18:23,1,I’m going to set a calendar reminder for next year - thank you!,helene,community_discussion,
lo8vty4,t3_1fm5b7q,t3_1fm5b7q,Georgia,tastepdad,1726943482,2024-09-21 18:31,1,… way to focus on the negative…,helene,community_discussion,
lo8x2h8,t3_1fm5b7q,t3_1fm5b7q,Georgia,jayeeein,1726943904,2024-09-21 18:38,4,"Something I learned from my local produce lady;

Georgia peaches shouldn’t be bought after about mid to late June. Usually the ones you see after that have been rolled on conveyors over ice baths to make them stay good for grocery store distribution sometimes weeks later. This inhibits sugars doing their thing which otherwise gives us the beautiful flavor and texture. Instead you wind up with flavorless and sometimes hard or mealy “peaches” . 

She recommends going to South Carolina peaches after June, then North Carolina. Any earlier than June, you’re probably looking at South American peaches - for example in March, I had amazing peaches from Chile.

Soft fruits w short shelf lives really need to be sourced wisely or you’re gonna be disappointed!",helene,community_discussion,
lo95kkn,t3_1fm5b7q,t1_lo80o85,Georgia,flying_trashcan,1726946884,2024-09-21 19:28,3,Bruh,helene,community_discussion,
lo95o7f,t3_1fm5b7q,t3_1fm5b7q,Georgia,2greeneyes,1726946923,2024-09-21 19:28,3,A good ripe juicy peach is great. Not the green snd pink baseballs sold in stores...,helene,community_discussion,
lo9equ4,t3_1fm5b7q,t3_1fm5b7q,Georgia,mrgatorarms,1726950032,2024-09-21 20:20,1,Ban,helene,community_discussion,
loa6ufo,t3_1fm5b7q,t3_1fm5b7q,Georgia,Sheldons_spot,1726960131,2024-09-21 23:08,1,"If you are ever on I 75 near Vienna, Ellis Bros Nuts has awesome peaches during season. And their candied pecans are delicious.",helene,community_discussion,
loagvgq,t3_1fm5b7q,t1_lo8x2h8,Georgia,TinyDecision31,1726964134,2024-09-22 00:15,1,Yeah I’ve now come to realize that any peaches that are not fresh are complete garbage ,helene,community_discussion,
loairdt,t3_1fm5b7q,t3_1fm5b7q,Georgia,Altrano,1726964909,2024-09-22 00:28,2,"Fresh peaches from the farm are a game changer.  I wasn’t impressed until I moved out to the country.  They’re so much better.

No wonder my mom couldn’t copy great-grandma’s cobbler even with the recipe.",helene,community_discussion,
loc79vs,t3_1fm5b7q,t3_1fm5b7q,Georgia,Jus10Crummie,1726997438,2024-09-22 09:30,1,That’s blasphemy,helene,community_discussion,
loc9en6,t3_1fm5b7q,t1_lo80o85,Georgia,HoochyShawtz,1726998931,2024-09-22 09:55,1,There is usually a stand at Peachtree Center that sells GA peaches every summer. I've walked away from that stand with peach juice all over my face many a time.,helene,community_discussion,
loch7b4,t3_1fm5b7q,t3_1fm5b7q,Georgia,Reynoldstown881,1727003983,2024-09-22 11:19,1,"Peaches: meh.
Homemade peach ice cream: all day long.",helene,community_discussion,
loci14d,t3_1fm5b7q,t3_1fm5b7q,Georgia,TheAmazingGrippando,1727004465,2024-09-22 11:27,2,Thank you for your announcement,helene,community_discussion,
locpvwu,t3_1fm5b7q,t3_1fm5b7q,Georgia,DotRepresentative803,1727008496,2024-09-22 12:34,1,"I can't do the fuzz. I've had them straight from the tree and in a fruit cup. I prefer the fruit cup. And artificial peach. Like peach Crystaline or rings. 

Peanuts, tho... them thangs are bangin if boiled and salted right.",helene,community_discussion,
loew92d,t3_1fm5b7q,t1_locpvwu,Georgia,TinyDecision31,1727034174,2024-09-22 19:42,1,The fuzz is one reason why I don’t like peaches,helene,community_discussion,
loewlef,t3_1fm5b7q,t1_lo95o7f,Georgia,TinyDecision31,1727034277,2024-09-22 19:44,1,Baseballs are wild 💀💀💀,helene,community_discussion,
loewsnx,t3_1fm5b7q,t1_loc79vs,Georgia,TinyDecision31,1727034338,2024-09-22 19:45,1, 😭😭😭,helene,community_discussion,
loewxkm,t3_1fm5b7q,t1_lo9equ4,Georgia,TinyDecision31,1727034378,2024-09-22 19:46,1,Why tho😭,helene,community_discussion,
lof483d,t3_1fm5b7q,t3_1fm5b7q,Georgia,AccomplishedWar8634,1727036584,2024-09-22 20:23,1,"Yeah, you can get bad peaches. Just like any other fruit.",helene,community_discussion,
lof49zr,t3_1fm5b7q,t1_lo8ffrj,Georgia,AccomplishedWar8634,1727036600,2024-09-22 20:23,2,Where do I find those?,helene,community_discussion,
lof4gye,t3_1fm5b7q,t1_lof49zr,Georgia,Buttermilk-Waffles,1727036659,2024-09-22 20:24,2,"Should be able to find them at most grocery stores, I get mine from Publix 😊",helene,community_discussion,
lof4jeg,t3_1fm5b7q,t1_lof4gye,Georgia,AccomplishedWar8634,1727036680,2024-09-22 20:24,1,Thank you !!,helene,community_discussion,
lo8ce1h,t3_1fm6z7p,t3_1fm6z7p,Georgia,WV-GT,1726937199,2024-09-21 16:46,1,"Wrong sub, this is for the state of Georgia , USA",helene,community_discussion,
lo8dybc,t3_1fm6z7p,t3_1fm6z7p,Georgia,Curious_Art_5239,1726937699,2024-09-21 16:54,2,Wrong Georgia,helene,community_discussion,
lo8ejhy,t3_1fm6z7p,t3_1fm6z7p,Georgia,Curious_Art_5239,1726937889,2024-09-21 16:58,2,https://www.reddit.com/r/tbilisi/s/ozb6yUaVlr,helene,community_discussion,
lo8jedu,t3_1fm6z7p,t3_1fm6z7p,Georgia,dragonchilde,1726939429,2024-09-21 17:23,1,r/georgiaorgeorgia,helene,community_discussion,
lo8kk5g,t3_1fm6z7p,t3_1fm6z7p,Georgia,Georgia-ModTeam,1726939796,2024-09-21 17:29,1,Irrelevant posts and posts related to the country of Georgia will be removed.,helene,community_discussion,
lo8o7uc,t3_1fm71as,t3_1fm71as,Georgia,Georgia-ModTeam,1726940954,2024-09-21 17:49,1,Irrelevant posts and posts related to the country of Georgia will be removed.,helene,community_discussion,
lob7jgf,t3_1fm7di4,t3_1fm7di4,Georgia,mount_of_contecrisco,1726975521,2024-09-22 03:25,2,"This matches the test format in LaGrange. Standard approach. Score was shared at the end on a paper report. Missing the parallel parking exercise resulted in a 93.

Congrats on passing!",helene,community_discussion,
lo8lpqr,t3_1fm8dfn,t3_1fm8dfn,Georgia,AutoModerator,1726940165,2024-09-21 17:36,1,"This submission has been flaired for News/Politics. Please remember to follow r/Georgia rules and sitewide [guidelines](https://www.reddit.com/r/Georgia/wiki/faq/politics_guidelines/) when making submission and comments. If this post has been flaired ""News"" ensure that your title matches the headline of the linked article. If the post has been flaired ""Politics"" subreddit karma filtering is enabled to weed out trolls and bots. Thanks!

*I am a bot, and this action was performed automatically. Please [contact the moderators of this subreddit](/message/compose/?to=/r/Georgia) if you have any questions or concerns.*",helene,community_discussion,
lo8n2cx,t3_1fm8dfn,t3_1fm8dfn,Georgia,BigPapaChuck73,1726940591,2024-09-21 17:43,58,Great family there,helene,community_discussion,
lo8r6ou,t3_1fm8dfn,t1_lo8n2cx,Georgia,Bioshock_Jock,1726941940,2024-09-21 18:05,32,"Shit apples Rand, and they don't fall far from the shit tree.",helene,community_discussion,
lo8zl3z,t3_1fm8dfn,t3_1fm8dfn,Georgia,plateglass1,1726944773,2024-09-21 18:52,25,https://preview.redd.it/0qnp259fl7qd1.jpeg?width=298&format=pjpg&auto=webp&s=fb8e76c1e9a4840b1dba9e7de21447f8ecc41eb7,helene,community_discussion,
lo9034n,t3_1fm8dfn,t3_1fm8dfn,Georgia,Mike_honchos_spread,1726944946,2024-09-21 18:55,37,"The best part is when she says her little monster, isn't a monster.",helene,community_discussion,
lo905g8,t3_1fm8dfn,t3_1fm8dfn,Georgia,lgmorrow,1726944969,2024-09-21 18:56,13,And how long ago was this.....chasing headlines or stating facts....make up your minds,helene,community_discussion,
lo94wli,t3_1fm8dfn,t3_1fm8dfn,Georgia,sukui_no_keikaku,1726946649,2024-09-21 19:24,19,This is barrow county georgia.  You will find barrows finest at the gas station in the morning getting scratchy lotteries and breakfast beer.  ,helene,community_discussion,
lo96q79,t3_1fm8dfn,t3_1fm8dfn,Georgia,Maleficent-Brief1715,1726947294,2024-09-21 19:34,24,"The apple didn't fall far from the tree, did it.",helene,community_discussion,
lo97zr0,t3_1fm8dfn,t1_lo905g8,Georgia,Lvwr87,1726947732,2024-09-21 19:42,16,Last year November 4th so chasing headlines.,helene,community_discussion,
lo9cfos,t3_1fm8dfn,t1_lo97zr0,Georgia,Undercover_Chimp,1726949264,2024-09-21 20:07,10,"Authorities are/have been investigating the family. This winner has a criminal background already. 

Surely you’re not suggesting that because she taped her elderly mother to a chair last year, before her little cunt goblin killed four people, police should ignore her crime they just discovered?",helene,community_discussion,
lo9f2jf,t3_1fm8dfn,t1_lo9cfos,Georgia,Lvwr87,1726950140,2024-09-21 20:22,-5,That is called twisting my words I was saying this incident in report happened in November. So I don’t know why they brought it back up again.,helene,community_discussion,
lo9o85f,t3_1fm8dfn,t1_lo9f2jf,Georgia,Undercover_Chimp,1726953219,2024-09-21 21:13,14,"Let me see if I can help, by pointing out the second half of the first sentence in the linked article:

>has been indicted in connection with an alleged domestic incident last year

The wheels of justice are frequently slow to grind, and in this instance, the criminal was *arrested* last year, however, she was only just now *indicted*, which is just a fancy word for saying she was formally charged with crimes from her arrest. 

Though the article doesn’t explain, it is quite common for indictments to come months or even years following an arrest. Police arrest suspected criminals, and then prosecutors on behalf of their governments gather and present evidence to levy charges. 

This indictment would have happened even if her crotch critter hadn’t murdered people, but it’s in the news because her spawn did just that.",helene,community_discussion,
loa0cgi,t3_1fm8dfn,t1_lo94wli,Georgia,I_Am_Milano,1726957664,2024-09-21 22:27,-7,So basically your morning routine?,helene,community_discussion,
loa2iok,t3_1fm8dfn,t1_lo96q79,Georgia,latenightdoubt,1726958476,2024-09-21 22:41,18,"I think the Apple’s rotten right to the core, from all the things passed down from all the Apples coming before.",helene,community_discussion,
lob2qqv,t3_1fm8dfn,t3_1fm8dfn,Georgia,[deleted],1726973334,2024-09-22 02:48,1,[removed],helene,community_discussion,
lob6w2b,t3_1fm8dfn,t1_lo94wli,Georgia,Dapper-Sandwich3790,1726975218,2024-09-22 03:20,13,"Mom was tied up in a residence located in Ben Hill County. Marcee,Gray did not come back to untie her mother.

When another daughter was unable to reach the Mom, she asked someone to go check on her. The elderly woman had a cut on her wrist, she said, from Marcee Gray shoving her into a wall before taping her to a chair the day before.",helene,community_discussion,
loc370i,t3_1fm8dfn,t1_lo8r6ou,Georgia,delta-actual,1726994604,2024-09-22 08:43,2,RIP James Lahey,helene,community_discussion,
lodea7d,t3_1fm8dfn,t3_1fm8dfn,Georgia,optimussquared,1727017832,2024-09-22 15:10,2,"All this “Apple doesn’t fall far” snarkiness is just so reflective of a culture that has lost interest in helping one another in favor of making witty bitter one-liners and for what? . It’s sad. What happened is sad, what happened was preventable, and what happened is an example of what happens of when children are put in an environment where the cycle of violence is perpetuated. By no means does that leaks it ok for him to do what he did, nor am I saying a happy family life would have prevented it, but the risk of violence exponentiates when a person is exposed to it in their home and family. It’s a cycle of violence being perpetuated",helene,community_discussion,
lof340n,t3_1fm8dfn,t1_lodea7d,Georgia,AccomplishedWar8634,1727036241,2024-09-22 20:17,0,"And it’s a cycle that is encouraged by the gun industry, video games, and ignorance. And there’s nothing we can do about it. Our culture is rapidly devolving into animal behavior. I’ve worked with abuse victims for years and it’s impossible to get children out of an abusive home. The courts suck.",helene,community_discussion,
lo8osll,t3_1fm8igb,t3_1fm8igb,Georgia,evil-stepmom,1726941138,2024-09-21 17:52,3,Where in Georgia is your friend and is he able to pick it up?,helene,community_discussion,
lo8oswo,t3_1fm8igb,t3_1fm8igb,Georgia,evil-stepmom,1726941138,2024-09-21 17:52,3,Where in Georgia is your friend and is he able to pick it up?,helene,community_discussion,
lo8p5ea,t3_1fm8igb,t1_lo8oswo,Georgia,lemmecheck96,1726941249,2024-09-21 17:54,2,My boyfriend is in Lawrenceville and this will be a surprise so was looking for delivery instead,helene,community_discussion,
lo8sja5,t3_1fm8igb,t1_lo8p5ea,Georgia,evil-stepmom,1726942384,2024-09-21 18:13,3,"If instacart won’t deliver to his address you can try grubhub, DoorDash, or Uber Eats. All of them have bakery or sweets categories and a quick check shows me some bakeries local to Lawrenceville on each. Good luck with your sweet idea!",helene,community_discussion,
lo8tk5y,t3_1fm8igb,t1_lo8sja5,Georgia,lemmecheck96,1726942730,2024-09-21 18:18,2,Oh thank you so much! I will check those out. Appreciate you!,helene,community_discussion,
lo8uxb3,t3_1fm8igb,t3_1fm8igb,Georgia,Super_Meeting8425,1726943172,2024-09-21 18:26,2,Wait what website are you trying to access that you need a damn vpn to order a cake? Sounds like some dark web shit and that’s not the kind of cake your friend is looking for…,helene,community_discussion,
lo8w1uh,t3_1fm8igb,t1_lo8uxb3,Georgia,lemmecheck96,1726943557,2024-09-21 18:32,1,It says access denied. I just assume its because of my location since same thing happens when I access home depot,helene,community_discussion,
lo8wctb,t3_1fm8igb,t1_lo8w1uh,Georgia,Super_Meeting8425,1726943660,2024-09-21 18:34,1,Oh I just saw you’re in the Philippines. That makes a lot more sense lol,helene,community_discussion,
lo907hp,t3_1fm8igb,t3_1fm8igb,Georgia,xeroxchick,1726944988,2024-09-21 18:56,2,Caroline’s Cakes.  They are superb.,helene,community_discussion,
lo9ants,t3_1fm8igb,t3_1fm8igb,Georgia,Spirited-Research405,1726948652,2024-09-21 19:57,2,Publix,helene,community_discussion,
loa6rg8,t3_1fm8igb,t3_1fm8igb,Georgia,MinPen311,1726960099,2024-09-21 23:08,3,Goldbelly. I’ve had cakes from their site and they’re great. Have many vendors to choose from any kind of cake you want.,helene,community_discussion,
loasz2e,t3_1fm8igb,t3_1fm8igb,Georgia,ga2975,1726969127,2024-09-22 01:38,0,"In Chamblee GA, go to the cupcake something",helene,community_discussion,
lo8n5jj,t3_1fm8jj3,t3_1fm8jj3,Georgia,AutoModerator,1726940619,2024-09-21 17:43,1,"This submission has been flaired for News/Politics. Please remember to follow r/Georgia rules and sitewide [guidelines](https://www.reddit.com/r/Georgia/wiki/faq/politics_guidelines/) when making submission and comments. If this post has been flaired ""News"" ensure that your title matches the headline of the linked article. If the post has been flaired ""Politics"" subreddit karma filtering is enabled to weed out trolls and bots. Thanks!

*I am a bot, and this action was performed automatically. Please [contact the moderators of this subreddit](/message/compose/?to=/r/Georgia) if you have any questions or concerns.*",helene,community_discussion,
lo9kdlx,t3_1fm8jj3,t3_1fm8jj3,Georgia,arcaias,1726951909,2024-09-21 20:51,1,Tax cut for wealthy property owners.,helene,community_discussion,
loa1dao,t3_1fm8jj3,t3_1fm8jj3,Georgia,ymmatymmat,1726958050,2024-09-21 22:34,1,"Personally, I would never give the tax court judicial power. We have a judicial branch. 
Thanks for listing the others.  I wasn't aware of them and need to research  myself.",helene,community_discussion,power
loau4up,t3_1fm8jj3,t3_1fm8jj3,Georgia,TriumphITP,1726969624,2024-09-22 01:47,0,"I worry that the last one might be exploited by parceling land small enough to each be <20k.


Intended to vote no there unless someone wants to allay that.",helene,community_discussion,
loay8ip,t3_1fm8jj3,t1_loau4up,Georgia,karabeckian,1726971366,2024-09-22 02:16,3,"Nah, private and personal are different things and you don't have to take my word for it:

https://ballotpedia.org/Georgia_Referendum_A,_Personal_Property_Tax_Exemption_Increase_Measure_(2024)",helene,community_discussion,
loayc60,t3_1fm8jj3,t1_loau4up,Georgia,mwpatl,1726971410,2024-09-22 02:16,2,"Pretty sure the exemption would increase for things such as vehicles, business inventory, etc., not real estate. Land is classified as real property, and you get your break on that through the homestead exemption. This is about tangible property (which generally means stuff that can be moved around). If I'm reading it correctly, it would mean, for example, that someone who buys a car up to $20k will no longer owe the 7% property tax typically due on it (up to $1,400!). If so, that's actually kind of progressive and a win for people who struggle to afford to buy a car and afford that extra tax on top. So, if I'm right, I would vote yes.",helene,community_discussion,
loeoyod,t3_1fm8jj3,t1_loay8ip,Georgia,ymmatymmat,1727031992,2024-09-22 19:06,1,Your link doesn't work,helene,community_discussion,
loepb3q,t3_1fm8jj3,t1_loeoyod,Georgia,karabeckian,1727032093,2024-09-22 19:08,1,Does for me.,helene,community_discussion,
lof0wkr,t3_1fm8jj3,t3_1fm8jj3,Georgia,[deleted],1727035572,2024-09-22 20:06,1,[removed],helene,community_discussion,
lo9f8o7,t3_1fm9bli,t3_1fm9bli,Georgia,tabcbcinc,1726950197,2024-09-21 20:23,1,Following to learn,helene,community_discussion,
lo9rto0,t3_1fm9bli,t3_1fm9bli,Georgia,Elk-Kindly,1726954499,2024-09-21 21:34,3,Yes - if you have enough hours logged you are eligible,helene,community_discussion,
lo9bqeb,t3_1fmazjz,t3_1fmazjz,Georgia,Uninstall_Fetus,1726949022,2024-09-21 20:03,14,Who remembers the quad?,helene,community_discussion,
lo9btpf,t3_1fmazjz,t1_lo9bqeb,Georgia,LittleDaeDae,1726949054,2024-09-21 20:04,2,Where? Never heard of it.,helene,community_discussion,
lo9cfd8,t3_1fmazjz,t1_lo9bqeb,Georgia,Competitive-Test-773,1726949261,2024-09-21 20:07,2,lol so many memories there,helene,community_discussion,
lo9dokg,t3_1fmazjz,t1_lo9btpf,Georgia,Uninstall_Fetus,1726949681,2024-09-21 20:14,2,Couldn’t even tell you. Haven’t been in like 13 years. Somewhere downtown.,helene,community_discussion,
lo9e2cg,t3_1fmazjz,t3_1fmazjz,Georgia,RemyLeBlow,1726949807,2024-09-21 20:16,3,"District was great. Lots of fun, both in memories and stories of nights unremembered",helene,community_discussion,
lo9ec5j,t3_1fmazjz,t1_lo9dokg,Georgia,LittleDaeDae,1726949898,2024-09-21 20:18,3,"Oh! Spring Street. Yeah, I went there once maybe twice. I think I got a boot in a lot nearby. Anything about it that you thought wss cool?",helene,community_discussion,
lo9eqpq,t3_1fmazjz,t1_lo9e2cg,Georgia,LittleDaeDae,1726950030,2024-09-21 20:20,1,Was there any memory of the space or lights? chill out spots or layout? Were you comfortable?,helene,community_discussion,
lo9ey9t,t3_1fmazjz,t1_lo9ec5j,Georgia,Uninstall_Fetus,1726950100,2024-09-21 20:21,3,It was cool they let me in underage lol,helene,community_discussion,
lo9fnil,t3_1fmazjz,t1_lo9eqpq,Georgia,RemyLeBlow,1726950338,2024-09-21 20:25,1,"If I remember correctly, the main area was an open floor. Sure, it got crowded in the front near the DJ, but the back 1/3 of the floor was more chill and rarely packed. I think there were some corners/nooks to hang out in. And then there was the outdoor smoking area: I don't smoke, but it was nice to get outside and potentially get some fresh air",helene,community_discussion,
lo9i3qs,t3_1fmazjz,t3_1fmazjz,Georgia,Bobgoulet,1726951153,2024-09-21 20:39,1,Opera when the big acts would come in was great,helene,community_discussion,
lo9l7on,t3_1fmazjz,t3_1fmazjz,Georgia,ILLpLacedOpinion,1726952192,2024-09-21 20:56,1,"The globe, Apache cafe, and a place called reds that I’m not even sure wasn’t just a basement that dude held after hours raves. There was also a lot of private parties in the warehouse areas off northside dr and Howell mill. Great times",helene,community_discussion,
lo9l8au,t3_1fmazjz,t1_lo9bqeb,Georgia,All1012,1726952197,2024-09-21 20:56,3,I didn’t till just now. Fever dream.,helene,community_discussion,
lo9qlmz,t3_1fmazjz,t3_1fmazjz,Georgia,Mim7222019,1726954063,2024-09-21 21:27,2,I’m curious about clubs that have 80s/90s music.  Is there such a thing around?,helene,community_discussion,
lo9qmey,t3_1fmazjz,t3_1fmazjz,Georgia,Eric_T_Meraki,1726954070,2024-09-21 21:27,1,Opera and Prive had legit DJs roll through.,helene,community_discussion,
lo9s61l,t3_1fmazjz,t1_lo9bqeb,Georgia,jillex808,1726954623,2024-09-21 21:37,2,Saw skrillex there in 2010,helene,community_discussion,
lo9sd1e,t3_1fmazjz,t3_1fmazjz,Georgia,jillex808,1726954694,2024-09-21 21:38,3,Ravine was pretty great,helene,community_discussion,
loa4819,t3_1fmazjz,t3_1fmazjz,Georgia,GoldBeef69,1726959115,2024-09-21 22:51,5,Backstreet,helene,community_discussion,
loa5fdf,t3_1fmazjz,t1_lo9bqeb,Georgia,pre30superstar,1726959581,2024-09-21 22:59,2,Good times till the east Atlanta kids starting trying to shoot everyone,helene,community_discussion,
loaavkk,t3_1fmazjz,t1_loa4819,Georgia,KevRayAtl,1726961722,2024-09-21 23:35,3,Met my hubby nextdoor at the Armory 36 yrs ago. 😍,helene,community_discussion,
loah2gn,t3_1fmazjz,t1_loa4819,Georgia,JustALizzyLife,1726964212,2024-09-22 00:16,5,Backstreet and the Chamber were my stomping grounds. Now I feel really old.,helene,community_discussion,
loakohn,t3_1fmazjz,t1_loah2gn,Georgia,GoldBeef69,1726965691,2024-09-22 00:41,2,LOL me too,helene,community_discussion,
loakqos,t3_1fmazjz,t1_loaavkk,Georgia,GoldBeef69,1726965715,2024-09-22 00:41,1,Forgot about Armory,helene,community_discussion,
loam0c4,t3_1fmazjz,t3_1fmazjz,Georgia,KazooButtplug69,1726966236,2024-09-22 00:50,2,"Church back in like 2002ish, Opera 2010s",helene,community_discussion,
loaneg5,t3_1fmazjz,t3_1fmazjz,Georgia,KevRayAtl,1726966804,2024-09-22 01:00,1,Love that you have Xolos!  Love their looks!,helene,community_discussion,
loapr1b,t3_1fmazjz,t3_1fmazjz,Georgia,yourscreennamesucks,1726967780,2024-09-22 01:16,3,Who remembers the Globe?,helene,community_discussion,
lobhlf1,t3_1fmazjz,t1_loa4819,Georgia,neuroxin,1726980679,2024-09-22 04:51,2,I still have a Backstreet membership card around here somewhere.,helene,community_discussion,
lobhz11,t3_1fmazjz,t1_loah2gn,Georgia,neuroxin,1726980891,2024-09-22 04:54,2,"I loved The Chamber too.  I had goth friends who took me there and I loved the music, so I went often.  I guess that's the same location where they put The Jungle right?",helene,community_discussion,
lobi5gw,t3_1fmazjz,t1_loapr1b,Georgia,neuroxin,1726980990,2024-09-22 04:56,1,"I went there for a rave once!  I don't remember much besides me and my friends rolling our asses off, and i think here was a big banner that said PLUR on it.",helene,community_discussion,
lobibu4,t3_1fmazjz,t1_lo9l7on,Georgia,neuroxin,1726981089,2024-09-22 04:58,1,"Reds sounds crazy familiar.  I might have gone to that one once but I don't remember much about it except a vague sense of sketchiness.

I def went to a rave at The Globe.",helene,community_discussion,
lobk2e8,t3_1fmazjz,t1_lobi5gw,Georgia,Mobile_Analysis2132,1726982098,2024-09-22 05:14,3,"Went back in 2000/2001 timeframe.  The main group was Analog P..sy.   I remember a few pictures of the night were posted on plurplanet.com

Main music room.  A space outside with a house DJ and smoking.  And near the end of the night the front had a group of people in a break dancing competition.

Definitely a different time.",helene,community_discussion,
lobwx47,t3_1fmazjz,t1_lo9bqeb,Georgia,Ok_Will_2958,1726990285,2024-09-22 07:31,1,Good times. I really miss that place,helene,community_discussion,
locesjm,t3_1fmazjz,t1_lobhlf1,Georgia,GoldBeef69,1727002536,2024-09-22 10:55,1,Found one in drawer also,helene,community_discussion,
lo9cipj,t3_1fmbii5,t3_1fmbii5,Georgia,TheBostonWrangler,1726949294,2024-09-21 20:08,60,"Outside of the cans of Castleberry’s in the grocery store, most chili you find in Georgia will have beans.",helene,community_discussion,
lo9cmp3,t3_1fmbii5,t3_1fmbii5,Georgia,Funny_Vegetable_676,1726949332,2024-09-21 20:08,27,"I think most places in GA use beans. Texas style is not unheard of around the state, but less common for sure.",helene,community_discussion,
lo9cozt,t3_1fmbii5,t3_1fmbii5,Georgia,Funny_Vegetable_676,1726949353,2024-09-21 20:09,9,"I think most places in GA use beans. Texas style is not unheard of around the state, but less common for sure.",helene,community_discussion,
lo9dxvh,t3_1fmbii5,t3_1fmbii5,Georgia,ShiddyShiddyBangBang,1726949766,2024-09-21 20:16,37,Wow I want to know what an old timey chili bar is bc I think I would love it ,helene,community_discussion,
lo9e5kr,t3_1fmbii5,t3_1fmbii5,Georgia,Ginkoleano,1726949837,2024-09-21 20:17,7,"You mean the bad kind? 

Beans make the chili.",helene,community_discussion,
lo9ec3v,t3_1fmbii5,t3_1fmbii5,Georgia,Buford1969,1726949897,2024-09-21 20:18,3,I think Fox Brothers in Atlanta does a Texas style brisket chili...or at least they used to.,helene,community_discussion,
lo9ed5z,t3_1fmbii5,t3_1fmbii5,Georgia,Buford1969,1726949907,2024-09-21 20:18,0,I think Fox Brothers in Atlanta does a Texas style brisket chili...or at least they used to.,helene,community_discussion,
lo9ee36,t3_1fmbii5,t3_1fmbii5,Georgia,Buford1969,1726949915,2024-09-21 20:18,-2,I think Fox Brothers in Atlanta does a Texas style brisket chili...or at least they used to.,helene,community_discussion,
lo9eghy,t3_1fmbii5,t3_1fmbii5,Georgia,Buford1969,1726949937,2024-09-21 20:18,1,I think Fox Brothers in Atlanta does a Texas style brisket chili...or at least they used to.,helene,community_discussion,
lo9els3,t3_1fmbii5,t3_1fmbii5,Georgia,Buford1969,1726949985,2024-09-21 20:19,1,Fox Brothers BBQ used to have brisket chili Texas style...,helene,community_discussion,
lo9hf79,t3_1fmbii5,t3_1fmbii5,Georgia,r_slash,1726950932,2024-09-21 20:35,13,I think Fox Brothers in Atlanta does a Texas style brisket chili...or at least they used to.,helene,community_discussion,
lo9l4yb,t3_1fmbii5,t3_1fmbii5,Georgia,Grouchy-Cicada-5481,1726952167,2024-09-21 20:56,1,We have petro's in NW GA.,helene,community_discussion,
lo9l67l,t3_1fmbii5,t3_1fmbii5,Georgia,HawkCee,1726952178,2024-09-21 20:56,4,Wendy's,helene,community_discussion,
lo9l6y3,t3_1fmbii5,t3_1fmbii5,Georgia,LadybuggingLB,1726952185,2024-09-21 20:56,32,Don’t come to Georgia and want Texas. We like our cornbread sweet and our chili with beans.,helene,community_discussion,
lo9lwsr,t3_1fmbii5,t1_lo9l6y3,Georgia,plateglass1,1726952428,2024-09-21 21:00,34,Sweet cornbread is just cake. Save the sugar for tea.,helene,community_discussion,
lo9m11h,t3_1fmbii5,t1_lo9l6y3,Georgia,mustangwallflower,1726952468,2024-09-21 21:01,6,"I like the beans. My son don’t, that’s why I’m askin’",helene,community_discussion,
lo9m621,t3_1fmbii5,t3_1fmbii5,Georgia,mredsvoice,1726952515,2024-09-21 21:01,1,So you're looking for meat sauce?,helene,community_discussion,
lo9nu9u,t3_1fmbii5,t1_lo9l6y3,Georgia,PotatoesMcLaughlin,1726953089,2024-09-21 21:11,23,Nah. Sweet cornbread is terrible. I like the nonsweet variety.,helene,community_discussion,
lo9nvyd,t3_1fmbii5,t3_1fmbii5,Georgia,Truxla-4-me,1726953106,2024-09-21 21:11,1,Willie’s WEE-NEE WAGON Brunswick,helene,community_discussion,
lo9q9p2,t3_1fmbii5,t1_lo9eghy,Georgia,ElectricSnowBunny,1726953944,2024-09-21 21:25,11,"didn't hear you the first 4 times, can you post a few more for the people in the back",helene,community_discussion,
lo9rnqg,t3_1fmbii5,t3_1fmbii5,Georgia,killdare,1726954441,2024-09-21 21:34,13,"When I was younger I “hated” beans in chili. My mom (who made it) liked it. So she stopped putting whole beans in the chili and started using refried beans without my knowledge. I ate it up. So good.
Now I do the same… no beans but refried beans and it thickens the chili up.",helene,community_discussion,
lo9sxnb,t3_1fmbii5,t3_1fmbii5,Georgia,thank_burdell,1726954904,2024-09-21 21:41,9,"So, meat sauce?",helene,community_discussion,
lo9tmtu,t3_1fmbii5,t1_lo9q9p2,Georgia,tmart016,1726955160,2024-09-21 21:46,3,"He said, FOX BROTHERS in ATLANTA does a TEXAS STYLE CHILI. or THEY USED to. 

I'm hard of hearing too, hope this helps.",helene,community_discussion,
lo9ufjz,t3_1fmbii5,t3_1fmbii5,Georgia,Rosco-,1726955453,2024-09-21 21:50,5,Rocco's Pub in Marietta! That place has been around forever. Beans or no beans. Onion or no onion!,helene,community_discussion,
lo9ukn0,t3_1fmbii5,t1_lo9tmtu,Georgia,failuretocommiserate,1726955505,2024-09-21 21:51,2,Thank you,helene,community_discussion,
lo9whdj,t3_1fmbii5,t1_lo9rnqg,Georgia,inagartendavita,1726956215,2024-09-21 22:03,6,I love this idea and will definitely give it a try 💜,helene,community_discussion,
lo9x43n,t3_1fmbii5,t3_1fmbii5,Georgia,Big_Cat_7531,1726956450,2024-09-21 22:07,6,"OP, have you tried Waffle House's Bert's Chili? It has beans, but not that many.",helene,community_discussion,
lo9xlq5,t3_1fmbii5,t3_1fmbii5,Georgia,Puzzleheaded_Ad_3507,1726956635,2024-09-21 22:10,2,I don’t want to brag but if you’re ever up around Southern Indiana you might want to look me up.,helene,community_discussion,
lo9xt8e,t3_1fmbii5,t1_lo9ufjz,Georgia,jwkelly404,1726956711,2024-09-21 22:11,7,"Rocco’s in Marietta is marked permanently closed. There is a Rocco’s Pub in Jasper. According to their online menu, the chili has been voted best in Georgia, Florida, and Tennessee. 

[Rocco’s Pub Menu (Jasper, GA)](https://www.roccosjasper.com/menu/)",helene,community_discussion,
lo9y23y,t3_1fmbii5,t3_1fmbii5,Georgia,OrangeOrganicOlive,1726956804,2024-09-21 22:13,8,Chili without beans… Texas is backwards in every way possible I swear.,helene,community_discussion,
lo9y8dy,t3_1fmbii5,t3_1fmbii5,Georgia,LolWhereAreWe,1726956869,2024-09-21 22:14,11,"I would suggest just firing up a good pot of chili at home, it’s less work than you’ll spend finding a place with your exact pot of chili in mind. Look out for the “chunked stew meat” at the grocery story, I usually marinade it in Worcestershire, pan sear then toss it in a typical ground beef chilli prior to simmering it. Gives that great chunky chili you’re looking for",helene,community_discussion,
lo9yi51,t3_1fmbii5,t3_1fmbii5,Georgia,Common_Abroad_2912,1726956971,2024-09-21 22:16,2,"Fox Brothers is very good, but Grindhouse Chili is no beans and is JUST AS GOOD!  Is more of a quick serve bar too.  I’m literally amazed that no one has offered it up yet.",helene,community_discussion,
lo9z8rr,t3_1fmbii5,t3_1fmbii5,Georgia,thecamino,1726957248,2024-09-21 22:20,9,The only no bean chili I know of locally is the hotdog chili at The Varsity.,helene,community_discussion,
lo9zee9,t3_1fmbii5,t1_lo9l6y3,Georgia,thecamino,1726957307,2024-09-21 22:21,37,We do not like our cornbread sweet. That’s a development in the past couple decades.,helene,community_discussion,
loa12vt,t3_1fmbii5,t3_1fmbii5,Georgia,ejstef13,1726957941,2024-09-21 22:32,3,Many years ago they had an event like this [Atlanta Chili Cook-off](https://atlantachilicookoff.com) at Stone Mountain.  Amazing how quick shot sized cups of Chili will fill you up.  Perhaps visit this one in Dunwoody and you may find your perfect chili spot.,helene,community_discussion,
loa13sc,t3_1fmbii5,t3_1fmbii5,Georgia,ejstef13,1726957950,2024-09-21 22:32,1,Many years ago they had an event like this [Atlanta Chili Cook-off](https://atlantachilicookoff.com) at Stone Mountain.  Amazing how quick shot sized cups of Chili will fill you up.  Perhaps visit this one in Dunwoody and you may find your perfect chili spot.,helene,community_discussion,
loa19xf,t3_1fmbii5,t1_lo9tmtu,Georgia,ElectricSnowBunny,1726958016,2024-09-21 22:33,2,"Ah man hey I appreciate that, I didn't even catch the ""they used to"" part",helene,community_discussion,
loa445p,t3_1fmbii5,t1_lo9ec3v,Georgia,GetBentHo,1726959074,2024-09-21 22:51,6,I SPY A POST BY YOUR OTHER ACCOUNT,helene,community_discussion,
loa46zo,t3_1fmbii5,t1_lo9hf79,Georgia,GetBentHo,1726959104,2024-09-21 22:51,3,THERE MUST BE AN ECHO IN HERE,helene,community_discussion,
loa6z0e,t3_1fmbii5,t3_1fmbii5,Georgia,7f00dbbe,1726960181,2024-09-21 23:09,9,Chili is supposed to have beans. Fight me.,helene,community_discussion,
loa8gfa,t3_1fmbii5,t1_lo9l6y3,Georgia,athensugadawg,1726960762,2024-09-21 23:19,8,You're not from GA if you like sweet cornbread. Nasty.,helene,community_discussion,
loa8w9q,t3_1fmbii5,t1_lo9l6y3,Georgia,Mike_honchos_spread,1726960936,2024-09-21 23:22,2,Regular or spicy. No sweet.,helene,community_discussion,
loa9b5c,t3_1fmbii5,t1_lo9l6y3,Georgia,DGAFADRC,1726961101,2024-09-21 23:25,20,"Sorry, but no true Southerner makes sweet cornbread. You must be mistaking us for those damn carpetbaggers.",helene,community_discussion,
loaa2bs,t3_1fmbii5,t3_1fmbii5,Georgia,peppercorns666,1726961403,2024-09-21 23:30,2,i wanna say Superica had a really good chunky chili on the menu but i no longer see it on the menu.,helene,community_discussion,
loaf4xo,t3_1fmbii5,t3_1fmbii5,Georgia,Heftyboi90,1726963427,2024-09-22 00:03,2,Good chili has beans in it.,helene,community_discussion,
loaflkc,t3_1fmbii5,t1_loa9b5c,Georgia,punksmostlydead,1726963613,2024-09-22 00:06,6,"Am a carpetbagger; can confirm.

Honestly, I'll eat cornbread any way you give it to me.",helene,community_discussion,
loah6l3,t3_1fmbii5,t3_1fmbii5,Georgia,Historical_Suspect97,1726964260,2024-09-22 00:17,2,"The Vortex does a decent chili with no beans, but it's ground sirloin, not chunks.",helene,community_discussion,
loahcju,t3_1fmbii5,t1_lo9l6y3,Georgia,SensibleFriend,1726964327,2024-09-22 00:18,6,I don’t know any native Georgian who prefers the sweet cornbread. Sweet is for tea. 😊,helene,community_discussion,
loaij7t,t3_1fmbii5,t1_lo9l6y3,Georgia,me1100,1726964817,2024-09-22 00:26,1,"They have sweet cornbread in Indiana with ham and beans.  Jiffy mix is sweet but they even call them muffins. Don’t get me wrong, I like Jiffy mix too.",helene,community_discussion,
loaiuhn,t3_1fmbii5,t1_loa8gfa,Georgia,7f00dbbe,1726964943,2024-09-22 00:29,6,"I was literally born in GA, and I like sweet cornbread.",helene,community_discussion,
loaiwkg,t3_1fmbii5,t1_loahcju,Georgia,7f00dbbe,1726964966,2024-09-22 00:29,9,I'm a native Georgian that prefers sweet cornbread.,helene,community_discussion,
loajevi,t3_1fmbii5,t1_loaiwkg,Georgia,SensibleFriend,1726965173,2024-09-22 00:32,6,"Nice to meet you! You’re thre forst native Georgian I’ve met who prefers sweet cornbread. It’s is rejected by every native Georgian I know, besides you! 😊",helene,community_discussion,
loakpl2,t3_1fmbii5,t3_1fmbii5,Georgia,Lumpy_Lady_Society,1726965703,2024-09-22 00:41,3,"I don’t get chili in restaurants, mine is better than any restaurant.",helene,community_discussion,
loamwwt,t3_1fmbii5,t1_lo9sxnb,Georgia,mustangwallflower,1726966604,2024-09-22 00:56,1,"Nope, more like a goulash with the meat but fewer veggies and no pasta. Maybe it’s Texas chili, I don’t really know. Best was at Netshed No. 9 in Washington state (of all places): The Eyes of Texas Are on You Chili on this page: https://www.netshed9.com/netshed-no9-menu",helene,community_discussion,
loan1oi,t3_1fmbii5,t1_lo9y8dy,Georgia,mustangwallflower,1726966659,2024-09-22 00:57,2,The netshed one I mention above I think they put a dab of coffee in it…,helene,community_discussion,
loan8yq,t3_1fmbii5,t1_lo9rnqg,Georgia,mustangwallflower,1726966741,2024-09-22 00:59,3,Cool idea :-),helene,community_discussion,
loaniot,t3_1fmbii5,t1_lo9x43n,Georgia,mustangwallflower,1726966851,2024-09-22 01:00,3,No I haven’t but I’ll take a look!,helene,community_discussion,
loanp0v,t3_1fmbii5,t1_lo9yi51,Georgia,mustangwallflower,1726966924,2024-09-22 01:02,1,Oh I have one of those right next door and didn’t even know it!,helene,community_discussion,
loaojln,t3_1fmbii5,t1_loajevi,Georgia,7f00dbbe,1726967278,2024-09-22 01:07,3,You should probably get out more...,helene,community_discussion,
loapijn,t3_1fmbii5,t1_loajevi,Georgia,Big_Cat_7531,1726967683,2024-09-22 01:14,9,"I'll be the second. My ex from Indiana introduced me to sweet cornbread, and I don't think I could eat regular cornbread again.",helene,community_discussion,
loaqwoy,t3_1fmbii5,t3_1fmbii5,Georgia,doob22,1726968255,2024-09-22 01:24,2,In your kitchen!,helene,community_discussion,
loat2ko,t3_1fmbii5,t1_loajevi,Georgia,puersenex83,1726969169,2024-09-22 01:39,4,3rd,helene,community_discussion,
loaupc5,t3_1fmbii5,t1_loa9b5c,Georgia,Seperror,1726969865,2024-09-22 01:51,2,"Arkansas does sweet cornbread, one of many reasons to avoid. Chili isn’t Georgia, brought here, might as well import real chili without beans. Andndon’t get near that Cincinnati dreck they dare call chili",helene,community_discussion,
loazo2r,t3_1fmbii5,t1_loat2ko,Georgia,SuburbanLeftist,1726971987,2024-09-22 02:26,3,Such violence! I’ll pray for you. ;),helene,community_discussion,
lob0j2v,t3_1fmbii5,t1_lo9y23y,Georgia,Mrl79,1726972363,2024-09-22 02:32,5,They’re self righteous and annoying about it too.,helene,community_discussion,
lob6aof,t3_1fmbii5,t3_1fmbii5,Georgia,Trai-All,1726974944,2024-09-22 03:15,3,Best chili I’ve had in Georgia is Socks Love BBQ in Cumming. It’s a brisket chili but it still has beans.,helene,community_discussion,
lob6i4r,t3_1fmbii5,t1_loanp0v,Georgia,Common_Abroad_2912,1726975039,2024-09-22 03:17,2,"Yes and while Fox Bros is the best BBQ and likely a rad better chili, I wouldn’t commandeer a seat just to have chili.  Whereas at Grindhouse it is the kind of casual place you order at the register or bar.  It’s more along the lines of what you seek.",helene,community_discussion,
lob7jbv,t3_1fmbii5,t3_1fmbii5,Georgia,herohans99,1726975519,2024-09-22 03:25,2,Best I can do is brunswick stew ...,helene,community_discussion,
lobgbl9,t3_1fmbii5,t1_lo9m11h,Georgia,willaisacat,1726979974,2024-09-22 04:39,2,"Makes sense. I like beans in chili, but my SO does not. He hates cut tomatoes also, so i put them in the blender first. I guess I could just leave the beans out and see what happens. I make good chili, even if I do say so myself.",helene,community_discussion,
lobpsee,t3_1fmbii5,t3_1fmbii5,Georgia,ac3boy,1726985587,2024-09-22 06:13,1,Varsity is your friend then.,helene,community_discussion,
lobpx78,t3_1fmbii5,t3_1fmbii5,Georgia,catupthetree23,1726985672,2024-09-22 06:14,2,"Rome's Chili Cook-Off Festival is in November and there's always all sorts of varieties, with/without beans:

https://www.rfpra.com/chilifest",helene,community_discussion,
locg22h,t3_1fmbii5,t1_loan1oi,Georgia,LolWhereAreWe,1727003309,2024-09-22 11:08,3,I’ve used espresso grounds before and it’s awesome!,helene,community_discussion,
locm7o6,t3_1fmbii5,t3_1fmbii5,Georgia,TheRoseMerlot,1727006702,2024-09-22 12:05,2,It’s so easy to make yourself..,helene,community_discussion,
locmtrh,t3_1fmbii5,t1_lo9l6y3,Georgia,Business_Company7453,1727007015,2024-09-22 12:10,2,Don’t bring that sweet cornbread rubbish in here. Have some dignity!,helene,community_discussion,
locx0iy,t3_1fmbii5,t1_lo9lwsr,Georgia,TheBostonWrangler,1727011600,2024-09-22 13:26,4,Save the tea for the harbor.  Use the sugar in the cornbread.,helene,community_discussion,
lodfljx,t3_1fmbii5,t1_loaupc5,Georgia,TheGiantess927,1727018276,2024-09-22 15:17,4,Cincy chill is GOAT. I appreciate you have to be from Ohio to understand its beauty.,helene,community_discussion,
lodgrbj,t3_1fmbii5,t3_1fmbii5,Georgia,Eeyore_Smiled,1727018665,2024-09-22 15:24,1,Longhorn steakhouse is the only thing that comes to mind,helene,community_discussion,
lodh3fg,t3_1fmbii5,t1_lo9l6y3,Georgia,Eeyore_Smiled,1727018777,2024-09-22 15:26,1,Sweet cornbread is gross! Next you'll be putting sugar in your grits!,helene,community_discussion,
lodux4a,t3_1fmbii5,t1_lodfljx,Georgia,Seperror,1727023026,2024-09-22 16:37,2,";-) I figured it was something besides beef, and on spaghetti?! Was certainly a surprise for a westerner!",helene,community_discussion,
lodwcbb,t3_1fmbii5,t1_loaojln,Georgia,SensibleFriend,1727023447,2024-09-22 16:44,2,Hahaha!,helene,community_discussion,
lodwihq,t3_1fmbii5,t1_loat2ko,Georgia,SensibleFriend,1727023498,2024-09-22 16:44,2,What’s wrong with sweet tea though? 😂,helene,community_discussion,
lodzyfj,t3_1fmbii5,t1_lodwihq,Georgia,puersenex83,1727024566,2024-09-22 17:02,2,"Too sweet, too much sugar. I'll drink a good Arnie though.",helene,community_discussion,
lofmjlx,t3_1fmbii5,t1_lo9l6y3,Georgia,DGAFADRC,1727042522,2024-09-22 22:02,1,😂😂😂,helene,community_discussion,
lofnkrd,t3_1fmbii5,t1_loaflkc,Georgia,DGAFADRC,1727042887,2024-09-22 22:08,2,"😂😂😂 Our Southern hospitality demands we embrace you and your love of cornbread, carpetbagger be damned. Welcome to Georgia 🤗",helene,community_discussion,
lofsut8,t3_1fmbii5,t3_1fmbii5,Georgia,MorningMirage,1727044739,2024-09-22 22:38,1,"The Varsity.. old school diner vibe, and the atmosphere is fun",helene,community_discussion,
lo9m7j8,t3_1fmcicq,t3_1fmcicq,Georgia,humblerthanyou,1726952530,2024-09-21 21:02,1,What a handsome cutie,helene,community_discussion,
lo9prcy,t3_1fmcicq,t3_1fmcicq,Georgia,coke4breakfast,1726953761,2024-09-21 21:22,7,Thank you guys for getting him his shots and looking out for him! I am posting on my story to see if anyone can take him in!,helene,community_discussion,
loabc8g,t3_1fmcicq,t3_1fmcicq,Georgia,RickBlane42,1726961907,2024-09-21 23:38,1,Sweet puppy,helene,community_discussion,
loabft9,t3_1fmcicq,t3_1fmcicq,Georgia,Bitter-Newspaper6790,1726961947,2024-09-21 23:39,-15,Let me know when it mauls a child! So cute 🥰,helene,community_discussion,
loaelro,t3_1fmcicq,t1_loabft9,Georgia,Fuchsiann,1726963213,2024-09-22 00:00,-7,Extremely unnecessary,helene,community_discussion,
loagnjv,t3_1fmcicq,t1_loaelro,Georgia,ZebraFarmerz,1726964043,2024-09-22 00:14,21,Awareness of the danger of these breeds of ultra necessary. I’d have ten fingers still if I wasn’t attacked by a “sweet” pit,helene,community_discussion,
loahmf2,t3_1fmcicq,t1_loagnjv,Georgia,Coffeecheeseburger,1726964438,2024-09-22 00:20,-8,skill issue,helene,community_discussion,
loajb4i,t3_1fmcicq,t1_loahmf2,Georgia,ZebraFarmerz,1726965132,2024-09-22 00:32,-7,Which skill?,helene,community_discussion,
loal0jo,t3_1fmcicq,t1_loagnjv,Georgia,miaaWRLD,1726965827,2024-09-22 00:43,-8,"There’s a danger to every breed. I’ve had my hand mauled by a yorkie. Been a dog groomer for three years in GA and never once had a pit or bully breed try to bite me. It’s a constant problem with the shih tzu and toy poodles though. Any animal has the potential to react in a primal way. They are still animals at the end of the day. Most of which were bred long before we were alive and had actual jobs. They were bred for a purpose, to work. Nowadays they sit around in a house hoping for some mental stimulation.",helene,community_discussion,
loanxis,t3_1fmcicq,t3_1fmcicq,Georgia,VelvetTouch2,1726967024,2024-09-22 01:03,2,What a sweet little guy! hope he finds a great home!,helene,community_discussion,
loapu15,t3_1fmcicq,t3_1fmcicq,Georgia,eaa135,1726967814,2024-09-22 01:16,28,"Please make sure to charge a rehoming fee, even a small one to weed out people with bad intentions",helene,community_discussion,
loaspry,t3_1fmcicq,t1_loal0jo,Georgia,ZebraFarmerz,1726969018,2024-09-22 01:36,-4,Great anecdotes,helene,community_discussion,
loavxv5,t3_1fmcicq,t1_loagnjv,Georgia,peachygreen4608,1726970391,2024-09-22 01:59,-7,"Your trauma does not define a breed. Im sorry you experienced poor owners, but statistically toy breeds are more aggressive. They just don't kill people since they're small and that makes nobody care.",helene,community_discussion,
lob0q6u,t3_1fmcicq,t3_1fmcicq,Georgia,thepeopleseason,1726972449,2024-09-22 02:34,1,Looks remarkably like the one we have on temp foster! https://adopt.adopets.com/pet/89459b3d-5c66-4abd-bd97-42f2c1c43221?tracking=6f3f547c-468b-4e61-85ca-c6d02306a2fe,helene,community_discussion,
lob374w,t3_1fmcicq,t1_loavxv5,Georgia,ZebraFarmerz,1726973534,2024-09-22 02:52,10,"You said it, these dogs KILL",helene,community_discussion,
lobc60a,t3_1fmcicq,t1_loaspry,Georgia,Theodore-Bonkers,1726977766,2024-09-22 04:02,-3,Yours too.,helene,community_discussion,
lobcl64,t3_1fmcicq,t1_loagnjv,Georgia,Fuchsiann,1726977984,2024-09-22 04:06,-3,"I never said anything about awareness, i said what they commented was extremely unnecessary, give your 2 cents somewhere else",helene,community_discussion,
lobe1ji,t3_1fmcicq,t1_lobcl64,Georgia,ZebraFarmerz,1726978750,2024-09-22 04:19,1,I naver said you said,helene,community_discussion,
lobk4a5,t3_1fmcicq,t3_1fmcicq,Georgia,[deleted],1726982129,2024-09-22 05:15,1,[removed],helene,community_discussion,
lobmi7i,t3_1fmcicq,t1_loajb4i,Georgia,Coffeecheeseburger,1726983543,2024-09-22 05:39,-6,losing a finger,helene,community_discussion,
locqmoo,t3_1fmcicq,t1_lobmi7i,Georgia,ZebraFarmerz,1727008842,2024-09-22 12:40,5,Wow! And people wonder why these dogs are dangerous? It’s this cavalier attitude,helene,community_discussion,
lod230j,t3_1fmcicq,t1_loapu15,Georgia,quebaratalacarrot,1727013475,2024-09-22 13:57,2,"Thank you, we will consider this.",helene,community_discussion,
lod263k,t3_1fmcicq,t1_lo9prcy,Georgia,quebaratalacarrot,1727013507,2024-09-22 13:58,0,Thank you for your help!,helene,community_discussion,
loa75d0,t3_1fmfh59,t3_1fmfh59,Georgia,AutoModerator,1726960249,2024-09-21 23:10,1,"This submission has been flaired for News/Politics. Please remember to follow r/Georgia rules and sitewide [guidelines](https://www.reddit.com/r/Georgia/wiki/faq/politics_guidelines/) when making submission and comments. If this post has been flaired ""News"" ensure that your title matches the headline of the linked article. If the post has been flaired ""Politics"" subreddit karma filtering is enabled to weed out trolls and bots. Thanks!

*I am a bot, and this action was performed automatically. Please [contact the moderators of this subreddit](/message/compose/?to=/r/Georgia) if you have any questions or concerns.*",helene,community_discussion,
loa9bh0,t3_1fmfh59,t3_1fmfh59,Georgia,dadkingdom,1726961104,2024-09-21 23:25,107,"They don't have any policies of substance, and simply resort to fear and hate mongering.",helene,community_discussion,
loa9s9u,t3_1fmfh59,t3_1fmfh59,Georgia,Dave-CPA,1726961292,2024-09-21 23:28,-17,I am so ready for this election to be over. The world has to be cackling at us running these two buffoons.,helene,community_discussion,
loa9xon,t3_1fmfh59,t3_1fmfh59,Georgia,visitprattville,1726961351,2024-09-21 23:29,119,They’re eating the dogs!,helene,community_discussion,
loaa6yp,t3_1fmfh59,t3_1fmfh59,Georgia,Discgolferwalken,1726961453,2024-09-21 23:30,3,Look out 1% ers.,helene,community_discussion,
loaae5q,t3_1fmfh59,t3_1fmfh59,Georgia,AwwwMangos,1726961531,2024-09-21 23:32,5,She looks like a badass here ngl,helene,community_discussion,
loaaeqf,t3_1fmfh59,t3_1fmfh59,Georgia,Pete_Bell,1726961537,2024-09-21 23:32,47,If people are dumb enough to believe this they’re already voting for Trump.,helene,community_discussion,
loaaff0,t3_1fmfh59,t3_1fmfh59,Georgia,stubbornbodyproblem,1726961545,2024-09-21 23:32,95,🤣🤣🤣🤣🤣 so I’ll vote for the billionaire that keeps cutting taxes on his friends?? You got to a special kind of stupid to believe this crap….,helene,community_discussion,
loaaj08,t3_1fmfh59,t3_1fmfh59,Georgia,DonRaccoonote,1726961584,2024-09-21 23:33,34,She's gonna personally find you at the citgo where you buy your monthly seven cartons of Salem lights and six cases of coors and she's gonna snatch that shit right out of your pocket. ,helene,community_discussion,
loaatmm,t3_1fmfh59,t1_loa9xon,Georgia,darcat01,1726961700,2024-09-21 23:35,16,"Cats & ducks too…, the horror; the horror",helene,community_discussion,
loaaw58,t3_1fmfh59,t3_1fmfh59,Georgia,Spirited_Dentist6419,1726961728,2024-09-21 23:35,1,You should see the Hershal Walker door knocker I have saved 😂🤣,helene,community_discussion,
loab6oh,t3_1fmfh59,t3_1fmfh59,Georgia,JawjaBill,1726961846,2024-09-21 23:37,11,State Farm keeps coming for mine,helene,community_discussion,
loab9nj,t3_1fmfh59,t3_1fmfh59,Georgia,darcat01,1726961878,2024-09-21 23:37,9,Wonder what Trump’s best friend Putin has to say about this new chunk of propaganda?,helene,community_discussion,
loabx2j,t3_1fmfh59,t3_1fmfh59,Georgia,Significant-Deer7464,1726962139,2024-09-21 23:42,10,"Last I checked, donnie is the one that loves and admires communist dictators",helene,community_discussion,
loac08j,t3_1fmfh59,t1_loaaj08,Georgia,Cliche_James,1726962174,2024-09-21 23:42,10,"Don't get me wrong, they're good people,. They are fine Americans. But they are content to suck back and maybe watch a little Mork and Mindy on Channel 57. Maybe sit back with a cool Coors 16 ouncer.

But they don't know, Stuart. They don't know, what the queers, are doing, to the soil!",helene,community_discussion,
loac0vb,t3_1fmfh59,t3_1fmfh59,Georgia,B25364Z,1726962181,2024-09-21 23:43,-1,Buy the Trump silver coin !!!,helene,community_discussion,
loac4wt,t3_1fmfh59,t1_loaatmm,Georgia,akabanooba,1726962226,2024-09-21 23:43,3,The Hatian l; The Haitian* FTFY,helene,community_discussion,
loac9mn,t3_1fmfh59,t3_1fmfh59,Georgia,cygnusloops,1726962279,2024-09-21 23:44,1,This pic goes hard,helene,community_discussion,
loacf9f,t3_1fmfh59,t3_1fmfh59,Georgia,User86294623,1726962342,2024-09-21 23:45,3,My favorite one is where Biden is crowning Kamala border czar. I mean whoever is producing these has to be laughing their asses off. How can you not?,helene,community_discussion,
loaciwh,t3_1fmfh59,t3_1fmfh59,Georgia,old_timey_gamer,1726962382,2024-09-21 23:46,2,The people that would believe this also would not understand your sarcasm.,helene,community_discussion,
loacmt4,t3_1fmfh59,t3_1fmfh59,Georgia,MattCollider,1726962424,2024-09-21 23:47,3,This is such boomer shit. The USSR fell over 30 years ago!,helene,community_discussion,
loacuze,t3_1fmfh59,t3_1fmfh59,Georgia,Vivid_Sprinkles_9322,1726962516,2024-09-21 23:48,4,Says the people buying bibles and gold sneakers.,helene,community_discussion,
loacxf4,t3_1fmfh59,t1_loab6oh,Georgia,sukui_no_keikaku,1726962542,2024-09-21 23:49,3,"You can switch your insurance more often than we can vote for president.  One of the candidates is like a good neighbor, the other one is a felon that shits on neighbors",helene,community_discussion,
load0gs,t3_1fmfh59,t3_1fmfh59,Georgia,MattCollider,1726962576,2024-09-21 23:49,2,"The USSR fell over 30 years ago. Timely stuff, Trump Campaign.",helene,community_discussion,
loadang,t3_1fmfh59,t1_loabx2j,Georgia,Born_Sleep5216,1726962688,2024-09-21 23:51,1,"Agreed! It's like Gregory Meeks had said a few weeks ago that Kim Jong Un, Victor Orbàn, Elon Musk, and Vladimir Putin are Trump's little boyfriends!

Remember those love letters Trump sent to those thugs it turns out he cares about them and not let alone his wife and kids!

If we were Melania, we would have her file for a divorce, then pack up her bags and find a new man who will make her feel useful because her husband is nothing but a liar and a cheater.",helene,community_discussion,
loadapm,t3_1fmfh59,t3_1fmfh59,Georgia,AdvenRaccoon,1726962689,2024-09-21 23:51,5,She still looks good in any picture they find of her while trump looks like a diaper in a lake,helene,community_discussion,
loadpj0,t3_1fmfh59,t3_1fmfh59,Georgia,Irishspringtime,1726962853,2024-09-21 23:54,3,The low IQ rubes are repeating this shit over and over again.,helene,community_discussion,
loadt3e,t3_1fmfh59,t3_1fmfh59,Georgia,-E-Cross,1726962894,2024-09-21 23:54,-1,It's like they are sending out shitty Facebook boomer memes and nothing else.,helene,community_discussion,
loadvju,t3_1fmfh59,t3_1fmfh59,Georgia,Dthirds3,1726962921,2024-09-21 23:55,1,Screw it. Been spinning my wheels geting no where might as well give it a try,helene,community_discussion,
loadw81,t3_1fmfh59,t3_1fmfh59,Georgia,No-Patience3862,1726962928,2024-09-21 23:55,1,What freaks the GOP have become. Utter jokes. Unserious fools.,helene,community_discussion,
loadwf7,t3_1fmfh59,t3_1fmfh59,Georgia,Bitter_Oil_8085,1726962930,2024-09-21 23:55,1,See MAGA is projecting their pro-russian stance again.,helene,community_discussion,
loae5vu,t3_1fmfh59,t1_loabx2j,Georgia,Prestigious-Day-227,1726963035,2024-09-21 23:57,1,"I find this unbelievably idiotic also, but just to correct things. Russia is not a communist country they are capitalist and Putin isn't a dictator he is a tyrant. Very different things.",helene,community_discussion,
loaeaqj,t3_1fmfh59,t3_1fmfh59,Georgia,Suitable-Scholar-778,1726963090,2024-09-21 23:58,2,Seeing shit like this confirms that I am making the right choice by voting for Kamala.,helene,community_discussion,
loaecrb,t3_1fmfh59,t1_loaaeqf,Georgia,thorstantheshlanger,1726963112,2024-09-21 23:58,7,"Exactly, which is why I'm confused they just keep using the same old tactic. He's already roped in everyone who is attracted to that kind of messaging. I guess it's because it's all they got?",helene,community_discussion,
loaecv4,t3_1fmfh59,t1_loa9s9u,Georgia,Flastro2,1726963114,2024-09-21 23:58,0,The 2028 campaign will literally kickoff on November 6th. It's an endless cycle at this point.,helene,community_discussion,
loaedis,t3_1fmfh59,t1_loaatmm,Georgia,belkarbitterleaf,1726963121,2024-09-21 23:58,8,Ducks? Oh no! ^pass ^me ^the ^Peking ^duck....,helene,community_discussion,
loaef6r,t3_1fmfh59,t1_loa9xon,Georgia,cbarrick,1726963139,2024-09-21 23:58,53,"In Atlanta, they're eating the fried chicken. They're eating the peaches of the people who live there.",helene,community_discussion,
loaeg2v,t3_1fmfh59,t1_loa9xon,Georgia,80sLegoDystopia,1726963149,2024-09-21 23:59,2,They’re eating the cats… the people who came in…,helene,community_discussion,
loaeid8,t3_1fmfh59,t3_1fmfh59,Georgia,m_p_gar,1726963175,2024-09-21 23:59,1,"The alternative being Drumpf who, among other things, will run up the national credit card to give his billionaire buddies tax breaks, leaving the middle-class to foot the bill in the long-term",helene,community_discussion,
loaelvp,t3_1fmfh59,t3_1fmfh59,Georgia,Splindadaddy,1726963214,2024-09-22 00:00,1,She is endorsed by the IRS. That's crazy.,helene,community_discussion,
loaetsr,t3_1fmfh59,t1_loaef6r,Georgia,mmmmpb,1726963300,2024-09-22 00:01,14,That peaches joke went right over my head.,helene,community_discussion,
loaevfz,t3_1fmfh59,t1_loa9s9u,Georgia,MaggieMae68,1726963319,2024-09-22 00:01,4,There's one buffoon in this election. And there's one serious adult who is addressing issues.,helene,community_discussion,
loaf1qs,t3_1fmfh59,t3_1fmfh59,Georgia,McDuck_Enterprise,1726963392,2024-09-22 00:03,0,"How you—Kamala—gonna tax me
on “unearned gains”? 

Do I get a refund if they lose value because that happens the same way things go up in price, they can fall.",helene,community_discussion,
loafagp,t3_1fmfh59,t3_1fmfh59,Georgia,Toadfinger,1726963488,2024-09-22 00:04,2,Trump is coming for your guns. And your rights. You won't be needing a wallet. In a dictatorship you get what you're given.,helene,community_discussion,
loafbbi,t3_1fmfh59,t3_1fmfh59,Georgia,Emergency_Plane_2021,1726963497,2024-09-22 00:04,3,"Projection as usual, accuse your opponent of what you yourself are doing. Donnie’s in bed with the Russians, so he accuses everyone else of being a Russian/communist",helene,community_discussion,
loafc7l,t3_1fmfh59,t3_1fmfh59,Georgia,profsavagerjb,1726963508,2024-09-22 00:05,1,They got the uniform wrong and it’s really pissing me off,helene,community_discussion,
loafdjx,t3_1fmfh59,t1_loa9bh0,Georgia,McDuck_Enterprise,1726963522,2024-09-22 00:05,-3,"We remember Covid. Nobody did it better than Biden-Harris.

No I don’t want a booster…looks like John Legend and Mr. Taylor Swift can take it for me—they gettin 20 million dollars from Pfizer for the ads.",helene,community_discussion,
loafepl,t3_1fmfh59,t3_1fmfh59,Georgia,Lady-Cane,1726963535,2024-09-22 00:05,0,"“Why let Kamala take your money when under my dictatorship, you won’t have any money to give.”",helene,community_discussion,
loaffqb,t3_1fmfh59,t3_1fmfh59,Georgia,Additional_Dot_5960,1726963547,2024-09-22 00:05,1,"""Radical Liberal Raphael Warnick"" - Kelly Loeffler 2020",helene,community_discussion,
loafinw,t3_1fmfh59,t1_loaecrb,Georgia,McDuck_Enterprise,1726963580,2024-09-22 00:06,0,All I need to see is my grocery bill…that’s better than a political ad to sway me.,helene,community_discussion,
loafmxa,t3_1fmfh59,t1_loab9nj,Georgia,Good-Cut-1734,1726963628,2024-09-22 00:07,-1,Putin endorsed Kamala,helene,community_discussion,
loafpo1,t3_1fmfh59,t1_loaeaqj,Georgia,McDuck_Enterprise,1726963659,2024-09-22 00:07,-1,"If you ain’t strugglin you do you…

Others ain’t feelin the same.",helene,community_discussion,
loafqhy,t3_1fmfh59,t1_loaevfz,Georgia,Dave-CPA,1726963668,2024-09-22 00:07,-5,You’re entitled to your opinion.,helene,community_discussion,
loafx5v,t3_1fmfh59,t1_loaecrb,Georgia,Pete_Bell,1726963742,2024-09-22 00:09,5,"Yes, it’s all they’ve got…..fear, racism, and toxic/false masculinity",helene,community_discussion,
loafykc,t3_1fmfh59,t3_1fmfh59,Georgia,Mission_Vegetable_22,1726963758,2024-09-22 00:09,-2,Jokes on her... it's empty,helene,community_discussion,
loag1p6,t3_1fmfh59,t3_1fmfh59,Georgia,Latter-Possibility,1726963793,2024-09-22 00:09,-2,"lol,  I don’t think I’ve seen that one.  Hilarious",helene,community_discussion,
loag60a,t3_1fmfh59,t3_1fmfh59,Georgia,Altrano,1726963841,2024-09-22 00:10,15,I’d take Comrade Harris over der Führer Trump any day.,helene,community_discussion,
loagbjl,t3_1fmfh59,t1_loafqhy,Georgia,MaggieMae68,1726963906,2024-09-22 00:11,2,Opinions based on ignorance are irrelevant.,helene,community_discussion,
loagcke,t3_1fmfh59,t3_1fmfh59,Georgia,Natural_Hedgehog_899,1726963918,2024-09-22 00:11,2,lol she looks so cute,helene,community_discussion,
loagd5w,t3_1fmfh59,t1_loa9xon,Georgia,GradientDescenting,1726963924,2024-09-22 00:12,12,\*dawgs,helene,community_discussion,
loagepf,t3_1fmfh59,t3_1fmfh59,Georgia,DrinksandDragons,1726963942,2024-09-22 00:12,1,This add will be a huge hit with people under age 50…,helene,community_discussion,
loagfkq,t3_1fmfh59,t1_loaaw58,Georgia,Altrano,1726963952,2024-09-22 00:12,2,You can’t make a comment like that and not share.,helene,community_discussion,
loagjkh,t3_1fmfh59,t1_loagbjl,Georgia,Dave-CPA,1726963997,2024-09-22 00:13,-6,Whew.,helene,community_discussion,
loagkls,t3_1fmfh59,t3_1fmfh59,Georgia,Big_gun_guy,1726964009,2024-09-22 00:13,144,Fuckin Comrade Georgia Power already took mine,helene,community_discussion,power
loagmaf,t3_1fmfh59,t1_loaedis,Georgia,darcat01,1726964028,2024-09-22 00:13,3,Did you pay your tariff on that import!?,helene,community_discussion,
loah3hm,t3_1fmfh59,t3_1fmfh59,Georgia,WastelandWanderer77,1726964224,2024-09-22 00:17,5,Still better than the sex offender trump.,helene,community_discussion,
loah4ck,t3_1fmfh59,t3_1fmfh59,Georgia,fxrsliberty,1726964234,2024-09-22 00:17,50,"https://preview.redd.it/6j5uh9jb79qd1.png?width=1080&format=pjpg&auto=webp&s=d0e9d9434530cf6a3fae781fad13ec3f611abccf

This!",helene,community_discussion,
loah4mo,t3_1fmfh59,t1_loafepl,Georgia,Ok-Violinist-8678,1726964237,2024-09-22 00:17,-3,"Yea cause it was so bad under Trump right? My IRA was making 12% then, under Biden it averaged 4% annually, after the dip to lose 30%. And groceries were cheaper under Trump. No wars under Trump. Yea, such a bad guy. 🙄",helene,community_discussion,
loah9ki,t3_1fmfh59,t3_1fmfh59,Georgia,Musickullar,1726964293,2024-09-22 00:18,1,"So Trump loves Putin, Tucker Carlson too, they side with communist Russia, but then smear Democrats as communists. Can someone make it make sense? Are communists bad or not, Republicans?",helene,community_discussion,
loahavr,t3_1fmfh59,t3_1fmfh59,Georgia,FoofaFighters,1726964308,2024-09-22 00:18,-2,"She's Biden. SHE'S BIDEN

Gives me strong [Liar Liar](https://youtu.be/CWT6-sddB0w?si=LvuU_4YTQ5oaHYGJ) vibes.",helene,community_discussion,
loahaum,t3_1fmfh59,t3_1fmfh59,Georgia,CoriesMom,1726964308,2024-09-22 00:18,1,I’m ready. I have my wallet in hand.,helene,community_discussion,
loahd66,t3_1fmfh59,t1_loa9xon,Georgia,Key-Document-8481,1726964333,2024-09-22 00:18,1,THEY TOOK OUR JOBS?!?!?,helene,community_discussion,
loahpk9,t3_1fmfh59,t1_loabx2j,Georgia,atomicxblue,1726964475,2024-09-22 00:21,3,And he's also the one releasing an actual fucking coin to take people's money.,helene,community_discussion,
loahppn,t3_1fmfh59,t3_1fmfh59,Georgia,Street_Peace_8831,1726964477,2024-09-22 00:21,0,"Sorry, we aren’t as dumb as your supporters. We don’t fall for these kind of blatant lies.",helene,community_discussion,
loahpts,t3_1fmfh59,t3_1fmfh59,Georgia,Lovecraft3XX,1726964478,2024-09-22 00:21,12,"LMAO, Vote Blue!",helene,community_discussion,
loahqm8,t3_1fmfh59,t1_loah9ki,Georgia,browntoe98,1726964487,2024-09-22 00:21,1,Russia hasn’t been a communist country for a few years now.,helene,community_discussion,
loahvpk,t3_1fmfh59,t3_1fmfh59,Georgia,Street_Peace_8831,1726964545,2024-09-22 00:22,1,"Again, not AI generated by democrats but republicans, as usual.",helene,community_discussion,
loai3pu,t3_1fmfh59,t1_loaecrb,Georgia,Weekly-Implement2956,1726964638,2024-09-22 00:23,2,He’s going solely for voter turnout within his base. Fear mongering is a tried and true cult tactic,helene,community_discussion,
loaidvy,t3_1fmfh59,t3_1fmfh59,Georgia,Ginkoleano,1726964755,2024-09-22 00:25,-5,I mean she is tho lol,helene,community_discussion,
loaijca,t3_1fmfh59,t3_1fmfh59,Georgia,carlosdangermouse,1726964818,2024-09-22 00:26,1,"I’ve been getting between 5 and 17 anti-Harris, pro-tRump mailers a week for about the last month.


You can smell the desperation.",helene,community_discussion,
loailol,t3_1fmfh59,t1_loab9nj,Georgia,KingPellinore,1726964845,2024-09-22 00:27,1,Putin has benefited inhumaly well from the fall of Communism.,helene,community_discussion,
loaivph,t3_1fmfh59,t3_1fmfh59,Georgia,e4evie,1726964957,2024-09-22 00:29,0,None of these chuds have any money ha…,helene,community_discussion,
loaivrl,t3_1fmfh59,t1_loac08j,Georgia,mikosmoothis,1726964957,2024-09-22 00:29,5,"You know what, Stuart? I like you",helene,community_discussion,
loaiyou,t3_1fmfh59,t3_1fmfh59,Georgia,No-Biggie7921,1726964991,2024-09-22 00:29,3,When the Trump idiots start dressing up various  democrats you know they are desperate Harris 2024.,helene,community_discussion,
loaj0mo,t3_1fmfh59,t1_loagjkh,Georgia,MaggieMae68,1726965012,2024-09-22 00:30,7,"So what makes Kamala Harris a ""buffoon""?",helene,community_discussion,
loaj107,t3_1fmfh59,t1_loaaff0,Georgia,Ambitious-Title1963,1726965016,2024-09-22 00:30,0,You’re in GA… ain’t your state red,helene,community_discussion,
loaj1ne,t3_1fmfh59,t1_loaivrl,Georgia,Cliche_James,1726965023,2024-09-22 00:30,3,"You're not like the other people, here... in the trailer park.",helene,community_discussion,
loaj7cp,t3_1fmfh59,t1_loaef6r,Georgia,GreedyOctopus,1726965088,2024-09-22 00:31,0,"I've lived in Atlanta my whole life and never once saw any peach trees nor understand why we're the ""peach state"".",helene,community_discussion,
loaj9yz,t3_1fmfh59,t1_loaj0mo,Georgia,Dave-CPA,1726965118,2024-09-22 00:31,-3,Have you heard her speak? She does a terrible job of communicating a single idea that she has. She’s hidden in the background hoping she can sneak in on being “not Donald Trump.” Look at some of this recent footage.,helene,community_discussion,
loakhpp,t3_1fmfh59,t1_loaj9yz,Georgia,[deleted],1726965613,2024-09-22 00:40,1,[removed],helene,community_discussion,
loaklbm,t3_1fmfh59,t3_1fmfh59,Georgia,SufficientAd2757,1726965655,2024-09-22 00:40,2,"Trump is the charlatan selling worthless coins, using campaign money for personal and legal expenses.....oh the maga sheep, suckers",helene,community_discussion,
loako68,t3_1fmfh59,t3_1fmfh59,Georgia,reddittorbrigade,1726965688,2024-09-22 00:41,1,"If Kamala's name and photo wasn't there, you would think that the subject is Donald Trump.",helene,community_discussion,
loakznd,t3_1fmfh59,t3_1fmfh59,Georgia,UequalsName,1726965816,2024-09-22 00:43,2,Do people fall for this?,helene,community_discussion,
loal0rh,t3_1fmfh59,t3_1fmfh59,Georgia,entrophy_maker,1726965829,2024-09-22 00:43,8,I only wish she was the amazing Communist they thought she was.,helene,community_discussion,
loala41,t3_1fmfh59,t3_1fmfh59,Georgia,Glass-View6942,1726965936,2024-09-22 00:45,2,What are you even talking about. When did our country become so ugly and mean?,helene,community_discussion,
loalkn9,t3_1fmfh59,t1_loaj9yz,Georgia,MaggieMae68,1726966056,2024-09-22 00:47,9,"Ah, so you don't actually have an answer other than sexism, racism, and/or ignorance. 

Because she speaks just fine as a college educated, intelligent, professional woman.",helene,community_discussion,
loalnnb,t3_1fmfh59,t1_loag60a,Georgia,goodbyehello2u,1726966090,2024-09-22 00:48,2,Same 🥳 Happy Cake Day!,helene,community_discussion,
loalqa8,t3_1fmfh59,t1_loalnnb,Georgia,Altrano,1726966120,2024-09-22 00:48,0,Thank you.,helene,community_discussion,
loalrk4,t3_1fmfh59,t1_loalkn9,Georgia,Dave-CPA,1726966134,2024-09-22 00:48,1,"Can you please provide specific examples of the parts of my comment that are sexist, racist or ignorant? Please also indicate why you think that is the case.",helene,community_discussion,
loalvvp,t3_1fmfh59,t3_1fmfh59,Georgia,RandomCreeper3,1726966184,2024-09-22 00:49,2,She came to my house for my wallet and I just told her she can’t have it. No big deal.,helene,community_discussion,
loalw7s,t3_1fmfh59,t3_1fmfh59,Georgia,GoldBeef69,1726966188,2024-09-22 00:49,-1,Horrible add,helene,community_discussion,
loam608,t3_1fmfh59,t3_1fmfh59,Georgia,turningpoint01,1726966301,2024-09-22 00:51,-1,lol..,helene,community_discussion,
loam6ky,t3_1fmfh59,t3_1fmfh59,Georgia,TryDrugs,1726966307,2024-09-22 00:51,1,"""Id rather be russian then a democrat!"" gang now hate commies again? So which one is it????",helene,community_discussion,
loam9bo,t3_1fmfh59,t1_loaj1ne,Georgia,thank_burdell,1726966338,2024-09-22 00:52,2,"Why the hell do you think they call it a burrow owl, anyway?!",helene,community_discussion,
loam9lj,t3_1fmfh59,t3_1fmfh59,Georgia,dadmodz306,1726966342,2024-09-22 00:52,2,Much better to have the guy who crashed the economy take back over,helene,community_discussion,
loamnsm,t3_1fmfh59,t1_loac4wt,Georgia,Identity_X-,1726966500,2024-09-22 00:55,3,I HAITI TAYLOR SWIFT,helene,community_discussion,
loamnzp,t3_1fmfh59,t3_1fmfh59,Georgia,Uchained,1726966503,2024-09-22 00:55,1,"Someone should go around with stickers that replaces ""your"" with ""ultra-rich"" on the poster.",helene,community_discussion,
loamu1d,t3_1fmfh59,t3_1fmfh59,Georgia,Producer_n_PDX,1726966571,2024-09-22 00:56,1,“THE SOUTH! We can’t get out of our own way 👍🏻”,helene,community_discussion,
loamudf,t3_1fmfh59,t3_1fmfh59,Georgia,Rent-Hungry,1726966575,2024-09-22 00:56,2,How much money has trump sucked from its base? Best part is they all lose. KEEP GIVING SUCKERS!,helene,community_discussion,
loan173,t3_1fmfh59,t3_1fmfh59,Georgia,PFalcone33,1726966653,2024-09-22 00:57,-2,Only thing Dems know how to do.,helene,community_discussion,
loan2e1,t3_1fmfh59,t1_loagkls,Georgia,innotim88,1726966667,2024-09-22 00:57,3,That’s the truth,helene,community_discussion,
loan3ax,t3_1fmfh59,t1_loahavr,Georgia,Kind-Relationship457,1726966677,2024-09-22 00:57,2,"Lol she's not. 🤣

And if she were, we would all still vote for her.

Blue wave 2024.

🇺🇲🌊🌊🌊🌊🇺🇲",helene,community_discussion,
loan7aq,t3_1fmfh59,t3_1fmfh59,Georgia,wyrms1gn,1726966722,2024-09-22 00:58,-1,pelosi commin for yo gas stove next,helene,community_discussion,
loan8yw,t3_1fmfh59,t3_1fmfh59,Georgia,Vakaros_girl,1726966741,2024-09-22 00:59,2,God this is the cringiest shit. How is this real life right now.,helene,community_discussion,
loangj0,t3_1fmfh59,t3_1fmfh59,Georgia,Law-of-Poe,1726966827,2024-09-22 01:00,4,"The GOP really thinks their voters are complete idiots. 

Bannon and others were convicted of defrauding *republican voters* out of millions of their hard earned money to “build a wall” that was never built. 

Trump then pardoned the guy who was convicted of defrauding republican voters out of their hard earned money. 

Now tell me again who is cOmInG fOr yOuR wAlLeT?",helene,community_discussion,
loanhfp,t3_1fmfh59,t3_1fmfh59,Georgia,Jim-Bot-V1,1726966837,2024-09-22 01:00,-4,Both sides are pretty whatever,helene,community_discussion,
loanibu,t3_1fmfh59,t3_1fmfh59,Georgia,CosmicWanderer22,1726966847,2024-09-22 01:00,1,That. Is. Hilarious! 😂,helene,community_discussion,
loaniup,t3_1fmfh59,t1_loa9xon,Georgia,Law-of-Poe,1726966853,2024-09-22 01:00,0,Things Republican voters actually believe ☝️,helene,community_discussion,
loank3d,t3_1fmfh59,t3_1fmfh59,Georgia,stonedhillbillyXX,1726966868,2024-09-22 01:01,0,Frame it,helene,community_discussion,
loanm9f,t3_1fmfh59,t1_loa9bh0,Georgia,Law-of-Poe,1726966893,2024-09-22 01:01,14,It’s been wildly profitable for them thus far.,helene,community_discussion,
loanne3,t3_1fmfh59,t3_1fmfh59,Georgia,Nervous-Apricot7718,1726966906,2024-09-22 01:01,2,Is it just me or does that woman look presidential… like damn that dictator power suit is a bold move but she pulls it off well and I still trust her more than the other one,helene,community_discussion,power
loano83,t3_1fmfh59,t1_loaaff0,Georgia,ppdaazn23,1726966915,2024-09-22 01:01,9,They worship his crap so special kind of stupid doesnt not fully describe them,helene,community_discussion,
loanz0z,t3_1fmfh59,t3_1fmfh59,Georgia,RedShirtPete,1726967042,2024-09-22 01:04,2,"Trump and friends are projecting hard.  We all know trump is a dictator loving fool who ""will be a dictator on day one""",helene,community_discussion,
loanz0p,t3_1fmfh59,t1_loamnsm,Georgia,stonedhillbillyXX,1726967042,2024-09-22 01:04,1,Make it viral,helene,community_discussion,
loao3fq,t3_1fmfh59,t3_1fmfh59,Georgia,LoneStarBets,1726967093,2024-09-22 01:04,1,Big facts,helene,community_discussion,
loaoa6o,t3_1fmfh59,t1_loalrk4,Georgia,MaggieMae68,1726967169,2024-09-22 01:06,2,"""Have you heard her speak"". Please provide me a link to hearing her speak that shows her being ""a buffoon"".",helene,community_discussion,
loaob7w,t3_1fmfh59,t1_loaaw58,Georgia,stonedhillbillyXX,1726967180,2024-09-22 01:06,1,Don't you have a digital camera in your hand right now?,helene,community_discussion,
loaodd5,t3_1fmfh59,t1_loagd5w,Georgia,ColombianCaddy,1726967205,2024-09-22 01:06,5,I see what you did there lol,helene,community_discussion,
loaoi4e,t3_1fmfh59,t3_1fmfh59,Georgia,reddit_1999,1726967260,2024-09-22 01:07,0,Did MTG and Mitch McConnell's wife pay back their PPP loans yet?,helene,community_discussion,
loaopww,t3_1fmfh59,t1_loamnsm,Georgia,LegoFootPain,1726967351,2024-09-22 01:09,1,Send her back to Haitia!,helene,community_discussion,
loaorem,t3_1fmfh59,t3_1fmfh59,Georgia,noideawhatimdoing444,1726967369,2024-09-22 01:09,3,"It's weird how the president who loves Russia and is all over the guy sending cyber trucks to the Russian army is calling her the ""comrade""",helene,community_discussion,
loaoubx,t3_1fmfh59,t3_1fmfh59,Georgia,[deleted],1726967402,2024-09-22 01:10,1,[removed],helene,community_discussion,
loaoxao,t3_1fmfh59,t1_loagkls,Georgia,pg15_2002,1726967437,2024-09-22 01:10,17,Cries in 300$ light bill for tiny ass 2bdrm,helene,community_discussion,
loaozg9,t3_1fmfh59,t1_loanm9f,Georgia,Donkeytonkers,1726967462,2024-09-22 01:11,2,"Unfortunately, very profitable and too close for comfort.",helene,community_discussion,
loap1wx,t3_1fmfh59,t3_1fmfh59,Georgia,Queasy-Barracuda9643,1726967491,2024-09-22 01:11,2,She can have my wallet…if that means defeating that jamoke in November 🤣🤣🤣🤣🤣😂😂😂,helene,community_discussion,
loapbf9,t3_1fmfh59,t3_1fmfh59,Georgia,Common-Incident-3052,1726967602,2024-09-22 01:13,2,"Hahahahahahahahahah

Someone actually wasted money on making laminated pamphlets of this shit. Holy crap.",helene,community_discussion,
loapcqo,t3_1fmfh59,t3_1fmfh59,Georgia,fondle_my_tendies,1726967617,2024-09-22 01:13,2,I don't know how dumb you have to be to think Kamala is a communist or that the USA is even close to socialism.,helene,community_discussion,
loapd2q,t3_1fmfh59,t3_1fmfh59,Georgia,Truxla-4-me,1726967621,2024-09-22 01:13,-4,The GOP has got a strong ground game this time in Georgia. The Biden/harris economy has been hurting Georgians time to make things great again,helene,community_discussion,
loapg3y,t3_1fmfh59,t3_1fmfh59,Georgia,Truxla-4-me,1726967655,2024-09-22 01:14,-4,She’s a commie,helene,community_discussion,
loapjmm,t3_1fmfh59,t3_1fmfh59,Georgia,Truxla-4-me,1726967696,2024-09-22 01:14,1,Comrade Kamala yikes,helene,community_discussion,
loapm2i,t3_1fmfh59,t1_loaoa6o,Georgia,Dave-CPA,1726967724,2024-09-22 01:15,0,"Friend you are in deep. I just gave you an example. 

Further specifics:
- “If someone breaks into my house they’re getting shot.” Not only was it stupid to say, her recovery was terrible 
- The response to the young couple worried about expenses. 

Not going to bother any further. You’re not interested in discussion.",helene,community_discussion,
loapmi7,t3_1fmfh59,t1_loaef6r,Georgia,Klysandral,1726967728,2024-09-22 01:15,2,Don’t forget the waffles,helene,community_discussion,
loapqxh,t3_1fmfh59,t3_1fmfh59,Georgia,aacilegna,1726967779,2024-09-22 01:16,11,Honestly? She looks badass here 😝,helene,community_discussion,
loaq2ac,t3_1fmfh59,t1_loa9xon,Georgia,Akira282,1726967906,2024-09-22 01:18,0,They're eating... they're eating the cats,helene,community_discussion,
loaq9z8,t3_1fmfh59,t3_1fmfh59,Georgia,Obvious_Interest3635,1726967994,2024-09-22 01:19,4,Culture wars and bullshit. The Republican Fascist platform.,helene,community_discussion,
loaqbzq,t3_1fmfh59,t3_1fmfh59,Georgia,[deleted],1726968016,2024-09-22 01:20,1,[removed],helene,community_discussion,
loaqd3a,t3_1fmfh59,t1_loamnsm,Georgia,Puzzleheaded_Ad_3507,1726968028,2024-09-22 01:20,1,Oh I hope Taylor Swift doesn’t get too upset Sunday night because I’ll be cheering for Atlanta but fear not I’ll still be voting straight 💙BLUE💙!,helene,community_discussion,
loaqf6a,t3_1fmfh59,t1_loagkls,Georgia,[deleted],1726968052,2024-09-22 01:20,1,[removed],helene,community_discussion,
loaqlir,t3_1fmfh59,t3_1fmfh59,Georgia,toccobrator,1726968126,2024-09-22 01:22,1,"I want that for a t-shirt, I'd just alter it a little bit....",helene,community_discussion,
loaqmwv,t3_1fmfh59,t3_1fmfh59,Georgia,[deleted],1726968142,2024-09-22 01:22,1,[removed],helene,community_discussion,
loaqs6k,t3_1fmfh59,t3_1fmfh59,Georgia,GetBentHo,1726968203,2024-09-22 01:23,2,Can't afford the best graphic designers,helene,community_discussion,
loaquc6,t3_1fmfh59,t3_1fmfh59,Georgia,MattTreck,1726968228,2024-09-22 01:23,2,Is there any actual way to try and get them to stop sending me mail?,helene,community_discussion,
loaqzad,t3_1fmfh59,t3_1fmfh59,Georgia,z0mghenry,1726968287,2024-09-22 01:24,1,"Please, comrade neighborhood HOA already does this",helene,community_discussion,
loaqzov,t3_1fmfh59,t3_1fmfh59,Georgia,[deleted],1726968291,2024-09-22 01:24,1,[removed],helene,community_discussion,
loar8qw,t3_1fmfh59,t3_1fmfh59,Georgia,[deleted],1726968397,2024-09-22 01:26,1,[removed],helene,community_discussion,
loarj1z,t3_1fmfh59,t3_1fmfh59,Georgia,[deleted],1726968514,2024-09-22 01:28,1,[removed],helene,community_discussion,
loart42,t3_1fmfh59,t1_loaj7cp,Georgia,[deleted],1726968633,2024-09-22 01:30,1,[removed],helene,community_discussion,
loart9b,t3_1fmfh59,t3_1fmfh59,Georgia,[deleted],1726968634,2024-09-22 01:30,1,[removed],helene,community_discussion,
loaryit,t3_1fmfh59,t1_loaoxao,Georgia,rjd10232004,1726968696,2024-09-22 01:31,6,I know. My parents have ga power where they live but I have one of the many emc companies in Georgia we have and my bill is like half there’s and my house is bigger and definitely less energy efficient than there new construction. They definitely miss when they had an emc.,helene,community_discussion,power
loas2mv,t3_1fmfh59,t3_1fmfh59,Georgia,[deleted],1726968743,2024-09-22 01:32,1,[removed],helene,community_discussion,
loas3ng,t3_1fmfh59,t3_1fmfh59,Georgia,[deleted],1726968755,2024-09-22 01:32,1,[removed],helene,community_discussion,
loasbb1,t3_1fmfh59,t1_loaj7cp,Georgia,kielsucks,1726968847,2024-09-22 01:34,3,"Technically we shouldn’t be the peach state, but the peanut state. We’re 3rd in the country in peach production behind California and South Carolina.",helene,community_discussion,
loass0p,t3_1fmfh59,t3_1fmfh59,Georgia,[deleted],1726969044,2024-09-22 01:37,1,[removed],helene,community_discussion,
loat75a,t3_1fmfh59,t3_1fmfh59,Georgia,[deleted],1726969223,2024-09-22 01:40,1,[removed],helene,community_discussion,
loat7iw,t3_1fmfh59,t1_loaj7cp,Georgia,leicanthrope,1726969227,2024-09-22 01:40,2,Isn't it because of all the various Peachtree themed streets?,helene,community_discussion,
loatbh0,t3_1fmfh59,t3_1fmfh59,Georgia,[deleted],1726969275,2024-09-22 01:41,1,[removed],helene,community_discussion,
loatojz,t3_1fmfh59,t3_1fmfh59,Georgia,[deleted],1726969428,2024-09-22 01:43,1,[removed],helene,community_discussion,
loatu2s,t3_1fmfh59,t1_loagd5w,Georgia,LittleDiveBar,1726969494,2024-09-22 01:44,1,"Dawgs over Cats.  

Georgia 13-12 Kentucky. 

Sep 14, 2024.  
Final Score",helene,community_discussion,
loatu32,t3_1fmfh59,t1_loaj7cp,Georgia,Undercover_Chimp,1726969494,2024-09-22 01:44,1,"Not a whole lot of orchards inside 285, I’d imagine.",helene,community_discussion,
loatvkk,t3_1fmfh59,t3_1fmfh59,Georgia,[deleted],1726969512,2024-09-22 01:45,1,[removed],helene,community_discussion,
loatzuo,t3_1fmfh59,t1_loafinw,Georgia,Fear_Jaire,1726969563,2024-09-22 01:46,1,I agree. It's about time we elect someone who might address the price gouging going on,helene,community_discussion,
loaudpt,t3_1fmfh59,t1_loangj0,Georgia,suave_knight,1726969729,2024-09-22 01:48,2,"Are they wrong, though?",helene,community_discussion,
loauh9a,t3_1fmfh59,t3_1fmfh59,Georgia,moistcoco,1726969771,2024-09-22 01:49,1,You know republicans have literally no substance when they do stupid stuff lol,helene,community_discussion,
loaum54,t3_1fmfh59,t3_1fmfh59,Georgia,[deleted],1726969828,2024-09-22 01:50,1,[removed],helene,community_discussion,
loaumy4,t3_1fmfh59,t3_1fmfh59,Georgia,[deleted],1726969837,2024-09-22 01:50,1,[removed],helene,community_discussion,
loauo10,t3_1fmfh59,t3_1fmfh59,Georgia,[deleted],1726969849,2024-09-22 01:50,1,[removed],helene,community_discussion,
loauoum,t3_1fmfh59,t1_loaoxao,Georgia,rabidstoat,1726969859,2024-09-22 01:50,3,My bill was nearly under $100 this month. I was shocked and nearly cried.,helene,community_discussion,
loaupmw,t3_1fmfh59,t3_1fmfh59,Georgia,[deleted],1726969869,2024-09-22 01:51,1,[removed],helene,community_discussion,
loauw8i,t3_1fmfh59,t1_loasbb1,Georgia,EmperorAcinonyx,1726969947,2024-09-22 01:52,2,we're also third in the country for blueberry production behind washington and oregon,helene,community_discussion,
loav5mj,t3_1fmfh59,t1_loaj107,Georgia,EmperorAcinonyx,1726970057,2024-09-22 01:54,1,what's your point?,helene,community_discussion,
loavakg,t3_1fmfh59,t1_loaj107,Georgia,[deleted],1726970116,2024-09-22 01:55,1,[removed],helene,community_discussion,
loavb24,t3_1fmfh59,t3_1fmfh59,Georgia,[deleted],1726970122,2024-09-22 01:55,1,[removed],helene,community_discussion,
loavhv5,t3_1fmfh59,t3_1fmfh59,Georgia,[deleted],1726970203,2024-09-22 01:56,1,[removed],helene,community_discussion,
loavi71,t3_1fmfh59,t1_loaj7cp,Georgia,00sucker00,1726970207,2024-09-22 01:56,2,"The ubiquitous “peach” name everywhere around Atlanta is a misnomer. The name Peachtree derived from an old name for pine trees, which was “pitch tree”, named after the sap in pines that was used as waterproofing, a preservative, and also as tinder to easily start fires.  I think the name peach state did derive from the peach industry based in the middle part of the state.  What’s sad though, is over my years of living in the south, I’ve seen peach orchards in Georgia, South Carolina, and Alabama gradually decline in numbers.  I fear this agricultural industry is slowly fading in the SE US, but I may be wrong that is in actual decline.  Just my perspective.",helene,community_discussion,
loavpyt,t3_1fmfh59,t1_loauoum,Georgia,davidorlandbrown,1726970297,2024-09-22 01:58,2,"wow, I thought it was an individual anomaly, but our Jackson EMC bill in North Georgia was unprecedentedly low",helene,community_discussion,
loavu2u,t3_1fmfh59,t1_loah4mo,Georgia,Lady-Cane,1726970347,2024-09-22 01:59,1,"What are you talking about. My Roth right now is at 15% return since last year. 

Not sliding into a recession after a “could have been prevented pandemic” has been nice under Biden. Like you really forgot what 2020 was like when the whole world shutdown.",helene,community_discussion,
loavv7y,t3_1fmfh59,t1_loafdjx,Georgia,davidorlandbrown,1726970359,2024-09-22 01:59,1,respect for your courageousness in sharing and clarifying the truth,helene,community_discussion,
loaw5ay,t3_1fmfh59,t3_1fmfh59,Georgia,[deleted],1726970478,2024-09-22 02:01,1,[removed],helene,community_discussion,
loawf6u,t3_1fmfh59,t1_loatzuo,Georgia,[deleted],1726970594,2024-09-22 02:03,1,[removed],helene,community_discussion,
loawh2g,t3_1fmfh59,t3_1fmfh59,Georgia,mcbranch,1726970617,2024-09-22 02:03,1,Aww this is a fun one.  I just get the same Kamala is a radical and Trump doesn’t endorse 2025 flier twenty times a day,helene,community_discussion,
loawl93,t3_1fmfh59,t3_1fmfh59,Georgia,[deleted],1726970667,2024-09-22 02:04,1,[removed],helene,community_discussion,
loaxkqo,t3_1fmfh59,t1_loapd2q,Georgia,[deleted],1726971086,2024-09-22 02:11,1,[removed],helene,community_discussion,
loaxl8a,t3_1fmfh59,t1_loavv7y,Georgia,[deleted],1726971092,2024-09-22 02:11,1,[removed],helene,community_discussion,
loayey5,t3_1fmfh59,t3_1fmfh59,Georgia,[deleted],1726971443,2024-09-22 02:17,1,[removed],helene,community_discussion,
loaywzk,t3_1fmfh59,t1_loaj107,Georgia,[deleted],1726971657,2024-09-22 02:20,1,[removed],helene,community_discussion,
loazakw,t3_1fmfh59,t1_loafdjx,Georgia,giotheflow,1726971823,2024-09-22 02:23,1,You are so brave to make random shit up with no receipts,helene,community_discussion,
loazozi,t3_1fmfh59,t3_1fmfh59,Georgia,Key_Respond_16,1726971998,2024-09-22 02:26,1,You mean like those tax increases every two years set by some guy in 2017? The that reduce corporate taxes by 14% and is still raising yours? Like that?,helene,community_discussion,
loazv4f,t3_1fmfh59,t3_1fmfh59,Georgia,[deleted],1726972073,2024-09-22 02:27,1,[removed],helene,community_discussion,
loazvr0,t3_1fmfh59,t1_loagkls,Georgia,Key_Respond_16,1726972081,2024-09-22 02:28,1,"Georgia Power prices are insane. There are people with other power companies paying half the price. It's anecdotal and second-hand information, but I've seen several people saying this.",helene,community_discussion,power
lob0mj5,t3_1fmfh59,t1_loafdjx,Georgia,flyingmcwatt,1726972405,2024-09-22 02:33,1,Wat,helene,community_discussion,
lob0t63,t3_1fmfh59,t3_1fmfh59,Georgia,flyingmcwatt,1726972485,2024-09-22 02:34,2,We never owed on our taxes until Trump’s tax code kicked in.,helene,community_discussion,
lob45f0,t3_1fmfh59,t1_loafmxa,Georgia,darcat01,1726973962,2024-09-22 02:59,1,"You obviously didn’t hear, he said he was kidding, just like Mr. Trump whenever he espouses his racist BS!",helene,community_discussion,
lob7kbx,t3_1fmfh59,t1_loav5mj,Georgia,[deleted],1726975532,2024-09-22 03:25,1,[removed],helene,community_discussion,
loba93w,t3_1fmfh59,t1_lob0t63,Georgia,Donnijeep,1726976822,2024-09-22 03:47,1,Yup same here.,helene,community_discussion,
lobadxi,t3_1fmfh59,t3_1fmfh59,Georgia,Donnijeep,1726976888,2024-09-22 03:48,1,The desperation is utterly unbelievable. 🤭😆 I can’t remember anything like this Pre-2016 republicans.,helene,community_discussion,
lobah4s,t3_1fmfh59,t1_loaoi4e,Georgia,Donnijeep,1726976929,2024-09-22 03:48,2,MTG has not yet. They still grill her for it on Twitter,helene,community_discussion,
lobkhvc,t3_1fmfh59,t1_loaj107,Georgia,[deleted],1726982344,2024-09-22 05:19,1,[removed],helene,community_discussion,
lobkoyq,t3_1fmfh59,t1_lob45f0,Georgia,[deleted],1726982459,2024-09-22 05:20,1,[removed],helene,community_discussion,
lobkur7,t3_1fmfh59,t1_lob45f0,Georgia,[deleted],1726982552,2024-09-22 05:22,1,[removed],helene,community_discussion,
lochjw2,t3_1fmfh59,t1_loavi71,Georgia,[deleted],1727004188,2024-09-22 11:23,1,[removed],helene,community_discussion,
lochow4,t3_1fmfh59,t1_loaqd3a,Georgia,[deleted],1727004266,2024-09-22 11:24,1,[removed],helene,community_discussion,
loczwjo,t3_1fmfh59,t3_1fmfh59,Georgia,[deleted],1727012749,2024-09-22 13:45,1,[removed],helene,community_discussion,
lodlb9b,t3_1fmfh59,t1_loatzuo,Georgia,Tenk2001,1727020139,2024-09-22 15:48,1,"what's hilarious to me is the people who think it's Trump that's gonna do that like, poor sweet summer child that's his -buddies- gouging you. he's going to help them, not you.",helene,community_discussion,
loejyfr,t3_1fmfh59,t1_loailol,Georgia,darcat01,1727030490,2024-09-22 18:41,1,As well as the Russian Oligarchy which has profoundly influenced/impacted our politics and cultural values,helene,community_discussion,
loexl3s,t3_1fmfh59,t1_loagfkq,Georgia,Spirited_Dentist6419,1727034570,2024-09-22 19:49,2,I have a video of it on my social.  I'll hit you again when I find it 👍,helene,community_discussion,
lob7haj,t3_1fmh1hh,t3_1fmh1hh,Georgia,foxontherox,1726975492,2024-09-22 03:24,2,"Yes! 

Will it happen in our lifetime….?

I hope.",helene,community_discussion,
locptz3,t3_1fmh1hh,t3_1fmh1hh,Georgia,h0undsofl0ve,1727008471,2024-09-22 12:34,1,"As someone who lives near Peachtree City, I seriously doubt that will ever happen. Most people who live in those towns are actively trying to avoid the population that MARTA attracts, especially those who have local government positions",helene,community_discussion,
loawusq,t3_1fmip5w,t3_1fmip5w,Georgia,AutoModerator,1726970780,2024-09-22 02:06,1,"This submission has been flaired for News/Politics. Please remember to follow r/Georgia rules and sitewide [guidelines](https://www.reddit.com/r/Georgia/wiki/faq/politics_guidelines/) when making submission and comments. If this post has been flaired ""News"" ensure that your title matches the headline of the linked article. If the post has been flaired ""Politics"" subreddit karma filtering is enabled to weed out trolls and bots. Thanks!

*I am a bot, and this action was performed automatically. Please [contact the moderators of this subreddit](/message/compose/?to=/r/Georgia) if you have any questions or concerns.*",helene,community_discussion,
lob13ef,t3_1fmip5w,t3_1fmip5w,Georgia,VinoJedi06,1726972609,2024-09-22 02:36,-31,Phenomenal Governor!,helene,community_discussion,
lob2ami,t3_1fmip5w,t3_1fmip5w,Georgia,Latter-Possibility,1726973136,2024-09-22 02:45,5,Where did Kemp travel too?,helene,community_discussion,
lob33so,t3_1fmip5w,t3_1fmip5w,Georgia,rco8786,1726973493,2024-09-22 02:51,0,I disagree with Kemp on a whole host of social issues but economically he’s been quite good. ,helene,community_discussion,
lob343z,t3_1fmip5w,t1_lob2ami,Georgia,Additional_Dot_5960,1726973497,2024-09-22 02:51,7,He traveled to Italy to meet with italian businesses like Luxottica and Pirelli.,helene,community_discussion,
lob3ff5,t3_1fmip5w,t1_lob33so,Georgia,kadargo,1726973636,2024-09-22 02:53,44,He is just benefiting from the Biden economic recovery.,helene,community_discussion,
lob6sku,t3_1fmip5w,t1_lob3ff5,Georgia,Ginkoleano,1726975174,2024-09-22 03:19,-26,"lol. Yeah, sure. The Biden recovery.",helene,community_discussion,
lob78dx,t3_1fmip5w,t1_lob33so,Georgia,rikitikifemi,1726975375,2024-09-22 03:22,36,I don't see it. The entire country has benefitted from Biden. We'd be even further ahead as a state if regressive politics didn't hold us back in key areas like healthcare and education. Kemp has cost us dearly.,helene,community_discussion,
lob7dur,t3_1fmip5w,t3_1fmip5w,Georgia,rikitikifemi,1726975448,2024-09-22 03:24,105,Thank God for Atlanta and Savannah.,helene,community_discussion,
lob8pgs,t3_1fmip5w,t1_lob6sku,Georgia,kadargo,1726976067,2024-09-22 03:34,13,Trump lost over two million jobs. Biden created 16 million.,helene,community_discussion,
lob945j,t3_1fmip5w,t1_lob33so,Georgia,patmunroe,1726976263,2024-09-22 03:37,70,"What's with these ""I may not love Kemp but at least he's _______"" sentiments on this sub?

Dude oversaw his own election, wiped servers, held a gun to a kid for his campaign, and hasn't done shit other than the absolute bare minimum.

We deserve much better than him.",helene,community_discussion,
lobb9ds,t3_1fmip5w,t3_1fmip5w,Georgia,NintendadSixtyFo,1726977305,2024-09-22 03:55,60,He’s barely tolerable most days. To be honest Atlanta and Savannah are very fucking liberal cities. He ain’t got shit to do with them being tourist heavy.,helene,community_discussion,
lobc5vc,t3_1fmip5w,t1_lob6sku,Georgia,GingerGuy97,1726977764,2024-09-22 04:02,5,It’s not our fault you don’t like the truth.,helene,community_discussion,
lobc8mb,t3_1fmip5w,t1_lob33so,Georgia,Mister-Stiglitz,1726977803,2024-09-22 04:03,23,I don't think hes done anything specifically that's boosted the economy.,helene,community_discussion,
lobcr8c,t3_1fmip5w,t3_1fmip5w,Georgia,deJuice_sc,1726978071,2024-09-22 04:07,44,"the way he let Trump talk about him and all the lies that MAGA pos made up about Georgia - the way he handled the pandemic, Kemp is a train wreck - and like where is he? while Georgia is in full on crisis mode thanks to the MAGA election board, doesn't he anything to say about what MAGA is doing to ""his"" state?

Kemp sucks.",helene,community_discussion,
lobd7a8,t3_1fmip5w,t3_1fmip5w,Georgia,woodenmetalman,1726978304,2024-09-22 04:11,10,See how that translates to 2025 if they continue to fuck with the election…,helene,community_discussion,
lobe4v9,t3_1fmip5w,t1_lob78dx,Georgia,browdogg,1726978800,2024-09-22 04:20,-24,That’s not true at all. Things have been significantly harder under Biden for me and many others.,helene,community_discussion,
lobeywj,t3_1fmip5w,t1_lob8pgs,Georgia,CheapCauliflower9052,1726979246,2024-09-22 04:27,4,"It’s just insane nobody can have an honest conversation about these numbers. The Trump economy was going well until Covid which obviously had an unprecedented negative impact. 
 
Then Biden inherited the resulting problems from Covid, and his polices have avoided a major recession so far which the vast majority of people were predicting. But his job number increases are also in large part because of the huge hit that they took during Covid. 
 
Are you all feigning ignorance to make your party look better, or are you all really this stupid?",helene,community_discussion,
lobfk7q,t3_1fmip5w,t1_lobe4v9,Georgia,DarkMarkTwain,1726979564,2024-09-22 04:32,20,"Lol Trump supporters always want to conveniently forget empty grocery store shelves and having no toilet paper when asked if they're better off now than 4 years ago. And the highest Covid death rate in the world. Trump's covid response was embarrassing.

The entire world had post-pandemic inflation. Not just the US. In fact, Biden carried the US out of that world wide inflation faster than any other developed nation. The US economy is strong right now. Unemployment is low. 

Further, inflation in the US in the last year or two has been primarily artificial. Corporate profits seizing on opportunities to increase revenue. 

So whichever ""news"" source you're eating up telling you Biden is bad for the economy is lying to you and you're falling for it. If you don't believe what I'm telling you, google it all. Link me where I'm wrong.",helene,community_discussion,
lobgpqa,t3_1fmip5w,t1_lobfk7q,Georgia,browdogg,1726980190,2024-09-22 04:43,-4,"I’m voting for Harris. I’m just saying, my financial situation has changed and it’s been pretty significant.",helene,community_discussion,
lobh6zk,t3_1fmip5w,t1_lobgpqa,Georgia,DarkMarkTwain,1726980456,2024-09-22 04:47,11,Explain how Biden has impacted your situation. Your situation specifically.,helene,community_discussion,
lobhe88,t3_1fmip5w,t1_lobh6zk,Georgia,browdogg,1726980569,2024-09-22 04:49,-14,"Well, my dollar doesn’t go as far as it used to. Things are really expensive. I’m 29 and have a doctorate and I don’t see myself owning a home anytime soon.",helene,community_discussion,
lobjfnz,t3_1fmip5w,t1_lobhe88,Georgia,DarkMarkTwain,1726981725,2024-09-22 05:08,10,"Lol if you bothered to read my first comment,  you would have seen that the US economy made the best [recovery ](https://www.whitehouse.gov/briefing-room/statements-releases/2023/06/27/cea-apples-to-apfel-recent-inflation-trends-in-the-g7/) of any country in the world. Which means your dollar goes further than anywhere else on earth. So telling yourself that things aren't as cheap as they used to be and it's Biden's fault is just you lying to yourself. 

The current housing [shortage](https://www.axios.com/2023/12/16/housing-market-why-homes-expensive-chart-inventory) and crisis has been decades in the making.",helene,community_discussion,
lobjt5p,t3_1fmip5w,t1_lobhe88,Georgia,Berzerker7,1726981945,2024-09-22 05:12,14,"You are aware the president, nor their policies, control how inflation works, right?

If anything Biden and his administration have done a pretty good job slowing/stopping it up to this point",helene,community_discussion,
loc5td5,t3_1fmip5w,t1_lob945j,Georgia,Born-2-Roll,1726996423,2024-09-22 09:13,8,"To many it seems like Georgia may deserve much better than Brian Kemp, but at least Kemp isn’t nearly anywhere as bombastic, spastic or just outright toxic as some other high-profile GOP governors have made an effort to be (see Florida, Texas, etc).

At least Kemp seemingly hasn’t gone out of his way to be as dogmatic or as hateful as some of his GOP counterparts in other states have been willing to be at times.",helene,community_discussion,
loc6tvf,t3_1fmip5w,t1_lobc8mb,Georgia,Born-2-Roll,1726997126,2024-09-22 09:25,1,"It’s not necessarily that Kemp has done anything to boost the state’s economy as much as he has been perceived (particularly by major business and corporate interests) to not have gone out of his way to inflict great harm on the state‘s economy and image as much as some other GOP governors and high-profile GOP lawmakers have in other GOP-dominated states as a way of staying in the good graces of the MAGA movement.

Kemp has largely continued the robust economic recruitment and economic promotion efforts of his predecessor (former Georgia Governor Nathan Deal) and seeming hasn’t gone out of his way to attempt to harm or bully or intimidate or harass the state’s major economic interests like GOP governors like Desantis of Florida or Abbott of Texas seemed to have done at times in their efforts to project the image of being ultraconservative MAGA-aligned culture warriors.",helene,community_discussion,
loc9ws9,t3_1fmip5w,t1_lobeywj,Georgia,Born-2-Roll,1726999280,2024-09-22 10:01,3,"Trump (who took office in January 2017) inherited an economy which had been growing and expanding since Obama’s first year in office when the Great Recession technically ended in mid-2009.

Though, many business and corporate interests undeniably loved (and many businesses both big and small seemingly even thrived off of) Trump’s tax policies.

The economy during Trump’s administration did seem to be going well before the Covid pandemic (and the resulting relatively brief but extremely steep recession) hit the country in March 2020.

Though, much like recession indicators had started to flash in 1998 and 1999 during the seemingly then-booming U.S. economy of the late 1990’s in advance of the 2001 recession, there were recession indicators starting to flash in 2019 during the seemingly booming economy of the late 2010’s… With one of the biggest recession indicators seemingly being that the U.S. economy had been in continuous expansion for more than 10.5 years before the Covid pandemic hit in March 2020.

(The roughly 10-year, 6-month long 2009-2020 economic expansion was the longest economic expansion in U.S. history, outpacing historically robust economic expansions in the 1990’s, the 1980’s and the 1960’s.)

If the Covid pandemic hadn’t happened, a cyclical recession very likely would have happened anyway naturally in 2021 after Trump likely had been re-elected to a second term as President on the strength of a still seemingly growing economy in 2020.  It’s just that the recession wouldn’t have been felt until after the 2020 Presidential Election, helping Trump to be re-elected.

Instead, the Covid pandemic struck the country in March 2020, causing a national/global crisis and bringing about the effects of the recession months earlier than was going to happen naturally and leading to adverse effects on Trump’s re-election chances in November 2020.",helene,community_discussion,
locdrvk,t3_1fmip5w,t1_lobjt5p,Georgia,Rmoneysoswag,1727001887,2024-09-22 10:44,2,I'm also in a PhD program and this is why I tell people that folks with advanced degrees can be some of the dumbest people you'll ever work with.,helene,community_discussion,
locg1ny,t3_1fmip5w,t1_loc5td5,Georgia,Mrjlawrence,1727003303,2024-09-22 11:08,10,That's setting a very low bar. Kemp ways seems like a wolf in sheep's clothing except he forget to put on the sheep head so it's blatantly obvious it's a wolf.,helene,community_discussion,
locgynt,t3_1fmip5w,t3_1fmip5w,Georgia,mexicandiaper,1727003843,2024-09-22 11:17,8,If only we could have sold them weed we could have lowered property taxes.,helene,community_discussion,
lociehg,t3_1fmip5w,t1_lob945j,Georgia,legendary-noob,1727004679,2024-09-22 11:31,0,Much better. Voters settling for politicians is why we are here in the first place.,helene,community_discussion,
locl7y6,t3_1fmip5w,t3_1fmip5w,Georgia,75w90,1727006196,2024-09-22 11:56,3,"The guy who counted the votes and stole his own election ? That guy deserves praise ? 

Lmao. 

Election board is going full MAGAT and he hasn't done anything.",helene,community_discussion,
loclc43,t3_1fmip5w,t1_lob33so,Georgia,Shit_On_Your_Parade,1727006255,2024-09-22 11:57,1,"Yeah. Fortunately maga doesn’t give a shit what trump has to say about kemp, we like him.",helene,community_discussion,
locorm7,t3_1fmip5w,t1_lobe4v9,Georgia,rikitikifemi,1727007963,2024-09-22 12:26,2,"I don't believe you, to be honest.

We were in a Pandemic under Trump, and his response prolonged our recovery. Unemployment spiked to 16% and our supply chained tanked to the point, basic necessities couldn't be found in stores. That was same period, there was nation wide civil unrest in response to police misconduct and brutality. Our state included, with the likes of Ahmaud Arbery lynched while taking a jog, and the local prosecutor tried to sweep it under the rug. The irony is that our legislature is more eager to harass Atlanta's DA for prosecuting Trump than they are bringing rogue prosecutors in MAGA country abusing their prosecutor discretion. This was the state of the country under Trump and I don't believe anyone arguing good faith would forget that.

Personally I see it as a good thing that I and my neighbors are employed. The Unemployment rate is at a record low and the Pandemic is over, in large part because President Biden listened to the experts, rather say stupidity like we should take horse pills and inject ourselves with bleach like that moron Trump told us to.",helene,community_discussion,
locqast,t3_1fmip5w,t3_1fmip5w,Georgia,AllPoliticiansHateUs,1727008687,2024-09-22 12:38,-2,Georgia’s economy is pretty solid and Kemp is in a second term. He’s gets credit as the governor residing over a great State.,helene,community_discussion,
locr7dn,t3_1fmip5w,t1_loc6tvf,Georgia,Mister-Stiglitz,1727009106,2024-09-22 12:45,2,"So he's ""less bad"" than other Republican governors? He's still done some awful things. Rejecting the Medicaid expansion is legit just going to get people killed.",helene,community_discussion,
locvi68,t3_1fmip5w,t1_locqast,Georgia,Boring_Vanilla4024,1727010973,2024-09-22 13:16,5,"People don't die from not having access to health care in any place that is ""great.""",helene,community_discussion,
locwj1e,t3_1fmip5w,t1_locvi68,Georgia,fishshake,1727011397,2024-09-22 13:23,-6,Healthcare isn't the be-all and end-all people make it out to be.,helene,community_discussion,
locwmcm,t3_1fmip5w,t1_lob7dur,Georgia,fishshake,1727011436,2024-09-22 13:23,-6,"Savannah, sure.",helene,community_discussion,
locxret,t3_1fmip5w,t1_locwj1e,Georgia,Boring_Vanilla4024,1727011902,2024-09-22 13:31,3,"Great mansplaining 😂

You have people dying of preventable disease in your state every day because people do not have access to health care down the street, or are threatened with prison time for seeking some forms of health care.",helene,community_discussion,
locyava,t3_1fmip5w,t1_locxret,Georgia,fishshake,1727012119,2024-09-22 13:35,-8,"Apathy isn't manspalining.

>You have people dying of preventable disease in your state every day because people do not have access to health care

So? Suck it up and get over it. I have healthcare. Go find some.",helene,community_discussion,
locyo6y,t3_1fmip5w,t1_locyava,Georgia,Boring_Vanilla4024,1727012266,2024-09-22 13:37,4,"I have insurance.

This may surprise someone as selfish as yourself, but I can't think and look out for others. Golden rule and all.

Have a great Sunday. I hope you aren't as bitter and pitiful as you come across online.",helene,community_discussion,
lod0jrj,t3_1fmip5w,t1_locwmcm,Georgia,judge_dredds_chin,1727012969,2024-09-22 13:49,4,Whats wrong with Atlanta?,helene,community_discussion,
lod1mag,t3_1fmip5w,t1_loc5td5,Georgia,patmunroe,1727013315,2024-09-22 13:55,-1,"Yeah this is exactly what I'm talking about. Your standards are on the floor. 

""At least my boyfriend beats me less!""",helene,community_discussion,
lod1mpj,t3_1fmip5w,t1_loc5td5,Georgia,patmunroe,1727013315,2024-09-22 13:55,-2,"Yeah this is exactly what I'm talking about. Your standards are on the floor. 

""At least my boyfriend beats me less!""",helene,community_discussion,
lod6vp9,t3_1fmip5w,t1_lod0jrj,Georgia,rikitikifemi,1727015259,2024-09-22 14:27,21,Atlanta is the social and economic engine of the state and the region. I have my theories as to why it's unappreciated by the rest of the State.,helene,community_discussion,
lod79kk,t3_1fmip5w,t1_lod6vp9,Georgia,judge_dredds_chin,1727015398,2024-09-22 14:29,2,"I mean, I do too. I just always want to hear the reasoning to see if my assumptions are wrong.",helene,community_discussion,
lod9re1,t3_1fmip5w,t1_lod0jrj,Georgia,fishshake,1727016289,2024-09-22 14:44,-18,"It's a spreading urban cancer enveloping everything around it.

Preserve the rural, fight urbanization.",helene,community_discussion,
lodecdl,t3_1fmip5w,t1_lod6vp9,Georgia,lawyer1911,1727017852,2024-09-22 15:10,18,Without Atlanta we would be Mississippi.,helene,community_discussion,
lodgif6,t3_1fmip5w,t1_lod9re1,Georgia,thraashman,1727018583,2024-09-22 15:23,5,Fuck the rural. It's overwhelmingly populated by Nazis nowadays.,helene,community_discussion,
lodnwuo,t3_1fmip5w,t1_lodgif6,Georgia,fishshake,1727020932,2024-09-22 16:02,-4,Lol no.,helene,community_discussion,
lodwaaa,t3_1fmip5w,t1_lod0jrj,Georgia,95Daphne,1727023430,2024-09-22 16:43,-4,"I'm not the original poster here, and I'll note that I'm not a conservative, but this may be influenced a bit by my grouchy dad (also not conservative though, but he does well loathe urban sprawl), and my not loving to drive in heavy traffic.

If you're talking about places to travel to, I don't see it on going to Atlanta for a vacation. For sports maybe (have once, but technically to Marietta and may sometime do it for the college football hall of fame), for work for sure, but a vacation?

Nah, no way. Nope.

Outside that Braves game, I'm pretty sure I have never stopped in the Atlanta area for a long period of time for anything fun in which I wasn't also doing activities with my aunt and younger cousin back in the day. I suppose you could say that we'd have maybe gone to Stone Mountain on our own at some point, but that's about it.",helene,community_discussion,
lodxpp3,t3_1fmip5w,t1_lodwaaa,Georgia,atlsmrwonderful,1727023870,2024-09-22 16:51,5,"And this is why the tourism numbers are easier to understand, Atlanta is still the Black Mecca. People are coming from everywhere for actual Atlanta to be a part of it. It’s basically like experiencing the Harlem Renaissance in that era. Black people from the rural south are primarily driving the tourism and it’s all about the city but a lot of folks with preconceived notions about the city cannot wrap their heads around the draw of the city.",helene,community_discussion,
loe0szn,t3_1fmip5w,t1_lodxpp3,Georgia,rikitikifemi,1727024826,2024-09-22 17:07,3,"That's cultural tourism and if Black culture doesn't interest someone, I can see them baffled by Atlanta's appeal. Outside of DC, this is the most diverse Black community in the States. Black folk from every walk of life are here, which explains the creative capital...",helene,community_discussion,
loe6m13,t3_1fmip5w,t1_loe0szn,Georgia,judge_dredds_chin,1727026550,2024-09-22 17:35,2,"Not only that, but I’d argue that the rest of the state would not be as notable on a national scale without Atlanta and what it brings. I’ve just never understood the pro-Georgia anti-Atlanta crowd.",helene,community_discussion,
loejlrt,t3_1fmip5w,t1_locg1ny,Georgia,Born-2-Roll,1727030381,2024-09-22 18:39,2,Yep… The bar admittedly is very low in electoral politics these days.,helene,community_discussion,
lof1un5,t3_1fmip5w,t3_1fmip5w,Georgia,AccomplishedWar8634,1727035861,2024-09-22 20:11,1,Does that mean the state has more visitors? Or that he’s traveling across the state?,helene,community_discussion,
lob47l8,t3_1fmjm6e,t3_1fmjm6e,Georgia,AutoModerator,1726973990,2024-09-22 02:59,1,"This submission has been flaired for News/Politics. Please remember to follow r/Georgia rules and sitewide [guidelines](https://www.reddit.com/r/Georgia/wiki/faq/politics_guidelines/) when making submission and comments. If this post has been flaired ""News"" ensure that your title matches the headline of the linked article. If the post has been flaired ""Politics"" subreddit karma filtering is enabled to weed out trolls and bots. Thanks!

*I am a bot, and this action was performed automatically. Please [contact the moderators of this subreddit](/message/compose/?to=/r/Georgia) if you have any questions or concerns.*",helene,community_discussion,
lob5fls,t3_1fmjm6e,t3_1fmjm6e,Georgia,Bobgoulet,1726974547,2024-09-22 03:09,109,Take some High Speed rail around and realize how far behind we are in transportation.,helene,community_discussion,
lob9nng,t3_1fmjm6e,t3_1fmjm6e,Georgia,Additional_Dot_5960,1726976526,2024-09-22 03:42,-11,"Do y'all know any of these Italian companies? I don't.

Luxottica, Pirelli, TMC Transformers, Aquafil, Epta, MAPEI, Elemaster, Beretta, La Regina di San Marzano.",helene,community_discussion,
lobaf0p,t3_1fmjm6e,t3_1fmjm6e,Georgia,DesireWhisper4,1726976902,2024-09-22 03:48,36,Governor Kemp is racking up the miles! Curious to see what these trips will bring for Georgia....,helene,community_discussion,
lobc42l,t3_1fmjm6e,t1_lob9nng,Georgia,[deleted],1726977739,2024-09-22 04:02,1,[removed],helene,community_discussion,
lobcznw,t3_1fmjm6e,t3_1fmjm6e,Georgia,deJuice_sc,1726978193,2024-09-22 04:09,14,"I hope he had a good time on vacation, it's not like there's anything going on here that needs his attention  🙄",helene,community_discussion,
lobee4w,t3_1fmjm6e,t1_lob9nng,Georgia,Triatacon,1726978936,2024-09-22 04:22,35,Yes. At least half of those are well-known companies.,helene,community_discussion,
lobse68,t3_1fmjm6e,t1_lob5fls,Georgia,atomicxblue,1726987289,2024-09-22 06:41,36,"Over 10 years ago, I had a friend in Chiba, right outside Tokyo, tell me he could walk to his local station, take a train over to Osaka, and come out about a mile from his friend's place. I was jealous that he could get around without a car.",helene,community_discussion,
lobtbv8,t3_1fmjm6e,t3_1fmjm6e,Georgia,tedwin223,1726987898,2024-09-22 06:51,119,"While I am not a huge fan of Kemp, this isn’t actually that surprising. Upper level State government will travel to court businesses to choose them as their state to set up an American presence. GA has been a #1 state for Business and New Business development in the USA and this tracks with the kind of moves government would make to create that environment. 

Now whether every trip was for those reasons, and not just a vacation on taxpayer dime is another story…",helene,community_discussion,
locanku,t3_1fmjm6e,t1_lobse68,Georgia,thened,1726999791,2024-09-22 10:09,25,"I grew up in Georgia and live in Chiba.

Being able to take a train places is very nice.

Georgia don't got that. They got guns though!",helene,community_discussion,
loccwqq,t3_1fmjm6e,t1_lob9nng,Georgia,MrsHyacinthBucket,1727001316,2024-09-22 10:35,1,Luxortica owns around 90% of the Rx and OTC eyewear market. Beretta is a firearms manufacturer. La Regina di San Marzano is tomato ans tomato sauce producer.  I know these and I'm not even a businessey-type.,helene,community_discussion,
locfnp5,t3_1fmjm6e,t1_lob9nng,Georgia,Expat111,1727003070,2024-09-22 11:04,12,"Luxottics owns all glasses brands that you can think of (eg, Ray Ban), Pirelli = tires, Beretta = guns, Aquafil I think are fabrics. I don’t know the rest.",helene,community_discussion,
lochadj,t3_1fmjm6e,t1_lob9nng,Georgia,spoonman1342,1727004034,2024-09-22 11:20,5,You don't know Beretta?,helene,community_discussion,
lochq55,t3_1fmjm6e,t3_1fmjm6e,Georgia,Its_Helios,1727004287,2024-09-22 11:24,30,"To be fair he has made good deals going oversees 

I still dislike the cunt tho",helene,community_discussion,
locmvji,t3_1fmjm6e,t3_1fmjm6e,Georgia,Suitable-Scholar-778,1727007040,2024-09-22 12:10,25,"Kemp is a massive douche, but this is something he should be doing.  He needs to build industrial ties with other nations to help improve Georgia's overall economy by adding more manufacturing here.  Where he failed,  was not realizing people don't want to live in a republican hellscape and are not going to move here if they keep destroying personal liberty and making it harder to vote.",helene,community_discussion,
locoo2n,t3_1fmjm6e,t1_lob9nng,Georgia,lozo78,1727007916,2024-09-22 12:25,5,These are mostly very well known and big companies... You've really never heard of Pirelli or Beretta? Luxotica makes most all the glasses you've seen your whole life (granted other brands have done well to gain more share recently).,helene,community_discussion,
locs3yv,t3_1fmjm6e,t1_locanku,Georgia,MarcusAurelius68,1727009512,2024-09-22 12:51,8,Japan’s population density is nearly 900 per square mile. About 5x that of Georgia. It helps.,helene,community_discussion,
locsc6b,t3_1fmjm6e,t3_1fmjm6e,Georgia,Down_Voter_of_Cats,1727009613,2024-09-22 12:53,0,Can Italy keep him?,helene,community_discussion,
locsyjq,t3_1fmjm6e,t1_locs3yv,Georgia,thened,1727009888,2024-09-22 12:58,14,I live in rural Japan. Where I live is very far from dense.,helene,community_discussion,
locu0ls,t3_1fmjm6e,t1_locsyjq,Georgia,MarcusAurelius68,1727010342,2024-09-22 13:05,3,"Agree it’s not all dense - but even with that Japan still has 5x the population density which makes an even stronger case for rail transport…and especially when you add the mountainous areas that are lightly populated.

Japan never also developed the car culture the US has.",helene,community_discussion,
locw9ji,t3_1fmjm6e,t3_1fmjm6e,Georgia,video-engineer,1727011288,2024-09-22 13:21,1,Did he go with Sarah Suck-a-D Lectern?,helene,community_discussion,
locy46c,t3_1fmjm6e,t1_lobse68,Georgia,cowfishing,1727012044,2024-09-22 13:34,6,"When I lived in Italy, I could do the same.",helene,community_discussion,
locyylv,t3_1fmjm6e,t1_lob9nng,Georgia,cowfishing,1727012380,2024-09-22 13:39,2,"Elemaster, an electronics company, has an office in Duluth.",helene,community_discussion,
loczrxp,t3_1fmjm6e,t3_1fmjm6e,Georgia,dumbthrowawayacct2,1727012700,2024-09-22 13:45,0,"All on our dime, I'm sure. Arrivederci and va' a fa' 'n culo, Kemp.",helene,community_discussion,
lod7fvc,t3_1fmjm6e,t1_locu0ls,Georgia,skintagteam,1727015461,2024-09-22 14:31,7,Car culture was artificially created by the big three,helene,community_discussion,
lode508,t3_1fmjm6e,t1_lobtbv8,Georgia,skyshock21,1727017784,2024-09-22 15:09,51,Whenever you hear “#1 state for business” remember what that actually means - #50 state for worker protections.,helene,community_discussion,
lodfeq7,t3_1fmjm6e,t1_lode508,Georgia,tedwin223,1727018212,2024-09-22 15:16,20,"South Carolina is the worst state for a worker, but we aren’t far off it’s true.",helene,community_discussion,
lodmd4y,t3_1fmjm6e,t1_lod7fvc,Georgia,MarcusAurelius68,1727020460,2024-09-22 15:54,4,And politicians like Robert Moses in NY.,helene,community_discussion,
lodq9we,t3_1fmjm6e,t3_1fmjm6e,Georgia,Surph_Ninja,1727021675,2024-09-22 16:14,0,Well Italy is falling fast back into far-right fascism. Should be right up his alley.,helene,community_discussion,
loe7f0r,t3_1fmjm6e,t1_lob5fls,Georgia,MooseRyder,1727026775,2024-09-22 17:39,2,"I don’t know how they’d incorporate high speed railing in Georgia or the US, outside of just taking land from people and then building it it seems impractical to do now",helene,community_discussion,
loecxs5,t3_1fmjm6e,t3_1fmjm6e,Georgia,ServiceFuture6112,1727028362,2024-09-22 18:06,2,"There was another shooting last night- at South Cobb High school, but he’s going to Italy….",helene,community_discussion,
lof4hkd,t3_1fmjm6e,t1_locmvji,Georgia,Big_Schedule3544,1727036664,2024-09-22 20:24,3,"Georgia increased its population by 12% in 10 years. The last two years was over 1% year over year.

Doesn't seem like people agree with the Reddit opinion. ",helene,community_discussion,
lof4sza,t3_1fmjm6e,t1_loe7f0r,Georgia,Bobgoulet,1727036763,2024-09-22 20:26,3,Plenty of space and money for more highways though,helene,community_discussion,
lobbvd1,t3_1fmkgiw,t3_1fmkgiw,Georgia,Jayswisherbeats,1726977614,2024-09-22 04:00,-1,May god bless you and your son. I don’t have any answers. But I do hope you find em,helene,community_discussion,
lobc6u9,t3_1fmkgiw,t3_1fmkgiw,Georgia,Gwar-Rawr,1726977778,2024-09-22 04:02,5,"If the state didn't expand medicaid in the  affordable care act your states medicaid may be horribly under funded. 

In my state where it is Democrat ran and well funded if your doctor puts In a prior auth and says its medically nessecary it'll get approved.",helene,community_discussion,
lobckmy,t3_1fmkgiw,t3_1fmkgiw,Georgia,kswan3,1726977975,2024-09-22 04:06,15,"When my kids had Medicaid as newborns, the pediatricians could look it up without a card. 
However if you really need one, find out which Medicaid he has. Caresource, Peach State, or Amerigroup. Call them and ask for a replacement card. It has more information that the card you gave pictured.",helene,community_discussion,
lobfip7,t3_1fmkgiw,t3_1fmkgiw,Georgia,Coreytay12,1726979543,2024-09-22 04:32,3,"I'm not sure about the card, but look up a federally qualified health center near you. They take all forms of Medicaid since they are federally funded. Most, if not all have a pediatric department.",helene,community_discussion,
lobg25f,t3_1fmkgiw,t3_1fmkgiw,Georgia,Individual-Table-925,1726979830,2024-09-22 04:37,13,Which county? You should at least be able to go to your county health department for immunizations and routine medical care.,helene,community_discussion,
lobjih6,t3_1fmkgiw,t3_1fmkgiw,Georgia,magical-mysteria-73,1726981769,2024-09-22 05:09,7,Take your baby to the health department.,helene,community_discussion,
loblk14,t3_1fmkgiw,t3_1fmkgiw,Georgia,guyonsomecouch12,1726982970,2024-09-22 05:29,8,"It’s peachcare for kids. 
99% of all pediatricians will take it. 
Give it a few months and you’ll get a new card",helene,community_discussion,
lobpsuy,t3_1fmkgiw,t1_loblk14,Georgia,murdiorr,1726985595,2024-09-22 06:13,1,"i’ve tried signing in with the member id that’s on the card i currently have but it’s not working , i saw on the website that it was peachcare as well but once i tried singing in it said the id was invalid so i wasn’t sure if the card wasn’t with peachcare or not if there any reason why the member id wont work if its peachcare ?",helene,community_discussion,
loc88ql,t3_1fmkgiw,t1_lobc6u9,Georgia,sensorydispensary,1726998121,2024-09-22 09:42,1,"Medical biller here - this is your state Medicaid card. Most providers who accept Medicaid can look up the patient with SSN, or the ID on the card. 

You’ll find the Medicaid lacking here, to be very direct. Many providers don’t accept it because the reimbursements often dont cover their cost to treat these patients. It’s a ridiculous and sad situation Kemp has afflicted on us. 

That being said, you’ll be able to find a provider by going to the Georgia Medicaid provider locator online. You can enter your zip code to find a list of ‘local’ doctors. The website is really ugly and outdated, so heads up! 

Protip - when calling around asking about network participation, ask if the declining doctor refers Medicaid patients anywhere. It may shorten your search!",helene,community_discussion,
loc8agj,t3_1fmkgiw,t3_1fmkgiw,Georgia,sensorydispensary,1726998155,2024-09-22 09:42,20,"Medical biller here - this is your state Medicaid card. Most providers who accept Medicaid can look up the patient with SSN, or the ID on the card.

You’ll find the Medicaid lacking here, to be very direct. Many providers don’t accept it because the reimbursements often dont cover their cost to treat these patients. It’s a ridiculous and sad situation Kemp has afflicted on us.

That being said, you’ll be able to find a provider by going to the Georgia Medicaid provider locator online. You can enter your zip code to find a list of ‘local’ doctors. The website is really ugly and outdated, so heads up!

Protip - when calling around asking about network participation, ask if the declining doctor refers Medicaid patients anywhere. It may shorten your search!",helene,community_discussion,
locyual,t3_1fmkgiw,t3_1fmkgiw,Georgia,elrastro75,1727012332,2024-09-22 13:38,0,Medicare is very poorly administered here. It’s run by overworked staff or incompetent third party private companies. Getting help or answers can be very difficult. I would suggest reaching out to Children’s Hospital of Atlanta and speaking to one of their social workers or Medicare specialists.,helene,community_discussion,
log188y,t3_1fmkgiw,t3_1fmkgiw,Georgia,thank_burdell,1727047711,2024-09-22 23:28,1,"I can’t say for certain whether Georgia has the worst-run Medicaid program in the country, but I shudder to imagine a worse one.",helene,community_discussion,
lobgv5q,t3_1fml6u1,t3_1fml6u1,Georgia,Quartznonyx,1726980273,2024-09-22 04:44,151,Yes it's a scam,helene,community_discussion,
lobgv9k,t3_1fml6u1,t3_1fml6u1,Georgia,Prin_StropInAh,1726980275,2024-09-22 04:44,32,"Yes, that is a scam",helene,community_discussion,
lobgvep,t3_1fml6u1,t3_1fml6u1,Georgia,ShoelessSean,1726980277,2024-09-22 04:44,75,Yes it is a scam.,helene,community_discussion,
lobier3,t3_1fml6u1,t3_1fml6u1,Georgia,mediocreisok,1726981135,2024-09-22 04:58,39,lol. I went to the URL and it showed me the exact same fine of $5.89. The look and feel of the website is a good fake. Definitely a scam. Stay safe.,helene,community_discussion,
lobj6kw,t3_1fml6u1,t3_1fml6u1,Georgia,Great-Cold-1490,1726981577,2024-09-22 05:06,14,Yes it is. They’ll send a letter in the mail if you have a balance,helene,community_discussion,
lobjn4r,t3_1fml6u1,t1_lobier3,Georgia,korodic,1726981845,2024-09-22 05:10,31,"Also not recommended to visit these URLs, they may be trying to steal your data behind the scenes or other malicious activities. Best way to play the game is not to play. Anything urgent/monetary should be verified independently by following up with that entity directly.

There are also AI deepfakes of ransoms using voices taken from children’s social media now. Scammers are getting better. Stay safe all.",helene,community_discussion,
lobjwh9,t3_1fml6u1,t3_1fml6u1,Georgia,changework,1726982000,2024-09-22 05:13,7,Absolutely. The correct URL is mysecretwebpaymentportal.MySpace.com,helene,community_discussion,
lobk5dm,t3_1fml6u1,t3_1fml6u1,Georgia,SmokeABowlNoCap,1726982146,2024-09-22 05:15,1,"How could they realistically even get your phone number just by seeing your car? It's a scam, shame on whoever's duping hella people, def be careful out here",helene,community_discussion,
lobl11u,t3_1fml6u1,t3_1fml6u1,Georgia,Hot-Quality8768,1726982657,2024-09-22 05:24,2,"I’m assuming if you have a metro Atlanta area code, these are being sent out to almost every number. 
And all it takes is for a very small % to fall for it and these scammers take in a helluva lot of money. 

Smh",helene,community_discussion,
loblsj7,t3_1fml6u1,t1_lobjn4r,Georgia,mediocreisok,1726983110,2024-09-22 05:31,4,"I completely agree. Best way to deal with any scam is to not engage at all. I was curious and typed the URL incognito to see what it looks like. Not only are they getting this scam money, they’re also taking all the payer’s information that could be used for identity theft. Quite scammy. Hope none falls for it.",helene,community_discussion,
lobmbpt,t3_1fml6u1,t3_1fml6u1,Georgia,Ginkoleano,1726983431,2024-09-22 05:37,5,"Good lord. These are posted so often.

Yes it’s a scam

It’s always a scam.",helene,community_discussion,
lobmk4f,t3_1fml6u1,t3_1fml6u1,Georgia,Salty-Subject3894,1726983576,2024-09-22 05:39,5,"It sure is. I got the same message today. But there are no toll roads anywhere near where I live, and I sure don't have a pass for them.",helene,community_discussion,
locdsbq,t3_1fmq7hv,t3_1fmq7hv,Georgia,BreakfastInBedlam,1727001895,2024-09-22 10:44,5,I put a weekly reminder on my calendar.,helene,community_discussion,
locg3t3,t3_1fmq7hv,t3_1fmq7hv,Georgia,[deleted],1727003338,2024-09-22 11:08,1,[removed],helene,community_discussion,
locgp8b,t3_1fmq7hv,t3_1fmq7hv,Georgia,Connect-Will2011,1727003688,2024-09-22 11:14,3,"Just used your link to check.

Yay! My voter registration is still active!",helene,community_discussion,
locjhh6,t3_1fmq7hv,t3_1fmq7hv,Georgia,West_Yam7006,1727005276,2024-09-22 11:41,45,"I received my voter card in the mail because they moved our districts around (not happy), and I downloaded it from the website too. I still check weekly because I live in Dekalb and don't trust the motherfuckers. 🤷🏼‍♀️",helene,community_discussion,
locjnx8,t3_1fmq7hv,t1_locjhh6,Georgia,Just4Today50,1727005375,2024-09-22 11:42,26,"That’s why I’m doing this. I’ve done Texas, Oklahoma, Louisiana,Mississippi, Alabama, Georgia and Florida. Getting a good response.",helene,community_discussion,
locjxhl,t3_1fmq7hv,t1_locjhh6,Georgia,FlappinPickle,1727005518,2024-09-22 11:45,6,I'm checking every Friday and reminding several friends to do the same.,helene,community_discussion,
loclym9,t3_1fmq7hv,t3_1fmq7hv,Georgia,NightTimeFlyer,1727006574,2024-09-22 12:02,4,I moved from Gwinnett to Forsyth last year. Changed my voter registration when I changed my drivers license. I voted in two elections already this year now I am getting repeated calls and texts saying I am not registered by some outside group. TurnUp. So I am checking weekly to make sure I haven’t been kicked off.,helene,community_discussion,
locm7mb,t3_1fmq7hv,t1_loclym9,Georgia,Just4Today50,1727006702,2024-09-22 12:05,6,"How does this happen. I think you should report that group. If it is an organization that is trying to discourage voting, regardless of if they are left or right, that is election interstate illegal. Please look into this it must be stopped.",helene,community_discussion,
locmj31,t3_1fmq7hv,t1_locjxhl,Georgia,Just4Today50,1727006861,2024-09-22 12:07,2,Feel free to repost!,helene,community_discussion,
locmwvf,t3_1fmq7hv,t3_1fmq7hv,Georgia,leons_getting_larger,1727007059,2024-09-22 12:10,4,Seriously. It takes a few seconds to check!,helene,community_discussion,
locn5b6,t3_1fmq7hv,t3_1fmq7hv,Georgia,SuchEasyTradeFormat,1727007174,2024-09-22 12:12,-14,"Statistically, you vote won't count anyway. Furthermore, the state's electoral system is not trustworthy.",helene,community_discussion,
locndmr,t3_1fmq7hv,t1_locn5b6,Georgia,Just4Today50,1727007287,2024-09-22 12:14,9,It for sure won’t count if you don’t vote.,helene,community_discussion,
locp045,t3_1fmq7hv,t1_locjnx8,Georgia,maddiejake,1727008078,2024-09-22 12:27,13,Thank you for your efforts in saving our democracy.,helene,community_discussion,
locp1pd,t3_1fmq7hv,t1_locp045,Georgia,Just4Today50,1727008098,2024-09-22 12:28,7,Repost!!,helene,community_discussion,
locp9im,t3_1fmq7hv,t1_locp045,Georgia,TornadoCat4,1727008203,2024-09-22 12:30,-7,Our democracy isn’t in danger.,helene,community_discussion,
locrqae,t3_1fmq7hv,t3_1fmq7hv,Georgia,dgradius,1727009343,2024-09-22 12:49,5,"Please don’t wait until October 25th to request your ballot.

Given how crap the USPS is these days it for sure wont arrive on time. Request it now.",helene,community_discussion,
locsfvz,t3_1fmq7hv,t1_locn5b6,Georgia,thebaron24,1727009660,2024-09-22 12:54,5,It absolutely counts. If you don't want to vote do it in silence,helene,community_discussion,
locudss,t3_1fmq7hv,t1_locn5b6,Georgia,jehunjalan,1727010499,2024-09-22 13:08,4,"Georgia is one of the few states where votes do actually count in presidential elections. 

And despite that votes all over the country are extremely important in local elections.",helene,community_discussion,
locujii,t3_1fmq7hv,t1_locsfvz,Georgia,SuchEasyTradeFormat,1727010567,2024-09-22 13:09,-6,"It is just as democratically legitimate to encourage people to NOT vote as to encourage people to vote. 

It is like an election boycott. Fewer votes signals no confidence in the system.",helene,community_discussion,
locusao,t3_1fmq7hv,t3_1fmq7hv,Georgia,praguer56,1727010671,2024-09-22 13:11,1,I'm 68 and I signed up for mail in voting. Do they automatically send those out or is there something I need to do to ensure I get my mail in ballot?,helene,community_discussion,
locv0no,t3_1fmq7hv,t1_locn5b6,Georgia,Boring_Vanilla4024,1727010770,2024-09-22 13:12,6,"Trumpies trying to discourage people to vote. What a surprise.

The state was won, fair and square after 3 counts, by 11k votes last presidential election. Trump tried to coerce the governor to steal the election for him and ""find"" those votes.

Your vote matters.",helene,community_discussion,
locv3vh,t3_1fmq7hv,t3_1fmq7hv,Georgia,exqueezemenow,1727010807,2024-09-22 13:13,2,"I always try to vote the very first day just in case I should get there and there turns out to be some ""problem"" with my registration. Though I don't think I will run into issues because the county I am in is red leaning. I suspect the problems and purges happen more in areas that are more likely to vote blue.",helene,community_discussion,
locv7f5,t3_1fmq7hv,t1_locusao,Georgia,Just4Today50,1727010848,2024-09-22 13:14,2,"Just checked the page, and it appears you have to request it. I’m in Louisiana, but I requested it one time and now I get it every time.",helene,community_discussion,
locv9oc,t3_1fmq7hv,t1_locv3vh,Georgia,Just4Today50,1727010875,2024-09-22 13:14,2,That’s exactly why I’m doing this.,helene,community_discussion,
locviy5,t3_1fmq7hv,t1_locrqae,Georgia,Just4Today50,1727010982,2024-09-22 13:16,1,Good point! I’m on the AutoShip option in Louisiana,helene,community_discussion,
locvuik,t3_1fmq7hv,t1_locp9im,Georgia,Just4Today50,1727011115,2024-09-22 13:18,4,I just think people should vote. We are terribly lazy as a country when it comes to electing our officials.,helene,community_discussion,
locw0jk,t3_1fmq7hv,t3_1fmq7hv,Georgia,VenomousPink,1727011184,2024-09-22 13:19,1,I'm checking mine weekly and reminding my family to do the same.,helene,community_discussion,
locw28i,t3_1fmq7hv,t1_locujii,Georgia,thebaron24,1727011204,2024-09-22 13:20,4,I remember when I had this taken as a child but I grew up and realized only privileged assholes who aren't affected by the laws being passed think like this.,helene,community_discussion,
locwiq6,t3_1fmq7hv,t3_1fmq7hv,Georgia,pitchingschool,1727011393,2024-09-22 13:23,2,I can't vote anyways it's all good,helene,community_discussion,
locykyo,t3_1fmq7hv,t1_locrqae,Georgia,SuperSpecialAwesome-,1727012230,2024-09-22 13:37,-2,"I mean, it'll be tossed into the trash regardless.",helene,community_discussion,
locyqsh,t3_1fmq7hv,t1_locusao,Georgia,SuperSpecialAwesome-,1727012294,2024-09-22 13:38,3,"> Do they automatically send those out or is there something I need to do to ensure I get my mail in ballot?

No, the USPS will do all the work for you by just tossing your ballot in the trash. DeJoy's absolutely going to fuck with mail-in ballots, since he faced zero consequences in 2020. Don't trust it.",helene,community_discussion,
loczowr,t3_1fmq7hv,t3_1fmq7hv,Georgia,Vivid_Product_3230,1727012668,2024-09-22 13:44,1,My niece does not have a fixed address in Cobb county. What address should she put on her voters registration? She lives sometimes with her aunt and sometimes with her great aunt but neither one of them want her to use their address for anything.,helene,community_discussion,
lod22e2,t3_1fmq7hv,t1_locw28i,Georgia,SuchEasyTradeFormat,1727013469,2024-09-22 13:57,2,">name calling

The lowest possible level of rebuttal.",helene,community_discussion,
lod28hn,t3_1fmq7hv,t3_1fmq7hv,Georgia,HeadTransportation95,1727013533,2024-09-22 13:58,0,"I requested my absentee ballot online last week, I just wish there was some sort of confirmation that it’s been received instead of just waiting to see whether I get my ballot in the mail.

I guess I’ll try calling my county election office, maybe they can confirm it.",helene,community_discussion,
lod2lbn,t3_1fmq7hv,t1_lod28hn,Georgia,Just4Today50,1727013666,2024-09-22 14:01,1,"When you mail it, you can check and see if you can mail it. Return receipt requested. I take mine to the polling place on the first early voting day.",helene,community_discussion,
lod2n3j,t3_1fmq7hv,t1_loczowr,Georgia,Just4Today50,1727013685,2024-09-22 14:01,2,Does she have a drivers license? I believe it needs to match whatever’s on her drivers license.,helene,community_discussion,
lod3b7u,t3_1fmq7hv,t1_lod22e2,Georgia,thebaron24,1727013937,2024-09-22 14:05,1,You don't have an argument. You just need attention,helene,community_discussion,
lod3qcu,t3_1fmq7hv,t1_lod2n3j,Georgia,Vivid_Product_3230,1727014095,2024-09-22 14:08,2,"She has a learners permit, which probably has her aunt’s address on it. Would election mail start going to her aunt’s address if she registers with that address? It’s dumb but the whole family is having a tiff and her aunt has banned her from using her address anymore. I don’t want her to get yelled at if mail starts showing up after she registers.",helene,community_discussion,
lod3uc1,t3_1fmq7hv,t1_lod3qcu,Georgia,Just4Today50,1727014136,2024-09-22 14:08,2,You can always go to the DMV and change her address to an address with a friendly human being living there. And I hope that the kerfuffle gets straightened away.,helene,community_discussion,
lod6s44,t3_1fmq7hv,t3_1fmq7hv,Georgia,Chipped-toothchs,1727015223,2024-09-22 14:27,17,"Vote in person or drop off at the poll, we can not trust our post office.",helene,community_discussion,
lod7ggg,t3_1fmq7hv,t1_locujii,Georgia,jehunjalan,1727015467,2024-09-22 14:31,3,"Fewer votes allows people that are actually trying to disenfranchise voters more power to do that. 

A real election boycott would be voting third party or writing in a boycott vote. Simply not voting just signals that neither side was charismatic enough to get the electorate out to vote.",helene,community_discussion,power
lod7wph,t3_1fmq7hv,t1_lod6s44,Georgia,Just4Today50,1727015628,2024-09-22 14:33,5,That is what I do.  In Louisiana one has to sign a certificate even though I am the ballot holder and the dropper offer.,helene,community_discussion,
lod88g7,t3_1fmq7hv,t1_locudss,Georgia,SuchEasyTradeFormat,1727015746,2024-09-22 14:35,1,"> Georgia is one of the few states where votes do actually count

This is a tacit admission that in the majority of cases your vote does not count.",helene,community_discussion,
lod9d1w,t3_1fmq7hv,t1_lod88g7,Georgia,jehunjalan,1727016146,2024-09-22 14:42,3,"What does that have to do with Georgia. 

You know the sub this is posted in?",helene,community_discussion,
lodcd9t,t3_1fmq7hv,t3_1fmq7hv,Georgia,tmghost7729,1727017185,2024-09-22 14:59,3,"Thank you, OP! Upvoting & commenting for thread visibility. 👍💪",helene,community_discussion,
loddjqh,t3_1fmq7hv,t1_lodcd9t,Georgia,Just4Today50,1727017584,2024-09-22 15:06,2,Upvoting for thanks!,helene,community_discussion,
lodet98,t3_1fmq7hv,t1_lod2lbn,Georgia,HeadTransportation95,1727018011,2024-09-22 15:13,2,"I’m referring to the ballot application, not the ballot itself. I looked everywhere I could think of but couldn’t find a way to check the status of the online application I submitted to confirm it’s been received and processed without any issues.",helene,community_discussion,
lodl55b,t3_1fmq7hv,t1_lodet98,Georgia,Just4Today50,1727020088,2024-09-22 15:48,1,Sorry I misunderstood. I get mine on auto.,helene,community_discussion,
lodo1lw,t3_1fmq7hv,t1_lod6s44,Georgia,CalebGT,1727020975,2024-09-22 16:02,3,"And if you vote by mail, be extremely careful with the instructions. They will not count your ballot if you do not use two envelopes. The instructions used to be more clear about that.",helene,community_discussion,
lodrwph,t3_1fmq7hv,t3_1fmq7hv,Georgia,Nihil_esque,1727022166,2024-09-22 16:22,4,And please don't vote by mail unless your only alternative is not voting at all. Our postal system is just absolutely not working. My spouse and I still haven't received our new driver's licenses which were postmarked in May; but they haven't been RTS'd yet either.,helene,community_discussion,
lods0z7,t3_1fmq7hv,t1_lodrwph,Georgia,Just4Today50,1727022202,2024-09-22 16:23,3,I carry mine to the polling place on voting day early voting day,helene,community_discussion,
lody8pc,t3_1fmq7hv,t1_locp9im,Georgia,ithappenedone234,1727024034,2024-09-22 16:53,1,"An insurrectionist is in the middle of his second coup attempt, but sure.",helene,community_discussion,
lodz3na,t3_1fmq7hv,t3_1fmq7hv,Georgia,Green-Enthusiasm-940,1727024299,2024-09-22 16:58,3,Viewed a sample ballot and i'm in the district with that lying hack MAGA twatwaffle katy stamper cosplaying as a democrat. At least i have confirmation to make sure i do the write in.,helene,community_discussion,
loe3ce7,t3_1fmq7hv,t1_lody8pc,Georgia,TornadoCat4,1727025589,2024-09-22 17:19,-2,Running for office isn’t a coup attempt.,helene,community_discussion,
loes1kk,t3_1fmq7hv,t1_loe3ce7,Georgia,ithappenedone234,1727032913,2024-09-22 19:21,5,"Normally? You’re right. 

This is not a normal time.  

When an enemy of the Constitution is illegally running for office in violation of the 14A, after having been disqualified for having engaged in insurrection, yes, it is a coup attempt.  “No person” leading an insurrection against the rule of the Constitution, while advocating for the termination of the Constitution, having previously been on oath, is legally able to run for or “hold any office, civil or military, under the United States, or under any State,” when they “have engaged in insurrection or rebellion against the [Constitution], or given aid or comfort to the enemies thereof.”

If you don’t like the Amendment, get it repealed with another Amendment.",helene,community_discussion,
lof01p0,t3_1fmq7hv,t1_locjhh6,Georgia,MarlenaEvans,1727035314,2024-09-22 20:01,2,"I check mine, my husband's, and my mom and mother in law's weekly too.",helene,community_discussion,
lof9x6w,t3_1fmq7hv,t1_loes1kk,Georgia,Novel_Maintenance_88,1727038366,2024-09-22 20:52,1,Peacefully and patriotically make your voices heard.,helene,community_discussion,
locej5y,t3_1fmqium,t3_1fmqium,Georgia,AutoModerator,1727002369,2024-09-22 10:52,1,"This submission has been flaired for News/Politics. Please remember to follow r/Georgia rules and sitewide [guidelines](https://www.reddit.com/r/Georgia/wiki/faq/politics_guidelines/) when making submission and comments. If this post has been flaired ""News"" ensure that your title matches the headline of the linked article. If the post has been flaired ""Politics"" subreddit karma filtering is enabled to weed out trolls and bots. Thanks!

*I am a bot, and this action was performed automatically. Please [contact the moderators of this subreddit](/message/compose/?to=/r/Georgia) if you have any questions or concerns.*",helene,community_discussion,
locrvck,t3_1fmseoh,t3_1fmseoh,Georgia,Ob33zy,1727009406,2024-09-22 12:50,-2,Church is a great place to meet people! My wife and I attend His Hands on Hwy 92. The congregation is on the younger side and everyone there is super friendly,helene,community_discussion,
locvdgs,t3_1fmseoh,t3_1fmseoh,Georgia,Elk-Kindly,1727010918,2024-09-22 13:15,7,"On the weekends try Reformation Brewery in downtown: Always seems to be a lot of young folks hanging out in the green space. Woodstock Firat Baptist church is another good one, or if you all are Catholic, St Michael at Arnold Mill and Trickum",helene,community_discussion,
lod0ezc,t3_1fmseoh,t3_1fmseoh,Georgia,Silly-Swan-8642,1727012926,2024-09-22 13:48,2,What have you done in Georgia so far?,helene,community_discussion,
lodf5v3,t3_1fmseoh,t3_1fmseoh,Georgia,YogaMoonlitMuse,1727018131,2024-09-22 15:15,4,"That sounds like a great way to meet new people! Woodstock has some fun spots to explore. Besides the breweries and churches, you might also want to check out local events.",helene,community_discussion,
lodi5m9,t3_1fmseoh,t1_locrvck,Georgia,CoriesMom,1727019122,2024-09-22 15:32,3,Ugh,helene,community_discussion,
lodlnlh,t3_1fmseoh,t1_lod0ezc,Georgia,Minute-Adeptness-151,1727020244,2024-09-22 15:50,3,"In terms of social events, not much",helene,community_discussion,
lodlxgq,t3_1fmseoh,t1_lodlnlh,Georgia,Silly-Swan-8642,1727020328,2024-09-22 15:52,2,What about non-social?  What interests do you guys have?,helene,community_discussion,
loe98yn,t3_1fmseoh,t3_1fmseoh,Georgia,OrangeOrganicOlive,1727027290,2024-09-22 17:48,2,Cornhole at reformation brewery is a good opportunity to have some fun and meet new people. Woodstock has historically been a pretty conservative area so you’ll likely run into a lot of MAGA asshats.,helene,community_discussion,
loehgkw,t3_1fmseoh,t3_1fmseoh,Georgia,Sbhill327,1727029715,2024-09-22 18:28,3,If you’re on fb you can look up Georgia outdoor shenanigans (it has a new name that’s not shenanigans but I forgot it?) or Georgia social shenanigans.,helene,community_discussion,
lodppf2,t3_1fmshka,t3_1fmshka,Georgia,Georgia-ModTeam,1727021496,2024-09-22 16:11,1,Irrelevant posts and posts related to the country of Georgia will be removed.,helene,community_discussion,
locsfoa,t3_1fmslgb,t3_1fmslgb,Georgia,AutoModerator,1727009657,2024-09-22 12:54,1,"This submission has been flaired for News/Politics. Please remember to follow r/Georgia rules and sitewide [guidelines](https://www.reddit.com/r/Georgia/wiki/faq/politics_guidelines/) when making submission and comments. If this post has been flaired ""News"" ensure that your title matches the headline of the linked article. If the post has been flaired ""Politics"" subreddit karma filtering is enabled to weed out trolls and bots. Thanks!

*I am a bot, and this action was performed automatically. Please [contact the moderators of this subreddit](/message/compose/?to=/r/Georgia) if you have any questions or concerns.*",helene,community_discussion,
lod1a3i,t3_1fmslgb,t1_locsfoa,Georgia,SuperSpecialAwesome-,1727013197,2024-09-22 13:53,-1,test,helene,community_discussion,
lod218x,t3_1fmslgb,t3_1fmslgb,Georgia,[deleted],1727013456,2024-09-22 13:57,1,[removed],helene,community_discussion,
lodv9jh,t3_1fmslgb,t3_1fmslgb,Georgia,adpc,1727023127,2024-09-22 16:38,54,"Funny how some people, like the man from the suburbs that was interviewed, tout their personal “grit” while overlooking all the public support they’ve had. He probably attended public schools, maybe even a state university—all funded by taxpayers. He’s benefited from national security, public roads, and federal programs that boosted Georgia’s economy over the years.

And implying that Atlanta is a “hellscape”… This guy is in a bubble. The city’s booming economically, becoming a major tech and business hub. Unemployment is down, and there are lots of efforts to address issues like crime. Sure, it’s far from perfect, but Atlanta’s future is bright.",helene,community_discussion,
lodwkpt,t3_1fmslgb,t3_1fmslgb,Georgia,KabbalahDad,1727023518,2024-09-22 16:45,20,"Pedophile, rapist, dictator, racist, man whore, bad businessman, habitually aligned with straight evil or literal cons...

And the jesusy folks are like ""He's just like us""

Vote, share, engage, if you convert a single voter, or convinced a single person to vote, you've done your civil service.

Hell, I've found just sharing the collage (it's free on my profile / cover photo on reddit) of Trump and Ghislaine/Epstein effective with independents/discussion groups!",helene,community_discussion,
lodxcju,t3_1fmslgb,t1_lodv9jh,Georgia,just-another-jester,1727023758,2024-09-22 16:49,27,He even said he hasnt been into Atlanta since the pandemic... maybe take a moment to look for yourself before making a sweeping statement on crime to the Times,helene,community_discussion,
loed9fx,t3_1fmslgb,t1_lodv9jh,Georgia,eatingpotatochips,1727028457,2024-09-22 18:07,10,"Atlanta's growth has been incredible in the last few years. Denying that requires significant mental gymnastics. The crime rate is on par with other major cities like Houston and Minneapolis, though higher than places like New York City, which I'm sure they also think is a ""hellscape"".",helene,community_discussion,
loezs7b,t3_1fmslgb,t1_lodv9jh,Georgia,Balljunkey,1727035234,2024-09-22 20:00,6,He and the Newsmax lady both caused me to roll my eyes.,helene,community_discussion,
lofcabi,t3_1fmslgb,t1_lodxcju,Georgia,darcat01,1727039117,2024-09-22 21:05,5,"But, but… the narrative!! ;)",helene,community_discussion,
loffsyu,t3_1fmslgb,t3_1fmslgb,Georgia,darcat01,1727040273,2024-09-22 21:24,8,"I knew exactly where this article was going when I read:

…former President Donald J. Trump and his associates were accused of engineering a plan to overturn it. Prosecutors in Atlanta argued that their actions broke the law, charging them in a racketeering case that is ongoing.

Some followers of the former president believed his claim of a stolen victory…

More Mass Media BS!!

Vote Blue up and down the ballot!!",helene,community_discussion,
lofuswz,t3_1fmslgb,t1_lodv9jh,Georgia,Born-2-Roll,1727045429,2024-09-22 22:50,6,"Unfortunately, the view that “Atlanta” (Atlanta ITP to many OTP suburbanites and exurbanites and metro Atlanta as a whole to many residents of outlying rural Georgia) is a “hellscape” is a view that many (though not all) OTP suburbanites, exurbanites and rural residents hold.

Those OTP Georgia residents hold that view because Atlanta is an increasingly diverse island of urbanity in a state that historically has been completely dominated by white exurban and rural interests.

The hostility towards Atlanta by white rural interests has deep roots in Georgia history that date back to as long as Atlanta has been the site of the Georgia State Capitol and the largest city in the state.

Because of the Atlanta city/metro’s large non-white population in an urban and metropolitan environment in a state dominated by white rural interests (and white suburban and exurban interests), there’s a very long history of Atlanta being blamed and scapegoated and even demonized by white rural, exurban and suburban interests for the state’s problems.",helene,community_discussion,
locukbe,t3_1fmswcq,t3_1fmswcq,Georgia,AutoModerator,1727010577,2024-09-22 13:09,1,"This submission has been flaired for News/Politics. Please remember to follow r/Georgia rules and sitewide [guidelines](https://www.reddit.com/r/Georgia/wiki/faq/politics_guidelines/) when making submission and comments. If this post has been flaired ""News"" ensure that your title matches the headline of the linked article. If the post has been flaired ""Politics"" subreddit karma filtering is enabled to weed out trolls and bots. Thanks!

*I am a bot, and this action was performed automatically. Please [contact the moderators of this subreddit](/message/compose/?to=/r/Georgia) if you have any questions or concerns.*",helene,community_discussion,
locw6si,t3_1fmswcq,t3_1fmswcq,Georgia,anTWhine,1727011257,2024-09-22 13:20,95,Duh. Then they’ll magically decide that Dekalb County results can’t be confirmed and try to toss them.,helene,community_discussion,
locw99t,t3_1fmswcq,t3_1fmswcq,Georgia,deJuice_sc,1727011285,2024-09-22 13:21,31,"yep - it's so obvious this is the MAGA version of a Hail Mary for a Trump win in Georgia, either Trumps wins or no one does.",helene,community_discussion,
locwm87,t3_1fmswcq,t3_1fmswcq,Georgia,praguer56,1727011434,2024-09-22 13:23,60,"I hope Harris, state Democrats, and the DNC has a plan already in place for this.",helene,community_discussion,
locxilg,t3_1fmswcq,t1_locwm87,Georgia,Sleep_adict,1727011804,2024-09-22 13:30,110,"Eerrrr no. I hope the Secretary of State, AG and the DOJ are looking at this. This isn’t partisan politics, this is illegal voter suppression at the moment and will soon be election rigging",helene,community_discussion,
locydnz,t3_1fmswcq,t1_locw6si,Georgia,[deleted],1727012151,2024-09-22 13:35,1,[removed],helene,community_discussion,
locyiwr,t3_1fmswcq,t1_locxilg,Georgia,righthandofdog,1727012208,2024-09-22 13:36,22,The only good news is that it is a democratic presidency that will be in charge of the response.  THAT will be a lot different that the Trump administration responding to it's own made up fake election garbage.,helene,community_discussion,
locystx,t3_1fmswcq,t1_locwm87,Georgia,aravarth,1727012316,2024-09-22 13:38,22,"A lawsuit has been filed, and it will be heard in court on 01 OCT IIRC.",helene,community_discussion,
loczgu1,t3_1fmswcq,t3_1fmswcq,Georgia,[deleted],1727012581,2024-09-22 13:43,1,[removed],helene,community_discussion,
loczijy,t3_1fmswcq,t1_locystx,Georgia,[deleted],1727012599,2024-09-22 13:43,1,[removed],helene,community_discussion,
loczn8p,t3_1fmswcq,t3_1fmswcq,Georgia,[deleted],1727012650,2024-09-22 13:44,1,[removed],helene,community_discussion,
lod04kp,t3_1fmswcq,t3_1fmswcq,Georgia,JiminyStickit,1727012830,2024-09-22 13:47,-13,"Wasn't Georgia on the losing side of a civil war? 


How long are Americans going to put up with Georgian lies and evil?",helene,community_discussion,
lod04wq,t3_1fmswcq,t3_1fmswcq,Georgia,JiminyStickit,1727012830,2024-09-22 13:47,1,"Wasn't Georgia on the losing side of a civil war? 


How long are Americans going to put up with Georgian lies and evil?",helene,community_discussion,
lod0d2j,t3_1fmswcq,t3_1fmswcq,Georgia,Copper_The_Hound,1727012908,2024-09-22 13:48,-1,Recently saw a post with instructions for how Out-of-State students attending college in GA can register to vote Republican in GA - not their home state.,helene,community_discussion,
lod13in,t3_1fmswcq,t1_locw6si,Georgia,the_zero,1727013139,2024-09-22 13:52,48,And Fulton. And Cobb and Gwinnett if they’re blue or leaning that way.,helene,community_discussion,
lod172b,t3_1fmswcq,t3_1fmswcq,Georgia,samwstew,1727013167,2024-09-22 13:52,2,This is their whole game plan,helene,community_discussion,
lod16qf,t3_1fmswcq,t3_1fmswcq,Georgia,samwstew,1727013167,2024-09-22 13:52,9,This is their whole game plan,helene,community_discussion,
lod1aup,t3_1fmswcq,t3_1fmswcq,Georgia,samwstew,1727013204,2024-09-22 13:53,1,This is their whole game plan,helene,community_discussion,
lod1ciw,t3_1fmswcq,t1_locxilg,Georgia,johnacraft,1727013219,2024-09-22 13:53,41,"They are.

The Office of the Attorney General issued a ruling the day before the vote that many of the measures proposed (including hand counting at the precinct) is beyond the scope of the State Election Board's powers. The Secretary of State concurred.

There is no ""they"" to magically prevent Fulton, DeKalb, Gwinnett, Cobb, Douglas, Bibb, Chatham, and other large counties from certifying their elections. If Taliaferro County's election officials want to admit they can't conduct a proper election and should be removed from office by refusing to certify their \~150 votes, they can look at Coffee County's attempt to refuse certification in 2020 and see how that went for Misty Hampton, Scott Hall, and Cathy Latham.",helene,community_discussion,
lod1shs,t3_1fmswcq,t1_lod0d2j,Georgia,tdpdcpa,1727013366,2024-09-22 13:56,15,"This is the case everywhere. College students can register to vote in their home state or the state where they attend college.

I’m sure many will choose to because Georgia is a swing state.",helene,community_discussion,
lod24d7,t3_1fmswcq,t1_locw6si,Georgia,[deleted],1727013489,2024-09-22 13:58,1,[removed],helene,community_discussion,
lod258x,t3_1fmswcq,t1_lod04kp,Georgia,geneaut,1727013499,2024-09-22 13:58,16,Slow down there. Take a look at the last election results in GA.,helene,community_discussion,
lod3bl4,t3_1fmswcq,t3_1fmswcq,Georgia,Utjunkie,1727013941,2024-09-22 14:05,16,Hand counting is just ineffective and very costly.  Trump and his idiots are just costing states money with stupid crap like hand counts.,helene,community_discussion,
lod3bnd,t3_1fmswcq,t3_1fmswcq,Georgia,captwillard024,1727013941,2024-09-22 14:05,-5,Why does hand counting increase the margin for error? Why is there a margin for error? If every vote is counted how could there be an error?,helene,community_discussion,
lod3dgu,t3_1fmswcq,t3_1fmswcq,Georgia,[deleted],1727013960,2024-09-22 14:06,1,[removed],helene,community_discussion,
lod3it2,t3_1fmswcq,t1_locxilg,Georgia,dragonfliesloveme,1727014016,2024-09-22 14:06,19,">will soon be election rigging

Yep but right now I feel like the members of that Board should be brought up on charges of Conspiracy to Commit Election Fraud.

I don’t think they should even be allowed to carry this thing through and wait until it gets to the point of election rigging",helene,community_discussion,
lod41t3,t3_1fmswcq,t1_lod3bnd,Georgia,[deleted],1727014215,2024-09-22 14:10,1,[removed],helene,community_discussion,
lod43nj,t3_1fmswcq,t3_1fmswcq,Georgia,leons_getting_larger,1727014234,2024-09-22 14:10,215,"Yes, except strike the “if”. 

Each county tallies their votes independently. There is no overall view of the result until those results are summed by the SOS, so they can’t do it “if” it looks like Trump is going to lose. 

They are laying the groundwork now to increase the odds that at least 1 of our 159 counties can’t possibly complete their certification in time. 

Why? Because then the (MAGA GOP) state legislature can award all 16 electoral college votes to Trump. 

They are side stepping the election altogether. 

Get your marching boots ready. November is going to be chaos.",helene,community_discussion,
lod44zm,t3_1fmswcq,t3_1fmswcq,Georgia,PriscillaPalava,1727014247,2024-09-22 14:10,171,"You know what would be absolutely hilarious? 

If Kamala doesn’t need Georgia to win. ",helene,community_discussion,
lod4bji,t3_1fmswcq,t1_lod04kp,Georgia,[deleted],1727014317,2024-09-22 14:11,1,[removed],helene,community_discussion,
lod4j6b,t3_1fmswcq,t1_lod04kp,Georgia,msheaz,1727014396,2024-09-22 14:13,8,"Do you even live here? Citing the civil war is not the move for discussing politics with us; we see the scars of that war every day. Sherman destroyed so much of our history. And since then, Georgians have been instrumental cultivating art that has a national appeal. A former Democratic president, who is still alive, is from Georgia. We sent two Democratic senators to Washington and stood tall against Trump’s bullshit last election. 

We don’t need bad faith actors stirring up shit like this.",helene,community_discussion,
lod4q17,t3_1fmswcq,t1_lod04kp,Georgia,arcaias,1727014467,2024-09-22 14:14,4,"Ummm it's like 7 installed politicians pulling this garbage... We've been voting blue AF, that's why the Republicans are cheating...",helene,community_discussion,
lod529y,t3_1fmswcq,t1_lod3bnd,Georgia,aaprillaman,1727014593,2024-09-22 14:16,2,"People are not perfect.

 It’s one thing to count 10 sheets of paper. 

It’s entirely another thing to count tens of thousands. 

And when you have to pull information of each sheet of paper multiple times. 

Hand counts have a higher error rate than machine counts. ",helene,community_discussion,
lod53o3,t3_1fmswcq,t1_lod44zm,Georgia,arcaias,1727014608,2024-09-22 14:16,55,"If... But they are trying similar crap in Arizona and if they get both states to not certify, then it's possible neither candidate reaches enough electoral votes to be elected and the supreme Court gets to decide who wins.... Donald Trump's appointed supreme Court....",helene,community_discussion,
lod57f3,t3_1fmswcq,t1_lod3bnd,Georgia,aaprillaman,1727014646,2024-09-22 14:17,8,"People are not perfect.

 It’s one thing to count 10 sheets of paper. 

It’s entirely another thing to count tens of thousands. 

And when you have to pull information of each sheet of paper multiple times. 

Hand counts have a higher error rate than machine counts. ",helene,community_discussion,
lod5j7a,t3_1fmswcq,t1_lod3bnd,Georgia,TheAskewOne,1727014768,2024-09-22 14:19,12,"People make mistakes. People make more mistakes than machines. Also, it's done on purpose so there isn't a human possibility that the ballots will be counted in less than days or weeks. And of course counties with big cities, that lean blue, will take longer. This way Georgia won't be able to certify on time and there will be chaos.",helene,community_discussion,
lod5qyt,t3_1fmswcq,t3_1fmswcq,Georgia,[deleted],1727014846,2024-09-22 14:20,1,[removed],helene,community_discussion,
lod5u6z,t3_1fmswcq,t1_lod44zm,Georgia,TheAskewOne,1727014878,2024-09-22 14:21,7,I've been praying for that exact scenario.,helene,community_discussion,
lod67jz,t3_1fmswcq,t1_lod43nj,Georgia,TheAskewOne,1727015014,2024-09-22 14:23,66,"And guess which county will take forever to count? DeKalb, that's right. And they'll say look, most counties that have certified are red, soooo...",helene,community_discussion,
lod803z,t3_1fmswcq,t3_1fmswcq,Georgia,KingJTheG,1727015663,2024-09-22 14:34,3,I hate my state so much. I liked Miami a lot better. Only thing I will say is that Georgia is probably still better than red as shit Florida.,helene,community_discussion,
lod85v7,t3_1fmswcq,t3_1fmswcq,Georgia,ibrentlam,1727015720,2024-09-22 14:35,5,But by law the results have to be certified by the Monday after the election. Otherwise they’ll be taken to court.,helene,community_discussion,
lod8hrm,t3_1fmswcq,t3_1fmswcq,Georgia,[deleted],1727015838,2024-09-22 14:37,1,[removed],helene,community_discussion,
lod8nus,t3_1fmswcq,t1_locxilg,Georgia,shawsghost,1727015898,2024-09-22 14:38,12,"No, no, you're wrong about that. All the best people are saying, big strong beautiful Georgians, with tears in their eyes they are saying that this is just Georgia returning to its wonderful traditional culture of Jim Crow era election rigging.  It was a great tradition for a very long time in Georgia. Some say it goes all the way back to those wonderful days of the pre-Civil War era, when the very kind white people of Georgia and other fine Southern states took care of their black people, making sure all of them, from the tiniest little children to the very oldest seniors had a place to live and food to eat and plenty of work to do to keep them occupied. They got to go out and work in the sun all day, every day! But then evil coastal elitists from the northeast had to come down and ruin it all, like they always do. And now that Georgians are trying to recapture some of that wonderful culture, the evil coastal elitists are back, trying to deny the wonderful old spirit of Jim Crow. But we won't let them do it. We will stop them this time and all the people of Georgia will be so very, very happy. You'll see! And it will be bigly wonderful and so beautiful, just like it used to be.",helene,community_discussion,
lod8sc8,t3_1fmswcq,t1_lod3bnd,Georgia,fillymandee,1727015942,2024-09-22 14:39,5,"If you take 1,000 one dollar bills into the bank to deposit them, do you want the teller to hand count your bills or run it through the machine a couple times to make sure the count is right?",helene,community_discussion,
lod92jt,t3_1fmswcq,t3_1fmswcq,Georgia,[deleted],1727016043,2024-09-22 14:40,1,[removed],helene,community_discussion,
lod94r9,t3_1fmswcq,t1_lod5j7a,Georgia,fillymandee,1727016065,2024-09-22 14:41,4,This is gonna piss a lot of people off. I’ll be protesting at the Gold Dome if they try these bullshit shenanigans.,helene,community_discussion,
lod9cmw,t3_1fmswcq,t1_lod67jz,Georgia,leons_getting_larger,1727016142,2024-09-22 14:42,46,"Not necessarily. Dekalb is blue and may have a ton of volunteers to help. Taliaferro has about 1200 voters and their elections staff in 2022 was about 3 septuagenarians. Think they are going to pull a 13 hour shift at the polls and then do a hand count?

Part of the objection from elections directors was that their staff would quit over the hand count rule.  Can they replace and train in 44 days in rural counties?

It’s designed to create so many opportunities to fail that it is almost guaranteed to in at least one county. Because that’s all they need.",helene,community_discussion,
lod9hvv,t3_1fmswcq,t3_1fmswcq,Georgia,[deleted],1727016194,2024-09-22 14:43,1,[removed],helene,community_discussion,
lod9jyu,t3_1fmswcq,t1_lod94r9,Georgia,TheAskewOne,1727016215,2024-09-22 14:43,1,"I mean sure, but do you think they'll care?",helene,community_discussion,
lod9xse,t3_1fmswcq,t1_lod04kp,Georgia,shawsghost,1727016350,2024-09-22 14:45,3,"As a Georgian I must remind you that our Republican governor and secretary of state refused to ""find"" 11,000 votes for Trump when he pressured them to do so in 2020.",helene,community_discussion,
loda849,t3_1fmswcq,t1_lod8sc8,Georgia,captwillard024,1727016451,2024-09-22 14:47,-2,"Sure, but why not both? When I go to a bank I usually count my money by hand before I walk in. Do you go to a bank and just hand them a wad of cash and say count this for me? Also, why is there a margin of error? Is there a margins for error on you bank deposits?",helene,community_discussion,
loda9bb,t3_1fmswcq,t3_1fmswcq,Georgia,[deleted],1727016463,2024-09-22 14:47,1,[removed],helene,community_discussion,
lodc62i,t3_1fmswcq,t1_lod13in,Georgia,[deleted],1727017118,2024-09-22 14:58,1,[removed],helene,community_discussion,
lodczep,t3_1fmswcq,t1_lod44zm,Georgia,[deleted],1727017391,2024-09-22 15:03,1,[removed],helene,community_discussion,
lodczqf,t3_1fmswcq,t3_1fmswcq,Georgia,[deleted],1727017394,2024-09-22 15:03,1,[removed],helene,community_discussion,
lodd2mu,t3_1fmswcq,t1_lod53o3,Georgia,alexamerling100,1727017421,2024-09-22 15:03,2,Arizona has a democratic governor and SOS,helene,community_discussion,
lodd357,t3_1fmswcq,t1_loda849,Georgia,fillymandee,1727017425,2024-09-22 15:03,6,"When I said, “if you take 1,000…” it’s implied that you counted it. Thats why I provided a specific number, not just a wad of cash.",helene,community_discussion,
lodd6d3,t3_1fmswcq,t1_lod67jz,Georgia,Valhallahaha,1727017456,2024-09-22 15:04,1,DeKalb always takes the longest because they're one of the biggest. Almost always the last to finish.,helene,community_discussion,
loddnh6,t3_1fmswcq,t1_lod85v7,Georgia,techmaster242,1727017619,2024-09-22 15:06,7,And who controls the courts?,helene,community_discussion,
lode5vp,t3_1fmswcq,t3_1fmswcq,Georgia,avatar_of_prometheus,1727017792,2024-09-22 15:09,3,"The GQP has spent the last 4 years trying like hell to get operatives into every single elections board they can. 

We're in for a shit show, and it's got me nervous.",helene,community_discussion,
lodezu4,t3_1fmswcq,t3_1fmswcq,Georgia,Turbulent-Pea-8826,1727018074,2024-09-22 15:14,2,Delay? They are going to pull all kinds of fuckery to flat out not certify the vote. Delay is the least problematic thing they will do.,helene,community_discussion,
lodf7sl,t3_1fmswcq,t3_1fmswcq,Georgia,Bluunbottle,1727018148,2024-09-22 15:15,3,What I would like to see is every single democrat who loses any election sue for multiple recounts.,helene,community_discussion,
lodf9us,t3_1fmswcq,t3_1fmswcq,Georgia,LiamLiver,1727018167,2024-09-22 15:16,2,Many shall face charges.,helene,community_discussion,
lodfjtj,t3_1fmswcq,t1_lod43nj,Georgia,GeorgeWashingfun,1727018259,2024-09-22 15:17,-18,"As someone that actually lives in Georgia, I just want you to know that this is all nonsense. Kemp and Raffensperger don't even really like Trump. Leftists were praising Raffensperger in 2020, so why on earth would he help Trump now? He's even even come out against the recent hand counting of ballots change that the Trump-backed election board passed.",helene,community_discussion,
lodgp2r,t3_1fmswcq,t3_1fmswcq,Georgia,[deleted],1727018645,2024-09-22 15:24,1,[removed],helene,community_discussion,
lodhf6j,t3_1fmswcq,t3_1fmswcq,Georgia,AtlGuy1984,1727018883,2024-09-22 15:28,2,"Hand counting? I presume most Trump Supporters can’t count past their fingers and toes. 

Even if the SoS and AG have said this isn’t legal, it’s a disaster waiting to happen.",helene,community_discussion,
lodhwi1,t3_1fmswcq,t3_1fmswcq,Georgia,Ol_Bo_crackercowboy,1727019042,2024-09-22 15:30,-5,"Nah, only democrats do shit like that.",helene,community_discussion,
lodi29e,t3_1fmswcq,t3_1fmswcq,Georgia,exqueezemenow,1727019093,2024-09-22 15:31,13,"If this happens, who do we write/complain to? Maybe in preparation we can form a list of numbers, addresses, etc or something like that to get as many people as possible to issue complaints?",helene,community_discussion,
lodjo9a,t3_1fmswcq,t1_lod3bl4,Georgia,Disposedofhero,1727019613,2024-09-22 15:40,11,That's not their end goal though. *That* is far more nefarious.,helene,community_discussion,
lodk5zy,t3_1fmswcq,t1_lod43nj,Georgia,MarsMartians,1727019768,2024-09-22 15:42,1,Wow,helene,community_discussion,
lodkyok,t3_1fmswcq,t1_lodi29e,Georgia,stonedcoldathens,1727020029,2024-09-22 15:47,8,"SOS and AG I would think but if that doesn’t work, volunteer at your local election office",helene,community_discussion,
lodlvpo,t3_1fmswcq,t3_1fmswcq,Georgia,Cheerio13,1727020313,2024-09-22 15:51,1,"It is insanity. The State of Georgia elections board consists of five people. The chair is appointed by the Governor. One board member is appointed by the state Republican party and one is appointed by the state Democratic party. One is appointed by the state House and one by the state Senate. The real problem is that House Speaker Jon Burns removed Ed Lindsey and put nutcase Janelle King on, giving the nuts three votes. House Speaker Burns is the one to blame. Now it's utter madness.",helene,community_discussion,
lodmdzf,t3_1fmswcq,t1_lod43nj,Georgia,Shlambakey,1727020466,2024-09-22 15:54,5,where will we be marching exactly? standing on sidewalks downtown isnt going to stop or change their actions.,helene,community_discussion,
lodmvxa,t3_1fmswcq,t1_lod1ciw,Georgia,Shlambakey,1727020613,2024-09-22 15:56,8,how are you going to say all of that and not say what happened to those 3 named individuals?,helene,community_discussion,
lodmxla,t3_1fmswcq,t1_lod53o3,Georgia,Iamthewalrusforreal,1727020627,2024-09-22 15:57,10,"House of Representatives takes it up if no electoral majority is taken.

SCOTUS will get tons of lawsuits to sort through, but the House chooses next POTUS.",helene,community_discussion,
lodnnzn,t3_1fmswcq,t1_lod3it2,Georgia,GeauxCup,1727020853,2024-09-22 16:00,7,"This is what scares me the most. We can all see exactly what they're planning, and they're doing a great job at dismantling the democratic process, brick by brick. But I feel like no one's doing anything about it. When shit hits the fan, no one's going to have time to fix this.",helene,community_discussion,
lodny6z,t3_1fmswcq,t1_lod9xse,Georgia,JiminyStickit,1727020944,2024-09-22 16:02,2,"Yeah, I went too hard on that, and I regret it now. 


But I'm not going to change it - I think people on Reddit should own what they say and learn from their mistakes.


I hope Georgians themselves wake up to what a nightmare another Trump term will be. ",helene,community_discussion,
lodoq4n,t3_1fmswcq,t3_1fmswcq,Georgia,Hit-by-a-pitch,1727021190,2024-09-22 16:06,8,"They can only win when they cheat, and they cheat all the time.",helene,community_discussion,
lodou81,t3_1fmswcq,t1_lodnnzn,Georgia,dragonfliesloveme,1727021225,2024-09-22 16:07,2,"Same! I hate this feeling and just feeling like “Is anybody doing anything??”

This is the problem with corruption in government. Imagine trump getting back in, he and his lackeys will just bulldoze everything. This is a nerve wracking time for many of us",helene,community_discussion,
lodpx7a,t3_1fmswcq,t1_lod53o3,Georgia,gapipkin,1727021565,2024-09-22 16:12,1,"This isn’t how it works, my friend.",helene,community_discussion,
lodqb1t,t3_1fmswcq,t1_lod44zm,Georgia,dillpickles007,1727021686,2024-09-22 16:14,13,"If Harris doesn’t need Georgia to win then they’ll go ahead and certify like normal and cry about how the libs were throwing a fit about nothing.  

That’s built into the plan.",helene,community_discussion,
lodqihd,t3_1fmswcq,t3_1fmswcq,Georgia,sledge07,1727021749,2024-09-22 16:15,5,You mean like water pipes bursting In the building where the votes are being held?,helene,community_discussion,
lodqsw5,t3_1fmswcq,t1_lod3bnd,Georgia,the-almighty-toad,1727021839,2024-09-22 16:17,2,"There are 11 million potential votes. Have you ever been counting a ton of change and have to start over? What if you were being timed? 

Humans make mistakes.",helene,community_discussion,
lodqvqt,t3_1fmswcq,t3_1fmswcq,Georgia,Nihil_esque,1727021863,2024-09-22 16:17,5,So what can the average person do to help? Sign up to work as a poll worker to ensure their county has the necessary staffing for the new process?,helene,community_discussion,
lodrjxk,t3_1fmswcq,t1_lod9cmw,Georgia,kyel566,1727022062,2024-09-22 16:21,17,"Imagine trump maga terrorists will call in bomb threats, protest outside demanding something something, threaten poll workers, break windows ect ect, now the blue counties can’t count properly or on time",helene,community_discussion,
lodsshh,t3_1fmswcq,t1_lodmdzf,Georgia,JustWhatAmI,1727022422,2024-09-22 16:27,18,"The polls. Make sure you're registered, spread the word to everyone you know to register. Vote early

Check your registration here, https://mvp.sos.ga.gov/s/",helene,community_discussion,
lodtuhv,t3_1fmswcq,t1_lodmvxa,Georgia,CrustyBatchOfNature,1727022716,2024-09-22 16:31,5,Not the person above you but they were charged with a bunch of crimes.  These were the folks who let someone come in and copy the election software among other things.  [Hall has already taken a plea deal](https://georgiarecorder.com/briefs/first-defendant-in-fulton-county-election-interference-case-accepts-plea-agreement/).  I don't believe the other two have yet but it was still expected they would last I heard.,helene,community_discussion,
loduv84,t3_1fmswcq,t1_lod43nj,Georgia,[deleted],1727023012,2024-09-22 16:36,1,[removed],helene,community_discussion,
lodx1j4,t3_1fmswcq,t3_1fmswcq,Georgia,[deleted],1727023662,2024-09-22 16:47,1,[removed],helene,community_discussion,
lodzdsn,t3_1fmswcq,t3_1fmswcq,Georgia,[deleted],1727024385,2024-09-22 16:59,1,[removed],helene,community_discussion,
loe12cc,t3_1fmswcq,t3_1fmswcq,Georgia,[deleted],1727024905,2024-09-22 17:08,1,[removed],helene,community_discussion,
loe1vuj,t3_1fmswcq,t3_1fmswcq,Georgia,[deleted],1727025150,2024-09-22 17:12,1,[removed],helene,community_discussion,
loe36ow,t3_1fmswcq,t1_lodmxla,Georgia,FearlessAttempt,1727025542,2024-09-22 17:19,10,Still a win for Trump if that happens because it’s one vote per state delegation in the House.,helene,community_discussion,
loe4nc6,t3_1fmswcq,t3_1fmswcq,Georgia,jRN23psychnurse,1727025973,2024-09-22 17:26,2,I smell tons of election interference charges coming for a lot of people in every state. It’s about to get messy.,helene,community_discussion,
loe5lff,t3_1fmswcq,t1_lod44zm,Georgia,cygnusloops,1727026246,2024-09-22 17:30,13,"Doesn’t matter. Even if Trump steam rolls Harris in the election, I want my vote accounted for.",helene,community_discussion,
loe60x1,t3_1fmswcq,t1_lodfjtj,Georgia,Impecible_pompadour,1727026375,2024-09-22 17:32,30,"Hi, fellow Georgian here.  I think kemp is just distancing himself from this obvious corruption. To my knowledge he hasn’t “come out against” anything recently. His office has said they were “looking into the complaints” and “referred the matter to the state AG” all great PR words with no actions to follow. 

Maybe he will take a public stand on this. Maybe not. I’m leaning toward the latter.",helene,community_discussion,
loe7nx0,t3_1fmswcq,t3_1fmswcq,Georgia,Gwar-Rawr,1727026841,2024-09-22 17:40,2,"Tampering with votes and the election to allow fewer people to vote and decrease credibility needs to be illegal. 

This is terrorism on our Democracy. Fox News and Rifht wing media election lies and lies in general are going to create an insurgency in the United States, putting our lives in danger.",helene,community_discussion,
loe7wi4,t3_1fmswcq,t1_loe60x1,Georgia,While_Global,1727026907,2024-09-22 17:41,12,"This.

Also a Georgian here… Kemp is a toady up to the point he would have to do something obvious that might hurt his career.  Then he just goes silent.   Raffensberger will follow the rules and do the right thing within those rules, but the elections board has largely removed him from the rules creation for a while now.  He’s advising them to do the right thing, but keeps getting ignored.  If the approved rules call for them to force hand counts, then certify by a certain time or throw it to the legislature, his hands are tied.

Two of the Republicans added to the elections board were fake Trump electors in 2020.  The most vocal member is petty and passive aggressive about everything she says.  It has a very “Karen bulldozing things through the HOA committee” vibe.",helene,community_discussion,
loe9gpk,t3_1fmswcq,t3_1fmswcq,Georgia,Happypappy213,1727027353,2024-09-22 17:49,2,"If you can and feel safe in doing so, make a huge stink about this situation. 

Spam your socials with it. Phone your representatives. Protest. 

Make sure everybody is aware.",helene,community_discussion,
loe9s1x,t3_1fmswcq,t1_loe60x1,Georgia,StandardNecessary715,1727027444,2024-09-22 17:50,12,"Fellow Georgian here. He's"" I'm looking into the matter"" was just for show. He knew the gop legislature would vote not to look into the matter, and that's what happened.",helene,community_discussion,
loeaq4k,t3_1fmswcq,t1_lodou81,Georgia,jdonohoe69,1727027716,2024-09-22 17:55,6,Ohio former Georgia resident here — y’all gotta turn out to vote. We’re all really counting on y’all.,helene,community_discussion,
loecda8,t3_1fmswcq,t1_loe60x1,Georgia,Yleira,1727028194,2024-09-22 18:03,15,"100% this. The Georgia GOP worships nothing so much as the status quo and their own grasp on power. Any dislike they have for Trump stems from the way MAGA factions have destabilized the Republican party rather than any moral or ethical objections. State level GOP officials like Kemp may express 'concern' but they aren't going to do a damn thing. They've maintained just enough distance that none of the political sewage from this is going to splash on their own butts, and that's all they care about.",helene,community_discussion,power
loecktu,t3_1fmswcq,t1_lodfjtj,Georgia,leons_getting_larger,1727028256,2024-09-22 18:04,14,"I’m someone who actually lives in Georgia, thanks. And not in metro ATL. 

The only nonsense here is the big lie that these MAGA jerks are using to excuse their open attempt to grab the state for Trump.",helene,community_discussion,
loed46u,t3_1fmswcq,t1_lod8nus,Georgia,-ifeelfantastic,1727028415,2024-09-22 18:06,6,This got me,helene,community_discussion,
loeeotb,t3_1fmswcq,t3_1fmswcq,Georgia,[deleted],1727028890,2024-09-22 18:14,1,[removed],helene,community_discussion,
loeg876,t3_1fmswcq,t3_1fmswcq,Georgia,[deleted],1727029344,2024-09-22 18:22,1,[removed],helene,community_discussion,
loeiuha,t3_1fmswcq,t3_1fmswcq,Georgia,Dwayla,1727030145,2024-09-22 18:35,1,Somethings up and it's not gonna be good.,helene,community_discussion,
loejphg,t3_1fmswcq,t3_1fmswcq,Georgia,aacilegna,1727030413,2024-09-22 18:40,1,My hope is that Georgia will be a nonstarter and Harris wins without Georgia 🙏🏽🙏🏽,helene,community_discussion,
loekfof,t3_1fmswcq,t3_1fmswcq,Georgia,CasualEcon,1727030634,2024-09-22 18:43,3,What does MMW mean?,helene,community_discussion,
loekihp,t3_1fmswcq,t3_1fmswcq,Georgia,anonononnnnnaaan,1727030657,2024-09-22 18:44,-4,"This is why I think Kamala should just ditch GA. Let Trump take it and blow up all the time and effort they put into it. 

NC is way more winnable than GA right now. This Robinson thing is AMAZING to turn off meh GOP voters 

Trump called him Martin Luther King Jr on steroids. We can only assume that is because Robinson is black and on the heftier side but either way, run every commercial you can with Trump praising him.",helene,community_discussion,
loekk2z,t3_1fmswcq,t1_lod44zm,Georgia,dogecoinfiend,1727030670,2024-09-22 18:44,14,"Her winning is the main priority, but I want my vote counted and certified god damnit.",helene,community_discussion,
loekl9w,t3_1fmswcq,t3_1fmswcq,Georgia,SleepyJ56,1727030680,2024-09-22 18:44,2,This junk is how the orange Julius gets to be dictator on day 2 and forever 🤢😡,helene,community_discussion,
loeko15,t3_1fmswcq,t1_locystx,Georgia,anonononnnnnaaan,1727030702,2024-09-22 18:45,4,"Yes. And it will be televised.   

I know what I’ll be doing",helene,community_discussion,
loelxlf,t3_1fmswcq,t1_locw99t,Georgia,dogecoinfiend,1727031080,2024-09-22 18:51,3,"I mean I hate Trump, but it's not exactly a Hail Mary. They are basically tied in the polls, and personally I think we are going to revert back to traditional voting patterns this cycle. Older rural voters are going to show up like they always do, but the younger liberal vote probably won't show up like they did in 2020. I think Trump wins Georgia outright. Young folks show up please!",helene,community_discussion,
loeoe6t,t3_1fmswcq,t1_loekfof,Georgia,praguer56,1727031820,2024-09-22 19:03,4,Mark My Word,helene,community_discussion,
loeq57p,t3_1fmswcq,t3_1fmswcq,Georgia,Flimsy-Tailor-6220,1727032341,2024-09-22 19:12,3,"The Georgia SOS will never do that. Y'all don't know what you're talking about. The state election board, which does not include the Secretary of State, will try to do this of course. They will not get any cooperation from the SOS office or the governor.",helene,community_discussion,
loeq69n,t3_1fmswcq,t1_lod3bnd,Georgia,HappyHenry68,1727032350,2024-09-22 19:12,2,"Machines aren't partisan. A MAGA poll worker can purposefully miscount a batch of ballots by 5. Now the machine count for the county is 20,000 and the hand count is 19,995 and certification can't happen. They have to hand count again. 

Certification delayed. Public distrust sets in. And Trump is on TV screaming ""I told you they were going to cheat in GEORGIA!""

It's fucked up.",helene,community_discussion,
loeq9pc,t3_1fmswcq,t1_lodrjxk,Georgia,Flimsy-Tailor-6220,1727032378,2024-09-22 19:12,8,they really wont though because they're all afraid of black people.,helene,community_discussion,
loesbek,t3_1fmswcq,t3_1fmswcq,Georgia,[deleted],1727032997,2024-09-22 19:23,1,[removed],helene,community_discussion,
loesbvs,t3_1fmswcq,t1_lod57f3,Georgia,[deleted],1727033001,2024-09-22 19:23,1,[removed],helene,community_discussion,
loevfqx,t3_1fmswcq,t3_1fmswcq,Georgia,[deleted],1727033930,2024-09-22 19:38,1,[removed],helene,community_discussion,
loevodv,t3_1fmswcq,t1_loe60x1,Georgia,GeorgeWashingfun,1727034001,2024-09-22 19:40,-1,"Raffensperger literally said the change wouldn't hold up in court and that the election board didn't have the authority to make the change, especially so close to the election. He said that, despite Trump backing the election board and praising their decision. Also, Kemp has backed Raffensperger up since 2020. 

If you don't like their policies, fine, but it is crazy to think that Kemp and Raffensperger are going to ""steal"" the state for Trump.",helene,community_discussion,
loewkp7,t3_1fmswcq,t1_lod43nj,Georgia,scr33ner,1727034271,2024-09-22 19:44,25,"An acquaintance at my gym is a Naval Reservist and currently works at the federal prison.

He told me his unit will be deployed in DC during the elections.

So yup- chaos.

Fuck MAGA & Trump",helene,community_discussion,
loez66j,t3_1fmswcq,t1_lod9cmw,Georgia,AccomplishedWar8634,1727035047,2024-09-22 19:57,4,Isn’t Stacey Abrams on this? Hopefully they can get enough volunteers trained.,helene,community_discussion,
lof0iv1,t3_1fmswcq,t1_lodfjtj,Georgia,AccomplishedWar8634,1727035457,2024-09-22 20:04,1,I was wondering about that. I thought Raffensberger and Kim also hated Trump. So will this be an issue with counting ballots?,helene,community_discussion,
lof1emj,t3_1fmswcq,t1_lodfjtj,Georgia,AccomplishedWar8634,1727035726,2024-09-22 20:08,0,So will that affect anything?,helene,community_discussion,
lof1q27,t3_1fmswcq,t1_lod43nj,Georgia,[deleted],1727035822,2024-09-22 20:10,1,[removed],helene,community_discussion,
lof1ukr,t3_1fmswcq,t1_lod8nus,Georgia,MarlenaEvans,1727035860,2024-09-22 20:11,2,"This exactly. We have to stop letting them convince us that our votes don't count. Vote. And we WILL win, if we stick together.",helene,community_discussion,
lof39pk,t3_1fmswcq,t3_1fmswcq,Georgia,[deleted],1727036289,2024-09-22 20:18,1,[removed],helene,community_discussion,
lof4i33,t3_1fmswcq,t1_lodfjtj,Georgia,RandomlyPlacedFinger,1727036669,2024-09-22 20:24,7,"If Kemp or Raffensperger had a path that would have let them support Trump in 2020 that did not involve blatant criming, they would have.

The left praised them for the same reason you praise a cat for puking on the tile instead of the carpet, contrary to their nature. You're trying to train them",helene,community_discussion,
lof56f8,t3_1fmswcq,t1_lof4i33,Georgia,[deleted],1727036881,2024-09-22 20:28,1,[removed],helene,community_discussion,
lof64c2,t3_1fmswcq,t1_lod67jz,Georgia,Ryokurin,1727037179,2024-09-22 20:32,5,"Really, not just Dekalb, but the entire metro.   Obviously, not everyone will vote, but in Gwinnett county alone there's over 640k of registered voters.  If only half of them vote, are they really going to be done with the count by the next day?",helene,community_discussion,
lof7hj9,t3_1fmswcq,t3_1fmswcq,Georgia,[deleted],1727037605,2024-09-22 20:40,1,[removed],helene,community_discussion,
lof7ner,t3_1fmswcq,t1_lodhwi1,Georgia,[deleted],1727037655,2024-09-22 20:40,1,[removed],helene,community_discussion,
lof7q2x,t3_1fmswcq,t1_lod3bnd,Georgia,[deleted],1727037678,2024-09-22 20:41,1,[removed],helene,community_discussion,
lof82lo,t3_1fmswcq,t1_lodmvxa,Georgia,johnacraft,1727037787,2024-09-22 20:43,1,[https://www.cnn.com/interactive/2023/08/georgia-indictment-defendants-list-dg/](https://www.cnn.com/interactive/2023/08/georgia-indictment-defendants-list-dg/),helene,community_discussion,
lof97d9,t3_1fmswcq,t3_1fmswcq,Georgia,DrSunstorm1911,1727038141,2024-09-22 20:49,5,"I think VP Harris will still wipe the floor with him… I don’t think it will matter at this point… We all need to vote in the state stuff to drive these clowns out…. Lawsuits will fly in GA but Georgians need to do their part to dump the Robber Party in 24, 25, 26, & beyond.. Let the purge begin in Ga!!",helene,community_discussion,
lofa33p,t3_1fmswcq,t3_1fmswcq,Georgia,No-Biggie7921,1727038416,2024-09-22 20:53,6,"They know they can't win, so they have decided to make the voting rules so they can't lose. They can't go 'full-out overthrow the government mode' and just take over. The voting laws they are changing in all battleground states are like this. It's a month before the election, and they are still creating new voter laws? What the Republicans are doing will let them overthrow the government. but they can still say they followed the law.",helene,community_discussion,
lofaexe,t3_1fmswcq,t1_loeq9pc,Georgia,[deleted],1727038518,2024-09-22 20:55,1,[removed],helene,community_discussion,
lofay5e,t3_1fmswcq,t1_loekl9w,Georgia,[deleted],1727038687,2024-09-22 20:58,1,[removed],helene,community_discussion,
lofboag,t3_1fmswcq,t3_1fmswcq,Georgia,_NamasteMF_,1727038917,2024-09-22 21:01,2,Then Georgia will not have any reps in the House to vote for them.,helene,community_discussion,
lofglqg,t3_1fmswcq,t1_lodfjtj,Georgia,jalapinapizza,1727040538,2024-09-22 21:28,3,Doesn't like almost everyone on this sub actually live in Georgia? Lol,helene,community_discussion,
lofjj2n,t3_1fmswcq,t3_1fmswcq,Georgia,[deleted],1727041490,2024-09-22 21:44,1,[removed],helene,community_discussion,
lofjk07,t3_1fmswcq,t3_1fmswcq,Georgia,[deleted],1727041498,2024-09-22 21:44,1,[removed],helene,community_discussion,
lofmeza,t3_1fmswcq,t1_lodhwi1,Georgia,Low_Land4838,1727042476,2024-09-22 22:01,4,Yet all the evidence says the opposite,helene,community_discussion,
lofn07v,t3_1fmswcq,t1_lodsshh,Georgia,Shlambakey,1727042685,2024-09-22 22:04,7,"while useful, nothing you just said addresses what will be done in the event they reuse to certify election results after the election",helene,community_discussion,
loftb0b,t3_1fmswcq,t3_1fmswcq,Georgia,[deleted],1727044896,2024-09-22 22:41,1,[removed],helene,community_discussion,
lofu7mc,t3_1fmswcq,t1_loelxlf,Georgia,[deleted],1727045219,2024-09-22 22:46,1,[removed],helene,community_discussion,
lofv1u7,t3_1fmswcq,t3_1fmswcq,Georgia,RudeAd9698,1727045517,2024-09-22 22:51,3,I fully expect that the winner will be declared without Georgia certifying its votes at all.,helene,community_discussion,
lofv3n5,t3_1fmswcq,t1_loez66j,Georgia,dianab77,1727045535,2024-09-22 22:52,5,"Her Fair Fight team would be the group that could be helping but remember, they had mounting debt and did a [big layoff](https://www.ajc.com/politics/abrams-founded-fair-fight-lays-off-staff-pares-back-services-amid-mounting-debt/UIFGIO2TXBFI5GF6SAQMN4U6UQ/) in late Jan. The absolute worst timing.",helene,community_discussion,
lofvajp,t3_1fmswcq,t1_lofv3n5,Georgia,[deleted],1727045603,2024-09-22 22:53,1,[removed],helene,community_discussion,
lofvl3o,t3_1fmswcq,t1_lod9cmw,Georgia,Clikx,1727045706,2024-09-22 22:55,6,"Training hasn’t started in Georgia for poll workers for this election they have to be trained within so many days/weeks of Election Day, like mine is the first full week of October. My precinct will have about 2.5-4k voters and has 7 poll workers, 1 manager and 1 assistant manager.",helene,community_discussion,
lofw3ah,t3_1fmswcq,t1_lod44zm,Georgia,RudeAd9698,1727045886,2024-09-22 22:58,0,She doesnt,helene,community_discussion,
lofwprh,t3_1fmswcq,t3_1fmswcq,Georgia,[deleted],1727046105,2024-09-22 23:01,1,[removed],helene,community_discussion,
lofzk7v,t3_1fmswcq,t1_loevodv,Georgia,No-Restaurant6317,1727047121,2024-09-22 23:18,3,I don’t think they were saying Kemp and/or Raffensperger (especially the latter) were going to “steal” the election for Trump. Rather that they might not be proactive enough to stop it from being stolen.,helene,community_discussion,
log17np,t3_1fmswcq,t1_lofn07v,Georgia,JustWhatAmI,1727047706,2024-09-22 23:28,3,">what will be done in the event they reuse to certify election results after the election

We slip further from representative democracy",helene,community_discussion,
log18ha,t3_1fmswcq,t3_1fmswcq,Georgia,[deleted],1727047714,2024-09-22 23:28,1,[removed],helene,community_discussion,
lod49hu,t3_1fmu1n1,t3_1fmu1n1,Georgia,old-pizza-troll,1727014295,2024-09-22 14:11,21,"The Spanish speaking side of me wants to say oon-uh-dee-ya but you're right, Georgia does what Georgia does and I have no idea lol",helene,community_discussion,
lod4mrz,t3_1fmu1n1,t3_1fmu1n1,Georgia,LeonGwinnett,1727014434,2024-09-22 14:13,-1,May I add Unn-uh-dill-uh to the pot?,helene,community_discussion,
lod4o9k,t3_1fmu1n1,t3_1fmu1n1,Georgia,g8rman94,1727014449,2024-09-22 14:14,32, you-nah-dilla with most emphasis on the last part,helene,community_discussion,
lod4yrn,t3_1fmu1n1,t3_1fmu1n1,Georgia,TrumpIsWeird,1727014558,2024-09-22 14:15,8,Now do Taliaferro,helene,community_discussion,
lod53rm,t3_1fmu1n1,t1_lod4yrn,Georgia,notaninterestingcat,1727014609,2024-09-22 14:16,3,Tall-uh-ferr-oh...?,helene,community_discussion,
lod55xb,t3_1fmu1n1,t3_1fmu1n1,Georgia,redapplefalls_,1727014631,2024-09-22 14:17,-1,I say oon-uh-dee-yuh!,helene,community_discussion,
lod59q8,t3_1fmu1n1,t3_1fmu1n1,Georgia,Competitive_Coat3474,1727014669,2024-09-22 14:17,23,"YOONA-dilla. 

There’s nothing there but the intestate and Dooly St. Prison.",helene,community_discussion,
lod5b3x,t3_1fmu1n1,t3_1fmu1n1,Georgia,Professional_Depth13,1727014683,2024-09-22 14:18,11,You-nuh-dill-uh,helene,community_discussion,
lod5fhp,t3_1fmu1n1,t1_lod53rm,Georgia,TrumpIsWeird,1727014729,2024-09-22 14:18,2,Nope,helene,community_discussion,
lod5khb,t3_1fmu1n1,t1_lod5b3x,Georgia,Potential_Phrase_206,1727014781,2024-09-22 14:19,3,This is correct,helene,community_discussion,
lod5llp,t3_1fmu1n1,t1_lod59q8,Georgia,KnifeInYourAss,1727014792,2024-09-22 14:19,4,Don’t forget the Angel City Motorcycle Rally 😊,helene,community_discussion,
lod6bjq,t3_1fmu1n1,t1_lod53rm,Georgia,Flashy_Watercress398,1727015055,2024-09-22 14:24,8,"Believe it or not? ""Toliver."" 

Now do Lafayette.",helene,community_discussion,
lod6ta8,t3_1fmu1n1,t1_lod4yrn,Georgia,Professional_Depth13,1727015235,2024-09-22 14:27,10,Tol-ih-ver (rhymes with Oliver),helene,community_discussion,
lod80yk,t3_1fmu1n1,t1_lod6bjq,Georgia,one98d,1727015671,2024-09-22 14:34,6,Luh-FAY-ette,helene,community_discussion,
lod82b3,t3_1fmu1n1,t1_lod6bjq,Georgia,Eeyore_Smiled,1727015685,2024-09-22 14:34,3,"This is the actual pronunciation. I asked a friend whose maiden name is Talliaferro, and that's what she said.",helene,community_discussion,
lod95dd,t3_1fmu1n1,t1_lod82b3,Georgia,Flashy_Watercress398,1727016071,2024-09-22 14:41,5,"Yup. Georgia accents tend to love all the vowels (think Kay-roh) until something like Taliaferro comes along.

I used to be the only local at a large radio group, and was in charge of teaching the new talent how to pronounce place names. Ime, Altamaha and Coosawhatchie were a big challenge for dudes from New Jersey. Alma and Vidalia were next on the list.",helene,community_discussion,
lodcru0,t3_1fmu1n1,t1_lod59q8,Georgia,bbb26782,1727017319,2024-09-22 15:01,9,And Myron Mixon’s bbq cooking school,helene,community_discussion,
lodd9oi,t3_1fmu1n1,t1_lod5b3x,Georgia,No_Permission6405,1727017486,2024-09-22 15:04,9,Now say Houston.😁,helene,community_discussion,
lodday0,t3_1fmu1n1,t1_lod49hu,Georgia,bbb26782,1727017499,2024-09-22 15:04,3,I think it’s an Indian word.,helene,community_discussion,
loddgp5,t3_1fmu1n1,t1_lodd9oi,Georgia,jane3ry3,1727017554,2024-09-22 15:05,11,House-tun,helene,community_discussion,
loddkph,t3_1fmu1n1,t1_lodd9oi,Georgia,Professional_Depth13,1727017593,2024-09-22 15:06,6,"In Georgia....
House-tun",helene,community_discussion,
loddnjx,t3_1fmu1n1,t3_1fmu1n1,Georgia,DaMostUntypicalNi9,1727017620,2024-09-22 15:07,3,Try saying Opelika,helene,community_discussion,
lodebbg,t3_1fmu1n1,t1_loddnjx,Georgia,bbb26782,1727017842,2024-09-22 15:10,4,Blame the Alabamans for that one.,helene,community_discussion,
lodeeku,t3_1fmu1n1,t1_loddkph,Georgia,bjeebus,1727017872,2024-09-22 15:11,17,That's actually the English pronunciation too.  The only reason the American pronunciation is the other is because Sam Houston's family were idiots and didn't know the proper pronunciation of their own damn name.,helene,community_discussion,
lodelw5,t3_1fmu1n1,t1_lod95dd,Georgia,bbb26782,1727017941,2024-09-22 15:12,4,"To be fair, we didn’t just make that one up. It’s named after a Revolutionary War officer who pronounced it that way.",helene,community_discussion,
lodfab5,t3_1fmu1n1,t1_lodd9oi,Georgia,Motormouth1995,1727018172,2024-09-22 15:16,6,Throwing Cairo into the mix.,helene,community_discussion,
lodfiaq,t3_1fmu1n1,t3_1fmu1n1,Georgia,Balrog71,1727018245,2024-09-22 15:17,1,I grew up near Lafayette.  I didn’t pronounce it right until Paul Simon dropped Graceland,helene,community_discussion,
lodfnu3,t3_1fmu1n1,t1_lodfiaq,Georgia,notaninterestingcat,1727018297,2024-09-22 15:18,2,"There's multiple ways to pronounce Lafayette, so don't depend on what Paul Simon says.",helene,community_discussion,
lodfpfr,t3_1fmu1n1,t1_lod6bjq,Georgia,TrumpIsWeird,1727018312,2024-09-22 15:18,2,See LaGrange,helene,community_discussion,
lodfxki,t3_1fmu1n1,t3_1fmu1n1,Georgia,fitztart,1727018388,2024-09-22 15:19,3,"I’m from NY originally, and there’s a Unadilla there too that’s pronounced “You-na-dilla” (same as I’ve heard here in GA). 

But the way Albany is pronounced in GA is mind-boggling and I will never understand it. How did “All-bah-nee”become “All-bay-nee”?!",helene,community_discussion,
lodg2vy,t3_1fmu1n1,t1_lodfxki,Georgia,notaninterestingcat,1727018437,2024-09-22 15:20,12,I've never heard it pronounced that way....ive always heard All-bin-ee,helene,community_discussion,
lodg6uy,t3_1fmu1n1,t3_1fmu1n1,Georgia,unwell-opossum,1727018474,2024-09-22 15:21,4,"My partner and I argue over GA town names all the time. Solve an argument: Pembroke

pem-BROKE or pem-BROOK",helene,community_discussion,
lodhfzq,t3_1fmu1n1,t1_lodg6uy,Georgia,ImTing1TX,1727018891,2024-09-22 15:28,9,Pim-BROKE,helene,community_discussion,
lodhq69,t3_1fmu1n1,t1_lodfab5,Georgia,DarkFather24601,1727018985,2024-09-22 15:29,5,"Oh man, last time I was there I got corrected twice.  The locals told me “Kay-Row” after I said “Kai-Row”",helene,community_discussion,
lodi2hh,t3_1fmu1n1,t1_lod49hu,Georgia,DarkFather24601,1727019095,2024-09-22 15:31,15,![gif](giphy|JCPp8gM6LsLZK),helene,community_discussion,
lodid2i,t3_1fmu1n1,t1_lodfab5,Georgia,No_Permission6405,1727019189,2024-09-22 15:33,12,https://preview.redd.it/8wgdu46qqdqd1.jpeg?width=545&format=pjpg&auto=webp&s=47ad949869705b7b8bb73c9c4d54aeb4827176ca,helene,community_discussion,
lodim1y,t3_1fmu1n1,t3_1fmu1n1,Georgia,StrawManATL73,1727019270,2024-09-22 15:34,5,I'm from Cordele It's definitely You Na Dilla. Emphasis on first syllable.,helene,community_discussion,
lodjhez,t3_1fmu1n1,t3_1fmu1n1,Georgia,Worththeweight987,1727019552,2024-09-22 15:39,7,"My favorite is Buchanan.

Pronounced: Buck cannon",helene,community_discussion,
lodmlvr,t3_1fmu1n1,t1_loddnjx,Georgia,pogo6023,1727020531,2024-09-22 15:55,2,"o-pe-LIKE-uh
(I used to work there...)",helene,community_discussion,
lodmpix,t3_1fmu1n1,t1_lodfab5,Georgia,StNic54,1727020560,2024-09-22 15:56,4,Now say Adel without saying “baby” as a followup,helene,community_discussion,
lodmvyp,t3_1fmu1n1,t1_lodfxki,Georgia,bbb26782,1727020614,2024-09-22 15:56,4,That’s not how you say Albany.,helene,community_discussion,
lodn0wd,t3_1fmu1n1,t1_lodg2vy,Georgia,[deleted],1727020654,2024-09-22 15:57,1,[removed],helene,community_discussion,
lodnj6q,t3_1fmu1n1,t3_1fmu1n1,Georgia,pogo6023,1727020810,2024-09-22 16:00,1,"I've heard ""Augusta"" as ""aw-GUS-ta."" Not sure if that's common today, though.",helene,community_discussion,
lodo6mn,t3_1fmu1n1,t1_lod6ta8,Georgia,pogo6023,1727021020,2024-09-22 16:03,2,"Yep. This one takes the blue ribbon. After I first heard it, it took at least five years for me to believe I was hearing what people were actually saying.",helene,community_discussion,
lodp2s2,t3_1fmu1n1,t1_lodelw5,Georgia,Flashy_Watercress398,1727021300,2024-09-22 16:08,2,"I honestly don't remember what it was, but some piece of fiction (a book? An episode of Designing Women? Ages ago.) used ""Taliaferro"" as a way to suss out the nouveau in the south. 

It was funny because it was true.",helene,community_discussion,
lodvouw,t3_1fmu1n1,t3_1fmu1n1,Georgia,iglootyler,1727023251,2024-09-22 16:40,1,yoonerdiller if you're really from here,helene,community_discussion,
lodvwx4,t3_1fmu1n1,t1_lodg6uy,Georgia,Traditional_Big_2500,1727023317,2024-09-22 16:41,1,Pem-Broom,helene,community_discussion,
lodvy9v,t3_1fmu1n1,t1_lodvwx4,Georgia,Traditional_Big_2500,1727023328,2024-09-22 16:42,1,Brook,helene,community_discussion,
lodweqg,t3_1fmu1n1,t1_lodi2hh,Georgia,GetBentHo,1727023466,2024-09-22 16:44,2,*chefs kiss*,helene,community_discussion,
lodwf0g,t3_1fmu1n1,t1_lodnj6q,Georgia,Traditional_Big_2500,1727023468,2024-09-22 16:44,5,Pronounced disgusta,helene,community_discussion,
lodx0gv,t3_1fmu1n1,t3_1fmu1n1,Georgia,Weekly-Implement2956,1727023653,2024-09-22 16:47,1,"Phenix City. In Alabama, but the saddest example of messed up city names.",helene,community_discussion,
lodxb61,t3_1fmu1n1,t1_lodx0gv,Georgia,notaninterestingcat,1727023745,2024-09-22 16:49,1,"Is it not pronounced like Phoenix, AZ?",helene,community_discussion,
lodxzyr,t3_1fmu1n1,t1_lodxb61,Georgia,Weekly-Implement2956,1727023958,2024-09-22 16:52,2,It is. It’s the apparent fact that no one in the room when they were picking the name knew how to spell Phoenix.,helene,community_discussion,
lodynyt,t3_1fmu1n1,t3_1fmu1n1,Georgia,DJDeadParrot,1727024164,2024-09-22 16:56,2,Now do Hahira,helene,community_discussion,
lodz8ol,t3_1fmu1n1,t1_lodmvyp,Georgia,jevoudraiscroire,1727024342,2024-09-22 16:59,2,All-BAN-ee,helene,community_discussion,
loe2341,t3_1fmu1n1,t1_lodd9oi,Georgia,sunsol54,1727025211,2024-09-22 17:13,3,"I'm from Georgia. Used to be married to a woman from Houston, TX. The way they pronounce it in south GA drives me nuts.",helene,community_discussion,
loe2av1,t3_1fmu1n1,t1_lodynyt,Georgia,notaninterestingcat,1727025278,2024-09-22 17:14,4,Hay-hi-ruh,helene,community_discussion,
loe3sjo,t3_1fmu1n1,t1_lodim1y,Georgia,evil-stepmom,1727025721,2024-09-22 17:22,5,"Ha, someone once took a stab at Cordele and made it Cor-da-lay, it felt so FANCY",helene,community_discussion,
loe4h7h,t3_1fmu1n1,t1_lodfxki,Georgia,evil-stepmom,1727025924,2024-09-22 17:25,5,"Sigh. Was waiting for this one. So so hard to render phonetically. Awww(hint of L)-BIN-ny. 

Source: native",helene,community_discussion,
loe53di,t3_1fmu1n1,t1_loe3sjo,Georgia,StrawManATL73,1727026102,2024-09-22 17:28,2,"It’s Kor Deal, emphasis on second syllable. I own pine straw land down there. I knew we were in trouble with Hurricane Michael when the Weather Channel reporting from down there pronounced it properly.",helene,community_discussion,hurricane|weather
loe5ram,t3_1fmu1n1,t3_1fmu1n1,Georgia,No_Inevitable_3241,1727026295,2024-09-22 17:31,2,"I grew up in Dooly County its,
Youn a della",helene,community_discussion,
loe7750,t3_1fmu1n1,t1_loe53di,Georgia,evil-stepmom,1727026715,2024-09-22 17:38,0,"Oh I know. When I go down home the missile is like my hey you’re pretty close landmark. Then it’s the ga-fla parkway through Warwick and all that and into Albany, my ancestral homeland.",helene,community_discussion,
loe8kd2,t3_1fmu1n1,t3_1fmu1n1,Georgia,IAmTrulyConfused42,1727027092,2024-09-22 17:44,2,"Here’s a fun one, and so you don’t think you have to go way out there in Georgia for it to be weird.

Marietta, which is currently and I suspect for a LONG time, pronounced Mah-ree-etta was once supposedly pronounced as May-retta.

As in “May-retta” is more bettah.

I cannot tell you 100% if this is apocryphal or not but the way some cities are said in Georgia I can believe it once was said that way.",helene,community_discussion,
loee1if,t3_1fmu1n1,t3_1fmu1n1,Georgia,BreakfastInBedlam,1727028694,2024-09-22 18:11,2,"When I moved to Georgia in 1976, I worked for a company that broke down freight shipments and delivered them locally around north Georgia.  One of my jobs was to unload the incoming freight and help the drivers sort the boxes to the correct delivery route.

Those guys laughed so hard when I stumbled over those names...it took a while to retrain my brain to correct pronunciation of words that were clearly spelled by illiterate clerks.",helene,community_discussion,
loeepz8,t3_1fmu1n1,t1_lodg2vy,Georgia,Reasonable_Guess_311,1727028900,2024-09-22 18:15,3,This is the right way.,helene,community_discussion,
loefpao,t3_1fmu1n1,t1_loe7750,Georgia,StrawManATL73,1727029193,2024-09-22 18:19,2,"You get to pass Stripling's, the original Striplings, and Salt Lick. That Salt Lick fried chicken is the real deal. Don't speed through Warwick. Crooked, crooked cops there.",helene,community_discussion,
loehdhr,t3_1fmu1n1,t3_1fmu1n1,Georgia,1tiredmommy,1727029689,2024-09-22 18:28,5,"Near Statesboro there’s a community called hopeulikit, ga. Just sound it out.",helene,community_discussion,
loeiqex,t3_1fmu1n1,t3_1fmu1n1,Georgia,colspoolguy,1727030109,2024-09-22 18:35,1,Oz campground ,helene,community_discussion,
loek431,t3_1fmu1n1,t1_lod4yrn,Georgia,funkanimus,1727030539,2024-09-22 18:42,2,I always heard tal-a-FERR-o,helene,community_discussion,
loek4ek,t3_1fmu1n1,t1_lod59q8,Georgia,B25364Z,1727030542,2024-09-22 18:42,4,"There’s a landfill with 10,000 Vultures in the Sky. It’s amazing to see.",helene,community_discussion,
loekv17,t3_1fmu1n1,t1_loefpao,Georgia,notaninterestingcat,1727030759,2024-09-22 18:45,1,"Oh, I love Striplings!! We will go out of our way to pass one so we can get a hot plate from the lunch bar.",helene,community_discussion,
loekyfg,t3_1fmu1n1,t1_lodg6uy,Georgia,s3xpositive,1727030787,2024-09-22 18:46,3,"I used to live there. Everyone who lives there and around there calls it “pem-brook”. Although some people jokingly pronounce it the other way, kinda like how Effingham is called ‘Meth’-ingham lol",helene,community_discussion,
loelnds,t3_1fmu1n1,t3_1fmu1n1,Georgia,Football_Mom47,1727030994,2024-09-22 18:49,2,I grew up in Vie-anna and it's definitely youn-a-dilla,helene,community_discussion,
loen9bx,t3_1fmu1n1,t3_1fmu1n1,Georgia,s3xpositive,1727031483,2024-09-22 18:58,3,"I was listening to a true crime podcast episode about a *wild* murder (not the point of this comment tho) that happened on Lake Oconee and the podcaster pronounced it “Ah-cuh-nee” with all syllables emphasized equally. like excuse me???? 

Ever since then I’ve never been able to stop thinking about whether we, in Georgia have been saying Oconee wrong the whole time (based on the origin of its name from the Oconee indigenous peoples?)",helene,community_discussion,
loeng44,t3_1fmu1n1,t3_1fmu1n1,Georgia,callherjacob,1727031539,2024-09-22 18:58,3,The pronunciation of Buena Vista here breaks my heart.,helene,community_discussion,
loenos8,t3_1fmu1n1,t1_loek431,Georgia,TrumpIsWeird,1727031610,2024-09-22 19:00,1,Who were you listening to?,helene,community_discussion,
loenpyu,t3_1fmu1n1,t1_loen9bx,Georgia,notaninterestingcat,1727031619,2024-09-22 19:00,2,Oh-cone-ee is how I've always heard it.,helene,community_discussion,
loeoe6w,t3_1fmu1n1,t3_1fmu1n1,Georgia,Ol_Rando,1727031820,2024-09-22 19:03,3,"You-nah-dill-ah

My sister lives there actually",helene,community_discussion,
loep9yj,t3_1fmu1n1,t1_lodjhez,Georgia,pusillanimous_prime,1727032083,2024-09-22 19:08,1,"hold up, for real? I've lived in GA all my life and everyone I've met has always pronounced it ""Byucannon"" / ""Biücannon"". I've literally never heard ""Buck-cannon"" 😭",helene,community_discussion,
loet7v0,t3_1fmu1n1,t3_1fmu1n1,Georgia,ObviousWin8033,1727033265,2024-09-22 19:27,1,"It’s yoo
·
nuh
·
di
·
luh",helene,community_discussion,
loev3e2,t3_1fmu1n1,t1_loe8kd2,Georgia,Elk-Kindly,1727033828,2024-09-22 19:37,2,Lots of old folks pronounced it May-retta when I was young,helene,community_discussion,
loey309,t3_1fmu1n1,t1_loep9yj,Georgia,Worththeweight987,1727034718,2024-09-22 19:51,2,I was once corrected by someone feom there.  I was so confused I had to double check the spelling. :-D,helene,community_discussion,
loey9tu,t3_1fmu1n1,t1_loey309,Georgia,pusillanimous_prime,1727034777,2024-09-22 19:52,2,"dang, I guess I'll have to start correcting people too then haha",helene,community_discussion,
loezlqr,t3_1fmu1n1,t1_lod49hu,Georgia,Ambitious-Sale3054,1727035180,2024-09-22 19:59,2,Martinez has entered the chat😂,helene,community_discussion,
lof0ooo,t3_1fmu1n1,t1_lod59q8,Georgia,sledge07,1727035506,2024-09-22 20:05,2,Lineage has a pretty big cold storage there too.,helene,community_discussion,
lofc46f,t3_1fmu1n1,t1_loeng44,Georgia,kitwyn,1727039062,2024-09-22 21:04,1,"Oh no, what is it?",helene,community_discussion,
lofdklm,t3_1fmu1n1,t1_lofc46f,Georgia,callherjacob,1727039532,2024-09-22 21:12,1,Byoona,helene,community_discussion,
lofe0m7,t3_1fmu1n1,t1_lofdklm,Georgia,kitwyn,1727039681,2024-09-22 21:14,1,😭,helene,community_discussion,
lofe2nn,t3_1fmu1n1,t1_lofc46f,Georgia,bbb26782,1727039699,2024-09-22 21:14,1,Bew-na Vista,helene,community_discussion,
lofec6z,t3_1fmu1n1,t1_lofe2nn,Georgia,kitwyn,1727039786,2024-09-22 21:16,2,Right there next to Martinez lol I do whatever I can to avoid saying it,helene,community_discussion,
loffho8,t3_1fmu1n1,t1_loddnjx,Georgia,bouncingbobbyhill,1727040169,2024-09-22 21:22,1,Oh puh like uh,helene,community_discussion,
loffvj0,t3_1fmu1n1,t3_1fmu1n1,Georgia,QuidPluris,1727040296,2024-09-22 21:24,1,"When I moved to the area, I was so disappointed that Dacula didn’t rhyme with Dracula. Duh-Q-luh",helene,community_discussion,
lofv0za,t3_1fmu1n1,t1_lodg6uy,Georgia,VickeyBurnsed,1727045508,2024-09-22 22:51,1,I live here.  I pronounce it both ways. Most probably say pem-brook.,helene,community_discussion,
lod64bc,t3_1fmufxh,t3_1fmufxh,Georgia,AutoModerator,1727014981,2024-09-22 14:23,1,"This submission has been flaired for News/Politics. Please remember to follow r/Georgia rules and sitewide [guidelines](https://www.reddit.com/r/Georgia/wiki/faq/politics_guidelines/) when making submission and comments. If this post has been flaired ""News"" ensure that your title matches the headline of the linked article. If the post has been flaired ""Politics"" subreddit karma filtering is enabled to weed out trolls and bots. Thanks!

*I am a bot, and this action was performed automatically. Please [contact the moderators of this subreddit](/message/compose/?to=/r/Georgia) if you have any questions or concerns.*",helene,community_discussion,
lodbx82,t3_1fmufxh,t3_1fmufxh,Georgia,SpaceCampDropOut,1727017035,2024-09-22 14:57,25,I have a feeling young voters will turn up on Super Tuesday to make sure their vote gets counted/entered.,helene,community_discussion,
lodcv6w,t3_1fmufxh,t3_1fmufxh,Georgia,Crystal_Pesci,1727017351,2024-09-22 15:02,47,"Make your voice heard! Don’t let the uninformed regressive dinguses have more of a vote than you! :) 

**Register to Vote here:**

https://georgia.gov/register-vote",helene,community_discussion,
lode4zu,t3_1fmufxh,t3_1fmufxh,Georgia,legalgelato,1727017784,2024-09-22 15:09,1,Seems like more eyes should be on the Election Integrity Coalition and the state’s Election Board,helene,community_discussion,
lodfdme,t3_1fmufxh,t1_lodbx82,Georgia,1SilentWarrior,1727018202,2024-09-22 15:16,22,"I certainly hope so, but with the new hand count rule it might be better to vote early so election day is not complete chaos and the jokers have more excuses to interfere",helene,community_discussion,
lodfgwt,t3_1fmufxh,t3_1fmufxh,Georgia,xandarthegreat,1727018233,2024-09-22 15:17,190,I as a young person will be voting early in-person to make sure my vote doesn’t get fucked with,helene,community_discussion,
lodg2xe,t3_1fmufxh,t3_1fmufxh,Georgia,foxontherox,1727018438,2024-09-22 15:20,5,"Vote early, vote often!",helene,community_discussion,
lodgp5j,t3_1fmufxh,t1_lodfgwt,Georgia,[deleted],1727018646,2024-09-22 15:24,1,[deleted],helene,community_discussion,
lodn1tc,t3_1fmufxh,t3_1fmufxh,Georgia,disposable_thinking_,1727020661,2024-09-22 15:57,1,For the love of god please vote,helene,community_discussion,
lodp36n,t3_1fmufxh,t1_lodfgwt,Georgia,Impossible-Web740,1727021303,2024-09-22 16:08,32,I will be doing the same.,helene,community_discussion,
lodqtfi,t3_1fmufxh,t3_1fmufxh,Georgia,EinsteinsMind,1727021844,2024-09-22 16:17,14,"Dear young people, many of the prior living generations have failed you for their gain.   Education, jobs, and affordable housing was attainable for all prior to The Information Age.  Most older Americans don't realize they've been programmed by and for the root of all evil.  Since Reagan, wealth was transferred from \~50% of U.S. owning \~80%, to \~10% owning \~70%.  Israel, Hamas, Russia, China, Hungary, India, Pakistan, Vietnam, Afghanistan, Syria, Egypt, Saudi Arabia, Turkmenistan, Yemen, Belarus, and North Korea are ALL run by generationally indoctrinated modern conservatives.  Alexander Hamilton was 21 years old when he signed The Declaration of Independence. YOU are privileged by grace to be born here.  Get your 6 squared away and start fixing U.S. before you're called to die for U.S.",helene,community_discussion,
lodsze7,t3_1fmufxh,t1_lodfgwt,Georgia,Coyotelightning-T,1727022474,2024-09-22 16:27,33,Me too.,helene,community_discussion,
lodxaal,t3_1fmufxh,t3_1fmufxh,Georgia,L2Kdr22,1727023737,2024-09-22 16:48,12,They better show up.,helene,community_discussion,
lodxatx,t3_1fmufxh,t3_1fmufxh,Georgia,[deleted],1727023742,2024-09-22 16:49,1,[removed],helene,community_discussion,
lodxjg8,t3_1fmufxh,t3_1fmufxh,Georgia,No_Permission6405,1727023817,2024-09-22 16:50,9,I'm 69 and waiting on absentee ballots to be mailed out on Oct. 7 so I can vote a straight blue ticket.,helene,community_discussion,
loe5tjm,t3_1fmufxh,t3_1fmufxh,Georgia,idiotic__gamer,1727026313,2024-09-22 17:31,88,"I just turned 19, and I know my ass is going to be out there and voting.",helene,community_discussion,
loe6dhs,t3_1fmufxh,t3_1fmufxh,Georgia,Max32165,1727026480,2024-09-22 17:34,46,I’ll be there! Making sure all of my friends have a voting plan too. We are going to vote and then out for Mexican food lol,helene,community_discussion,
loe70li,t3_1fmufxh,t3_1fmufxh,Georgia,75w90,1727026664,2024-09-22 17:37,6,"I believe they will. But manually counting votes isn't gonna go well for anyone but MAGAS. Once Trump gets a momentary lead they will say the deadline to report has passed. 

Kemp did the same his own first election. 

It's a JOKE",helene,community_discussion,
loefyrd,t3_1fmufxh,t1_lodqtfi,Georgia,Icy-Gate5699,1727029267,2024-09-22 18:21,-4,North Korea is communist…,helene,community_discussion,
loeh3pr,t3_1fmufxh,t3_1fmufxh,Georgia,Apoordm,1727029606,2024-09-22 18:26,12,Get out and vote Georgia! I will never make a falcons patriots joke again!,helene,community_discussion,
loehlaw,t3_1fmufxh,t1_loe70li,Georgia,aw919,1727029756,2024-09-22 18:29,0,...already trying to say it's rigged.   Get a life.,helene,community_discussion,
loehtab,t3_1fmufxh,t1_lodxjg8,Georgia,aw919,1727029825,2024-09-22 18:30,0,You should be old enough to know better,helene,community_discussion,
loejxvf,t3_1fmufxh,t1_lodfgwt,Georgia,Specialist-Zone8062,1727030485,2024-09-22 18:41,24,That’s encouraging to hear,helene,community_discussion,
loeq8p9,t3_1fmufxh,t1_lodfgwt,Georgia,gamermom42069_,1727032370,2024-09-22 19:12,21,SAME. LET’S GOOOOO!!,helene,community_discussion,
loeshsz,t3_1fmufxh,t1_lodfgwt,Georgia,[deleted],1727033051,2024-09-22 19:24,1,[removed],helene,community_discussion,
loeuk2l,t3_1fmufxh,t1_loefyrd,Georgia,EinsteinsMind,1727033668,2024-09-22 19:34,9,"Associating communism with liberalism is programmed by conservative media.  Communism does NOT equal social liberalism, although it could.  Liberalism taken to extremes ends up being evil.  TRUTH simply is.  Temet Nosce.",helene,community_discussion,
loeuqf5,t3_1fmufxh,t3_1fmufxh,Georgia,[deleted],1727033722,2024-09-22 19:35,1,[removed],helene,community_discussion,
loeuzfc,t3_1fmufxh,t1_lodfgwt,Georgia,Maleficent-Brief1715,1727033796,2024-09-22 19:36,8,Go for it!,helene,community_discussion,
loexz3t,t3_1fmufxh,t1_lodxjg8,Georgia,darcat01,1727034685,2024-09-22 19:51,9,"Are you mailing it back or dropping it off at your registrar’s office. If you can do the latter please do so, otherwise please get it in the mail as soon as possible, expecting mail shenanigans in GA this year",helene,community_discussion,
loez59h,t3_1fmufxh,t1_loexz3t,Georgia,No_Permission6405,1727035039,2024-09-22 19:57,5,"I mailed in my primary ballots earlier this year, didn't have an issue. I may drop this one off at the poll.",helene,community_discussion,
lof7fr5,t3_1fmufxh,t3_1fmufxh,Georgia,darcat01,1727037589,2024-09-22 20:39,8,"As an early voter myself, if your goal is to get in and out quickly, with small lines, the first day of early voting is not your best option, you should choose another day. 

Just make sure to vote, however expect long lines on first day of early voting!",helene,community_discussion,
lof7mrq,t3_1fmufxh,t1_loe6dhs,Georgia,darcat01,1727037650,2024-09-22 20:40,8,"What a wonderful plan/idea, going with a group of friends and celebrating after",helene,community_discussion,
lof86ll,t3_1fmufxh,t1_lodcv6w,Georgia,darcat01,1727037822,2024-09-22 20:43,16,Just a reminder: last day to register to vote in GA is October 7,helene,community_discussion,
lof8js7,t3_1fmufxh,t1_loez59h,Georgia,darcat01,1727037938,2024-09-22 20:45,2,"Thanks for the info, probably over worrying this",helene,community_discussion,
lofdpew,t3_1fmufxh,t1_lodg2xe,Georgia,dogecoinfiend,1727039576,2024-09-22 21:12,1,Are they going to start counting early?,helene,community_discussion,
lofdwz4,t3_1fmufxh,t1_loeh3pr,Georgia,deep_blue_au,1727039647,2024-09-22 21:14,1,As a Panthers fan I second this. Not that we have _any_ reason to mock anyone at this point.,helene,community_discussion,
lofdzqp,t3_1fmufxh,t1_loe5tjm,Georgia,[deleted],1727039673,2024-09-22 21:14,1,[removed],helene,community_discussion,
lofffaa,t3_1fmufxh,t3_1fmufxh,Georgia,Thecongressman1,1727040147,2024-09-22 21:22,1,They'll turn out if their voter registration isn't illegally tampered with.,helene,community_discussion,
lofgcdr,t3_1fmufxh,t3_1fmufxh,Georgia,12-Easy-Payments,1727040452,2024-09-22 21:27,2,"I was a young voter long ago. 

I think I turned out ok.

What? 

Oh, turn out for the election & and vote, you say.

Never mind.

Vote baby.

Vote",helene,community_discussion,
lofl7ch,t3_1fmufxh,t1_lofffaa,Georgia,[deleted],1727042059,2024-09-22 21:54,1,[removed],helene,community_discussion,
lofmbfk,t3_1fmufxh,t1_loe5tjm,Georgia,Disposedofhero,1727042442,2024-09-22 22:00,36,Bring a friend!,helene,community_discussion,
lofxhqa,t3_1fmufxh,t1_lofdwz4,Georgia,M116rs,1727046380,2024-09-22 23:06,1,It is nice to see you guys wrecking the Raiders right now.,helene,community_discussion,
lofxmcz,t3_1fmufxh,t1_loe6dhs,Georgia,M116rs,1727046427,2024-09-22 23:07,2,So... you got room for one more? That sounds awesome.,helene,community_discussion,
log3tx7,t3_1fmufxh,t3_1fmufxh,Georgia,Any_Commission3964,1727048642,2024-09-22 23:44,4,I’m voting for sure,helene,community_discussion,
log4uod,t3_1fmufxh,t3_1fmufxh,Georgia,thebaron24,1727049022,2024-09-22 23:50,3,Make sure you are registered and take a friend! Vote! Exercise your voice!,helene,community_discussion,
lod8ps1,t3_1fmuinl,t3_1fmuinl,Georgia,rco8786,1727015917,2024-09-22 14:38,44,"We went to the ""Fall Festival"" at the kid's school yesterday - the car dashboard said 97 when we arrived.",helene,community_discussion,
lodf19w,t3_1fmuinl,t3_1fmuinl,Georgia,HamiltonSt25,1727018088,2024-09-22 15:14,17,Hopefully it’ll be the last one this year,helene,community_discussion,
lodn46l,t3_1fmuinl,t3_1fmuinl,Georgia,Woody_CTA102,1727020682,2024-09-22 15:58,71,"Went to the apple festival in Cornelia yesterday. Sucked because of heat, and the friggin Klan booth and  sympathizers.",helene,community_discussion,
lodo6m4,t3_1fmuinl,t1_lodn46l,Georgia,Ilovebeingdad,1727021020,2024-09-22 16:03,9,"Oooof, yeah that would be difficult for me to deal with on both counts",helene,community_discussion,
lodu5um,t3_1fmuinl,t3_1fmuinl,Georgia,Akira282,1727022807,2024-09-22 16:33,23,"Yep, wait until next year. Every year will be hotter than the last... eventually there won't be a winter at all in Georgia",helene,community_discussion,
lodw79n,t3_1fmuinl,t1_lodn46l,Georgia,GetBentHo,1727023405,2024-09-22 16:43,5,The Klan is up in that corner of the state too? Makes sense,helene,community_discussion,
lodwfh1,t3_1fmuinl,t1_lodu5um,Georgia,Khoeth_Mora,1727023472,2024-09-22 16:44,20,last winter was just 2 weeks long,helene,community_discussion,
lodxr2u,t3_1fmuinl,t1_lodn46l,Georgia,dgradius,1727023882,2024-09-22 16:51,20,The problem is I can’t tell if you’re being figurative or literal since north Georgia can really go either way.,helene,community_discussion,
loe0elq,t3_1fmuinl,t1_lodn46l,Georgia,cypher50,1727024705,2024-09-22 17:05,28,"I read ""apple festival"" and was really excited there. Why does f****** racism have to ruin everything?",helene,community_discussion,
loe6wkc,t3_1fmuinl,t3_1fmuinl,Georgia,TemptingTouch4,1727026632,2024-09-22 17:37,44,Nothing says autumn like sweating through your sweater while sipping iced coffee.,helene,community_discussion,
loe8ljd,t3_1fmuinl,t1_lodwfh1,Georgia,Akira282,1727027102,2024-09-22 17:45,9,"Yeah, it's pathetic nowadays",helene,community_discussion,
loef6si,t3_1fmuinl,t1_loe6wkc,Georgia,HarrietsDiary,1727029041,2024-09-22 18:17,24,I’m sweating through a tee shirt and cut offs.,helene,community_discussion,
loeg27v,t3_1fmuinl,t1_lodn46l,Georgia,Lazgerardo5,1727029295,2024-09-22 18:21,2,Dang wow! Like the actual KKK?,helene,community_discussion,
loeimrm,t3_1fmuinl,t3_1fmuinl,Georgia,PuzzleheadedHospital,1727030078,2024-09-22 18:34,11,I went to Burt’s Pumpkin farm and nearly died.,helene,community_discussion,
loelzso,t3_1fmuinl,t1_lodu5um,Georgia,bigbillyga,1727031098,2024-09-22 18:51,5,Except for the fact that this isn't even a record for heat or the latest 90 we've had. Weather is cyclical. We'll get our freeze soon.,helene,community_discussion,weather
loemt7b,t3_1fmuinl,t3_1fmuinl,Georgia,chinktastic,1727031347,2024-09-22 18:55,17,"Im in augusta, its 99 according to my car. 95 according to my phone... also im looking forward to my christmas bbq",helene,community_discussion,
loen5hy,t3_1fmuinl,t1_loeg27v,Georgia,MamaCantCatchaBreak,1727031450,2024-09-22 18:57,4,Yeah. Actual kkk. They used to meet on top of Stone Mountain. Don’t know if they still do though.,helene,community_discussion,
loenecj,t3_1fmuinl,t1_loelzso,Georgia,MamaCantCatchaBreak,1727031525,2024-09-22 18:58,7,It’s still getting hotter every year. When it shouldn’t be at that. It’s cyclical and the cycle is being thrown off.,helene,community_discussion,
loev73w,t3_1fmuinl,t3_1fmuinl,Georgia,helluvastorm,1727033859,2024-09-22 19:37,9,I’m a Michigan transplant. I’m never ever going to complain about the heat. The moronic KKK yep. What a disgrace,helene,community_discussion,
loevqzk,t3_1fmuinl,t1_lodn46l,Georgia,DrEnter,1727034023,2024-09-22 19:40,12,I don't know... probably a fair amount of rotten apples around.  Might've been nice to introduce the rotten apples of the fruit variety to the rotten apples of the human variety via rapid airborne delivery.,helene,community_discussion,
loew35y,t3_1fmuinl,t1_loev73w,Georgia,DrEnter,1727034125,2024-09-22 19:42,6,An Iowa transplant myself.  Been here since 95.  I remember when I though 83 degrees was hot.  Now that seems like about the perfect temperature.,helene,community_discussion,
loeyyi9,t3_1fmuinl,t3_1fmuinl,Georgia,thisthingwecalllife,1727034982,2024-09-22 19:56,6,"So growing up in NY, we always had a ""false summer"" for like a week or two around this time where it would hit the 80s for a week or two then cool back down. I feel like that is what this is and I'm gonna stick with false summer.",helene,community_discussion,
lof1p2b,t3_1fmuinl,t3_1fmuinl,Georgia,AccomplishedWar8634,1727035813,2024-09-22 20:10,5,Thinking of moving to North Georgia mountains area? How is the weather going there? Would love to hear from any locals.,helene,community_discussion,weather
lof4zgr,t3_1fmuinl,t1_lodw79n,Georgia,AccomplishedWar8634,1727036820,2024-09-22 20:27,3,"Oh what? I’m thinking of moving to the north Georgia mountains. Give me some details on the clan locations, please",helene,community_discussion,
lof56l5,t3_1fmuinl,t1_lodn46l,Georgia,AccomplishedWar8634,1727036882,2024-09-22 20:28,5,"I’m thinking of moving to that area, and was not aware the Klan  was that visible. Can you give me more info?",helene,community_discussion,
lof5se4,t3_1fmuinl,t1_lof4zgr,Georgia,GetBentHo,1727037075,2024-09-22 20:31,4,The Appalachian mountains has a way of... being that way tho times are slowly changing,helene,community_discussion,
lof6h91,t3_1fmuinl,t1_lof5se4,Georgia,AccomplishedWar8634,1727037290,2024-09-22 20:34,4,But are they visible at city gatherings? Like recruiting people?,helene,community_discussion,
lof6his,t3_1fmuinl,t1_lof56l5,Georgia,Woody_CTA102,1727037292,2024-09-22 20:34,13,"N Georgia is good in many ways. But look at the people they elect if you want to know what they are like. Almost every N Georgia county goes for trump, Andrew Clyde, Majorie Crazy Greene, and other ignorant racists. Good luck.",helene,community_discussion,
lof6mrj,t3_1fmuinl,t1_lof6his,Georgia,AccomplishedWar8634,1727037336,2024-09-22 20:35,3,"Yes, I was going to avoid the MTG county",helene,community_discussion,
lof6z1a,t3_1fmuinl,t1_lodn46l,Georgia,we_gon_ride,1727037443,2024-09-22 20:37,3,What??????!!!!!!,helene,community_discussion,
lof7494,t3_1fmuinl,t3_1fmuinl,Georgia,LazyBeing4924,1727037489,2024-09-22 20:38,4,Is it still “fake fall” weather?,helene,community_discussion,weather
lof87du,t3_1fmuinl,t1_lof6his,Georgia,we_gon_ride,1727037828,2024-09-22 20:43,9,"Sometime in 2015 or 16, a friend and I were driving back from Cobb County to Rome and decided to drive down Cobb Parkway. 

We kept seeing lots of motorcycles and junky ass cars with confederate flag stickers as we traveled and when we got just past Acworth but before Cartersville, we saw a sign that said “Klan Rally 5 miles” with an arrow. We saw several more then we saw the sign with the arrow pointing where to turn.

I’m not naive but I was shocked.",helene,community_discussion,
lof8e4o,t3_1fmuinl,t1_lof6mrj,Georgia,we_gon_ride,1727037888,2024-09-22 20:44,4,I live in MTG’s district and I cannot understand how people don’t see how crazy she is,helene,community_discussion,
lofb5p1,t3_1fmuinl,t1_loelzso,Georgia,Akira282,1727038753,2024-09-22 20:59,1,"Bruh, it's 2024, trolls are still around these days?",helene,community_discussion,
lofcgv2,t3_1fmuinl,t1_lof8e4o,Georgia,AccomplishedWar8634,1727039176,2024-09-22 21:06,5,It means they’re crazy too,helene,community_discussion,
lofcm8c,t3_1fmuinl,t1_lof87du,Georgia,AccomplishedWar8634,1727039224,2024-09-22 21:07,5,And what do they do at rallies? Plan their next cross burning?? I just don’t know what they have to gather about unless they’re plotting terrorism,helene,community_discussion,
lofk77u,t3_1fmuinl,t1_lofcm8c,Georgia,we_gon_ride,1727041716,2024-09-22 21:48,2,It was down a long dirt road and I couldn’t tell what they were doing but I also did wonder,helene,community_discussion,
lofojja,t3_1fmuinl,t1_lofb5p1,Georgia,bigbillyga,1727043230,2024-09-22 22:13,2,Okay fair,helene,community_discussion,
lofrvac,t3_1fmuinl,t3_1fmuinl,Georgia,sledge07,1727044392,2024-09-22 22:33,6,Yup. Sweating our balls off today and on Friday we will probably be wading in water up to them when this storm hits 😂,helene,community_discussion,storm
lofuht8,t3_1fmuinl,t3_1fmuinl,Georgia,IceDuke749,1727045319,2024-09-22 22:48,7,What is this? Second or third summer? Ugghh,helene,community_discussion,
lofy4ja,t3_1fmuinl,t1_lofcgv2,Georgia,darcat01,1727046608,2024-09-22 23:10,2,If you go anywhere north of MTG’s district you’ll get nothing but more of the same!,helene,community_discussion,
lofy76c,t3_1fmuinl,t1_lofy4ja,Georgia,AccomplishedWar8634,1727046634,2024-09-22 23:10,3,Thank you. Change of plans are in order.,helene,community_discussion,
lofyrdl,t3_1fmuinl,t1_lodu5um,Georgia,flying_trashcan,1727046833,2024-09-22 23:13,7,"Looking at past weather data for this date… the record high was set in 1940. One of the record lows was set in 2020.  Another top 10 record high was in 2022.  
  
Maybe the average temps are rising… but a 90 degree day in late September isn’t unusual for Georgia.",helene,community_discussion,weather
lofz34h,t3_1fmuinl,t1_lofy76c,Georgia,darcat01,1727046949,2024-09-22 23:15,3,"YW, live just south of MTG’s district. Used to love, love going to N GA to celebrate fall, Halloween, spring, apple picking, etc. 

It’s just become intolerable with the open racism and pro-Trumpism",helene,community_discussion,
log1iq9,t3_1fmuinl,t1_lof6h91,Georgia,gtrocks555,1727047814,2024-09-22 23:30,4,It sounds like they had a booth at an apple orchard so… ¯\_(ツ)_/¯,helene,community_discussion,
log1yb5,t3_1fmuinl,t1_lof6h91,Georgia,Born-2-Roll,1727047972,2024-09-22 23:32,2,"Sometimes the klan are visible at community gatherings.  Much of the recruiting is relatively more covert and less openly visible these days and largely takes place online.

The klan has also been known to participate in the “Adopt-A-Highway” program seemingly so that they can provide at least a settle reminder that they still have a presence in North Georgia.",helene,community_discussion,
log2uey,t3_1fmuinl,t1_lofyrdl,Georgia,Akira282,1727048290,2024-09-22 23:38,4,"One of the record lows was caused likely by a polar vortex which itself is a part of climate change though. Also, look at number of days over 90 by year. Not linear but four of those years fall in the 2010s  rank in top 5 all time since 1930  lol",helene,community_discussion,
log4ekg,t3_1fmuinl,t1_loen5hy,Georgia,Born-2-Roll,1727048854,2024-09-22 23:47,5,"There’s a brave few white supremacists that have tried to meet at Stone Mountain within the last decade or so, but the area where Stone Mountain is located (in overwhelmingly predominantly Black South DeKalb and South Gwinnett counties) is not at all conducive to holding white supremacist rallies these days.

And when the brave (or idiotic) few white supremacists come to attempt to have kkk and white supremacist rallies at Stone Mountain, often only about 5-10 white supremacists show up and hundreds and sometimes thousands of highly spirited anti-white supremacist protesters show up.  So fewer and fewer white supremacists have been motivated to attend and hold their rallies at Stone Mountain in recent years.",helene,community_discussion,
log55nc,t3_1fmuinl,t3_1fmuinl,Georgia,EquivalentOwn2185,1727049135,2024-09-22 23:52,1,still better than 62° in minnesota 😞,helene,community_discussion,
lodowsp,t3_1fmwjnc,t3_1fmwjnc,Georgia,Pc-ss,1727021248,2024-09-22 16:07,70,"I’ll come get it, what kind of car is it. 
Just say the words and poof 💨 it will be gone",helene,community_discussion,
lodp7dp,t3_1fmwjnc,t3_1fmwjnc,Georgia,ProudAccident,1727021340,2024-09-22 16:09,44,If it's on your private property just call a tow company and have it towed.,helene,community_discussion,
lodpzno,t3_1fmwjnc,t1_lodp7dp,Georgia,frodosdojo,1727021587,2024-09-22 16:13,1,Wouldn't I have to pay the tow company ?,helene,community_discussion,
lodrm6r,t3_1fmwjnc,t1_lodowsp,Georgia,Historical_Silver429,1727022080,2024-09-22 16:21,14,lol same ,helene,community_discussion,
loducty,t3_1fmwjnc,t1_lodpzno,Georgia,bbb26782,1727022863,2024-09-22 16:34,43,The person that picks it up is the one who pays and the company keeps it as payment if they never show up.,helene,community_discussion,
loduxiy,t3_1fmwjnc,t1_loducty,Georgia,frodosdojo,1727023030,2024-09-22 16:37,-34,I don't see how that's possible. The tow company is going to want some money to pick it up.,helene,community_discussion,
lodv9f1,t3_1fmwjnc,t1_loduxiy,Georgia,rabidstoat,1727023126,2024-09-22 16:38,12,Just call and see. Usually they don't.,helene,community_discussion,
lodwz0z,t3_1fmwjnc,t1_loduxiy,Georgia,GetBentHo,1727023641,2024-09-22 16:47,13,Oh it's definitely possible. You just told them there's a car worth something to someone abandoned on your property. They can find out who it is and get in touch. You are giving them money to claim,helene,community_discussion,
lodyt20,t3_1fmwjnc,t3_1fmwjnc,Georgia,Warg247,1727024207,2024-09-22 16:56,4,You can donate it to GPB.  They will come pick it up.,helene,community_discussion,
lodzsvn,t3_1fmwjnc,t3_1fmwjnc,Georgia,BreakfastInBedlam,1727024518,2024-09-22 17:01,7,There is a process for taking legal possession of an abandoned vehicle.  You might look into that before you sell something you don't own.,helene,community_discussion,
lodzw1a,t3_1fmwjnc,t3_1fmwjnc,Georgia,Bagpype,1727024545,2024-09-22 17:02,21,"Any car made before 1985 does not require a title in Georgia. However, your situation is an abandoned vehicle. If you sell it without going through the proper procedures I’m assuming you could be charged with selling a stolen vehicle. File for an abandoned vehicle title or get it towed off your property. I’m guessing it’s not a Ferrari so going to jail for $1700 sounds like a dumb idea to me.",helene,community_discussion,
loe01an,t3_1fmwjnc,t3_1fmwjnc,Georgia,Typo3150,1727024591,2024-09-22 17:03,16,"Exact thing happened to us. It seemed mysterious.

Turned out car was supposed to be delivered to a very similar address. Get this sorted out because we continued to have misdeliveries, including many packages, a huge truckload of mulch and police and ambulances. You don’t want to call an ambulance and have them go to the other place!",helene,community_discussion,
loe11lo,t3_1fmwjnc,t1_loduxiy,Georgia,bbb26782,1727024899,2024-09-22 17:08,47,"That’s literally how impound lots work. [Here’s the law](https://law.justia.com/codes/georgia/title-40/chapter-11/article-1a/section-40-11-19/) they have to follow. They pick it up and if no one pays to get it out of their lot within a certain number of days they can get a lien on it, foreclose on it, and then once they own it they can do whatever they want with it. There’s auction houses that specialize in selling impound vehicles. 

Call up an impound lot. They’ll be very happy to help you.",helene,community_discussion,
loe2fso,t3_1fmwjnc,t1_loe01an,Georgia,tbonedawg44,1727025320,2024-09-22 17:15,8,This is a thing because Georgia does not have a clearinghouse for 911 addresses. So there’s no official source for correct addresses/locations. It’s a problem.,helene,community_discussion,
loegx0q,t3_1fmwjnc,t1_lodzw1a,Georgia,TraditionalLecture10,1727029549,2024-09-22 18:25,7,"Call tow companies and tell them the situation , and see if they'll come get it , they usually hold it so many days , then sell it for sale or scrap . They can do the needed paperwork",helene,community_discussion,
loehalc,t3_1fmwjnc,t1_lodzsvn,Georgia,TraditionalLecture10,1727029665,2024-09-22 18:27,8,"Tow companies will often come get it and let it sit on their lot , until they can sell it for scrap . They will do all the paperwork . It's clearly been abandoned on your property",helene,community_discussion,
loekob7,t3_1fmwjnc,t3_1fmwjnc,Georgia,Any-Pea2840,1727030704,2024-09-22 18:45,5,Call a tow truck,helene,community_discussion,
loeks2o,t3_1fmwjnc,t3_1fmwjnc,Georgia,Extreme-Book4730,1727030735,2024-09-22 18:45,9,Get it pushed or dragged onto the street and call the cops for a abandon vehicle with no plates and poof.... gone and someone else problem.,helene,community_discussion,
loelafu,t3_1fmwjnc,t1_lodpzno,Georgia,SleepyJ56,1727030887,2024-09-22 18:48,-1,I think you would.,helene,community_discussion,
loelelm,t3_1fmwjnc,t3_1fmwjnc,Georgia,Any-Pea2840,1727030922,2024-09-22 18:48,3,Call a scrap yard they will come pick it up and pay u. No title or nothing needed on a old car like that,helene,community_discussion,
loem8hm,t3_1fmwjnc,t1_loduxiy,Georgia,Neither-Repeat1665,1727031171,2024-09-22 18:52,23,"Instead of arguing on Reddit, you could be calling a tow company and figure this out already.  ",helene,community_discussion,
loerx3d,t3_1fmwjnc,t1_loduxiy,Georgia,McHildinger,1727032875,2024-09-22 19:21,6,"they have the car, which is worth something, even to a junkyard ($350?)",helene,community_discussion,
lof262q,t3_1fmwjnc,t3_1fmwjnc,Georgia,MallardMaelstrom,1727035956,2024-09-22 20:12,3,If it's an old BMW I'll come get it for the parts!,helene,community_discussion,
lof4iki,t3_1fmwjnc,t3_1fmwjnc,Georgia,Jrummy311,1727036673,2024-09-22 20:24,2,Sell it,helene,community_discussion,
lof6uk5,t3_1fmwjnc,t3_1fmwjnc,Georgia,Expat111,1727037404,2024-09-22 20:36,2,Call one of those “We Buy Junk Cars” numbers that you see on the side of the road. They may pay you some $$ and haul it away.,helene,community_discussion,
lof78qp,t3_1fmwjnc,t3_1fmwjnc,Georgia,Super_Meeting8425,1727037529,2024-09-22 20:38,2,Just call a tow truck and have it removed…,helene,community_discussion,
lof7as1,t3_1fmwjnc,t1_loeks2o,Georgia,Sizzalness,1727037546,2024-09-22 20:39,3,"Georgia police here, that’s not accurate. If it’s on public roadway, yes, we can tow it. On private property, we can not. We can direct you to a wrecker service to tow it, but cannot take the liability ourselves.",helene,community_discussion,
lof7c01,t3_1fmwjnc,t1_loduxiy,Georgia,Super_Meeting8425,1727037556,2024-09-22 20:39,12,"No, they won’t. My husband runs a towing company. You only pay to get it back.",helene,community_discussion,
lof7oxy,t3_1fmwjnc,t3_1fmwjnc,Georgia,Serialcreative,1727037669,2024-09-22 20:41,3,"Probably get $300-$500 for scrap for an old car like that, they’re heavier made of metal",helene,community_discussion,
lofh373,t3_1fmwjnc,t1_loduxiy,Georgia,jpcali7131,1727040697,2024-09-22 21:31,2,Call a boneyard and they will send a truck to get it free of charge and pay you about $300 for the vehicle.,helene,community_discussion,
lofhhfe,t3_1fmwjnc,t1_lof7as1,Georgia,NoValidUsernames666,1727040825,2024-09-22 21:33,5,thats why they said to push it onto the street,helene,community_discussion,
lofhnoq,t3_1fmwjnc,t1_lof7as1,Georgia,[deleted],1727040881,2024-09-22 21:34,1,[deleted],helene,community_discussion,
lofhsfr,t3_1fmwjnc,t1_lof7as1,Georgia,Extreme-Book4730,1727040924,2024-09-22 21:35,2,Need to read that a little better. Get it off his property and then call....,helene,community_discussion,
lofp9fl,t3_1fmwjnc,t3_1fmwjnc,Georgia,sledge07,1727043481,2024-09-22 22:18,6,Had a problem like this once. Went to the local magistrate and filed for possession post abandonment. They went 30 days and after no response I was given paperwork to create a title.,helene,community_discussion,
log41wz,t3_1fmwjnc,t1_lofhhfe,Georgia,Sizzalness,1727048723,2024-09-22 23:45,2,"I completely misread what you said. Yes, you absolutely could do that. That is kind of genius tbh.",helene,community_discussion,
log59a6,t3_1fmwjnc,t3_1fmwjnc,Georgia,kppsmom,1727049175,2024-09-22 23:52,2,Just call a tow company and have it towed. If the owner doesn't show up to the tow lot to pick up their car then the tow lot will get a judgment and request a title and they will auction it off or crush it.  You won't have to pay for it.,helene,community_discussion,
lodwuc2,t3_1fmxowk,t3_1fmxowk,Georgia,AutoModerator,1727023601,2024-09-22 16:46,2,"This submission has been flaired for News/Politics. Please remember to follow r/Georgia rules and sitewide [guidelines](https://www.reddit.com/r/Georgia/wiki/faq/politics_guidelines/) when making submission and comments. If this post has been flaired ""News"" ensure that your title matches the headline of the linked article. If the post has been flaired ""Politics"" subreddit karma filtering is enabled to weed out trolls and bots. Thanks!

*I am a bot, and this action was performed automatically. Please [contact the moderators of this subreddit](/message/compose/?to=/r/Georgia) if you have any questions or concerns.*",helene,community_discussion,
loe8p72,t3_1fmxowk,t3_1fmxowk,Georgia,Georgia-ModTeam,1727027130,2024-09-22 17:45,1,Irrelevant posts and posts related to the country of Georgia will be removed.,helene,community_discussion,
loenk5t,t3_1fmxpzj,t3_1fmxpzj,Georgia,happy_bluebird,1727031572,2024-09-22 18:59,7,"r/Atlanta has a weekly events post

[Meetup.com](http://Meetup.com)

Facebook events

Follow things I'm interested on social media pages/email lists (theaters, music, parks, museums, bike rides, etc.)

That said, I'm a hermit and end up doing none of that, lol. It's a bit overwhelming",helene,community_discussion,
lofie10,t3_1fmxpzj,t3_1fmxpzj,Georgia,georgiaboy61,1727041120,2024-09-22 21:38,2,"Honestly, I use old folks’ social media (Facebook) 🙂 There’s tons of local Events and its rudimentary calendaring can drop reminders to a Google calendar. Looking for “somethingblah near me” and then using filter to carve up the results. 👍🏼",helene,community_discussion,
lofq6q9,t3_1fmxpzj,t3_1fmxpzj,Georgia,[deleted],1727043800,2024-09-22 22:23,1,[removed],helene,community_discussion,
lofv7nw,t3_1fmxpzj,t3_1fmxpzj,Georgia,ashley_evangelista92,1727045575,2024-09-22 22:52,2,"Atlanta on the Cheap is one of my favorite ways to find out about stuff happening - https://www.atlantaonthecheap.com/

I’m also kinda of a hmmm I think I wanna do this so I’ll randomly just google random places around the city. WABE used to have a podcast on Fridays with all the upcoming events for the weekend and that was super helpful butttt haven’t heard a new episode in months.",helene,community_discussion,
loek892,t3_1fmzh6g,t3_1fmzh6g,Georgia,Georgiaonmymindtwo,1727030574,2024-09-22 18:42,35,"Why are you getting weather information from fucking tic Tok?

There are bunches of stories if you actually look.",helene,community_discussion,weather
loey8bu,t3_1fmzh6g,t3_1fmzh6g,Georgia,Datboileach,1727034763,2024-09-22 19:52,17,"Maybe we shouldn’t post TikTok videos seeing how you need to have a TikTok account to view them. 

Also hurricane Helene has informed yet. Since there are other current tropical storms in the Atlantic, it is entirely possible that this will not be “hurricane Helene”

https://www.nhc.noaa.gov/gtwo.php?basin=atlc&fdays=7

Tiktok is not a place you should be a source you deem appropriate for information. 

https://www.nesdis.noaa.gov/imagery/hurricanes/live-hurricane-tracker

https://weather.com/storms/hurricane-central

I’ve included three websites that do not post misinformation so you to get accurate Weather information and forecast.",helene,community_discussion,hurricane|weather|noaa|helene
lofgepm,t3_1fmzh6g,t3_1fmzh6g,Georgia,georgiaboy61,1727040473,2024-09-22 21:27,6,https://preview.redd.it/nwlywye0ifqd1.jpeg?width=1170&format=pjpg&auto=webp&s=0a3aaf0253d746f096123580266887ef575b8281,helene,community_discussion,
loehtg3,t3_1fmzu29,t3_1fmzu29,Georgia,Intrepid-Goat-9252,1727029827,2024-09-22 18:30,77,Why would they prevent the disruption when they've already set up disruptions for the election counts? They appear to be ready to be the good little lapdogs that they were expected to have been in 2020.,helene,community_discussion,
loeif4q,t3_1fmzu29,t3_1fmzu29,Georgia,Merrcury2,1727030012,2024-09-22 18:33,-8,"I'm hoping they stand up for us too, man. Don't worry about the downvotes. Downvotes happen =)",helene,community_discussion,
loej16z,t3_1fmzu29,t3_1fmzu29,Georgia,squatOpotamus,1727030203,2024-09-22 18:36,-28,i support group gathering and expressing their rights. Good for them. 2020 can't happen again.,helene,community_discussion,
loej2em,t3_1fmzu29,t1_loeif4q,Georgia,squatOpotamus,1727030214,2024-09-22 18:36,-13,i welcome them,helene,community_discussion,
loejs6k,t3_1fmzu29,t1_loej16z,Georgia,polysemanticity,1727030436,2024-09-22 18:40,25,"You mean that thing where all the people who don’t share your backward ass beliefs out vote you, and then yall cry and scream like a bunch of babies and pathetically try to take over the government by force? 

If you think it’s appropriate for armed groups to intimidate voters because that’s the only way you’ll ever win the vote again, maybe it’s time to reevaluate your belief system?",helene,community_discussion,
loek868,t3_1fmzu29,t3_1fmzu29,Georgia,deJuice_sc,1727030573,2024-09-22 18:42,1,"Considering the Georgia State Election Board is currently facing lawsuits, it's clear that their actions are drawing attention and legal pushback. What I'm concerned about is what could happen with militant groups like the Three Percenters, especially in light of what we saw on J6. Personally, I don't think DC will see the same kind of drama this election, they’ll going to be so ready for any militant activity. My concern is with groups like the Three Percenters, Oath Keepers, and others potentially targeting local and state government buildings, like they did in Michigan and Oregon during the COVID-19 protests.

J6 served to embolden many of these militant groups, and to my knowledge, we haven't heard Kemp or any state official clearly state that Georgia is prepared to make the election process secure from these kinds of threats, and I'm wondering if they’ve made any specific plans to deal with potential disruptions or threats from these groups.",helene,community_discussion,
loelac9,t3_1fmzu29,t1_loej16z,Georgia,deJuice_sc,1727030886,2024-09-22 18:48,19,"Under federal law, voter intimidation is illegal.  So if any Three Percenter group or any other weird armed individuals or militias were to gather near polling locations or government buildings during this election time, that's straight up voter intimidation. And I would fully expect law enforcement, state and local, to be responsible for responding to the threats to voters' safety and violations of election laws.",helene,community_discussion,
loeljan,t3_1fmzu29,t1_loelac9,Georgia,squatOpotamus,1727030960,2024-09-22 18:49,-38,I would feel safer voting if they were around.,helene,community_discussion,
loeme8j,t3_1fmzu29,t1_loeljan,Georgia,deJuice_sc,1727031220,2024-09-22 18:53,11,"Well, that's just sad then, and I'd expect you're in a very small minority of voters who feel that way. The idea of an illegally assembled paramilitary group occupying and patrolling around government buildings at any time in the U.S., especially during a federal election, is just crazy to even think about - but here we are, because it's happened. I believe we all deserve to know if our state government is prepared to deal with it",helene,community_discussion,
loemvr9,t3_1fmzu29,t3_1fmzu29,Georgia,VinoJedi06,1727031369,2024-09-22 18:56,-12,"Who?

This is chronically online fearmongering.",helene,community_discussion,
loen2qw,t3_1fmzu29,t1_loehtg3,Georgia,deJuice_sc,1727031427,2024-09-22 18:57,24,"I mean considering the Georgia State Election Board is currently facing lawsuits, it's clear that their actions are drawing attention and legal pushback. What I'm concerned about is what could happen with militant groups like the Three Percenters, especially in light of what we saw on J6. Personally, I don't think DC will see the same kind of drama this election, they’re going to be so ready for any militant activity. My concern is with groups like the Three Percenters, Oath Keepers, and others potentially targeting local and state government buildings, like they did in Michigan and Oregon during the COVID-19 protests.

J6 served to embolden many of these militant groups, and to my knowledge, we haven't heard Kemp or any state official clearly state that Georgia is prepared to make the election process secure from these kinds of threats, and I'm wondering if they’ve, lapdogs or not, have made any specific plans to deal with potential disruptions or threats from these groups.",helene,community_discussion,
loen5u2,t3_1fmzu29,t1_loeljan,Georgia,joocee,1727031453,2024-09-22 18:57,11,Armed political operatives?  I wonder what would happen if people of an opposing ideology of yours would show up at a polling station that were well armed and exhibited a confrontational nature.  What tune would you be singing if you saw a bunch of scary red clothes wearing commies with guns?,helene,community_discussion,
loenjz9,t3_1fmzu29,t1_loeme8j,Georgia,Funny_Vegetable_676,1727031570,2024-09-22 18:59,-8,When has that ever happened... with proof?,helene,community_discussion,
loenxis,t3_1fmzu29,t1_loemvr9,Georgia,deJuice_sc,1727031681,2024-09-22 19:01,12,"The Three Percenters are a very significant anti-government militia with national reach and a strong foothold in northern Georgia. They've been active in various right-wing political causes and protests and are part of a broader militia movement that has been increasing prominence since J6, and they're tied in with some of the more extreme right-wing political figures like Marjorie Taylor Greene.",helene,community_discussion,
loeo1wz,t3_1fmzu29,t3_1fmzu29,Georgia,darcat01,1727031718,2024-09-22 19:01,52,"LOL… the answer is ABSOLUTELY NOT! They intend to do nothing other than what the Trump campaign TELLS them to do, and voter intimidation is definitely on the table.

Here’s what you can personally do:

If you experience voter intimidation or suppression report it here:

https://law.georgia.gov/resources/election-fraud-complaint-hotline

And also here:

https://georgiademocrat.org/category/voter-protection/

You can also contact the ACLU

Other Than that as far as the GA GOP is concerned - You are on your own!!",helene,community_discussion,category
loeom4l,t3_1fmzu29,t1_loen5u2,Georgia,squatOpotamus,1727031887,2024-09-22 19:04,-11,I think everyone should express their rights.,helene,community_discussion,
loep6z8,t3_1fmzu29,t1_loenjz9,Georgia,deJuice_sc,1727032059,2024-09-22 19:07,4,Michigan and Oregon and J6,helene,community_discussion,
loepa1z,t3_1fmzu29,t3_1fmzu29,Georgia,Alternative-Alarm-15,1727032084,2024-09-22 19:08,5,"It’s this shit that makes me dread this election. Lose lose scenario. Whichever wins, legitimately, is only going to push people into making really bad decisions. 

The matter of illegitimacy is already deeply ingrained so gnashing and weeping is guaranteed if there’s an “upset”.

The other end being the weird misguided cultists who are half true believers and the other half making a mockery of everyone else if all goes “according to plan”.

I feel like we’d have better chances as a country if a giant asteroid hitting the earth was on the ballot. 

Day after Election Day is definitely gonna get weird.",helene,community_discussion,
loepbl6,t3_1fmzu29,t3_1fmzu29,Georgia,MoreLikeWestfailia,1727032097,2024-09-22 19:08,0,Yes.,helene,community_discussion,
loepgsm,t3_1fmzu29,t1_loeom4l,Georgia,joocee,1727032141,2024-09-22 19:09,12,"It is my right to call you a fucking moron but it doesn't mean I should do it in public or in your face, in front of your family, though I'm sure they do it enough anyway.  But if I were to call you a moron for expressing your shitty opinions while holding a gun, that could constitute a threat and would send you crying for a cop to help you, while making you forget about freedumbs you care so much about until it is not convenient.",helene,community_discussion,
loephks,t3_1fmzu29,t1_loen2qw,Georgia,Intrepid-Goat-9252,1727032147,2024-09-22 19:09,16,"Unfortunately, I would have to agree with you that these groups are likely to show up and intimidate voters. Those in office will likely have the ""peaceful poll watchers"" arguments loaded and ready, regardless of how armed to the teeth the intimidators really are. I have had poll watchers at my local precinct, and it forevermore felt like they were trying to get a look over my shoulder to see my ballot.",helene,community_discussion,
loeplsq,t3_1fmzu29,t3_1fmzu29,Georgia,unrelatedtoelephant,1727032183,2024-09-22 19:09,59,All I have to say is you’re not crazy for worrying/wondering about this OP. People always think we are immune to political violence in the US and these things “just don’t happen here” when that’s what everyone says until it DOES happen.,helene,community_discussion,
loeqwvh,t3_1fmzu29,t1_loen2qw,Georgia,CartographerAlive286,1727032569,2024-09-22 19:16,12,"Definitely haven't made plans to prevent. If anything, I'd argue that they are active in backdoor conversations about how to assist & enable these insurrectionists acts.",helene,community_discussion,
loeqzg1,t3_1fmzu29,t1_loemvr9,Georgia,FadeTheWonder,1727032590,2024-09-22 19:16,9,Are we really pretending they don’t exist now?  Interesting.,helene,community_discussion,
loernnh,t3_1fmzu29,t1_loeljan,Georgia,HidaKureku,1727032795,2024-09-22 19:19,1,Safer from whom?,helene,community_discussion,
loes7vh,t3_1fmzu29,t3_1fmzu29,Georgia,teleheaddawgfan,1727032967,2024-09-22 19:22,6,"No, not at all.",helene,community_discussion,
loete20,t3_1fmzu29,t1_loep6z8,Georgia,Funny_Vegetable_676,1727033317,2024-09-22 19:28,-6,"But when has an election been disrupted? With links. 

J6 was mostly unnamed individuals. 

I think you're worried about nothing. If something is going to happen, it'll be after the election. Polling places are protected by a few laws that prevent them from being in the immediate area. But you could vote early if you're afraid.",helene,community_discussion,
loetvo3,t3_1fmzu29,t1_loepgsm,Georgia,squatOpotamus,1727033462,2024-09-22 19:31,-3,I'm not sure what you're getting at but please don't point guns at people.,helene,community_discussion,
loeu94y,t3_1fmzu29,t1_loete20,Georgia,deJuice_sc,1727033575,2024-09-22 19:32,7,"I'm voting no matter what, kids in Georgia get on buses and go to school in a state where there's been a mass school shooting - so yeah, if our children can be brave in the face of these extremists - I have no reason not to be, so it's not about fear, it's about doing what's right.  I'm sick up to the top of my head with MAGA thoughts and prayers - and maybe Kemp isn't going to do anything but there's no way he gets to do nothing quietly.  If he's not prepared it's not going to be because of another 'just found out' meme.",helene,community_discussion,
loeuarp,t3_1fmzu29,t3_1fmzu29,Georgia,Mim7222019,1727033589,2024-09-22 19:33,6,What are the Three Percenters?  We’ve lived in GA 15 years and don’t know about them.,helene,community_discussion,
loeunyn,t3_1fmzu29,t1_loenjz9,Georgia,Dudeist-Monk,1727033701,2024-09-22 19:35,7,https://www.cnbc.com/amp/2022/11/06/election-officials-facing-armed-militia-presence-at-some-polls.html,helene,community_discussion,
loeupzu,t3_1fmzu29,t1_loeuarp,Georgia,deJuice_sc,1727033718,2024-09-22 19:35,20,"Def do some reading on them, the Three Percenters are a very significant anti-government militant group with national reach and a strong foothold in northern Georgia. They've been active in various right-wing political causes and protests and are part of a broader militia movement that has been increasing prominence since J6, and they're tied in with some of the more extreme right-wing political figures like Marjorie Taylor Greene.

https://preview.redd.it/kcm04lxwxeqd1.png?width=597&format=png&auto=webp&s=eee4626d0de2661ec4841abc6980ff36d9d95af8",helene,community_discussion,
loev4db,t3_1fmzu29,t1_loeu94y,Georgia,Funny_Vegetable_676,1727033836,2024-09-22 19:37,-1,What do you think should be done?,helene,community_discussion,
loevaxf,t3_1fmzu29,t3_1fmzu29,Georgia,PriscillaRain,1727033890,2024-09-22 19:38,5,It might back fire on them.,helene,community_discussion,
loewfj9,t3_1fmzu29,t1_loeunyn,Georgia,Funny_Vegetable_676,1727034228,2024-09-22 19:43,0,"Those laws mentioned in the article have always been present in GA to my knowledge. You can't carry a weapon in a polling place or campaign (support or otherwise for any candidate) within 100 ft of a polling place. But two individuals... come on. Those people are stupid, although I think their intentions may be genuine in that they want a fair election. I'm not concerned about these dweebs.",helene,community_discussion,
loewi6m,t3_1fmzu29,t1_loeupzu,Georgia,Mim7222019,1727034250,2024-09-22 19:44,5,Thanks!,helene,community_discussion,
loex0k1,t3_1fmzu29,t1_loetvo3,Georgia,joocee,1727034403,2024-09-22 19:46,9,"Politics make people angry.  Angry people with guns bad.  

You have neo conservative colored glasses on and see the illegal militia as a good thing and they are on your side.  Take politics out of it for a second and realize you advocating for allowing people that have no oversight, or even illusion of it, from the public side so when these shmucks do something that crosses the bounds of normality or civility (probably legality too because the cops are in cahoots with them), nothing happens to them.  

Would you be okay with these same people walking into a bar and getting drunk while armed, or would you piss yourself and slink away?

My point with all of this is just you are just a right wing virtue signaler and would be a pearl clutcher.  You just wanna feel like you belong to something and these asshats are there to defend your interests and rights, when it is just about attempting to show force in the most cowardly way possible.",helene,community_discussion,
loexivn,t3_1fmzu29,t1_loex0k1,Georgia,squatOpotamus,1727034552,2024-09-22 19:49,-1,I think the only people clutching pearls are the ones who have a problem with people gathering.,helene,community_discussion,
loexuux,t3_1fmzu29,t3_1fmzu29,Georgia,Spirited_Dentist6419,1727034651,2024-09-22 19:50,6,These people are their voter base.,helene,community_discussion,
loeyq90,t3_1fmzu29,t1_loexivn,Georgia,HidaKureku,1727034914,2024-09-22 19:55,6,I'll ask again. From whom will you feel safer from when voting if militia groups are there armed?,helene,community_discussion,
loez41j,t3_1fmzu29,t1_loeyq90,Georgia,squatOpotamus,1727035028,2024-09-22 19:57,0,"I'm not worried about any specific group, but I would always feel safer, regardless of circumstances, if armed folks were around.",helene,community_discussion,
loez7ju,t3_1fmzu29,t1_loeljan,Georgia,Lamentiraveraz,1727035058,2024-09-22 19:57,-7,Then go to Venezuela,helene,community_discussion,
loezaju,t3_1fmzu29,t1_loez41j,Georgia,HidaKureku,1727035084,2024-09-22 19:58,2,"What threats have you ever experienced when voting?

You are aware that you're quite transparent, right? Especially since you ignored my question the first time.",helene,community_discussion,
loezgpq,t3_1fmzu29,t1_loeljan,Georgia,Ifawumi,1727035137,2024-09-22 19:58,-1,Why would you feel safer? Who do you think is going to attack you? A minority?,helene,community_discussion,
loezpsm,t3_1fmzu29,t1_loezaju,Georgia,squatOpotamus,1727035213,2024-09-22 20:00,2,No threats that I'm aware of. I believe it's okay to be armed.,helene,community_discussion,
loezs8l,t3_1fmzu29,t1_loexivn,Georgia,joocee,1727035234,2024-09-22 20:00,8,"I don't have a problem with morons gathering.  I have a problem with them doing it at a polling station in an attempt to sway voters into capitulating to their fascistic idealism, while armed.

I get it, you want to blow trump and actually deep throat guns because your father figure wasn't available in your life thirty years ago so now you need to overcompensate with your family and force everyone else around you to be miserable while you drone on about how great nostalgia makes you misremember shit.  You can do better.

All that aside, you wouldn't take your kid or your wife or a three percenter gathering.  If they were to open a club in your neighborhood, you would turn NIMBY so fast, I would think you would be a californian asshole complaining about building affordable housing. 

You can keep hitting on these juvenile attempts to cover up your motivations about these people but I know the exact type of asshole you are and so does everyone else that hears you speak for more than 20 seconds.

Do you even own a gun?",helene,community_discussion,
loezydo,t3_1fmzu29,t1_loezpsm,Georgia,HidaKureku,1727035286,2024-09-22 20:01,3,"I'm a gun owner and supporter of constitutional carry. I also think folks who open carry in public, especially long guns, are morons.

And again, what happened in 2020 that can't happen again?",helene,community_discussion,
lof09ow,t3_1fmzu29,t1_loezs8l,Georgia,squatOpotamus,1727035381,2024-09-22 20:03,0,You know me really well.,helene,community_discussion,
lof0fdj,t3_1fmzu29,t1_loezydo,Georgia,squatOpotamus,1727035429,2024-09-22 20:03,2,I think reddit may suspend me or something if I share my beliefs about 2020.,helene,community_discussion,
lof0ps9,t3_1fmzu29,t1_lof0fdj,Georgia,HidaKureku,1727035515,2024-09-22 20:05,6,"Yeah, that literally never happens. Reddit admins love the engagement stuff like that brings. And the mods in the sub aren't going to remove it unless you start with anti-Semitic nonsense or claims that Democrats eat babies.

So, say it with your chest.",helene,community_discussion,
lof10zi,t3_1fmzu29,t1_loete20,Georgia,Ifawumi,1727035610,2024-09-22 20:06,4,"It doesn't matter if j6 individuals were, as far as you're concerned, mostly a named. That was a disruption to an election process.

But evidently you're unable to Google: 
https://www.nytimes.com/2020/10/30/us/poll-watching-intimidation.html

https://www.texastribune.org/2022/11/11/texas-midterms-violence-pollwatchers-threats/

A judge had to intervene here: 
https://apnews.com/article/2022-midterm-elections-arizona-phoenix-5353cfd0774727e6dd03bdbf48c12211",helene,community_discussion,
lof13wt,t3_1fmzu29,t1_lof0ps9,Georgia,squatOpotamus,1727035635,2024-09-22 20:07,-1,Take a guess,helene,community_discussion,
lof16l3,t3_1fmzu29,t1_lof09ow,Georgia,joocee,1727035658,2024-09-22 20:07,5,I'm sure I do and you saying that facetiously telegraphs more than you could ever say.,helene,community_discussion,
lof1dvl,t3_1fmzu29,t1_lof13wt,Georgia,HidaKureku,1727035720,2024-09-22 20:08,5,"Someone who won't proudly state their beliefs doesn't actually have any.

C'mon now, son. Don't be scared. Stand up to the big bad Liberals and leftists and tell us your actual beliefs.",helene,community_discussion,
lof3d01,t3_1fmzu29,t3_1fmzu29,Georgia,AssociateJaded3931,1727036318,2024-09-22 20:18,23,Kemp is continuing to pretend that the old GOP still exists.,helene,community_discussion,
lof4mm3,t3_1fmzu29,t3_1fmzu29,Georgia,pipthelimey,1727036708,2024-09-22 20:25,1,"Quick lesson in 1st Amendment, it’s not illegal to belong to any group. That’s why no one gets arrested just for being a Crip or being a 3%’er. The “right of the people to peacefully assemble” component of the 1st Amendment is the reason behind this. There are Al Qaeda members in the United States but as long as they don’t break the law, the government can’t preemptively arrest them. 

Is the state of Georgia “ready” for disruptive groups to pull their BS? Reaction is always slower than action, but state and Federal law enforcement don’t care for domestic terrorists, no matter their stripe. There’s been plenty of practice the last few years dealing with protests and riots the last few years so that helps.",helene,community_discussion,
lof53vh,t3_1fmzu29,t1_loenxis,Georgia,VinoJedi06,1727036858,2024-09-22 20:27,0,"I live in north(ish) Georgia.

Never heard of them.",helene,community_discussion,
lof6chz,t3_1fmzu29,t1_loeqzg1,Georgia,VinoJedi06,1727037249,2024-09-22 20:34,-2,Not pretending anything. Never heard of them.,helene,community_discussion,
lof700n,t3_1fmzu29,t1_lof6chz,Georgia,FadeTheWonder,1727037452,2024-09-22 20:37,2,So you just make blatant comments about people fearmongering when you have no idea about the groups and their actions..  Cool.,helene,community_discussion,
lof8ofw,t3_1fmzu29,t1_loej2em,Georgia,Merrcury2,1727037980,2024-09-22 20:46,-4,That's the spirit =),helene,community_discussion,
lofc8rb,t3_1fmzu29,t3_1fmzu29,Georgia,DrSunstorm1911,1727039103,2024-09-22 21:05,5,"We hear this every election, I haven’t been accosted yet… Just go vote… Half the folks yall are worried about couldn’t think their way out of a paper bag… with a flashlight…

![gif](giphy|TfWhFbURIirNegNN4t)",helene,community_discussion,
lofde41,t3_1fmzu29,t3_1fmzu29,Georgia,Hurricaneshand,1727039473,2024-09-22 21:11,4,Prevent? Those groups want exactly what they want why would they prevent them from doing stuff,helene,community_discussion,
lofex36,t3_1fmzu29,t3_1fmzu29,Georgia,Thecongressman1,1727039977,2024-09-22 21:19,11,"Kemp is ready to say he's been doing something to stop it, just in case the steal isn't going according to plan. Just like last time, he's only going to 'do the right thing' if he has no other choice.",helene,community_discussion,
lofgf2r,t3_1fmzu29,t3_1fmzu29,Georgia,Falba70,1727040476,2024-09-22 21:27,6,Aren't they part of them?,helene,community_discussion,
lofl1zu,t3_1fmzu29,t1_lof700n,Georgia,VinoJedi06,1727042007,2024-09-22 21:53,0,"I mean, I’ve never heard of them. No one I know has ever heard of them. 

Could I be wrong? Sure. 

But this feels like chronically online fear.",helene,community_discussion,
lofll7m,t3_1fmzu29,t1_loehtg3,Georgia,Hamilton-Squidlegger,1727042192,2024-09-22 21:56,1,Read the damn post before you go conspiratorial on us,helene,community_discussion,
loflvvd,t3_1fmzu29,t1_lof4mm3,Georgia,deJuice_sc,1727042294,2024-09-22 21:58,1,"I don't understand what point it is you're trying to make here because there are no known Al Qaeda members living legally in the United States as legal residents or citizens, so I don't know what conspiracy site you got that from, but that's just not true at all.  The right of people to assemble does not apply to armed paramilitary groups known to be violent anti-government militants.  In fact, what you're trying to paint a picture for just flat out isn't legal - it's quite illegal in fact and in addition to it being against Federal law, Georgia as a state has anti-paramilitary laws that make it illegal for private citizens to form armed groups or engage in military-style training without government authorization.  Which is why I'm even asking - so no, a bunch of gunned up Three Percenters training to overthrow the government and mobilizing or assembling for any reason isn't a protected right - it's against the law.",helene,community_discussion,
lofmnfy,t3_1fmzu29,t1_lof53vh,Georgia,deJuice_sc,1727042560,2024-09-22 22:02,11,"Look around at vehicle, building windows, people's homes and visible tattoos - anywhere you see this, that's the symbol of an anti-government paramilitary group and north Georgia is full of them.

https://preview.redd.it/iopep4t7ofqd1.png?width=380&format=png&auto=webp&s=f9106fb237759c8ecddcadba0e237b5609b878c6",helene,community_discussion,
lofmqfb,t3_1fmzu29,t1_lofl1zu,Georgia,FadeTheWonder,1727042590,2024-09-22 22:03,6,Oh so you didn’t pay attention to January 6th and six of them being indicted for seditious conspiracy.  I mean I consider terrorist groups that still exist and have local chapters in Georgia to be something people should pay attention too.  They run hand in hand with the proud boys and all the rest of the far right traitor groups.,helene,community_discussion,
lofo1uf,t3_1fmzu29,t3_1fmzu29,Georgia,Intrepid-Goat-9252,1727043058,2024-09-22 22:10,1,"Read it, and I understood it perfectly well. Thanks for checking.",helene,community_discussion,
lofoghk,t3_1fmzu29,t3_1fmzu29,Georgia,sledge07,1727043201,2024-09-22 22:13,-1,"Only if they’re prepared to do the same for Antifa and the other bus in groups. Your question should be asking if they’re prepared to respond to any groups, not just a certain bunch.",helene,community_discussion,
lofq0v0,t3_1fmzu29,t1_lofll7m,Georgia,Intrepid-Goat-9252,1727043743,2024-09-22 22:22,5,"I read the post, and I understood it perfectly well. While I am aware of many ways that could be used to stop and prevent election malfeasance from those illegal paramilitary groups, I have little faith in current state government officials to step up and do what's best for democracy and protect every citizen's right to vote. All efforts by state leadership this cycle has sounded very much like they're ready to tip the scales in favor of their party by any means available, i.e. the election board stacked with far-right followers who are setting the field to have the validation process thrown into chaos by changing the rules to unnecessarily complicate the proceedings after the 2020 and 2022 elections were audited numerous times and shown to be accurate.",helene,community_discussion,
lofu6o4,t3_1fmzu29,t1_loeo1wz,Georgia,tmghost7729,1727045210,2024-09-22 22:46,13,This. 💯. Thanks for posting those links & recommendations!,helene,community_discussion,
lofuk77,t3_1fmzu29,t1_loej16z,Georgia,JakeTravel27,1727045344,2024-09-22 22:49,3,"Me too.  Personally I am glad the racist, bigoted, anti democracy, anti US three percenter group can be identified and put on the FBI domestic terrorist database.",helene,community_discussion,
lofv4tn,t3_1fmzu29,t1_lofc8rb,Georgia,shampton1964,1727045547,2024-09-22 22:52,6,"couldn't wank their way out of a paper bag with a fleshlight? 

must disagree, actually.

just enough of them are overarmed & overprogrammed. it's a bad thing, and historically these are the times when things get ugly.",helene,community_discussion,
lofvejd,t3_1fmzu29,t1_lofv4tn,Georgia,DrSunstorm1911,1727045642,2024-09-22 22:54,-1,"You can, but it still doesn’t change my experience… I have voted every year…. No issues… Just go vote…",helene,community_discussion,
lofxi8c,t3_1fmzu29,t1_loepa1z,Georgia,flying_trashcan,1727046385,2024-09-22 23:06,-2,Yeah this is my worry. Both sides have already installed their own ‘the election results are fraudulent’ narratives.,helene,community_discussion,
lofz0d6,t3_1fmzu29,t1_loen2qw,Georgia,Traditional_Big_2500,1727046922,2024-09-22 23:15,0,"DC was prepared last election, senior pentagon leaders held the National Guard back. Read the transcript for yourself

https://cha.house.gov/2024/9/transcripts-show-president-trump-s-directives-to-pentagon-leadership-to-keep-january-6-safe-were-deliberately-ignored

My guess is Kemp will do the same thing he did when rioting started in Atlanta. Deploy the NG and stop it.",helene,community_discussion,
lofzg2t,t3_1fmzu29,t1_lofoghk,Georgia,AtlGuy1984,1727047079,2024-09-22 23:17,2,lol ok. Still think Antifa was at the Capitol? The 3% cosplayers are the only credible threat to American society.,helene,community_discussion,
lofzlae,t3_1fmzu29,t1_lofzg2t,Georgia,sledge07,1727047131,2024-09-22 23:18,1,3% wasn’t around during the occupy protests but you’ll probably tell me that was all paid actors too.,helene,community_discussion,
log00ok,t3_1fmzu29,t1_lofzlae,Georgia,AtlGuy1984,1727047283,2024-09-22 23:21,2,The occupy protestors broke into a federal building while they were certifying a national election?,helene,community_discussion,
log0b7b,t3_1fmzu29,t3_1fmzu29,Georgia,Great-Cold-1490,1727047389,2024-09-22 23:23,2,"That’s their voters, so they have no plan of doing anything",helene,community_discussion,
log0c2t,t3_1fmzu29,t1_log00ok,Georgia,sledge07,1727047397,2024-09-22 23:23,1,No but they damn sure did in Madison. Federal or state it doesn’t matter. The shit happens on both sides of the fence every day.,helene,community_discussion,
log0qrq,t3_1fmzu29,t1_lofoghk,Georgia,djphan2525,1727047539,2024-09-22 23:25,3,only republicans invaded the capitol...,helene,community_discussion,
log1bk6,t3_1fmzu29,t1_log0c2t,Georgia,AtlGuy1984,1727047744,2024-09-22 23:29,2,"Got it. The two are the same thing. Thank you for clarifying it. 

I didn’t know there were Occupy protestors walking around like they are their own militia and LARPing to compensate for their own shitty existences, but I am aware now.",helene,community_discussion,
log1md9,t3_1fmzu29,t1_log1bk6,Georgia,sledge07,1727047850,2024-09-22 23:30,1,You must not have been to Seattle during that time period. There were parts of the city you literally couldn’t go to without being physically harassed. They sent the police in and they attacked the cops too.,helene,community_discussion,
log2sif,t3_1fmzu29,t1_log0qrq,Georgia,AtlGuy1984,1727048271,2024-09-22 23:37,2,At least they tucked their tail between their legs and ran off while deleting their comments.,helene,community_discussion,
log3otd,t3_1fmzu29,t1_lofz0d6,Georgia,deJuice_sc,1727048591,2024-09-22 23:43,4,"There is ongoing debate about how reliable these recollections are, and that the transcripts are based on testimonies made years after the fact. 🙄 These testimonies are part of an official investigation, but their timing, coinciding with Trump's indictments and legal challenges is sus. Transcripts were released in September 2024? 🤦🏻 and it lines up with multiple felony charges against Trump for his conduct during and after the 2020 election. And Loudermilk is a known MAGA and election denier, there's more to this story.

And what if instead of waiting for all the paramilitary groups to kick things off so he can deploy the national guard, maybe instead he steps up and says what needs to be said so these illegal militant groups don't even come out from under their barns or rocks or whatever - imagine if Kemp instead decided to be proactive in protecting the integrity of the democratic process.  🤯",helene,community_discussion,
log5dp3,t3_1fmzu29,t1_lof53vh,Georgia,West_Yam7006,1727049220,2024-09-22 23:53,3,I've seen them in Tucker. So...,helene,community_discussion,
log5r14,t3_1fmzu29,t3_1fmzu29,Georgia,The_Patriot,1727049361,2024-09-22 23:56,0,"Ma deuce says, ""BRRRRRRRRRRRRRRRRRRRRRRT""",helene,community_discussion,
log667b,t3_1fmzu29,t1_lofmnfy,Georgia,West_Yam7006,1727049520,2024-09-22 23:58,4,"Coworker has that symbol plastered on his fb page. I blocked him. I'm cordial when I have to deal with him.

I saw a car with that symbol on the back window in Tucker in 22 near the Kroger at lavista and 29. They're out there, closer than most would like to believe.",helene,community_discussion,
lof3v0v,t3_1fn0pa4,t3_1fn0pa4,Georgia,fuck-nationals,1727036471,2024-09-22 20:21,3,"Commenting here what I think happened:

We bought the house in 2023 and the exemptions were high at that point because the home had increased in price rapidly under the previous owners. To prevent the old homeowners from having high jumps in taxes they were receiving large exemptions. But when we bought the house, once we owned the house for the first full year, the exemptions dropped down since we’re new owners. I was confused because the assessed value of the home only increased by 3% between 2023 and 2024.",helene,community_discussion,
lof5y4l,t3_1fn0pa4,t3_1fn0pa4,Georgia,DCchaos,1727037126,2024-09-22 20:32,3,No bill yet but I'll buckle in.,helene,community_discussion,
lofeubk,t3_1fn0pa4,t1_lof3v0v,Georgia,mhoepfin,1727039951,2024-09-22 21:19,5,Were the previous owners over 65? That may be it too.,helene,community_discussion,
lof9pek,t3_1fn30up,t3_1fn30up,Georgia,Lumpy_Lady_Society,1727038298,2024-09-22 20:51,4,"Yeah, what the heck is even Columbus, OH….jeesh.",helene,community_discussion,
lofh5o8,t3_1fn30up,t3_1fn30up,Georgia,tlonreddit,1727040719,2024-09-22 21:31,29,Both are bummer towns.,helene,community_discussion,
lofzms1,t3_1fn30up,t3_1fn30up,Georgia,External_Acadia4154,1727047146,2024-09-22 23:19,26,"I spent the longest year of my life one summer in Columbus, Georgia.",helene,community_discussion,
log03en,t3_1fn30up,t1_lofzms1,Georgia,TinyDecision31,1727047311,2024-09-22 23:21,3,Damn💀💀💀,helene,community_discussion,
log04ex,t3_1fn30up,t1_lofh5o8,Georgia,TinyDecision31,1727047321,2024-09-22 23:22,-6,How so?,helene,community_discussion,
log07br,t3_1fn30up,t1_lof9pek,Georgia,TinyDecision31,1727047350,2024-09-22 23:22,-4,Ikr,helene,community_discussion,
log5t5t,t3_1fn30up,t1_lof9pek,Georgia,the_zero,1727049383,2024-09-22 23:56,4,I think you mean THE Columbus Ohio,helene,community_discussion,
log5xq0,t3_1fn30up,t1_lofzms1,Georgia,the_zero,1727049431,2024-09-22 23:57,10,"I spent the longest decade of my life one year in Columbus, Ohio.",helene,community_discussion,
lofhgtd,t3_1fn32xe,t3_1fn32xe,Georgia,Electronic_Ad_2032,1727040820,2024-09-22 21:33,2,Would love to know this too,helene,community_discussion,
lof9ict,t3_1fn3bam,t3_1fn3bam,Georgia,AutoModerator,1727038236,2024-09-22 20:50,1,"This submission has been flaired for News/Politics. Please remember to follow r/Georgia rules and sitewide [guidelines](https://www.reddit.com/r/Georgia/wiki/faq/politics_guidelines/) when making submission and comments. If this post has been flaired ""News"" ensure that your title matches the headline of the linked article. If the post has been flaired ""Politics"" subreddit karma filtering is enabled to weed out trolls and bots. Thanks!

*I am a bot, and this action was performed automatically. Please [contact the moderators of this subreddit](/message/compose/?to=/r/Georgia) if you have any questions or concerns.*",helene,community_discussion,
lof9mw8,t3_1fn3bud,t3_1fn3bud,Georgia,AutoModerator,1727038276,2024-09-22 20:51,1,"This submission has been flaired for News/Politics. Please remember to follow r/Georgia rules and sitewide [guidelines](https://www.reddit.com/r/Georgia/wiki/faq/politics_guidelines/) when making submission and comments. If this post has been flaired ""News"" ensure that your title matches the headline of the linked article. If the post has been flaired ""Politics"" subreddit karma filtering is enabled to weed out trolls and bots. Thanks!

*I am a bot, and this action was performed automatically. Please [contact the moderators of this subreddit](/message/compose/?to=/r/Georgia) if you have any questions or concerns.*",helene,community_discussion,
lofbmeu,t3_1fn3bud,t3_1fn3bud,Georgia,one98d,1727038901,2024-09-22 21:01,104,"Again, it boggles my mind that Kemp has such a high approval rating when so many hospital closings has happened under his watch in his two terms.",helene,community_discussion,
lofbry5,t3_1fn3bud,t3_1fn3bud,Georgia,Woody_CTA102,1727038950,2024-09-22 21:02,-15,"Probably for best. Those small county hospitals are horrible, little more than nursing homes despite best efforts. Most folks will be better off going to Augusta, maybe Statesboro. It’s a shame, but truth.",helene,community_discussion,
lofd4qb,t3_1fn3bud,t3_1fn3bud,Georgia,bbb26782,1727039388,2024-09-22 21:09,52,We should expand Medicaid.,helene,community_discussion,
lofgcza,t3_1fn3bud,t1_lofbry5,Georgia,Titania_Oberon,1727040458,2024-09-22 21:27,43,"Yeah…. It works out beautifully if you survive long enough to reach one of the large hospitals. 
However if you live beyond an hour from a major trauma facility the your chances of survival drop dramatically because there is no interim point of care to stabilize you. 
Also if you’re some poor schmuck living in a rural place because thats where housing is affordable- you pay significantly more to access care (better though it might be) and provided you can get to it. 
If your a hardworking farmer or in a rural agricultural business and have an accident your chances of rescue and stabilization are also quite low because when there’s no hospital, there’s no ambulance. When there’s no hospital (no matter how small or rural) there’s no labs, no diagnostic services. With no support services such as labs and basic diagnostics (like Xray) then there are no doctors. 
Its a healthcare desert. 

So while it really IS a much better experience at large facilities, that only means something if you survive long enough to get there.",helene,community_discussion,
lofhnja,t3_1fn3bud,t1_lofgcza,Georgia,Woody_CTA102,1727040879,2024-09-22 21:34,-19,Take a look at the doctors who staff these failing hospitals. I’ll take my chances bleeding or stroking out to those losers. Small community emergency rooms are a better alternative if the county gives a damn.,helene,community_discussion,
loflxlg,t3_1fn3bud,t1_lofhnja,Georgia,JCSledge,1727042311,2024-09-22 21:58,11,What’s wrong with the doctors that staff those hospitals?,helene,community_discussion,
lofy0nx,t3_1fn3bud,t1_lofbmeu,Georgia,warnelldawg,1727046570,2024-09-22 23:09,33,Owning da libs,helene,community_discussion,
log022i,t3_1fn3bud,t1_lofd4qb,Georgia,Open-Trash6524,1727047297,2024-09-22 23:21,-19,Low reimbursement and it ends up coming out of state taxes in a couple of yrs.   Same stuff happening in rural blue states as well.,helene,community_discussion,
log22s7,t3_1fn3bud,t3_1fn3bud,Georgia,teleheaddawgfan,1727048015,2024-09-22 23:33,45,Billions in state tax surplus and he refuses to accept federal Money for Medicaid.,helene,community_discussion,
log2yzp,t3_1fn3bud,t1_log022i,Georgia,bbb26782,1727048336,2024-09-22 23:38,38,Keeping hospitals open is a good use of taxpayer money. Georgians fund the Medicaid expansion in their federal taxes but receive none of its benefits. There’s a direct correlation between rural hospital closures and solvency rates and a state’s acceptance of Medicaid expansion funds. We’ve got almost a decades worth of data showing that this is a good thing.,helene,community_discussion,
log3qmu,t3_1fn3bud,t1_lofbmeu,Georgia,IgetAllnumb86,1727048610,2024-09-22 23:43,1,Yeah……I just said that,helene,community_discussion,
log60ya,t3_1fn3bud,t1_log22s7,Georgia,accountability_bot,1727049464,2024-09-22 23:57,16,What’s the point of having such a huge surplus? Pretty clear they’re not going to spend it for the benefit of Georgians at this point.,helene,community_discussion,
lofmszs,t3_1fn4pvb,t3_1fn4pvb,Georgia,citricacidx,1727042614,2024-09-22 22:03,14,"How old is this video? Flew in and out of ATL last week, no mask restrictions at all.",helene,community_discussion,
lofmuws,t3_1fn4pvb,t3_1fn4pvb,Georgia,Fast-Wrangler-4340,1727042634,2024-09-22 22:03,-5,They took her out of Atl but couldn’t take the Atl out of her.,helene,community_discussion,
lofo86w,t3_1fn4pvb,t3_1fn4pvb,Georgia,GetBentHo,1727043119,2024-09-22 22:11,13,"Look at you, spam bot.",helene,community_discussion,
lofrqts,t3_1fn4pvb,t1_lofmszs,Georgia,Sxs9399,1727044348,2024-09-22 22:32,9,"Almost 3 years ago, she went to jail. Zero idea why this is resurfacing. Also the woman was from california soooo.

[https://www.yahoo.com/news/airplane-karen-taken-custody-attack-014000106.html](https://www.yahoo.com/news/airplane-karen-taken-custody-attack-014000106.html)",helene,community_discussion,
lofwbbb,t3_1fn4pvb,t1_lofmuws,Georgia,thecolorblew,1727045966,2024-09-22 22:59,1,*california,helene,community_discussion,
lofx4zj,t3_1fn4pvb,t3_1fn4pvb,Georgia,TheTickledPickle_,1727046255,2024-09-22 23:04,1,Look how openly fucking stupid people were back then.,helene,community_discussion,
lofx8uq,t3_1fn4pvb,t1_lofmszs,Georgia,Addicted2Lemonade,1727046292,2024-09-22 23:04,-5,What difference does it make? I'm sure it was during covid clearly it was.,helene,community_discussion,
lofxd39,t3_1fn4pvb,t1_lofrqts,Georgia,Addicted2Lemonade,1727046334,2024-09-22 23:05,-9,Sorry I didn't know that this group called Georgia was just for current news. I also put a flare on here that it was satire. Pardon me.,helene,community_discussion,
lofxxqf,t3_1fn4pvb,t3_1fn4pvb,Georgia,misawa_EE,1727046541,2024-09-22 23:09,3,Bad bot,helene,community_discussion,
lofymf6,t3_1fn4pvb,t1_lofxd39,Georgia,GiantRiverSquid,1727046784,2024-09-22 23:13,5,I will not.,helene,community_discussion,
lofz484,t3_1fn4pvb,t1_lofx4zj,Georgia,TheAmazingGrippando,1727046960,2024-09-22 23:16,1,back then?,helene,community_discussion,
