id,link_id,parent_id,subreddit,author,created_utc,created_date,score,body,hurricane,source_type,keyword_hit
lo4wsb4,t3_1flqc84,t3_1flqc84,NorthCarolina,middlingachiever,1726877649,2024-09-21 00:14,0,"Pros: NC has a coastline

It’s much greener here in the winter 

No months of gray slush 

Cons: no big cities 

Hard to find fresh pierogies",helene,community_discussion,
lo4y59b,t3_1flqc84,t1_lo4wsb4,NorthCarolina,BellySmutthole,1726878196,2024-09-21 00:23,2,Charlotte is low key booming to be fair,helene,community_discussion,
lo4z8sa,t3_1flqc84,t3_1flqc84,NorthCarolina,JayHill74,1726878637,2024-09-21 00:30,2,"Con: Hurricanes and I don't mean the hockey team.

Con: Humidity, mosquitos, and summers in general.

Con: Climate change. NC won't be a good place to be in the years to come.

Con: The NC legislature.

Con: Workers' rights.

Con: Salaries. People will often get paid less here for doing the same job than in more populated areas.

Pro: Cheaper to live than some other states for now. This is changing though and depending on where you want to be, it might already be more expensive than neighboring states. EX: Asheville is highly expensive to live in.

Pro: RTP

Pro: Lots of outdoor activities. Can be in the mountains or at coast within hours.

Pro/Con: Most of the state is very rural and conservative. How this effects you depends on your POV.",helene,community_discussion,
lo4zui4,t3_1flqc84,t1_lo4y59b,NorthCarolina,middlingachiever,1726878884,2024-09-21 00:34,-1,Someone from PA should not expect anything comparable to Philly.,helene,community_discussion,
lo50klj,t3_1flqc84,t1_lo4z8sa,NorthCarolina,Much_Extension8113,1726879177,2024-09-21 00:39,1,Thank you.  😊,helene,community_discussion,
lo50o1v,t3_1flqc84,t3_1flqc84,NorthCarolina,kindestcut,1726879215,2024-09-21 00:40,7,"Pro: it's not Pennsylvania

Con: it's not Pennsylvania",helene,community_discussion,
lo50puf,t3_1flqc84,t1_lo4wsb4,NorthCarolina,Much_Extension8113,1726879235,2024-09-21 00:40,0,Thank you 😊,helene,community_discussion,
lo50yho,t3_1flqc84,t1_lo50o1v,NorthCarolina,Much_Extension8113,1726879330,2024-09-21 00:42,2,⚖️,helene,community_discussion,
lo526cc,t3_1flqc84,t1_lo4wsb4,NorthCarolina,Unhelpfulperson,1726879827,2024-09-21 00:50,1,NC has coastline but (for example) if you move from Philly to Charlotte then you’re further from the coast,helene,community_discussion,
lo52hoc,t3_1flqc84,t1_lo4zui4,NorthCarolina,SW4506,1726879958,2024-09-21 00:52,2,Imagine saying NC doesn’t have a Philly like that’s a fucking bad thing.,helene,community_discussion,
lo53w7y,t3_1flqc84,t1_lo52hoc,NorthCarolina,middlingachiever,1726880539,2024-09-21 01:02,-1,Yo. Haters gonna hate.,helene,community_discussion,
lo54535,t3_1flqc84,t1_lo53w7y,NorthCarolina,SW4506,1726880642,2024-09-21 01:04,3,Pretty sure 95 still runs northbound too.,helene,community_discussion,
lo54bc5,t3_1flqc84,t1_lo54535,NorthCarolina,middlingachiever,1726880715,2024-09-21 01:05,-1,"OP, here’s another NC con. They don’t like people who’ve lived other places.",helene,community_discussion,
lo59gk4,t3_1flqc84,t3_1flqc84,NorthCarolina,aml8306,1726882883,2024-09-21 01:41,2,"Cons- Humidity and Schools
Pros- the lack of snow and rusty cars, opportunities, hiking, etc",helene,community_discussion,
lo5gg7n,t3_1flqc84,t1_lo54bc5,NorthCarolina,[deleted],1726885915,2024-09-21 02:31,1,[removed],helene,community_discussion,
lo5gigv,t3_1flqc84,t1_lo54bc5,NorthCarolina,BellySmutthole,1726885944,2024-09-21 02:32,2,Well achshuayyy I’m from Philly so no other city can compare. Philly is fucking trash by the way,helene,community_discussion,
lo6o655,t3_1flqc84,t3_1flqc84,NorthCarolina,gnarlyram,1726911961,2024-09-21 09:46,2,Con: They pronounce Lebanon bologna like the country of Lebanon.,helene,community_discussion,
lo6t2i7,t3_1flqc84,t1_lo50klj,NorthCarolina,JayHill74,1726915290,2024-09-21 10:41,1,"YW.

Here's a couple more cons I thought of.

Schools. NC ranks near the bottom in education.

Duke Power. They basically own the legislature and do a lot of poo things such as turning off the power at Christmas the other year in what was supposed to be a few minutes rolling brownout that ended up being an hours long blackout for a lot of the state. That was a rare true cold day as well.",helene,community_discussion,power
lo6yjli,t3_1flqc84,t1_lo5gigv,NorthCarolina,middlingachiever,1726918559,2024-09-21 11:35,1,Do y’all like any population dense cities? I love them. NC doesn’t have any. Just a fact. 6 hour train ride to DC.,helene,community_discussion,
lo73m1s,t3_1flqc84,t1_lo6yjli,NorthCarolina,BellySmutthole,1726921127,2024-09-21 12:18,2,"Philly is fucking trash, a literal dirty city.",helene,community_discussion,
lo78hoc,t3_1flqc84,t1_lo73m1s,NorthCarolina,middlingachiever,1726923285,2024-09-21 12:54,1,"You’re the expert, BellySmutthole.",helene,community_discussion,
lo7iglw,t3_1flqc84,t3_1flqc84,NorthCarolina,Bob_Sconce,1726927158,2024-09-21 13:59,2,"You can buy wine and beer in the grocery store at the same time you buy your waffles.


We don't have teachers strikes.",helene,community_discussion,
lo4vqhc,t3_1flqd0g,t3_1flqd0g,NorthCarolina,NeoPalt2,1726877229,2024-09-21 00:07,278,"Didn't want to editorialize, but the GOP senator is Thom Tillis - 

>“If the reporting on Mark Robinson is a total media fabrication, he needs to take immediate legal action,” Tillis said in a Friday post on X. “If the reporting is true, he owes it to President Trump and every Republican to take accountability for his actions and put the future of NC & our party before himself.”",helene,community_discussion,
lo4wk73,t3_1flqd0g,t3_1flqd0g,NorthCarolina,Hungry_Charity_6668,1726877561,2024-09-21 00:12,47,Mark will do neither,helene,community_discussion,
lo4x2dq,t3_1flqd0g,t3_1flqd0g,NorthCarolina,Isaacleroy,1726877759,2024-09-21 00:15,247,"Silly Tillis, that’s not how MAGA politicians work.",helene,community_discussion,
lo4xgio,t3_1flqd0g,t3_1flqd0g,NorthCarolina,Charming-Tap-1332,1726877917,2024-09-21 00:18,11,"Republicans NEVER do the right thing when times are tough, so don't expect Mark Robinson to break the streak...

Besides, Mark is our (Democrats') very own Mossod agent, and we want him to stay in.",helene,community_discussion,
lo4xh17,t3_1flqd0g,t3_1flqd0g,NorthCarolina,CrownTownLibrarian,1726877924,2024-09-21 00:18,81,My money is on his office leaking the info,helene,community_discussion,
lo4z0v4,t3_1flqd0g,t1_lo4vqhc,NorthCarolina,ms_flibble,1726878548,2024-09-21 00:29,38,Hahaha too late Th--om!,helene,community_discussion,
lo50m3s,t3_1flqd0g,t3_1flqd0g,NorthCarolina,lrpfftt,1726879194,2024-09-21 00:39,11,Where would they find another poorly qualified misogynist candidate this late in the game?,helene,community_discussion,
lo50win,t3_1flqd0g,t3_1flqd0g,NorthCarolina,alcrowe13,1726879308,2024-09-21 00:41,49,"If Mark or any maga republican admits they were wrong, at any time, then that means they could’ve been wrong before. They will always double down.",helene,community_discussion,
lo52ugw,t3_1flqd0g,t3_1flqd0g,NorthCarolina,Ok_Activity7255,1726880104,2024-09-21 00:55,19,MAGA Tillis has no backbone. He’s getting pressure from the Trump campaign to say this.,helene,community_discussion,
lo53ylt,t3_1flqd0g,t1_lo4vqhc,NorthCarolina,Mr_1990s,1726880567,2024-09-21 01:02,373,"“Owes it to President Trump.”

Good Lord, Tillis. You’re the epitome of weakness.",helene,community_discussion,
lo544ny,t3_1flqd0g,t3_1flqd0g,NorthCarolina,URnotSTONER,1726880637,2024-09-21 01:03,19,"WEAK ASS MAGA ain't gonna do shit but double the fuck down on lies. Robinson knows he'll be cooked in court, so it's more LIES LIES LIES.",helene,community_discussion,
lo54cx2,t3_1flqd0g,t3_1flqd0g,NorthCarolina,notyomamasusername,1726880734,2024-09-21 01:05,25,"Fuck Thom Tillis. 

He's still somehow worse than Mark Robinson.",helene,community_discussion,
lo558zm,t3_1flqd0g,t3_1flqd0g,NorthCarolina,waterfalljay,1726881101,2024-09-21 01:11,1,The Perv should apologize to the Rapist Perv!,helene,community_discussion,
lo55ke0,t3_1flqd0g,t1_lo4x2dq,NorthCarolina,driftwood-rider,1726881234,2024-09-21 01:13,54,Trump didn’t even have to claim Access Hollywood was AI.,helene,community_discussion,
lo55xkk,t3_1flqd0g,t3_1flqd0g,NorthCarolina,fizzee33,1726881385,2024-09-21 01:16,8,I worry that the GOP is going to use this to try to mess up ballot printing (again).,helene,community_discussion,
lo55y6j,t3_1flqd0g,t3_1flqd0g,NorthCarolina,Barbarossa49,1726881393,2024-09-21 01:16,22,"God, Thom, have you been asleep for the last decade? NO MAGA politician ever,ever admits to error no matter how compelling the evidence is. You’re just supposed to believe his categorical denial and either sweep it under the rug or place the blame on whoever is the scapegoat of the week. Advising Robinson to act like a responsible adult is just not in the MAGA/GOP playbook.",helene,community_discussion,
lo562z1,t3_1flqd0g,t3_1flqd0g,NorthCarolina,2OneZebra,1726881450,2024-09-21 01:17,24,"They made their bed, they can lay in it.  Look, they knew about this crap all along.  Republicans are the ones that leaked all this stuff. Spare me the fake outrage.  They want a do-over because their guy sucks and is losing.",helene,community_discussion,
lo56s56,t3_1flqd0g,t1_lo55y6j,NorthCarolina,bincyvoss,1726881745,2024-09-21 01:22,13,Tillis has always known about Trump and Robinson.  He will just hold his nose and follow in their wake.,helene,community_discussion,
lo56zui,t3_1flqd0g,t3_1flqd0g,NorthCarolina,cogitoergopwn,1726881836,2024-09-21 01:23,7,"This tub of fascist lard is going to tank the GOP’s local, state, and presidential elections chances lmao",helene,community_discussion,
lo571kj,t3_1flqd0g,t1_lo4z0v4,NorthCarolina,strange_liquid,1726881855,2024-09-21 01:24,32,"And it was too late for RFK to get off the ballot. The roles are made up, and nothing matters",helene,community_discussion,
lo587fy,t3_1flqd0g,t3_1flqd0g,NorthCarolina,NedThomas,1726882346,2024-09-21 01:32,116,"My stepdad, who is a hardcore Trump supporter, told me “you don’t know what they can do with these AI things these days.”  
  
Understanding what AI can do has literally been my job for about eight months, and building web apps has been my job for nearly five years. I don’t get to be an expert in a lot of things, but I am pretty confident in saying this shit ain’t fake.",helene,community_discussion,
lo58cga,t3_1flqd0g,t3_1flqd0g,NorthCarolina,cyst666,1726882404,2024-09-21 01:33,1,Please leave.,helene,community_discussion,
lo58o6y,t3_1flqd0g,t3_1flqd0g,NorthCarolina,downsouth003,1726882544,2024-09-21 01:35,16,The morally corrupt Thom Tillis telling the morally corrupt Mark Robinson to leave the race…..,helene,community_discussion,
lo58v7u,t3_1flqd0g,t3_1flqd0g,NorthCarolina,CarolinaRod06,1726882628,2024-09-21 01:37,12,Wait till he finds out that Republicans leaked the story to CNN.,helene,community_discussion,
lo5at65,t3_1flqd0g,t1_lo53ylt,NorthCarolina,pparhplar,1726883456,2024-09-21 01:50,78,Never ending boot licker.,helene,community_discussion,
lo5axz7,t3_1flqd0g,t1_lo56zui,NorthCarolina,loptopandbingo,1726883512,2024-09-21 01:51,4,I'm not holding my breath.,helene,community_discussion,
lo5b27q,t3_1flqd0g,t1_lo4xh17,NorthCarolina,CarolinaRod06,1726883561,2024-09-21 01:52,66,That’s been reported. It been said the it was leaked to cnn by republicans who discovered it during their internal research. They wanted him to drop out.,helene,community_discussion,
lo5bf3u,t3_1flqd0g,t1_lo50m3s,NorthCarolina,Hollayo,1726883711,2024-09-21 01:55,4,The rest of the NCGOP ,helene,community_discussion,
lo5bq0m,t3_1flqd0g,t1_lo5b27q,NorthCarolina,CrownTownLibrarian,1726883838,2024-09-21 01:57,28,Figured they would do this to him the second he became unelectable and he’s been down big lately,helene,community_discussion,
lo5c19e,t3_1flqd0g,t3_1flqd0g,NorthCarolina,cptjeff,1726883969,2024-09-21 01:59,10,"He won't, and Tillis will still vote for him. Because Tillis has the spine of a tub of margerine.",helene,community_discussion,
lo5f9m6,t3_1flqd0g,t3_1flqd0g,NorthCarolina,Penguins27,1726885389,2024-09-21 02:23,10,"Nope, got to carry this one to term.",helene,community_discussion,
lo5fbfr,t3_1flqd0g,t3_1flqd0g,NorthCarolina,Savingskitty,1726885412,2024-09-21 02:23,17,"This whole thing has the ring of an NCGOP hit job - they just really underestimated what an extreme grifter they put on the ballot.

He doesn’t care one bit about this story coming out.  He has nothing better to do than continue on.

The tone has been like that of the Madison Cawthorn thing.

I don’t mind it, but it seems to me like the crazy and the asshole sides of the NCGOP are fighting each other right now.",helene,community_discussion,
lo5g0nr,t3_1flqd0g,t3_1flqd0g,NorthCarolina,Actual_Sprinkles_291,1726885723,2024-09-21 02:28,5,Meanwhile what the hell is Budd doing?,helene,community_discussion,
lo5h9uy,t3_1flqd0g,t1_lo53ylt,NorthCarolina,ForLark,1726886283,2024-09-21 02:38,23,He has almost always been spineless.,helene,community_discussion,
lo5hciw,t3_1flqd0g,t3_1flqd0g,NorthCarolina,TriangleBasketball,1726886315,2024-09-21 02:38,6,Isn’t it too late to leave the race?,helene,community_discussion,
lo5hp1t,t3_1flqd0g,t1_lo5b27q,NorthCarolina,ratbastid,1726886473,2024-09-21 02:41,21,"So that Robinson is gone and can't primary Thom in 2026.

Thom's had a wary eye on every MAGA nutjob who's gotten prominent in the last few years. The only way he'll ever lose is seat is if he's primaried from the right flank.",helene,community_discussion,
lo5ksij,t3_1flqd0g,t1_lo5hp1t,NorthCarolina,Musashi_Joe,1726887874,2024-09-21 03:04,25,"He could definitely be primaried out by a maga lunatic, but he may be running against Roy Cooper in 2026, so I wouldn’t say his seat is guaranteed.",helene,community_discussion,
lo5m0hl,t3_1flqd0g,t1_lo53ylt,NorthCarolina,hankgribble,1726888435,2024-09-21 03:13,64,i can not believe people keep electing this fucker,helene,community_discussion,
lo5npfv,t3_1flqd0g,t1_lo587fy,NorthCarolina,chooseauniqueusrname,1726889237,2024-09-21 03:27,57,"Robinson is making excuses and blaming something he knows his supporters will know nothing about.

I program AIs and train models as part of my grad school research.  These findings have literally nothing to do with AI.  He’s buzzword blaming.",helene,community_discussion,
lo5o7wq,t3_1flqd0g,t3_1flqd0g,NorthCarolina,CrispyMiner,1726889483,2024-09-21 03:31,7,"Unfortunately, Mark Robinson is stuck in the race as of today",helene,community_discussion,
lo5o90j,t3_1flqd0g,t1_lo5o7wq,NorthCarolina,SokkaHaikuBot,1726889497,2024-09-21 03:31,5,"^[Sokka-Haiku](https://www.reddit.com/r/SokkaHaikuBot/comments/15kyv9r/what_is_a_sokka_haiku/) ^by ^CrispyMiner:

*Unfortunately,*

*Mark Robinson is stuck in*

*The race as of today*

---
^Remember ^that ^one ^time ^Sokka ^accidentally ^used ^an ^extra ^syllable ^in ^that ^Haiku ^Battle ^in ^Ba ^Sing ^Se? ^That ^was ^a ^Sokka ^Haiku ^and ^you ^just ^made ^one.",helene,community_discussion,
lo5o96r,t3_1flqd0g,t1_lo5o7wq,NorthCarolina,haikusbot,1726889499,2024-09-21 03:31,3,"*Unfortunately,*

*Mark Robinson is stuck in the*

*Race as of today*

\- CrispyMiner

---

^(I detect haikus. And sometimes, successfully.) ^[Learn&#32;more&#32;about&#32;me.](https://www.reddit.com/r/haikusbot/)

^(Opt out of replies: ""haikusbot opt out"" | Delete my comment: ""haikusbot delete"")",helene,community_discussion,
lo5ogyd,t3_1flqd0g,t1_lo5o96r,NorthCarolina,CrispyMiner,1726889602,2024-09-21 03:33,4,Well would you look at that,helene,community_discussion,
lo5oikk,t3_1flqd0g,t1_lo5npfv,NorthCarolina,NedThomas,1726889623,2024-09-21 03:33,2,Oh neat. What are you working on?,helene,community_discussion,
lo60xvh,t3_1flqd0g,t1_lo4vqhc,NorthCarolina,EmperorGeek,1726896273,2024-09-21 05:24,36,">> take accountability

Since fucking WHEN have Republicans taken responsibility for ANY of their actions that looked bad?  They just leave office and blame the fallout on Democrats who come along and clean things up.  Why should Mark break the trend now?",helene,community_discussion,
lo60yay,t3_1flqd0g,t1_lo5hciw,NorthCarolina,bionicboom,1726896280,2024-09-21 05:24,2,Yes.,helene,community_discussion,
lo6148c,t3_1flqd0g,t1_lo5fbfr,NorthCarolina,bionicboom,1726896381,2024-09-21 05:26,5,He can always get a job at the local adult xxx video store.,helene,community_discussion,
lo61bcu,t3_1flqd0g,t1_lo5npfv,NorthCarolina,bionicboom,1726896502,2024-09-21 05:28,11,Other than Mark Robinson blaming AI for his remarks on the website that he did 10 years ago.,helene,community_discussion,
lo64rrl,t3_1flqd0g,t1_lo5hp1t,NorthCarolina,jermysteensydikpix,1726898648,2024-09-21 06:04,3,So many other kooks to choose from. Foxx probably won't because of her age but there's plenty others.,helene,community_discussion,
lo64ylz,t3_1flqd0g,t1_lo4x2dq,NorthCarolina,jermysteensydikpix,1726898770,2024-09-21 06:06,28,"File lawsuit, file for delays, then conveniently drop it before discovery phase after election day.",helene,community_discussion,
lo65q7g,t3_1flqd0g,t3_1flqd0g,NorthCarolina,OffManWall,1726899254,2024-09-21 06:14,20,"As much as I dislike Tillis, he’s 100% correct.

If the things that Robinson reportedly said are false and pure media fabrication, he should be filing a lawsuit versus calling them tabloid BS. 

Robinson knows he has to be very careful, because if he calls their bluff with a lawsuit, they could bring receipts on their claims that he can’t dispute or deny.",helene,community_discussion,
lo6anwi,t3_1flqd0g,t1_lo61bcu,NorthCarolina,thejesse,1726902464,2024-09-21 07:07,7,All I'm saying is Skynet sent Arnold back in time...,helene,community_discussion,
lo6dlhi,t3_1flqd0g,t1_lo6anwi,NorthCarolina,sepia_undertones,1726904452,2024-09-21 07:40,14,“Come with me if you want to smell my wife’s sister’s ass.”,helene,community_discussion,
lo6euiw,t3_1flqd0g,t3_1flqd0g,NorthCarolina,DoorwayTwo,1726905308,2024-09-21 07:55,0,Thom Tillis=SLENDERMAN,helene,community_discussion,
lo6gq5q,t3_1flqd0g,t1_lo53ylt,NorthCarolina,RippyMcBong,1726906627,2024-09-21 08:17,7,Dudes such a fucking piece of shit coward. Utter embarrassment.,helene,community_discussion,
lo6j4o0,t3_1flqd0g,t1_lo4vqhc,NorthCarolina,SadPanthersFan,1726908331,2024-09-21 08:45,9,">accountability

*What’s that mean?*

-Republicans",helene,community_discussion,
lo6kodq,t3_1flqd0g,t1_lo4vqhc,NorthCarolina,lastingfame,1726909445,2024-09-21 09:04,0,"What did he do isn't he the piss guy? That ain't bad
 Not my cup of tea but someone will drink it",helene,community_discussion,
lo6qkxz,t3_1flqd0g,t3_1flqd0g,NorthCarolina,Electr_icity,1726913609,2024-09-21 10:13,5,"Tillis is just another RINO who has no idea what he's talking about. Don't listen to him, Robinson. The people of North Carolina want you to stay in the race.",helene,community_discussion,
lo6te2i,t3_1flqd0g,t3_1flqd0g,NorthCarolina,OldCreezy,1726915496,2024-09-21 10:44,1,Thom Tillis is a weird bitch.,helene,community_discussion,
lo6wbjr,t3_1flqd0g,t1_lo53ylt,NorthCarolina,tacobelle685,1726917303,2024-09-21 11:15,5,COMPLETE coward and bootlicker,helene,community_discussion,
lo6wcpt,t3_1flqd0g,t1_lo5m0hl,NorthCarolina,tacobelle685,1726917322,2024-09-21 11:15,26,Lets hope Cooper runs against him in 2026 for his seat :),helene,community_discussion,
lo6wn51,t3_1flqd0g,t1_lo5ksij,NorthCarolina,ratbastid,1726917489,2024-09-21 11:18,3,All fingers crossed.,helene,community_discussion,
lo6woxi,t3_1flqd0g,t1_lo64rrl,NorthCarolina,ratbastid,1726917518,2024-09-21 11:18,2,"Yeah, but once their head raises up above the rabble, Thom's there to whack it off.",helene,community_discussion,
lo6x62v,t3_1flqd0g,t1_lo5b27q,NorthCarolina,daveydavidsonnc,1726917789,2024-09-21 11:23,-1,No way they would have done it much sooner. This was designed to suppress GOP turnout.,helene,community_discussion,
lo712tk,t3_1flqd0g,t1_lo6x62v,NorthCarolina,CarolinaRod06,1726919881,2024-09-21 11:58,5,They actually thought he had a chance of getting elected. Once they realize that he didn’t and he was hurting them they fed the information to the media.  Why do you think the story came out the day of the deadline to withdraw and Republicans immediately began to pressure him to drop out?,helene,community_discussion,
lo71blt,t3_1flqd0g,t1_lo60xvh,NorthCarolina,johnplay26,1726920004,2024-09-21 12:00,4,They don’t. They just tell everyone that they talked to their imaginary friend in the sky about it and their imaginary friend has forgiven them. Then they wash their hands and are more careful about being caught as they continue to do whatever it was they got in trouble for in the first place,helene,community_discussion,
lo72ypf,t3_1flqd0g,t1_lo4x2dq,NorthCarolina,cantusethatname,1726920824,2024-09-21 12:13,18,"Yes, sue CNN. And watch how fast MAGA Mark is totally exposed. Good idea MAGA Moron Tom. Very helpful!",helene,community_discussion,
lo74umk,t3_1flqd0g,t1_lo72ypf,NorthCarolina,aquavittle,1726921701,2024-09-21 12:28,9,"Thom knows that, and he’s just trying to get Robinson out, I’m sure.",helene,community_discussion,
lo75iho,t3_1flqd0g,t1_lo6qkxz,NorthCarolina,OriginalWasTaken12,1726922006,2024-09-21 12:33,1,"I just woke up so I had to read this twice but yes, fully agree!",helene,community_discussion,
lo766jl,t3_1flqd0g,t3_1flqd0g,NorthCarolina,zennyc001,1726922306,2024-09-21 12:38,3,Yes legal action! Open yourself up to discovery. Do it.,helene,community_discussion,
lo76kxz,t3_1flqd0g,t1_lo65q7g,NorthCarolina,KingStannis2020,1726922481,2024-09-21 12:41,5,"99% correct. 

He doesn't ""owe it to President Trump"" to drop out, that's some weird cult of personality shit.  He owes it to the North Carolina public.",helene,community_discussion,
lo76ubo,t3_1flqd0g,t1_lo72ypf,NorthCarolina,HauntingSentence6359,1726922594,2024-09-21 12:43,13,"Tillis is telling Robinson to put up or get out.  Give poor Old Pigmeat Robinson a break; all this happened more than ten years ago; even Michele Morrow defended her call for the public execution of Obama, saying that was four years ago. /s",helene,community_discussion,
lo79un9,t3_1flqd0g,t3_1flqd0g,NorthCarolina,WhoAccountNewDis,1726923836,2024-09-21 13:03,2,Can't drop out now lol,helene,community_discussion,
lo7gion,t3_1flqd0g,t1_lo5f9m6,NorthCarolina,DalenSpeaks,1726926448,2024-09-21 13:47,1,🤣🤣🤣,helene,community_discussion,
lo7idt9,t3_1flqd0g,t1_lo6dlhi,NorthCarolina,thrownaway136976,1726927130,2024-09-21 13:58,2,Do I need to bring anything?  Will lunch be provided?,helene,community_discussion,
lo7k3z2,t3_1flqd0g,t1_lo5npfv,NorthCarolina,Majestic-Macaron6019,1726927742,2024-09-21 14:09,4,"To be fair, Robinson is incredibly stupid, so he has trouble understanding that people of average or better intelligence won't fall for that.",helene,community_discussion,
lo7kyq2,t3_1flqd0g,t1_lo55ke0,NorthCarolina,FailResorts,1726928044,2024-09-21 14:14,17,"But also when Tillis says it’s time for you to go, it typically is. He’s the one who orchestrated the downfall of Madison Cawthorn and got Chuck Edwards installed to replace him. To me, I’m convinced that the NCGOP knew of most of his skeletons in the closet but only start dropping their oppo/blackmail when they do something bad. Like telling the truth about depravity among Republicans in Washington or consuming transgender adult material.  
  
https://www.independent.co.uk/voices/madison-cawthorn-thom-tillis-north-carolina-b2079939.html",helene,community_discussion,
lo7qgza,t3_1flqd0g,t1_lo53ylt,NorthCarolina,[deleted],1726929928,2024-09-21 14:45,1,[removed],helene,community_discussion,
lo7sops,t3_1flqd0g,t3_1flqd0g,NorthCarolina,szayl,1726930675,2024-09-21 14:57,1,Is Tillis suggesting that Robinson should _wash his hands_ of all of this?,helene,community_discussion,
lo827x9,t3_1flqd0g,t1_lo6qkxz,NorthCarolina,ChaosRainbow23,1726933845,2024-09-21 15:50,1,"What? 

No, the vast majority of NC voters do not want a self-proclaimed 'Nazi' as governor. 

Robinson is a blatant Christofacist. I'm genuinely curious how you can support him. He's one of the worst types out there. 

Do you WANT NC to turn into a Christofascist hellscape?",helene,community_discussion,
lo837n2,t3_1flqd0g,t1_lo6te2i,NorthCarolina,ChaosRainbow23,1726934175,2024-09-21 15:56,2,"Robinson is even worse. 

Tillis is also a right-wing wack-a-doo, oppressor, and theocrat, but Robinson is infinitely more dangerous. 

I'm glad Robinson is running. It's almost certain he cannot win here. Especially now. 

I'm truly hoping NC turns blue.",helene,community_discussion,
lo8779g,t3_1flqd0g,t1_lo827x9,NorthCarolina,nekochiri,1726935502,2024-09-21 16:18,4,I want him to stay to ensure he loses,helene,community_discussion,
lo8dxoz,t3_1flqd0g,t1_lo8779g,NorthCarolina,ChaosRainbow23,1726937693,2024-09-21 16:54,1,"Oh, we certainly agree on that one. Lol

They aren't letting him withdrawal, correct?",helene,community_discussion,
lo8e0o4,t3_1flqd0g,t1_lo8dxoz,NorthCarolina,nekochiri,1726937719,2024-09-21 16:55,3,That’s the rules.,helene,community_discussion,
lo8ex62,t3_1flqd0g,t1_lo8e0o4,NorthCarolina,ChaosRainbow23,1726938008,2024-09-21 17:00,2,I love to see it.,helene,community_discussion,
lo8gx2a,t3_1flqd0g,t3_1flqd0g,NorthCarolina,asdcatmama,1726938650,2024-09-21 17:10,1,Oh I kinda want to see how this plays out 👀,helene,community_discussion,
lo8rkpp,t3_1flqd0g,t1_lo53ylt,NorthCarolina,VeryVito,1726942066,2024-09-21 18:07,1,"It's amazing how many people think a president is ""owed"" anything.",helene,community_discussion,
lo8x193,t3_1flqd0g,t1_lo712tk,NorthCarolina,Geniusinternetguy,1726943892,2024-09-21 18:38,1,Makes sense. My first thought was - if the Dems are dropping this now i wonder what they are holding back for October.,helene,community_discussion,
lo95rn1,t3_1flqd0g,t1_lo587fy,NorthCarolina,nickbelane,1726946958,2024-09-21 19:29,2,Every politician is going to do this from now on.,helene,community_discussion,
lo9djjd,t3_1flqd0g,t3_1flqd0g,NorthCarolina,Viking_Musicologist,1726949635,2024-09-21 20:13,2,Legal action is not a surefire way of getting his points across. Besides the courts could easily reject the case after the election leaving Robinson in a major catch 22 that would destroy DT and his cronies once and for all.,helene,community_discussion,
lo9e1yn,t3_1flqd0g,t1_lo5npfv,NorthCarolina,blancmange68,1726949803,2024-09-21 20:16,2,"Exactly. Even if it was somehow faked, it wouldn’t require AI to do this. Stupid.",helene,community_discussion,
lo9hocu,t3_1flqd0g,t1_lo587fy,NorthCarolina,TrucksAndBongs,1726951015,2024-09-21 20:36,2,"When it doubt, blame it on AI",helene,community_discussion,
lo9sb1n,t3_1flqd0g,t1_lo5m0hl,NorthCarolina,bincyvoss,1726954674,2024-09-21 21:37,1,He looks like a goofy nazi.,helene,community_discussion,
loa9ndg,t3_1flqd0g,t3_1flqd0g,NorthCarolina,reecieface1,1726961239,2024-09-21 23:27,1,"“ put the future of our party..before himself”…these idiots don’t even realize its about the future of our COUNTRY!  it’s so blatant,  it’s all about power and themselves and the GOP, not the American people who they are suppose to represent!  The republicans are a lost cause at this point..",helene,community_discussion,power
loafssq,t3_1flqd0g,t1_lo827x9,NorthCarolina,Electr_icity,1726963694,2024-09-22 00:08,2,I never said y'all wanted him to win. I just said y'all want him to stay in the race.,helene,community_discussion,
loah9yo,t3_1flqd0g,t1_lo587fy,NorthCarolina,Sparklingcoconut666,1726964297,2024-09-22 00:18,1,Ai was the worst thing that could’ve happened to us bc now people are going to believe whatever they want,helene,community_discussion,
lo4wz6s,t3_1flqg50,t3_1flqg50,NorthCarolina,Weightcycycle11,1726877724,2024-09-21 00:15,3,It bugs out sometimes…try tomorrow.,helene,community_discussion,
lo4xwga,t3_1flqg50,t3_1flqg50,NorthCarolina,AppearanceKey2170,1726878097,2024-09-21 00:21,3,"just try again, maybe later

seriously its hit or miss on that site",helene,community_discussion,
lo4yvm3,t3_1flqg50,t3_1flqg50,NorthCarolina,PuddinTamename,1726878490,2024-09-21 00:28,2,Common issue. Keep trying.,helene,community_discussion,
lo532fn,t3_1flr4wz,t3_1flr4wz,NorthCarolina,AngusMcTibbins,1726880194,2024-09-21 00:56,30,"Yes. Vote blue

https://www.joshstein.org/

https://www.ncdp.org/",helene,community_discussion,
lo548f8,t3_1flr4wz,t3_1flr4wz,NorthCarolina,Flimsy_Breakfast_353,1726880680,2024-09-21 01:04,27,Well look at who endorses him that happens to be running for president,helene,community_discussion,
lo54lrk,t3_1flr4wz,t3_1flr4wz,NorthCarolina,BarryZZZ,1726880838,2024-09-21 01:07,39,"Because they are counting easily impressed idiots to believe their absurd, cultish lies.

Fight back, don't act like an easily impress idiot.",helene,community_discussion,
lo54uum,t3_1flr4wz,t3_1flr4wz,NorthCarolina,CompleteSherbert885,1726880942,2024-09-21 01:09,7,"Well, it's clear that his version of slavery isn't fellow black folks. Nope, in his dream I'm guessing it's gunna be Hispanic folks and people coming in from the Caribbean. 

And being a black Nazi? There are tons of black people who don't like others who are black and who truly identify with the philosophy of the white nationalists. There are plenty of Cubans and people who come from India who also have this attitude. They themselves are perfect but everyone else who immigrated here from there are not. 

I think our problem is we're associating certain words with a specific meaning from history. What Mark Robinson is doing, as well as many others, is associating those words with a more exact meaning instead.",helene,community_discussion,
lo55x6u,t3_1flr4wz,t3_1flr4wz,NorthCarolina,ldm9999,1726881381,2024-09-21 01:16,9,Robinson is a POS!!!!  This person is so twisted in his belief system. Hard to believe he has been elected to any position.,helene,community_discussion,
lo577hs,t3_1flr4wz,t3_1flr4wz,NorthCarolina,HomegirlNC123,1726881925,2024-09-21 01:25,5,"Didn’t he mention something about slavery being a positive thing before?  I am blanking, but maybe someone else can fill me in….",helene,community_discussion,
lo57bw4,t3_1flr4wz,t1_lo54uum,NorthCarolina,HomegirlNC123,1726881976,2024-09-21 01:26,8,"The Cubans are definitely a strange bunch, spent a lot of time in the Miami area and never saw so many Hispanics in love with Trump.",helene,community_discussion,
lo57jhf,t3_1flr4wz,t3_1flr4wz,NorthCarolina,seaboard2,1726882065,2024-09-21 01:27,106,"Somehow, I bet Mark just wants to own female slaves...",helene,community_discussion,
lo57nz6,t3_1flr4wz,t3_1flr4wz,NorthCarolina,mamac2213,1726882117,2024-09-21 01:28,27,"That to me is the underrated theme of this story and timeline, both in NC and nationally. What has happened to the GOP? I feel like I've been watching one of the 2 major political parties implode in real time since Jan 6. I genuinely respected people registered to the other party because as long as they were trying to do what's right for the citizens of their constituency, even if I disagreed, that was okay. I could live with it. But these people? What has happened to the GOP?",helene,community_discussion,
lo57nxy,t3_1flr4wz,t3_1flr4wz,NorthCarolina,prizepig,1726882117,2024-09-21 01:28,66,"These guys are weird,

We have a Republican candidate for governor who posted on a porn site about a bunch of wild shit, including wanting to bring back slavery.  CNN picked up on the slavery and Nazi stuff, because his other posts are simply too nasty to talk about on television. 

It's unfathomable.",helene,community_discussion,
lo57xxz,t3_1flr4wz,t1_lo57bw4,NorthCarolina,CompleteSherbert885,1726882234,2024-09-21 01:30,5,"Yeah, it's like they don't associate with the Hispanic heathens that Trump is talking about... even though Trump is absolutely including them as well.",helene,community_discussion,
lo58hrh,t3_1flr4wz,t3_1flr4wz,NorthCarolina,TingleGreen,1726882468,2024-09-21 01:34,1,"One day, at least I hope, the conservatives will remember what it means to be conservative; and adhere to those convictions. 

Robinson, Trump, whoever... Those are not people that represent actual conservative values. 

Smaller government. More personal freedom(like choosing healthcare). Fiscal responsibility. The ideals of community. 

What happened to that?

Live and let live, right? Where are MY conservative values represented?!?!",helene,community_discussion,
lo58sge,t3_1flr4wz,t1_lo57nxy,NorthCarolina,Barbarossa49,1726882595,2024-09-21 01:36,20,You can find the texts of some of the salacious posts online. I read one and it was deeply disturbing and perverted. I really don’t recommend that anyone chase them down.,helene,community_discussion,
lo58z33,t3_1flr4wz,t3_1flr4wz,NorthCarolina,Mr_1990s,1726882674,2024-09-21 01:37,14,"He’s our current lieutenant governor. The current Republican candidate for president has been nominated three straight times by the party because their primary voters seem to prefer the people who represent their worst qualities.

They could easily be defeated by independent voters and adults who choose to not vote.",helene,community_discussion,
lo590b2,t3_1flr4wz,t1_lo55x6u,NorthCarolina,bigwinw,1726882689,2024-09-21 01:38,1,Lieutenant Governor,helene,community_discussion,
lo598bs,t3_1flr4wz,t3_1flr4wz,NorthCarolina,tabby90,1726882785,2024-09-21 01:39,4,"Since his porn history has come out, we know it's a kink.",helene,community_discussion,
lo59kl7,t3_1flr4wz,t1_lo57xxz,NorthCarolina,HomegirlNC123,1726882930,2024-09-21 01:42,1,It's a strange alternate reality!,helene,community_discussion,
lo59ome,t3_1flr4wz,t3_1flr4wz,NorthCarolina,thrillhouse416,1726882979,2024-09-21 01:42,15,He also pretty openly hates Jewish people too,helene,community_discussion,
lo59v8i,t3_1flr4wz,t3_1flr4wz,NorthCarolina,Tanager_Summer,1726883058,2024-09-21 01:44,8,"It may be pointless,  but I texted back to someone asking me to consider voting for Dan Bishop: The NC GOP is a disgrace. I would never vote for anyone associated with them in any way whatsoever.  Please think about what you are doing and consider the absolute evil that is the GOP. Do YOU want to be associated with them?",helene,community_discussion,
lo5c36h,t3_1flr4wz,t3_1flr4wz,NorthCarolina,El_Tormentito,1726883992,2024-09-21 01:59,3,Lots of people like this stuff or so not care. Just remember that trump has a rock bottom polling average of something like 47 percent no matter what he does or says. Now just translate that to other candidates for the same group.,helene,community_discussion,
lo5e5c3,t3_1flr4wz,t3_1flr4wz,NorthCarolina,[deleted],1726884889,2024-09-21 02:14,1,[removed],helene,community_discussion,
lo5ehk0,t3_1flr4wz,t1_lo57nz6,NorthCarolina,GJones007,1726885040,2024-09-21 02:17,32,"In our lifetime, I'd say Citizens United >> Trump. 

Before that, I'd say Southern Strategy >> Nixon >> Reagan >> Newt Gengrich >> Rush Limbaugh, etc.",helene,community_discussion,
lo5ep99,t3_1flr4wz,t1_lo58hrh,NorthCarolina,TwentyCharacters2022,1726885135,2024-09-21 02:18,6,"Republicans havent been about personal freedoms or smaller government since Gingrich at best, but probably since Nixon, the Southern strategy, and the rise of the Religious Right. Conservatives became less about limiting government and more about *who* could govern. They accepted the platforms of Libertarians in order to broaden their base, and then found themselves desperately trying to justify everyones wackadoo theories simply to maintain control of the party.

Its a shame too…conservatism is an important part of the political process. It’s the brakes that prevents the car from careening out of control. But this centurys version is a bungee cord tied to the bumper - at best, ineffective, and at worst, sends us all flying dangerously and violently backwards.",helene,community_discussion,
lo5ezmt,t3_1flr4wz,t1_lo57jhf,NorthCarolina,TwentyCharacters2022,1726885264,2024-09-21 02:21,50,"Well considering his search history, they wouldn’t *all* be female.",helene,community_discussion,
lo5g34f,t3_1flr4wz,t3_1flr4wz,NorthCarolina,rvralph803,1726885754,2024-09-21 02:29,20,"Guys guys guys, you're just being radical leftists. A true moderate would understand that the path forward is in the middle: 

We should have half slavery. Slavery-lite if you will. It's the only way. 

And yes this *is* how fucking stupid some of you self styled ""both sides"" folks sound.",helene,community_discussion,
lo5haop,t3_1flr4wz,t3_1flr4wz,NorthCarolina,Scoopdoopdoop,1726886293,2024-09-21 02:38,5,It's absolutely unbelievable,helene,community_discussion,
lo5hk1c,t3_1flr4wz,t1_lo57nxy,NorthCarolina,moondogged,1726886410,2024-09-21 02:40,12,Not to mention the discourse regarding bodily functions!,helene,community_discussion,
lo5kh1p,t3_1flr4wz,t1_lo5ezmt,NorthCarolina,[deleted],1726887731,2024-09-21 03:02,1,[removed],helene,community_discussion,
lo5kuck,t3_1flr4wz,t3_1flr4wz,NorthCarolina,hopeless-hobo,1726887896,2024-09-21 03:04,5,And he also wants to Jill us,helene,community_discussion,
lo5kz06,t3_1flr4wz,t1_lo58sge,NorthCarolina,sesamestix,1726887956,2024-09-21 03:05,15,He said he fucked his wife’s sister and can’t wait to do it again in one I saw.,helene,community_discussion,
lo5ldcs,t3_1flr4wz,t3_1flr4wz,NorthCarolina,jtshinn,1726888138,2024-09-21 03:08,2,"The primary rewards the worst possible candidates. The general election corrects for that. There have been some notable exceptions, but the regression to the mean is coming in hard now.",helene,community_discussion,
lo5ldra,t3_1flr4wz,t1_lo57nxy,NorthCarolina,NoFornicationLeague,1726888143,2024-09-21 03:09,1,I’ve seen so much wild shit from him that I can’t keep up. Where did he say he wants to bring back slavery? I have to see this.,helene,community_discussion,
lo5ms7m,t3_1flr4wz,t1_lo57nz6,NorthCarolina,AccomplishedWar8634,1726888796,2024-09-21 03:19,3,I’m with you! It feels like they are suffering from a middle illness induced by Trump. It’s insane! I have to vote Democrat.,helene,community_discussion,
lo5nieh,t3_1flr4wz,t1_lo57nz6,NorthCarolina,allllusernamestaken,1726889143,2024-09-21 03:25,21,"Because we only have two major parties, and it's effectively impossible for a non-R/D to get elected, both have to be Big Tent Parties. They have to include as many people as possible; people who, in Parliamentary-style countries, would belong to other parties.

After Mitt Romney, the Republican Party did some soul searching. They concluded that, if they want to remain competitive nationally, they needed to get the support of more minorities, more women, and more young voters. They decided to NOT follow that plan. 

What happened was they instead tried to expand their Big Tent to include more fringe elements. People who took more hardline approaches to abortion, immigration, taxes, ""role of government"", etc. As the Republican Party included more of these fringe elements, more center-right voters became disenfranchised. This was repeated until the Republican coalition specifically included neo-Nazis, White Nationalists, conspiracy theorists, political trolls, and Christian Nationalists; normal people have, for the most part, been excluded. 

Instead of getting a bigger tent they kicked out moderates to include the crazies. Mark Robinson is a part of that.",helene,community_discussion,
lo5nqu1,t3_1flr4wz,t1_lo5ldra,NorthCarolina,prizepig,1726889256,2024-09-21 03:27,6,"This was in the news this week.  Part of what he commented on the porn website forums. 

Saying that slavery needed to be brought back, and that he would buy a few.",helene,community_discussion,
lo5nujh,t3_1flr4wz,t1_lo5g34f,NorthCarolina,MrVeazey,1726889305,2024-09-21 03:28,14,"Leftists:  Everybody deserves health care and a living wage.  
Fascists:  We should kill all the brown people.  
Centrists:  Guys, we need to compromise. Let's only kill *half* of the brown people.",helene,community_discussion,
lo5o03k,t3_1flr4wz,t1_lo5nieh,NorthCarolina,mamac2213,1726889379,2024-09-21 03:29,2,I hear you. Deep breath.,helene,community_discussion,
lo5s76r,t3_1flr4wz,t3_1flr4wz,NorthCarolina,justforfun1620,1726891421,2024-09-21 04:03,3,"Remember if the black dude says it,  it can't be racist right?
GOP logic confounds me.",helene,community_discussion,
lo5scy8,t3_1flr4wz,t1_lo5nqu1,NorthCarolina,justforfun1620,1726891503,2024-09-21 04:05,6,And he's a Black Nazi. That contradiction alone boggles me.,helene,community_discussion,
lo5sdb6,t3_1flr4wz,t1_lo5ezmt,NorthCarolina,LongjumpingMud1736,1726891508,2024-09-21 04:05,50,"Hey, trans women are women too 😂",helene,community_discussion,
lo5v2fi,t3_1flr4wz,t3_1flr4wz,NorthCarolina,Dredgeon,1726892931,2024-09-21 04:28,2,"That shit was said on a fetish site. I doubt it's actually his policy direction. 

He was already the worst candidate I've ever seen. This just goes to show how hypocritical his ""Christian values"" are.",helene,community_discussion,
lo61jnt,t3_1flr4wz,t1_lo5kz06,NorthCarolina,SirRogers,1726896642,2024-09-21 05:30,14,And pissed in her ass,helene,community_discussion,
lo61lpr,t3_1flr4wz,t3_1flr4wz,NorthCarolina,jagscorpion,1726896676,2024-09-21 05:31,-15,Are we really acting like trollish p*** forum posts 10 years ago are supposed to be an accurate summary of someone's beliefs? Are COD rants our next source of breaking news?,helene,community_discussion,
lo644nl,t3_1flr4wz,t1_lo61lpr,NorthCarolina,SoF4rGone,1726898235,2024-09-21 05:57,12,"Do you think that behavior is in any way normal? Like, if you’re posting in a similar way, you should really look in a mirror and reconsider things dude.",helene,community_discussion,
lo667dh,t3_1flr4wz,t3_1flr4wz,NorthCarolina,2spicy_4you,1726899556,2024-09-21 06:19,4,"He’s openly said he says things to get views…he’s a literal probably literal medically confirmed psychopath. He belongs no where near government, he is clearly with this leak a sexual fucking lunatic. This is the Republican Party. Trump, Gaetz, Robinso, Cawthorn. Hypocrites and sycophants. They don’t care. They are despicable awful human beings down to their core",helene,community_discussion,
lo6g9sd,t3_1flr4wz,t3_1flr4wz,NorthCarolina,msackeygh,1726906306,2024-09-21 08:11,3,"Mark thinks if he has his way he’ll be a slave owner. Chances are it’s much more likely he’ll be enslaved. 

I’m curious about what his natal family, black friends, and his own wife actually think and what they have said to him. And those who are working on his campaign, how do they face themselves everyday seeing that their candidate is such a vile person.",helene,community_discussion,
lo6hfpz,t3_1flr4wz,t3_1flr4wz,NorthCarolina,bowens44,1726907128,2024-09-21 08:25,2,trump happened,helene,community_discussion,
lo6muhy,t3_1flr4wz,t1_lo57jhf,NorthCarolina,Professional-Pen-484,1726911011,2024-09-21 09:30,6,This Rings so true.,helene,community_discussion,
lo6pdus,t3_1flr4wz,t1_lo5nujh,NorthCarolina,rvralph803,1726912789,2024-09-21 09:59,3,"Oh William, we need to get together soon.",helene,community_discussion,
lo6r9d6,t3_1flr4wz,t3_1flr4wz,NorthCarolina,Disastrous_Cover6138,1726914075,2024-09-21 10:21,3,And loves piss,helene,community_discussion,
lo6s0gs,t3_1flr4wz,t3_1flr4wz,NorthCarolina,patbagger,1726914588,2024-09-21 10:29,-14,"Political propaganda, it's an election year and the Democrats have a long history of doing this type of thing to Black men they don't control.",helene,community_discussion,
lo6xcpn,t3_1flr4wz,t3_1flr4wz,NorthCarolina,GetNR3KT,1726917895,2024-09-21 11:24,-9,"Yeah, you really don’t know what you’re talking about.",helene,community_discussion,
lo6xht3,t3_1flr4wz,t1_lo61jnt,NorthCarolina,Barbarossa49,1726917975,2024-09-21 11:26,6,"Yes, that one and there are apparently others",helene,community_discussion,
lo6zk1q,t3_1flr4wz,t3_1flr4wz,NorthCarolina,Mywordispoontang101,1726919096,2024-09-21 11:44,4,"NC GOP?  It's the entire party.  Look at who they've put into power- a rapist, traitorous president, reps who fuck their crossfit instructors, give handjobs in public, sexually traffic young girls, and cover up sexual abuse by medical professionals.  Hell, we had a guy from NC that got kicked out of the party for telling everyone about the cocaine-and-whore fuck parties.  Robinson is very on-brand for today's ""conservatives"".",helene,community_discussion,power
lo6zs21,t3_1flr4wz,t3_1flr4wz,NorthCarolina,Seaisle7,1726919215,2024-09-21 11:46,2,It’s called trumpism,helene,community_discussion,
lo6zu7a,t3_1flr4wz,t1_lo57jhf,NorthCarolina,Seaisle7,1726919246,2024-09-21 11:47,5,With dicks,helene,community_discussion,
lo719e4,t3_1flr4wz,t1_lo6xcpn,NorthCarolina,dachx4,1726919973,2024-09-21 11:59,3,"Yeah, yes he does.",helene,community_discussion,
lo71rr8,t3_1flr4wz,t1_lo6s0gs,NorthCarolina,Uisce-beatha,1726920232,2024-09-21 12:03,8,"He used the same username across every site and also used uncommon phrases that he's used in public on multiple occasions. He provided his name, his relatives names, dates of birth, place of residence and a photo of himself. Some of this goes back over a decade. Perhaps reading the CNN article will make it a bit more clear. 

There is also the benefit of the doubt. This applies when someone has accusations hurled at them that go against the behavior everyone has observed from them over the years. This is far from the case with Robinson.",helene,community_discussion,
lo73rp0,t3_1flr4wz,t1_lo5ms7m,NorthCarolina,TheMan123718,1726921201,2024-09-21 12:20,1,You are. It’s called Trump Derangement  Syndrome,helene,community_discussion,
lo744js,t3_1flr4wz,t1_lo5nujh,NorthCarolina,[deleted],1726921365,2024-09-21 12:22,1,[removed],helene,community_discussion,
lo745m0,t3_1flr4wz,t3_1flr4wz,NorthCarolina,alucardunit1,1726921379,2024-09-21 12:22,4,"Well, the search for the real life Uncle ruckus is over...",helene,community_discussion,
lo770q4,t3_1flr4wz,t1_lo6s0gs,NorthCarolina,carbonite_dating,1726922670,2024-09-21 12:44,3,He should definitely sue CNN right 👍.,helene,community_discussion,
lo7frid,t3_1flr4wz,t1_lo5nqu1,NorthCarolina,BeachPlease843,1726926162,2024-09-21 13:42,2,Is he “too good” to be a slave or what? This confuses me.,helene,community_discussion,
lo7gjaz,t3_1flr4wz,t3_1flr4wz,NorthCarolina,icnoevil,1726926454,2024-09-21 13:47,1,"Republican leadership knew full well what they were getting in this bargain with the devil when they ignored a respectable candidate and chose this delusional batshit crazy ignoramas.  Now, just deal with it.",helene,community_discussion,
lo7gquo,t3_1flr4wz,t1_lo577hs,NorthCarolina,fcpancakes,1726926532,2024-09-21 13:48,1,"Yup, he even said he'd own a few...",helene,community_discussion,
lo7hdfp,t3_1flr4wz,t3_1flr4wz,NorthCarolina,taco-bake,1726926766,2024-09-21 13:52,2,And yet a large uneducated portion of the state will still vote for the R behind his name.,helene,community_discussion,
lo7jqhb,t3_1flr4wz,t3_1flr4wz,NorthCarolina,LLCoolJim_2020,1726927611,2024-09-21 14:06,1,Pretty sure it is Robinson taking the crazy pills.,helene,community_discussion,
lo7kjxo,t3_1flr4wz,t3_1flr4wz,NorthCarolina,Tex-Rob,1726927899,2024-09-21 14:11,3,"It’d be funny if it wasn’t sad how right I and many others were.  If you called this guy a self hating black who hates black people, a few years ago, you’d be downvoted and maybe suspended from Reddit.  Dude admits to it and it probably makes a bunch of rural whites wanna vote for him now.  That’s where we are.",helene,community_discussion,
lo7s67z,t3_1flr4wz,t1_lo57nxy,NorthCarolina,DiarrangusJones,1726930500,2024-09-21 14:55,5,"I haven’t read it all, but it looks like he said A LOT of crazy stuff 🤣  Putting aside all the absolutely wild things he said, who even logs in and leaves comments on porn sites, much less long, voluminous comments so frequently that other users knew him on a first name basis?  Dude was using a porn site like it was his personal blog, that shit is crazy",helene,community_discussion,
lo7zy1d,t3_1flr4wz,t1_lo770q4,NorthCarolina,patbagger,1726933096,2024-09-21 15:38,-2,It's happened before and they paided up,helene,community_discussion,
lo8119k,t3_1flr4wz,t1_lo7gquo,NorthCarolina,HomegirlNC123,1726933455,2024-09-21 15:44,1,"I thought there was a clip from a long time ago of him talking about slavery in an offensive light, aside from the recent news.",helene,community_discussion,
lo8fle7,t3_1flr4wz,t1_lo7s67z,NorthCarolina,chronoswing,1726938224,2024-09-21 17:03,3,"I checked the site out, out of curiosity. It's a subscription based forum that also has porn.",helene,community_discussion,
lo8gjpg,t3_1flr4wz,t3_1flr4wz,NorthCarolina,BaldandersDAO,1726938534,2024-09-21 17:08,2,"*Not making sense* is a feature, not a bug, of fascism.

Which is why the trains *didn't* run on time in Italy.

The GQP is currently *fucked,* and has a follower of Yarvin's Dark Enlightenment as VP pick. The vision is *democracy is bad, Republic of Gilead for the masses, Libertarian Paradise for the rich!*  Your average FOX/OANN/Newsmax/Tucker watcher thinks it's all about Jesus,  anticommunism, and saving teenagers from *trans grooming* and having their precious reproductive organs removed.

Vote Blue or keep running towards *The Handsmaid's Tale* with Chaser Uncle Ruckus as a typical Fuhrer in our upcoming Fourth Reich.",helene,community_discussion,
lo8h3ng,t3_1flr4wz,t1_lo7zy1d,NorthCarolina,carbonite_dating,1726938708,2024-09-21 17:11,2,"He should definitely go for it, get them for all he can, if the allegations are fabricated.",helene,community_discussion,
lo8me6q,t3_1flr4wz,t1_lo5ms7m,NorthCarolina,stainedglass333,1726940379,2024-09-21 17:39,3,Trump is a symptom. Not the disease.,helene,community_discussion,
lo8nnvm,t3_1flr4wz,t3_1flr4wz,NorthCarolina,PresentSubstantial10,1726940779,2024-09-21 17:46,1,Don’t be stupid,helene,community_discussion,
lo8rlx6,t3_1flr4wz,t3_1flr4wz,NorthCarolina,fixerjy,1726942077,2024-09-21 18:07,1,🫥👀,helene,community_discussion,
lo8x43x,t3_1flr4wz,t3_1flr4wz,NorthCarolina,Nosebluhd,1726943919,2024-09-21 18:38,1,He also allegedly wants to do buttstuff with his wife’s sister while she (somehow) also pee’s on his face. Which is just funny to try and imagine.,helene,community_discussion,
lo96h4u,t3_1flr4wz,t1_lo6pdus,NorthCarolina,MrVeazey,1726947206,2024-09-21 19:33,2,Absolutely.,helene,community_discussion,
lo990nq,t3_1flr4wz,t3_1flr4wz,NorthCarolina,[deleted],1726948086,2024-09-21 19:48,1,[deleted],helene,community_discussion,
lo9eakm,t3_1flr4wz,t1_lo57jhf,NorthCarolina,WhoAccountNewDis,1726949883,2024-09-21 20:18,2,"Also look at his opinions on Dr. King. I thinks it's mostly sexual, but l also think he has issues with other Black people.",helene,community_discussion,
lo9ize9,t3_1flr4wz,t3_1flr4wz,NorthCarolina,Lindsey_NC,1726951440,2024-09-21 20:44,-1,Can you source where you got this information?,helene,community_discussion,
lo9j5sr,t3_1flr4wz,t1_lo57nxy,NorthCarolina,romacopia,1726951498,2024-09-21 20:44,3,"To be fair to CNN, him liking pissing on his sister in law is less relevant to the election than *him declaring he is a nazi who wants to own slaves.*",helene,community_discussion,
lo9jlhv,t3_1flr4wz,t3_1flr4wz,NorthCarolina,TheTubaGeek,1726951644,2024-09-21 20:47,1,He thinks he'll be immune from being a slave because he has money.,helene,community_discussion,
lo9lrz9,t3_1flr4wz,t1_lo9ize9,NorthCarolina,Giants4Truth,1726952382,2024-09-21 20:59,3,Seriously?  Google it.,helene,community_discussion,
lo9mogf,t3_1flr4wz,t1_lo9lrz9,NorthCarolina,Lindsey_NC,1726952690,2024-09-21 21:04,-1,I want to hear where YOU heard the information from.  You can't trust every news outlet.  🤷‍♀️,helene,community_discussion,
loaa1qd,t3_1flr4wz,t3_1flr4wz,NorthCarolina,snugglebliss,1726961396,2024-09-21 23:29,2,"And the Republicans love him; they’ve been backing him for months. Good friends with Trump. 

Mark just speaks what the other Republicans are thinking behind the scenes… Bring back slavery… Women are whores & bitches… Women shouldn’t vote or have any power whatsoever. And that they’re all super special Christians.",helene,community_discussion,power
loaa3q5,t3_1flr4wz,t1_lo57jhf,NorthCarolina,snugglebliss,1726961418,2024-09-21 23:30,1,Right on the mark. Don’t think Trump hasn’t thought about that.,helene,community_discussion,
lobvhyn,t3_1flr4wz,t1_lo5nqu1,NorthCarolina,Repulsive_Stand897,1726989326,2024-09-22 07:15,1,Irrelevant bs,helene,community_discussion,
locbsas,t3_1flr4wz,t1_lo5ehk0,NorthCarolina,TwentyCharacters2022,1727000561,2024-09-22 10:22,3,"On another thread, it took me six sentences to say what you just said in one. Spot-on.",helene,community_discussion,
locc3tw,t3_1flr4wz,t1_lo7hdfp,NorthCarolina,TwentyCharacters2022,1727000773,2024-09-22 10:26,1,"Uneducated - or worse, folks just like him. Id be scared to see the Venn diagram on that one",helene,community_discussion,
locf6mc,t3_1flr4wz,t1_lo8x43x,NorthCarolina,Girasole263wj2,1727002780,2024-09-22 10:59,1,Sounds like he actually did the butt stuff to be fair,helene,community_discussion,
locfacv,t3_1flr4wz,t1_lo9mogf,NorthCarolina,Girasole263wj2,1727002844,2024-09-22 11:00,2,"Well every single MF News outlet, local & national is covering it, so take your pick, Linds. Don’t be obtuse.",helene,community_discussion,
lod2z1e,t3_1flr4wz,t1_lo5ep99,NorthCarolina,TingleGreen,1727013810,2024-09-22 14:03,2,"Very, very, well said.",helene,community_discussion,
lod57ym,t3_1flr4wz,t1_lo54uum,NorthCarolina,Sparklingcoconut666,1727014651,2024-09-22 14:17,2,"Dinesh D’Souza said in one of his books that he wants to repeal the civil rights act. So yeah…
 I’m not anti immigrant at all but these immigrants who come here to destroy all the shit Americans have fought for throughout our relatively short history, whether it be gains in labor rights or civil rights, really irks me.",helene,community_discussion,
lo52pg6,t3_1flr70a,t3_1flr70a,NorthCarolina,Helpful_Fox_8267,1726880046,2024-09-21 00:54,1,"The Lumina in Chapel Hill. There’s also a cute one in Graham, can’t remember the name.",helene,community_discussion,
lo54m75,t3_1flr70a,t3_1flr70a,NorthCarolina,Artemis1982_,1726880842,2024-09-21 01:07,3,I love Alamo Drafthouse in Raleigh.,helene,community_discussion,
lo53m6t,t3_1flr7uw,t3_1flr7uw,NorthCarolina,Organic-Lie4759,1726880423,2024-09-21 01:00,1,"Dunno about Dunn.

Saturday mornings for me is a hole in the wall spot between grifton and snow hill, he is only open on Saturday, and when he runs out, he is out.


 Probably the best I've ever had.

Morris Barbeque.",helene,community_discussion,
lo53uzb,t3_1flr7uw,t3_1flr7uw,NorthCarolina,Organic-Lie4759,1726880524,2024-09-21 01:02,0,"Morris Barbeque
(252) 747-2254

 https://g.co/kgs/WNVdjw6

Not sure if that is anywhere near where you are headed, but this my PSA",helene,community_discussion,
lo5aypu,t3_1flr7uw,t3_1flr7uw,NorthCarolina,pissmister,1726883520,2024-09-21 01:52,1,"grady's is closed sundays, but wilber's is open for lunch

white swan at the food hall off 95 in selma isn't too bad either",helene,community_discussion,
lo5m61a,t3_1flr7uw,t3_1flr7uw,NorthCarolina,religon_nc,1726888508,2024-09-21 03:15,1,Wilber's is great and open.,helene,community_discussion,
lo5k4d7,t3_1flrhrj,t3_1flrhrj,NorthCarolina,NorthCarolina-ModTeam,1726887572,2024-09-21 02:59,1,"Your content was removed due to it being a duplicate submission. Articles may be similar, or report on the same subject from different sources.  Rehosted content between different domains or updated versions of previously submitted articles will be removed unless the update adds significant information that is not accessible from the original link.",helene,community_discussion,
lo5k3rt,t3_1flsfob,t3_1flsfob,NorthCarolina,NorthCarolina-ModTeam,1726887564,2024-09-21 02:59,1,"Your content was removed due to it being a duplicate submission. Articles may be similar, or report on the same subject from different sources.  Rehosted content between different domains or updated versions of previously submitted articles will be removed unless the update adds significant information that is not accessible from the original link.",helene,community_discussion,
lo5fsib,t3_1flsqf0,t3_1flsqf0,NorthCarolina,vwjess,1726885623,2024-09-21 02:27,4,"You should get a voter registration card in the mail. It will have your polling place location on it. If you vote o election day, that's where you'd go. You can also early vote at any early voting location in your county (usually a handful of places). You can request a mail in ballot instead if you want, but I'd go in person.",helene,community_discussion,
lo5il7n,t3_1flsqf0,t3_1flsqf0,NorthCarolina,lrpfftt,1726886874,2024-09-21 02:47,1,"I don't think you will be sent a ballot unless you specifically request it. 

It's not needed if you plan to vote in person - either on election day itself or during early voting days for your county.",helene,community_discussion,
lo5qirc,t3_1flsqf0,t3_1flsqf0,NorthCarolina,Jolly_Job_9852,1726890577,2024-09-21 03:49,1,You can request a mail in ballot by a certain date and have it returned before or on election day. You can early vote at numerous locations or wait until election day.,helene,community_discussion,
lo63tzj,t3_1flsqf0,t3_1flsqf0,NorthCarolina,RhamkatteWrangler,1726898049,2024-09-21 05:54,3,"Early voting is highly recommended. You can go to any of the EV sites in your county. And if there's any issues with your registration, you can fix it during EV (but not on election day, so go during EV).",helene,community_discussion,
lo703lt,t3_1flsqf0,t3_1flsqf0,NorthCarolina,NotoriousStardust,1726919381,2024-09-21 11:49,1,"request an absentee by oct 29 on the ncsbe site or find your early voting place.

https://votebymail.ncsbe.gov/app/home

you can look up your voter registration and it will tell you your districts so you can look up the candidates.  Will also show a sample ballot.

https://vt.ncsbe.gov/RegLkup/",helene,community_discussion,
lo7ax8s,t3_1flsqf0,t3_1flsqf0,NorthCarolina,hyzerKite,1726924270,2024-09-21 13:11,2,"I go to early voting, and do it in person. They will check you in and explain what you need to do in the booth. It doesn’t take long at all, and you are a good North Carolinian for voting, thank you.",helene,community_discussion,
lo7sc6x,t3_1flsqf0,t3_1flsqf0,NorthCarolina,cat-eating-a-salad,1726930555,2024-09-21 14:55,1,"Practically every post is immediately downvoted on this sub. Dont mind it. It's annoying, but it apparently won't change.

I understand if it was only the ""moving to NC!"" posts being downvoted for being spammy, but genuine conversation and informational posts are downvoted too. It actually surprises me if anything gets above 20.",helene,community_discussion,
lo7yht2,t3_1flsqf0,t3_1flsqf0,NorthCarolina,DeeElleEye,1726932610,2024-09-21 15:30,0,"You'll get your registration card and you can lookup your registration using the [NC Board of Elections Voter Search ](https://vt.ncsbe.gov/RegLkup/)to confirm it's active and correct and vote your predict, districts, and official Election Day polling place. You can also download a sample ballot from your registration page. Use this to research the candidates specific to your personal ballot. You can even print it, fill it out, and bring it with you to use as a cheat sheet at the polls. 

Research the candidates on your ballot. You only have to decide on those candidates. View the candidates' websites and check out candidate questionnaires from [vote411.org](https://www.vote411.org/), [NC Voter](https://www.ncvoter.org/voter-guides/), [NC Voter Guide](https://ncvoterguide.org/), and local newspapers. In my opinion, candidates who won't provide answers to voter questionnaires are not serious candidates and don't deserve my vote.

You have three options for voting:
* [Absentee by mail ](https://www.ncsbe.gov/voting/vote-mail). If you want to vote this way, you must request a mail-in ballot by October 29, but *do not wait that long!*
* [Vote early in person](https://www.ncsbe.gov/voting/vote-early-person). Starts October 17, ends November 2. Check your county's Board of Elections website for early voting locations and hours. You can vote at any early voting location in the county you're registered.
* [Vote in person on Election Day](https://www.ncsbe.gov/voting/vote-person-election-day). Election Day is November 5. You have to vote at your official polling place indicated on your registration. 

You must have an approved photo ID to vote using any of these methods. If you do not have an ID, there are still ways to vote, but extra steps may be necessary to ensure your vote counts. See [Voter ID](https://www.ncsbe.gov/voting/voter-id) for more details. 

It's really not that hard, but we can't know what we don't know, and that can make things seem intimidating. 

Thank you for being a voter! Please encourage others to learn how to vote, too!",helene,community_discussion,
lo5gnhu,t3_1flsumm,t3_1flsumm,NorthCarolina,freckled-ladybug,1726886007,2024-09-21 02:33,2,"Since it’s your second time, hire a lawyer. It’ll be pricey ($250-350 for the lawyer + court fees) but you’ll get it dismissed or reduced and never have to go to court. I got a ticket for going 67 in a 45 after receiving a warning on the same dang road less than a year prior and got the whole thing dismissed, no points, without even having to take any driving courses etc 🥲",helene,community_discussion,
lo5nsmc,t3_1flsumm,t1_lo5gnhu,NorthCarolina,kohasz,1726889280,2024-09-21 03:28,1,"Getting it reduced is one of the stupidest things they allow. 

You got clocked you should pay the fine. ",helene,community_discussion,
lo65lr7,t3_1flsumm,t3_1flsumm,NorthCarolina,SVTraptor99,1726899177,2024-09-21 06:12,1,Get a lawyer and call it a day and you will be good,helene,community_discussion,
lo77rgv,t3_1flsumm,t1_lo5nsmc,NorthCarolina,freckled-ladybug,1726922983,2024-09-21 12:49,1,So I definitely did pay a fine. The ticket cost me close to $650 in total. I’m not a frequent speeder by any means and had a clean driving record prior to those incidents on the same road. Everyone drives way faster on that particular road and it just took me awhile to stop “going with the flow of traffic.” I didn’t make any excuses for myself and owned up to the speeding when I was pulled over. I knew it wasn’t right and definitely learned from my mistakes despite getting a reduction. Thanks for your input though 🙂,helene,community_discussion,
loe0nek,t3_1flsumm,t3_1flsumm,NorthCarolina,Scared_Reference_923,1727024779,2024-09-22 17:06,1,Lawyer up.,helene,community_discussion,
lo5jtr0,t3_1fltes4,t3_1fltes4,NorthCarolina,astrognash,1726887437,2024-09-21 02:57,59,"Ohio can shove it, the Wright Brothers came here because they knew they needed that North Carolina magic to get off the ground and if it weren't for North Cackalacky we'd all still be crossing the ocean on boats.",helene,community_discussion,
lo5ksnw,t3_1fltes4,t3_1fltes4,NorthCarolina,jayron32,1726887875,2024-09-21 03:04,-2,Oh.  I thought it was fist in flight.  Like the really special part of the mile high club.,helene,community_discussion,
lo5kx41,t3_1fltes4,t1_lo5jtr0,NorthCarolina,jalexgray4,1726887931,2024-09-21 03:05,9,Preach! 🙏🏻,helene,community_discussion,
lo5m28c,t3_1fltes4,t3_1fltes4,NorthCarolina,Whatcanyado420,1726888457,2024-09-21 03:14,37,What a bizarre post. They flew here first.,helene,community_discussion,
lo5mapx,t3_1fltes4,t1_lo5m28c,NorthCarolina,historianriley,1726888570,2024-09-21 03:16,-14,"So you do identify with it then? Thank you for your response. Again I’m not insinuating it isn’t correct, I’m just curious what North Carolinians think is all. It’s a story with broad connections.",helene,community_discussion,
lo5mkzu,t3_1fltes4,t1_lo5mapx,NorthCarolina,Whatcanyado420,1726888701,2024-09-21 03:18,23,"What do you mean “identify with”? Do people who live in New York State “identify” with the “Empire State”? Do people in Florida identify with oranges? 

It’s a true statement. It’s a significant piece of history. It’s that simple.",helene,community_discussion,
lo5naw9,t3_1fltes4,t1_lo5mkzu,NorthCarolina,historianriley,1726889042,2024-09-21 03:24,-14,"It seems as if I’ve upset you, it was not my intent. And perhaps I would have asked New Yorkers, or Floridians, if I had moved there. But I didn’t. I moved to North Carolina, so I asked the lovely people from here. And by identify with, I mean is the motto and significant piece of history (as you correctly point out) something that you take pride in as being associated with your state? Or does this piece of history’s broader connections to Ohio alter your perspective on the lead up and execution of this event? In short, by identify with, I meant to take pride in.",helene,community_discussion,
lo5o4a3,t3_1fltes4,t1_lo5naw9,NorthCarolina,Whatcanyado420,1726889435,2024-09-21 03:30,17,To me it’s wholly irrelevant where the wright brothers were born. It’s a matter of luck essentially.,helene,community_discussion,
lo5ot2l,t3_1fltes4,t1_lo5o4a3,NorthCarolina,historianriley,1726889760,2024-09-21 03:36,-1,"Sure, but they weren’t merely born in the Midwest, they were raised there and founded their company there. They did all the planning and early testing there. Basically everything except for the official test they did in Ohio, which they promptly return to afterward. So I understand and agree with your assertion that birth is circumstantial, I would say that their connections to the Midwest run a little deeper due to their having lived there essentially their whole lives. So the origins of the airplane are in many ways also rooted in Ohio (which touts the unofficial motto as “the birthplace of aviation”). So again, I’m not necessarily disagreeing with the motto in NC, more so curious if any North Carolinians identify with it strongly or not.",helene,community_discussion,
lo5p7qi,t3_1fltes4,t3_1fltes4,NorthCarolina,Blimeynerdalert,1726889952,2024-09-21 03:39,10,"Hi OP. I get what you’re asking. 

We usually mark historic events where they occurred, not where they were brainstormed. Ohio can show off the Wright Brothers bike shop, but the plane took off here and we have the pics to prove it!

Plus, “first in flight” is a sexier motto than “the barcode state” lol",helene,community_discussion,
lo5prrr,t3_1fltes4,t3_1fltes4,NorthCarolina,Icy-Squirrel4249,1726890214,2024-09-21 03:43,15,"I grew up in Ohio and have lived in NC most of my adult life. They flew here, first, so “First in Flight” seems pretty fitting. No one is taking anything away from the Wright Brothers research or upbringing by celebrating the fact that they flew in NC first.",helene,community_discussion,
lo5ps0y,t3_1fltes4,t1_lo5p7qi,NorthCarolina,historianriley,1726890218,2024-09-21 03:43,1,"Thank you for your earnest response. I of course acknowledge the importance of location, and I don’t necessarily disagree with the motto. But I think there’s always room for nuance in history, and especially how memory and identity factor into that. As a newcomer to the state (and also from WV, not the Midwest, so I have no dog in this fight), I was curious about how North Carolinians identified with the motto. I am pleased to see that people do identify with it, and for good reason.",helene,community_discussion,
lo5pysn,t3_1fltes4,t3_1fltes4,NorthCarolina,Jolly_Job_9852,1726890307,2024-09-21 03:45,13,"Ohio can claim they were born there. The Wright Brothers flew the plane in Kitty Hawk, NC. 

Furthermore, two Presidents were born in North Carolina, Polk and Andrew Johnson however both ran from the state of Tennessee. Tennessee claims those men as President even though they were born outside of Tennessee.",helene,community_discussion,
lo5q2aq,t3_1fltes4,t1_lo5pysn,NorthCarolina,historianriley,1726890354,2024-09-21 03:45,-1,"Eh, who would want to claim those jerks anyway?",helene,community_discussion,
lo5q9bq,t3_1fltes4,t1_lo5q2aq,NorthCarolina,Jolly_Job_9852,1726890448,2024-09-21 03:47,7,"Tennessee does as they also claim Andrew Jackson. It doesn't matter where they both at, it matter they flew the completed plane in North Carolina and we get to claim the title of First in Flight.",helene,community_discussion,
lo5qa0j,t3_1fltes4,t3_1fltes4,NorthCarolina,AlternativeParty5126,1726890458,2024-09-21 03:47,2,"The motto is first in flight. The first powered flight happened in NC, the place where the Wright Brothers were born is kind of irrelevant because we're not named ""Home of the First Pilots"" or something. I think some of us identify with that, yes, but I don't think it's wrong either. There's also a bit of a friendly rivalry about this between us and Ohio. Even though Brazil was really the first.


I don't really know of other NC achievements I'd want more. Being one of the only states with Venus Flytraps is cool. Our universities and college basketball is cool. Overalls were apparently invented here, which y'know, not exactly super exciting for most people.",helene,community_discussion,
lo5qgfy,t3_1fltes4,t3_1fltes4,NorthCarolina,emryldmyst,1726890546,2024-09-21 03:49,31,"It's pretty simple.


The first flight happened here, not Ohio ",helene,community_discussion,
lo5qkav,t3_1fltes4,t1_lo5q9bq,NorthCarolina,historianriley,1726890599,2024-09-21 03:49,2,"I didn’t disagree that you can claim the title. I was just curious if anyone viewed this story holistically. Also I was making a joke about Presidents Jackson and Polk. They’re jerks, I wouldn’t wanna claim em.",helene,community_discussion,
lo5qq7w,t3_1fltes4,t1_lo5qkav,NorthCarolina,Jolly_Job_9852,1726890679,2024-09-21 03:51,7,"I know you were making a joke. I'm answering your joke with the statement thst Tennessee claims them. As for the flight of the aeroplane, it's a source of state pride for us.",helene,community_discussion,
lo5qsln,t3_1fltes4,t1_lo5qa0j,NorthCarolina,historianriley,1726890712,2024-09-21 03:51,0,You’re telling me the motto “First to Develop the Bar Code” doesn’t get you excited to be a Tarheel?,helene,community_discussion,
lo5r0p8,t3_1fltes4,t1_lo5qq7w,NorthCarolina,historianriley,1726890824,2024-09-21 03:53,2,"I know that they do, but my question as to who wants to claim them was rhetorical, implying ridicule of anyone who would claim them. And thank you for elaborating that you take pride in the motto and the historical event.",helene,community_discussion,
lo5r1de,t3_1fltes4,t1_lo5qsln,NorthCarolina,AlternativeParty5126,1726890834,2024-09-21 03:53,3,"Not really, but I'm not exactly fond of consumerist culture or capitalism or entrepreneurship or any of that so I'm probably an outlier LOL",helene,community_discussion,
lo5r4lo,t3_1fltes4,t1_lo5r0p8,NorthCarolina,Jolly_Job_9852,1726890878,2024-09-21 03:54,3,You're welcome.,helene,community_discussion,
lo5rb3f,t3_1fltes4,t3_1fltes4,NorthCarolina,sputler,1726890967,2024-09-21 03:56,25,"First off, Our motto is ""Esse Quam Videri"". It means ""To be rather than to seem"".   

Second... they flew here first. More than that, as you have already pointed out..... they CHOSE to fly here first. It is not the circumstances of the location of ones birth that defines a man... it is his choices.",helene,community_discussion,
lo5rygf,t3_1fltes4,t1_lo5rb3f,NorthCarolina,historianriley,1726891298,2024-09-21 04:01,-9,"Birth locations are of course circumstantial. But the Wright Brothers were more than just born in the Midwest—they were raised there, and developed all their schematics there. They then returned to Ohio after the testing.

I am not trying to say the ‘slogan’ is inaccurate or something the Tarheels can’t take pride in. I am simply looking at the development of this particular moment in history a bit more holistically, and was wondering if a holistic understanding of this moment had any North Carolinians thinking about the slogan differently.",helene,community_discussion,
lo6pea3,t3_1fltes4,t3_1fltes4,NorthCarolina,NeuseRvrRat,1726912797,2024-09-21 09:59,24,"Our motto is ""esse quam videri"", which is Latin for ""it's not the heat, it's the humidity"".",helene,community_discussion,
lo6v77i,t3_1fltes4,t1_lo6pea3,NorthCarolina,gearheadstu,1726916640,2024-09-21 11:04,12,"And see, all this time I thought esse quam videri meant “that looks like a copperhead”. 

TIL.",helene,community_discussion,
lo6wkp4,t3_1fltes4,t3_1fltes4,NorthCarolina,Former-Lecture-5466,1726917450,2024-09-21 11:17,3,"OP, based on the responses you have received to this question, I think you have your answer. Obviously you have struck a bit of a nerve revealing a little insecurity North Carolinians have about our first in flight statement. Apparently some of us do identify with it.",helene,community_discussion,
lo6wto1,t3_1fltes4,t3_1fltes4,NorthCarolina,Puzzled-Story3953,1726917593,2024-09-21 11:19,8,"Where were those first flights conducted, though? We don't claim the Wright brothers; we claim the first flight. I don't understand why Ohioans are always trying so hard to undermine that. Do they really have so few things to be proud of?",helene,community_discussion,
lo6x7aw,t3_1fltes4,t1_lo5ot2l,NorthCarolina,Puzzled-Story3953,1726917809,2024-09-21 11:23,11,"You didn't upset anyone. You're just reading way more into this than makes sense to anyone but people from Ohio (and WV, apparently). It's just a neat fact about the state",helene,community_discussion,
lo6xqiu,t3_1fltes4,t3_1fltes4,NorthCarolina,MagooDad,1726918112,2024-09-21 11:28,3,"Not trying to make enemies, but how about Vicks VapoRub...yeah, you're not a troll at all.",helene,community_discussion,
lo6y39l,t3_1fltes4,t1_lo6x7aw,NorthCarolina,historianriley,1726918311,2024-09-21 11:31,1,"I am intrigued by questions of identity and state pride, and this slogan seemed a good place to start. I don’t think I’m reading too far into it, as identity is a construct that is fun to break down and understand.",helene,community_discussion,
lo6yb9b,t3_1fltes4,t1_lo6xqiu,NorthCarolina,historianriley,1726918434,2024-09-21 11:33,2,"My question is sincere, but I also thought there was some room for humor in the post, hence my reference to Vicks and barcodes. That part I assumed was obviously tongue-in-cheek.",helene,community_discussion,
lo6ylgc,t3_1fltes4,t1_lo6wto1,NorthCarolina,historianriley,1726918586,2024-09-21 11:36,2,"I’m not sure, I’m not from Ohio. I have no dog in this fight. I was merely curious as an outside observer and I thought I might pose my question here. I am in no way trying to undermine the achievement North Carolina for being the physical location of the first controlled flights.",helene,community_discussion,
lo6zxva,t3_1fltes4,t3_1fltes4,NorthCarolina,Mangonesailor,1726919299,2024-09-21 11:48,7,"Well, we've had so many people move here historically that ""Carpetbaggers love it here."" Got voted down, so it was the next best thing the locals could get by with",helene,community_discussion,
lo703e5,t3_1fltes4,t1_lo6zxva,NorthCarolina,historianriley,1726919378,2024-09-21 11:49,1,"That’s a good one. As a West Virginian I can relate to a state history of carpetbaggers, both in politics and in industry.",helene,community_discussion,
lo737fe,t3_1fltes4,t1_lo6wkp4,NorthCarolina,historianriley,1726920936,2024-09-21 12:15,2,"Thank you for your insight. I agree, it would seem more than a few North Carolinians identify with it, which is great of course.",helene,community_discussion,
lo73low,t3_1fltes4,t1_lo5m28c,NorthCarolina,TurbulentMiddle2970,1726921122,2024-09-21 12:18,6,"You said it correctly….bizarre

OP Is definitely presenting a duplicitous argument.",helene,community_discussion,
lo74bsz,t3_1fltes4,t3_1fltes4,NorthCarolina,catgirl-doglover,1726921458,2024-09-21 12:24,11,"If you are new to North Carolina, perhaps you should learn what the state motto is before asking about it!  The state's motto is ""[Esse quam videri](https://www.google.com/search?sca_esv=adc44701641c21aa&sca_upv=1&sxsrf=ADLYWIJQ2hlEh7-g85_2jlpVMfLmgA0WLQ:1726921162748&q=Esse+quam+videri&stick=H4sIAAAAAAAAAONgVuLUz9U3ME8zTC5_xGjCLfDyxz1hKe1Ja05eY1Tl4grOyC93zSvJLKkUEudig7J4pbi5ELp4FrEKuBYXpyoUlibmKpRlpqQWZQIAJodlhlcAAAA&sa=X&sqi=2&ved=2ahUKEwjDvdfTgtSIAxU1vokEHRWXMV8QzIcDKAB6BAgzEAE)"".

""First in Flight"" was just a catchy phrase for license plates until Ohio got butt-hurt about it.",helene,community_discussion,
lo74n8h,t3_1fltes4,t1_lo74bsz,NorthCarolina,historianriley,1726921606,2024-09-21 12:26,1,"I agree that I used the wrong official term, however it is considered a slogan of North Carolina. Hope that clears things up for you regarding my initial question :)",helene,community_discussion,
lo769q2,t3_1fltes4,t3_1fltes4,NorthCarolina,No-Personality1840,1726922345,2024-09-21 12:39,3,"They were from Ohio but the first flight by the Wright brothers was at  Kitty Hawk, NC, hence the motto.",helene,community_discussion,
lo76c2i,t3_1fltes4,t3_1fltes4,NorthCarolina,hyzerKite,1726922373,2024-09-21 12:39,10,"You should go to Jockeys Ridge in the Outer Banks and to the Wright Bros. museum. They did not just test their inventions here, the whole community helped them and they struggled for a long time. I have made the loooooooong drive out there many times and it is always worth it. True NC history, US history, and World history.",helene,community_discussion,
lo76c77,t3_1fltes4,t3_1fltes4,NorthCarolina,mikeymac2016,1726922374,2024-09-21 12:39,6,"Talking a lot of smack about a state you chose to move to. All while having the audacity to be from West Virginia, none-the-less. I’ve driven through your state multiple times and I have to say that any state that has literal trailer parks surrounding its Capitol cannot speak negatively about any other state.",helene,community_discussion,
lo76g59,t3_1fltes4,t1_lo769q2,NorthCarolina,historianriley,1726922422,2024-09-21 12:40,1,I understand this. I was merely asking if North Carolinians identified with the slogan due to its wider connections. I’m not disagreeing with the idea that the slogan fits.,helene,community_discussion,
lo76j2t,t3_1fltes4,t1_lo76c2i,NorthCarolina,historianriley,1726922458,2024-09-21 12:40,1,"Thank you for the recommendation, I’d love to check it out!",helene,community_discussion,
lo7721o,t3_1fltes4,t1_lo76c77,NorthCarolina,historianriley,1726922686,2024-09-21 12:44,2,"I’m not talking any smack. You chose to interpret my earnest question as an insult which reveals more about your insecurities than it does any prejudice you accuse me of having.

You’re from the South, I’m from West Virginia. We are both from areas whose land and labor has been exploited for external market interests and outsiders for generations upon generations. We have a lot more in common than it seems you’re willing to let on. West Virginia is historically disadvantaged due to exploitation, just like much of the South. We are not enemies.

For the record, I really like it here so far, and I’m also extremely proud of my home state. The two are not mutually exclusive.",helene,community_discussion,
lo78nq0,t3_1fltes4,t1_lo7721o,NorthCarolina,mikeymac2016,1726923354,2024-09-21 12:55,3,"I’m only half joking with my comment. But it’s like when someone says; “no offense” right before they say something clearly offensive. I could find the innocent humor in the Cheerwine state idea. But the Vicks Vapor Rub or bar code quips do seem to be an intentional jab, regardless of the disclaimer to the contrary. 
In all honesty, I know there is more to WV than trailer parks around the capitol building. It’s also my favorite state to use the restroom and buy some fast food when traveling up 77. ;p",helene,community_discussion,
lo796tj,t3_1fltes4,t1_lo78nq0,NorthCarolina,historianriley,1726923568,2024-09-21 12:59,1,"The Vicks and the barcode thing was intended to be obviously tongue-in-cheek but I understand why it might come across as more of a dig.

Get a pepperoni roll with hot pepper cheese next time you’re up through WV you won’t regret it. Microwave it if you can.",helene,community_discussion,
lo7aczy,t3_1fltes4,t1_lo796tj,NorthCarolina,mikeymac2016,1726924042,2024-09-21 13:07,1,"Sounds delightful! Wait….. you’re not talking about a store bought hot pocket are you? LOL! If not, where would one find this pepperoni roll?",helene,community_discussion,
lo7aff5,t3_1fltes4,t1_lo76c77,NorthCarolina,ChallengerNomad,1726924070,2024-09-21 13:07,-5,Stay butt hurt dude. WV is way better than NC and people actually know how to drive.,helene,community_discussion,
lo7b5hm,t3_1fltes4,t1_lo7aff5,NorthCarolina,mikeymac2016,1726924362,2024-09-21 13:12,5,LOL! Okay there chief. I guess you do have to be more careful driving when your steering wheel is a pair of old vice grips that are locked onto the steering column and the rust hole in the floorboard is letting a bit too much exhaust into the cab.,helene,community_discussion,
lo7bk2n,t3_1fltes4,t1_lo7aczy,NorthCarolina,historianriley,1726924524,2024-09-21 13:15,1,"The pepperoni roll is essentially the state food of West Virginia! It’s basically just pepperoni baked into a roll of bread, no sauce (so it’s not a hot pocket, but similar in its design), and sometimes with cheese in it. You should be able to find one in any self respecting gas station throughout the state, though if you’re through Morgantown, West Virginia I recommend getting the ones from Julia Chico’s bakery as they are the absolute best.

They’re nothing fancy but just a great snack food. They were developed in Fairmont, WV by Italian immigrant coal miner families who wanted to send off the miners in their family with a high calorie snack they could stuff into their pockets while on the job.",helene,community_discussion,
lo7chyo,t3_1fltes4,t1_lo7bk2n,NorthCarolina,mikeymac2016,1726924897,2024-09-21 13:21,1,"I will try it next time I’m up there, thank you! BTW, I don’t hate WV. It’s really a beautiful place with mostly kind people. I’m up there often and I enjoy it every time. Welcome to NC! Glad you’re here.",helene,community_discussion,
lo7d5jx,t3_1fltes4,t1_lo7b5hm,NorthCarolina,ChallengerNomad,1726925151,2024-09-21 13:25,-4,"You would think knowing gow to drive driving  ""more carefully"". Its straught flat roads literally everywhere how are there so many acvidents? 

Also your gun laws suck and so do the panthers. 

I hate your state.",helene,community_discussion,
lo7do0p,t3_1fltes4,t1_lo7d5jx,NorthCarolina,mikeymac2016,1726925350,2024-09-21 13:29,5,"Judging by the numerous spelling errors in your post, I’d say NC at least has a better education system over WV. And I’m sorry, what is the NFL team or ANY pro sports team for that matter, in WV? Oh, that’s right!",helene,community_discussion,
lo7fjuk,t3_1fltes4,t1_lo7do0p,NorthCarolina,ChallengerNomad,1726926083,2024-09-21 13:41,-5,"Yeah you got me. I totally dont know that how is spelled with an h and not a g. They totally arent just next to one another on a tiny ass keyboard. Its completely a matter of education and completely relevant to the debate. 


There are no trailer parks next to our capitol. 

We may not be ranked high in education but we have common sense and know how to drive. 

The worst thing that happened to me was being forced to live in your god aweful good for nothing state.",helene,community_discussion,
lo7kbtz,t3_1fltes4,t1_lo5rygf,NorthCarolina,sputler,1726927821,2024-09-21 14:10,9,"No, because I can see the location where humans first took flight and it was in kitty hawk.",helene,community_discussion,
lo7kgh6,t3_1fltes4,t1_lo7kbtz,NorthCarolina,historianriley,1726927865,2024-09-21 14:11,-4,"So no to the holistic understanding from your perspective, thank you for your input!",helene,community_discussion,
lo7mefn,t3_1fltes4,t1_lo6y39l,NorthCarolina,r_not_me,1726928546,2024-09-21 14:22,7,"I think you are reading more into it than North Carolinians do. It’s simply a statement of fact. North Carolina is the state where the first powered flight took place. That simple, nothing more. No superiority complex or anything of the sort. Just history.",helene,community_discussion,
lo7mk41,t3_1fltes4,t1_lo7mefn,NorthCarolina,historianriley,1726928600,2024-09-21 14:23,0,"You’re talking to a historian, it’s my job to read into things! :)",helene,community_discussion,
lo7n04w,t3_1fltes4,t1_lo7kgh6,NorthCarolina,sputler,1726928754,2024-09-21 14:25,8,"Were the Wright Brothers the only persons to work on motorized manned flight? No. There were many people working semi collaboratively and competitively to create motorized manned flight.  

Kites were first flown in China over a thousand years ago.... is the US going to share first flight recognition with China? No. 

Otto Lilienthal had glider designs in the 1890s which allowed for much farther glide distances. his work was instrumental in the Wright Brothers work. Should he share credit with them? Maybe in the footnotes, but no he doesn't deserve named credit. And guaranteed no one is suggesting that Germany share credit in the actual discovery.  

Octave Chanute published works on developments in machines that would be specifically used by the Wright Brothers towards their work in developing flight. He was born in Paris France. He lived in Chicago Illinois. By your metrics do France and Illinois get to share credit? Without his work the Wright Brothers surely would not have been able to do their work in Ohio.  

You always have to draw the line somewhere. There is no ""holistic"" approach. The flight took place in NC at Kitty Hawk. That is immutable.",helene,community_discussion,
lo7n6a7,t3_1fltes4,t1_lo7mk41,NorthCarolina,r_not_me,1726928813,2024-09-21 14:26,7,"But be careful that your “reading into things” doesn’t taint your findings. As a historian, you know the actual history of the first flight. That’s what the motto refers to. By trying to find deeper meaning and appearing to challenge or reject the responses telling you it’s simply a historical motto you undermine your credibility a bit. 

Multiple people in the thread have explained the motto is simply a reference to the flight but you kept bringing up the Wright Brothers personal lives and ties to Ohio. It appears you are trying to force a narrative rather than accepting what your sources are actually saying.",helene,community_discussion,
lo7pv8v,t3_1fltes4,t1_lo7n6a7,NorthCarolina,historianriley,1726929723,2024-09-21 14:42,-1,"No need to offer me advice on how to practice history, I promise I’m a professional :) Everything is subjective, and I find it amusing that you consider “trying to find deeper meaning” as undermining historical narrative. I challenge you to question the nature of knowledge and memory, how we form these things. You will find that not everything is as black and white as they may seem in a middle school history textbook. I recommend you broaden your horizons and approach history in a more nuanced way. There’s as many interpretations of the past as there are people who choose to think on it!",helene,community_discussion,
lo7r2o0,t3_1fltes4,t1_lo6ylgc,NorthCarolina,Puzzled-Story3953,1726930133,2024-09-21 14:48,7,"I think this is where you are missing the point. It isn't an achievement for North Carolina. North Carolina is a place. It hasn't done anything, ever.",helene,community_discussion,
lo7rwm5,t3_1fltes4,t1_lo737fe,NorthCarolina,Former-Lecture-5466,1726930412,2024-09-21 14:53,0,I also didn’t realize this was such a sensitive subject.,helene,community_discussion,
lo7sowm,t3_1fltes4,t1_lo7r2o0,NorthCarolina,historianriley,1726930676,2024-09-21 14:57,1,Well now you’re just being obtuse haha,helene,community_discussion,
lo7ut7q,t3_1fltes4,t1_lo7pv8v,NorthCarolina,historianriley,1726931388,2024-09-21 15:09,1,"Also, what is it that you think historians do? Just recount a series of dates and facts? Because what historians actually do is try to find deeper meaning about the past, and illuminate a myriad of perspectives in the interest of creating a more holistic understanding of the past :)",helene,community_discussion,
lo7w632,t3_1fltes4,t1_lo7ut7q,NorthCarolina,r_not_me,1726931842,2024-09-21 15:17,6,"I think there is a difference in finding deeper meanings to things such as norse mythology or cave drawings than asking your contemporaries about their thoughts and feelings on a current topic.

The “First in Flight” motto is current and you are given current answers about its meaning. You did not get the deeper narrative you appeared to be looking for so kept inserting the Wright Brothers ties to Ohio as if you are attempting to force a narrative that doesn’t exist. 

The people of the time are telling you something and you appear to be countering it for your own goals. This is different from trying to find the meaning of something from a historical period without a living contemporary or additional context. You want to find deeper meaning to the penis drawings at Pompeii, go for it no one alive can really answer what happened. But that is very different from asking about a current situation.",helene,community_discussion,
lo7wu3f,t3_1fltes4,t1_lo7w632,NorthCarolina,historianriley,1726932062,2024-09-21 15:21,0,You seem to think that your life in the present is somehow different from people in the past. I will be the one to inform you then that your world is comprised of constructs that you agree or disagree with based on your own cultural and social conditioning. Everything you do and interact with in this world can be scrutinized and analyzed in a historical lens within the context of the present and the past. That is the value of history. We contextualize things and rationalize them. You seem to insinuate that because of your status in the present that these forces somehow do not apply to you. But you are incorrect.,helene,community_discussion,
lo7xpl5,t3_1fltes4,t1_lo7wu3f,NorthCarolina,r_not_me,1726932350,2024-09-21 15:25,6,"No. I’m saying that you aren’t taking the answers given and apparently want there to be a deeper meaning.

I’m well aware of how cultural, societal, economic, familial, and other forces influence human behavior. You are correct that everything can be scrutinized, but that includes your scrutiny. 

I’m simply scrutinizing your attempt to find a deeper meaning when one doesn’t really exist. Some things are superficial. Some things are simple statements of fact. Not everything has an emotional connection.",helene,community_discussion,
lo7zl0r,t3_1fltes4,t1_lo7xpl5,NorthCarolina,historianriley,1726932975,2024-09-21 15:36,0,"Even superficial things can be scrutinized. The practice of putting slogans on license plates for example. There’s much that can be extrapolated based on questions regarding why we choose to even put slogans in the first place on some plates. West Virginia plates often do not have them, but we choose blue and gold colors due to the colors of West Virginia University. Why do we associate with that school so much? Many people have a sense of state pride tied with WVU sports, even if they are not alumni, as West Virginia does not have any professional sports teams. So while these are contemporary observations based on “superficial” material, when you peel back the layers you can actually learn a lot about zeitgeist, culture, state pride, etc.

You’re correct that my scrutiny (or any scrutiny for that matter) can be scrutinized itself as well. Welcome to academic history! That’s how we do things around here. I still stand by my position that there is something worthwhile in asking the sort of question that I did. And while you seem to think that I’m “rejecting” people’s answers, perhaps it will shed some light for me to say that I personally do not think that I am disagreeing with anyone’s personal experiences as Tarheels, I am merely engaging in dialogue about the construction of that identity, in this case based on the state’s decision to highlight the state’s role in the history of controlled flight, over other things that could potentially be put on the plates. A decision was made to run with “first in flight,” why exactly that fact to highlight? These are rhetorical questions I’m posing to you now, no need to respond. I’m just trying to help you understand what historians do.",helene,community_discussion,
lo8rd3y,t3_1fltes4,t1_lo7mk41,NorthCarolina,cubert73,1726942000,2024-09-21 18:06,2,Sounds like we're talking to an purposefully obnoxiously obtuse pedant. 🙄,helene,community_discussion,
lo8rxbq,t3_1fltes4,t1_lo8rd3y,NorthCarolina,historianriley,1726942181,2024-09-21 18:09,1,"Sounds like you have no idea what historians do for a living :) If you think all we do is recount facts and dates, you’re wrong! We ask questions about, scrutinize, and analyze our data (history, events, people, places, things) for the sake of understanding significance and meaning. I’m surprised at how many people are so triggered by a simple question about their identity.",helene,community_discussion,
lo8s2f5,t3_1fltes4,t1_lo6wto1,NorthCarolina,cubert73,1726942228,2024-09-21 18:10,4,"There are at least 21 astronauts from Ohio, so apparently Ohioans will go to great lengths to flee the state. 🤣",helene,community_discussion,
lo8vl5s,t3_1fltes4,t1_lo8rxbq,NorthCarolina,cubert73,1726943399,2024-09-21 18:29,2,"Sounds like you have no idea what I know but you're condescending enough to explain my thoughts to me.

First, no one here is ""triggered"" and it is [harmful](https://www.psychologytoday.com/us/blog/i-hear-you/202307/four-psychology-concepts-most-people-get-wrong) to use therapeutic language in a casual or derogatory way.

Second, the problem isn't that you asked a question. It's that you won't take any answer at face value. You seem to think this is an academic circle jerk for your amusement and entertainment, and got all \*shocked Pikachu\* when people pushed back.

tl;dr: You asked a question, got answers that didn't satisfy you, and you are being entitled and exhausting.",helene,community_discussion,
lo8xjdm,t3_1fltes4,t1_lo8vl5s,NorthCarolina,historianriley,1726944066,2024-09-21 18:41,-1,"I’m perplexed by many in this thread as you have all gotten very upset with my question, and seem to imply that I’m unhappy with their answers. What you are failing to understand is that the only thing I am pushing back against is hostility from people like you whose identities are so fragile that you refuse to entertain any friendly dialogue about North Carolina’s motto. Instead of taking my question in earnest, you decided to internalize criticism you just have heard elsewhere and directed your anger toward me. And my decision to use the word “triggered” in this context is a reclamation of a term often weaponized by right wingers against people with legitimate concerns. In this context, your crybaby attitude is completely rooted in your own insecurities and not at all in my prejudice. I do not deny the historical record, I only came here to hear what people think about the motto as it relates to their identity as Tar Heels. You are projecting by accusing me of asking my questions in bad faith.

TLDR: you are whining about a perceived slight that was never there, you are being intentionally obtuse by playing ignorant to the function of academic history, and now you are upset that I’m calling you out for your whining.",helene,community_discussion,
lo90wq8,t3_1fltes4,t1_lo76g59,NorthCarolina,No-Personality1840,1726945233,2024-09-21 19:00,2,I don’t know of anyone who thinks of it in any way other than the historic flight. Sorry if I misunderstood your question.,helene,community_discussion,
lo99tzl,t3_1fltes4,t1_lo7n04w,NorthCarolina,historianriley,1726948367,2024-09-21 19:52,0,"Perhaps these things ought to be shared. It is your opinion that there is no holistic approach, but your feelings must be separated from the fact that there is a wider history of aviation than just what occurred in NC. Hopefully one day your horizons can broaden :) in any case, I am not saying it didn’t here, and I actually think it’s an apt description. I was merely asking what Tar Heels thought of it due to its broader connections. You have chosen to view my question in bad faith, though that’s not how I framed it. That’s on your own insecurity.",helene,community_discussion,
loa3j5w,t3_1fltes4,t3_1fltes4,NorthCarolina,G00dSh0tJans0n,1726958852,2024-09-21 22:47,1,"It’s kind of like how we celebrate Neil Armstrong because he walked on the moon, not because he was born in Ohio",helene,community_discussion,
load6vk,t3_1fltes4,t1_lo7kbtz,NorthCarolina,Milo_Moody,1726962648,2024-09-21 23:50,1,My grandad put the light at the top of the memorial!,helene,community_discussion,
lo6pufp,t3_1fltook,t3_1fltook,NorthCarolina,SleepyNorris,1726913103,2024-09-21 10:05,3,"I do not, but I too am curious as to what the “best tasting asshole in the universe” tastes like.",helene,community_discussion,
lo7t164,t3_1fltook,t3_1fltook,NorthCarolina,niner1niner,1726930791,2024-09-21 14:59,2,"Someone posted them in  r/Charlotte but it looks like that got taken down. It was pretty gross. Apparently not safe for reddit.   
It got weirder than your title.",helene,community_discussion,
lo8bxvq,t3_1fltook,t3_1fltook,NorthCarolina,RhamkatteWrangler,1726937057,2024-09-21 16:44,2,The Twitter/x feed Americanmuck has a bunch,helene,community_discussion,
loaaypf,t3_1fltook,t3_1fltook,NorthCarolina,McLuvin1589,1726961757,2024-09-21 23:35,1,Season 2024 keeps getting crazier.,helene,community_discussion,
lob6kst,t3_1fltook,t3_1fltook,NorthCarolina,coffeequeen0523,1726975074,2024-09-22 03:17,1,"All of the lewd posts removed from porn forum. Nothing ever permanently removed from the internet. Hope the posts archived by someone somewhere. 

https://www.reddit.com/r/NorthCarolina/s/MLMDbo2yRf",helene,community_discussion,
lo5nu8x,t3_1fltvuv,t3_1fltvuv,NorthCarolina,CreamCheeseIsBad,1726889302,2024-09-21 03:28,30,You underestimate how racist this state is,helene,community_discussion,
lo5o2cp,t3_1fltvuv,t3_1fltvuv,NorthCarolina,kindestcut,1726889410,2024-09-21 03:30,10,I think you vastly underestimate the stupidity of the American voter.,helene,community_discussion,
lo5pvp4,t3_1fltvuv,t1_lo5nu8x,NorthCarolina,DontWreckYosef,1726890267,2024-09-21 03:44,0,Beat me to it verbatim,helene,community_discussion,
lo5qb0z,t3_1fltvuv,t3_1fltvuv,NorthCarolina,p6one6,1726890472,2024-09-21 03:47,6,"Do some opposition research, see what Fox News is pushing, see the fears that some have of California style politics.  Talk to people from more rural areas and find out how much they really don't want taxes to increase and their fears of wasteful spending that they are not going to benefit from.  Find areas not in the high growth areas and see how the income growth that is maintained in the growing cities does not make it's way out to the rural areas.  It doesn't matter if the Republicans even have any plans, they are just opposed to the policies of Democrats.

There are plenty of reasons why Republicans can be completely morons and still be elected.",helene,community_discussion,
lo5qh7o,t3_1fltvuv,t3_1fltvuv,NorthCarolina,Whatcanyado420,1726890557,2024-09-21 03:49,0,"Most of the things you are writing about do not matter to the vast majority of voters. 

It comes down to simply wanting lower taxes. Many voters will not tolerate any new spending initiatives",helene,community_discussion,
lo5qifh,t3_1fltvuv,t3_1fltvuv,NorthCarolina,jmheinliniv,1726890573,2024-09-21 03:49,6,"I know it feels good to be enthusiastic and energized by a candidate and the surrounding momentum but this state is just weird. Asheville, Raleigh/Durham, and Charlotte may be more liberal overall because of the urban density but most of this state is more rural and people cherry pick their information HARD. I wouldn't be surprised if NC votes Trump and Robinson in all honesty - just severely ashamed and disappointed. 

Encourage everyone you know to VOTE.",helene,community_discussion,
lo5qt8a,t3_1fltvuv,t3_1fltvuv,NorthCarolina,jag1ed,1726890721,2024-09-21 03:52,3,Trump will win NC. Robinson is done. He's lucky to last another week,helene,community_discussion,
lo5r76z,t3_1fltvuv,t3_1fltvuv,NorthCarolina,URnotSTONER,1726890913,2024-09-21 03:55,7,"Cooper was elected twice, while NC went for Trump twice. Since 1976, NC has only gone blue for a presidential race twice. And that was Carter and Obama's first term. However, we have had more Democratic governors than Republican ones. It's really weird. We'll flipflop a little bit with senators as well, but not much.",helene,community_discussion,
lo5s56l,t3_1fltvuv,t3_1fltvuv,NorthCarolina,diuguide,1726891393,2024-09-21 04:03,1,"Buncombe, Watauga, Wake, Mecklenberg, orange, and Durham counties are blue, the rest is red.
https://www.ncleg.gov/Redistricting/AffiliationMaps",helene,community_discussion,
lo5uhnc,t3_1fltvuv,t3_1fltvuv,NorthCarolina,aerobicdancechamp,1726892622,2024-09-21 04:23,7,"Get out of your bubble. That’s not an accusation, I’m in one myself. Create opportunities to talk to folks that look like you but may believe differently, especially the ones who are traditionally R but are put off by Trump/Robinson. Listen to them. Talk about what matters to you respectfully. Listen more. Repeat. 

It’s on us AND her, not just her campaigning skills.",helene,community_discussion,
lo5y707,t3_1fltvuv,t1_lo5nu8x,NorthCarolina,LukeyTarg2,1726894671,2024-09-21 04:57,0,This is the state that favored Obama in 2008.,helene,community_discussion,
lo60a1m,t3_1fltvuv,t1_lo5nu8x,NorthCarolina,jagscorpion,1726895878,2024-09-21 05:17,7,You honestly think there's a lot of people that would have voted for Joe Biden who won't vote for Kamala because she's black?,helene,community_discussion,
lo61xi5,t3_1fltvuv,t1_lo5qh7o,NorthCarolina,BlackStonks,1726896875,2024-09-21 05:34,4,"…my sweet summer child, that’s not what it’s about at all",helene,community_discussion,
lo6ny5s,t3_1fltvuv,t1_lo5nu8x,NorthCarolina,pissmister,1726911804,2024-09-21 09:43,-2,and how bad she is at campaigning,helene,community_discussion,
lo6pw72,t3_1fltvuv,t1_lo60a1m,NorthCarolina,darwinisundefeated,1726913136,2024-09-21 10:05,3,"Because she’s a woman, misogyny seems stronger than racism in the voting booth.",helene,community_discussion,
lo6tql3,t3_1fltvuv,t3_1fltvuv,NorthCarolina,bhamtigerfan,1726915717,2024-09-21 10:48,1,"I’m independent, so don’t jump down my throat for this. But does it not bother the democrats that they took away your option to vote for your candidate in the Presidential election? The DNC didn’t put up anyone other than Joe and Kamala. Joe drops out and you were stuck, and I mean that in a frustrating way, with Kamala. I’m not saying she is worse than Trump, I’m just saying it aggravates me to see how this all went down and I wonder if a better candidate would have stepped up if the DNC did t put all their eggs in a basket for Joe originally.",helene,community_discussion,
lo6ut0g,t3_1fltvuv,t1_lo6tql3,NorthCarolina,im_intj,1726916394,2024-09-21 10:59,0,"They seem to have no problem and just put on a ""we love Kamala and unite behind Kamala"" face. If they had a normal primary Kamala probably would have not come out as the candidate. This is one of those things that boggles my mind.",helene,community_discussion,
lo6uzl0,t3_1fltvuv,t1_lo61xi5,NorthCarolina,im_intj,1726916507,2024-09-21 11:01,3,A vast amount of the American population is exhausted from the rising costs. They see Kamala and she is the last 4 years they are looking at. It's not that difficult.,helene,community_discussion,
lo6xgw2,t3_1fltvuv,t3_1fltvuv,NorthCarolina,Mywordispoontang101,1726917961,2024-09-21 11:26,0,Look at Lukey over here forgetting about all the mouth breathers that live outside the metros.,helene,community_discussion,
lo6ye8w,t3_1fltvuv,t1_lo6tql3,NorthCarolina,issacsullivan,1726918479,2024-09-21 11:34,4,Those that voted for the Biden/Harris ticket already understood that there was a very real possibility that Harris could become president due to Biden’s age. Her stepping in as a the candidate when Biden stepped down was not a great leap for many to take.,helene,community_discussion,
lo710dy,t3_1fltvuv,t3_1fltvuv,NorthCarolina,frenchtoastkid,1726919846,2024-09-21 11:57,1,"Historically, the Dems are really good at losing easy elections. As a source of hope, there’s been reports that Harris has been ignoring some of her old school DNC advisors",helene,community_discussion,
lo771t4,t3_1fltvuv,t1_lo60a1m,NorthCarolina,pissmister,1726922683,2024-09-21 12:44,2,"the perception that she's more liberal than biden might cost her a point or two relative to his 2020 performance. that's why so many of the republican attack ads try to paint her as some radical commie, as ridiculous as that sounds",helene,community_discussion,
lo7izcg,t3_1fltvuv,t1_lo61xi5,NorthCarolina,Whatcanyado420,1726927344,2024-09-21 14:02,1,I mean sure. I’ll say that is my #1 priority this election.,helene,community_discussion,
lo7udb5,t3_1fltvuv,t3_1fltvuv,NorthCarolina,Plastic_Highlight492,1726931240,2024-09-21 15:07,2,You can't have lived in NC very long if you have this take.,helene,community_discussion,
lo7y58c,t3_1fltvuv,t3_1fltvuv,NorthCarolina,forsureno,1726932494,2024-09-21 15:28,1,"But - and if you went to rural areas you would find this - many North Carolinians LOVE to vote a split ticket. I have heard many people in suburban and rural areas say so, that they think it gives a balance of power. That's why the state has Democratic governers and goes red for the president. 


Knowing that about many native North Carolinians, I actually am worried about Harris' chances after everything with Mark Robinson. I can see many of my conservative friends feeling like they WON'T vote for Robinson but to vote for a Democratic candidate for governor AND president is a step too far.",helene,community_discussion,power
lo82wbk,t3_1fltvuv,t1_lo710dy,NorthCarolina,lefthandedrn,1726934070,2024-09-21 15:54,-1,Lie,helene,community_discussion,
lo8ahbr,t3_1fltvuv,t1_lo82wbk,NorthCarolina,frenchtoastkid,1726936580,2024-09-21 16:36,2,What is a lie?,helene,community_discussion,
lo8bjhp,t3_1fltvuv,t3_1fltvuv,NorthCarolina,SaltineAmerican_1970,1726936927,2024-09-21 16:42,0,What was her major success in the past 3-1/2 years?,helene,community_discussion,
lo96fyp,t3_1fltvuv,t1_lo60a1m,NorthCarolina,CreamCheeseIsBad,1726947195,2024-09-21 19:33,1,"It doesnt have to do with Kamala at all, the shit stains that were going to vote trump were going to vote for him either way, not matter what happens",helene,community_discussion,
lo9xgns,t3_1fltvuv,t1_lo5y707,NorthCarolina,CreamCheeseIsBad,1726956583,2024-09-21 22:09,2,People have gotten a hell of a lot more insane since 2008,helene,community_discussion,
loaj8s8,t3_1fltvuv,t1_lo6uzl0,NorthCarolina,2FightTheFloursThatB,1726965104,2024-09-22 00:31,1,"Many voters are not stupid enough to blame the Pandemic response and Trump's tax cuts for the billionaires on the Vice President. 

>It's not that difficult 

......if you don't know the first thing about economics or the past 8 years of American history.",helene,community_discussion,
loak0go,t3_1fltvuv,t1_lo8bjhp,NorthCarolina,2FightTheFloursThatB,1726965419,2024-09-22 00:36,2,"What do you think Mike Pence's major successes were in his 4 years.?

The V.P. has no power, except in the Senate.

Would you like to talk about that, or are there other stupid talking points you'd prefer to spew out?

Trump is a Pedophile Grifter, compromised by Russia and the Saudis.  You aren't a real American if you support him, and certainly not a Christian.",helene,community_discussion,power
loaqq7v,t3_1fltvuv,t1_lo5nu8x,NorthCarolina,Godman459,1726968179,2024-09-22 01:22,-1,You must be a transplant.,helene,community_discussion,
loaw6sj,t3_1fltvuv,t1_loaj8s8,NorthCarolina,im_intj,1726970495,2024-09-22 02:01,0,Go ahead and blame the last 4 years on trump and don't take personal responsibility for Democratic leadership failing the people. I'm sure Kamala will finally make good on Joes student loan relief and bring leave to the Middle East once and for all.,helene,community_discussion,
loawgxq,t3_1fltvuv,t1_loaqq7v,NorthCarolina,CreamCheeseIsBad,1726970615,2024-09-22 02:03,1,"lol, lived here my entire life",helene,community_discussion,
loawvcn,t3_1fltvuv,t1_loaj8s8,NorthCarolina,im_intj,1726970787,2024-09-22 02:06,1,"I had to watch my brother on the military get half his body paralyzed for 4 months because of the policy of Joe Biden. Guess what he gets because of Joes policy, absolutely nothing. Never trust people that come to you as family when they have power over you. If you bet Kamala you deserve what will come with Kamala.",helene,community_discussion,power
locogjs,t3_1fltvuv,t1_loak0go,NorthCarolina,SaltineAmerican_1970,1727007815,2024-09-22 12:23,1,">What do you think Mike Pence’s major successes were in his 4 years.?

Remind me again what he’s running for?",helene,community_discussion,
lo5sqzq,t3_1flufa2,t3_1flufa2,NorthCarolina,runyourluckxxx,1726891705,2024-09-21 04:08,183,they’re still not letting us live down cawthorn 😭,helene,community_discussion,
lo5swxo,t3_1flufa2,t3_1flufa2,NorthCarolina,CookOut_Official,1726891791,2024-09-21 04:09,26,"Mark Robinson is just a bruise. Let’s look to the future, we can only do better.",helene,community_discussion,
lo5tb1i,t3_1flufa2,t3_1flufa2,NorthCarolina,professor_goodbrain,1726891997,2024-09-21 04:13,34,"Hold your heads high NC, at least we still have Gastonia",helene,community_discussion,
lo5tp76,t3_1flufa2,t3_1flufa2,NorthCarolina,Hungry_Charity_6668,1726892200,2024-09-21 04:16,7,"I’ve been getting texts from friends in New Jersey (yes, them of all states) about Mark 😭",helene,community_discussion,
lo5u0sh,t3_1flufa2,t3_1flufa2,NorthCarolina,[deleted],1726892370,2024-09-21 04:19,1,[deleted],helene,community_discussion,
lo5u1qw,t3_1flufa2,t3_1flufa2,NorthCarolina,BIackfjsh,1726892384,2024-09-21 04:19,6,Just elect the other guy and we’ll call it a wash on this whole thing,helene,community_discussion,
lo5u2u5,t3_1flufa2,t3_1flufa2,NorthCarolina,JoeB-,1726892401,2024-09-21 04:20,34,We’ll be OK if we can undo gerrymandering and get a fair and representative distribution of Republican and Democratic elected officials at all levels.,helene,community_discussion,
lo5wr08,t3_1flufa2,t3_1flufa2,NorthCarolina,Whydoesthisexist15,1726893860,2024-09-21 04:44,1,Much rather this than Jesse Helms or Sam Ervin,helene,community_discussion,
lo5wxs2,t3_1flufa2,t3_1flufa2,NorthCarolina,MK5,1726893963,2024-09-21 04:46,342,"You're kidding, right? We've had that reputation since the Bathroom Bill.",helene,community_discussion,
lo5x6yh,t3_1flufa2,t3_1flufa2,NorthCarolina,another_newAccount_,1726894104,2024-09-21 04:48,14,Only if he wins,helene,community_discussion,
lo618pv,t3_1flufa2,t3_1flufa2,NorthCarolina,indefilade,1726896457,2024-09-21 05:27,1,"Just another trump supporter being exposed. Not like there’s a shortage of that in any state. 

At least he’s crazy enough to be one-of-a-kind and not the average.",helene,community_discussion,
lo627wu,t3_1flufa2,t3_1flufa2,NorthCarolina,FeetAreShoes,1726897055,2024-09-21 05:37,5,But did he stick his di k in a couch?,helene,community_discussion,
lo69b2x,t3_1flufa2,t3_1flufa2,NorthCarolina,Hosni__Mubarak,1726901562,2024-09-21 06:52,21,"As someone from Alaska, we lived through Sarah Palin. 

You’ll be fine. 

(Just like, please vote for Kamala.)",helene,community_discussion,
lo6boe0,t3_1flufa2,t3_1flufa2,NorthCarolina,Fit-Bet1270,1726903148,2024-09-21 07:19,7,We can redeem ourselves if we go blue this election ,helene,community_discussion,
lo6cojy,t3_1flufa2,t3_1flufa2,NorthCarolina,jgjgleason,1726903833,2024-09-21 07:30,35,"Reminder we still haven't elected the fool as our governor. Let's prevent that, please.",helene,community_discussion,
lo6f8rw,t3_1flufa2,t3_1flufa2,NorthCarolina,bucho80,1726905583,2024-09-21 07:59,10,"We've already known for years the South is consuming the most gay and trans porn.  This just puts one, of I'm sure many faces on it.

 

Consider, the vast majority of sexual child abuse comes from right leaning, evangelical types.  Most of these guys get off with a light slap on the wrist, you know, cause man of god and stuff.

This isn't a we thing, it is a those weirdos over there thing, and that dude is the poster child of ""Every accusation is a confession""",helene,community_discussion,
lo6flrm,t3_1flufa2,t1_lo627wu,NorthCarolina,bucho80,1726905836,2024-09-21 08:03,6,"Probably at some point slipped while pissing on someone, went right between the cushions!

This might be too much for this sub, please delete if so, but how exactly does one go about pissing on people in a loving and caring fashion?  Do you put a tarp down first, maybe do it outside?  This seems very messy!

To bad he isn't gonna do the debate, I'd love for this to be addressed by a candidate knowledgeable on the subject!",helene,community_discussion,
lo6h60q,t3_1flufa2,t3_1flufa2,NorthCarolina,H4RDCORE1,1726906938,2024-09-21 08:22,108,"I told a guy at work about it today and how it was in all the news everywhere. And he is definitely not an idiot. I let him read one of the disgusting posts from Robinson, and he looked right at me and said; ""I don't believe all this stuff from the news.""  Some people are just impervious to facts. They've been conditioned by the right for so long they simply can't fathom that they're living in a false reality.",helene,community_discussion,
lo6ncq2,t3_1flufa2,t3_1flufa2,NorthCarolina,WeedIronMoneyNTheUSA,1726911381,2024-09-21 09:36,6,Don't elect him as governor and we cool.,helene,community_discussion,
lo6ngsv,t3_1flufa2,t3_1flufa2,NorthCarolina,nwbrown,1726911463,2024-09-21 09:37,0,Oh wait until you hear about some of the idiots who ran in other states.,helene,community_discussion,
lo6pm7e,t3_1flufa2,t3_1flufa2,NorthCarolina,TheBIackRose,1726912946,2024-09-21 10:02,11,I still get upset thinking about John Edwards.,helene,community_discussion,
lo6pqri,t3_1flufa2,t3_1flufa2,NorthCarolina,goldbman,1726913032,2024-09-21 10:03,38,"That's right Floridians and New Englanders, NC is too crazy to move to!",helene,community_discussion,
lo6qf5g,t3_1flufa2,t1_lo5x6yh,NorthCarolina,Secret_Elevator17,1726913500,2024-09-21 10:11,18,"""He’s still a Republican,” Anderson said. “I’m going to vote Republican.”

“He’s still getting my vote,” Heather said.""

https://www.wxii12.com/article/nc-voters-react-to-explosive-report-of-alleged-mark-robinson-comments/62303350",helene,community_discussion,
lo6tp2e,t3_1flufa2,t1_lo6h60q,NorthCarolina,im_intj,1726915690,2024-09-21 10:48,-14,I'm still asking for a hyperlink to the posts and have yet to receive one,helene,community_discussion,
lo6ttmv,t3_1flufa2,t1_lo6f8rw,NorthCarolina,im_intj,1726915771,2024-09-21 10:49,-11,It's funny how pastors are brought up every time but you omit using teachers or school staff. It's like that's just omitted completely because of your bias against organized religion.,helene,community_discussion,
lo6tygy,t3_1flufa2,t1_lo5wxs2,NorthCarolina,sexpsychologist,1726915858,2024-09-21 10:50,117,Before! In my lifetime the earliest truly embarrassing one I can think of is Jesse Helms. I feel like we’re a sneaky but dedicated underdog competitor who comes from behind and takes it all in the competition for most embarrassing state politics,helene,community_discussion,
lo6u371,t3_1flufa2,t1_lo6tp2e,NorthCarolina,TheDamnedDontCry1,1726915942,2024-09-21 10:52,8,"If you’re on twitter, search for American Muckrakers.",helene,community_discussion,
lo6uese,t3_1flufa2,t1_lo6u371,NorthCarolina,im_intj,1726916148,2024-09-21 10:55,-7,"Yup not seeing any hyperlinks to anything, just a bunch of screenshots still.",helene,community_discussion,
lo6uoz6,t3_1flufa2,t3_1flufa2,NorthCarolina,Mental_Dragonfly2543,1726916326,2024-09-21 10:58,13,Whats with our state and weird sex scandals.,helene,community_discussion,
lo6uv6n,t3_1flufa2,t3_1flufa2,NorthCarolina,Necessary-Parking-14,1726916431,2024-09-21 11:00,23,"Just vote blue. The GOP ticket is infested with unhinged fanatics like Robinson, Michelle Morrow and Dan “Bathroom Bill” Bishop.
Vote blue until the GOP gets their shit together and quits nominating unhinged extremists. Just vote blue.",helene,community_discussion,
lo6v1k6,t3_1flufa2,t1_lo6ttmv,NorthCarolina,WHEENC,1726916542,2024-09-21 11:02,12,"Well, post wasn’t about pastors, but glad you brought it up. Majority means most, not all. And yes, facts are largely biased against organized religions.",helene,community_discussion,
lo6vk7o,t3_1flufa2,t1_lo6v1k6,NorthCarolina,im_intj,1726916860,2024-09-21 11:07,-8,"More children are sexually abused by teachers than a pastor or priest, that is the fact.",helene,community_discussion,
lo6vlr0,t3_1flufa2,t3_1flufa2,NorthCarolina,jmac_1957,1726916885,2024-09-21 11:08,-5,Who cares. Just another asshole politician running for office. It has nothing to do with the people personally or NC as a whole.,helene,community_discussion,
lo6vmsl,t3_1flufa2,t1_lo6tp2e,NorthCarolina,chronoswing,1726916902,2024-09-21 11:08,26,"That's because nudeafrica.com deleted the posts after CNN broke the story. 

https://www.politico.com/news/2024/09/20/mark-robinson-porn-website-deleted-00180319",helene,community_discussion,
lo6w5n9,t3_1flufa2,t1_lo6vmsl,NorthCarolina,im_intj,1726917209,2024-09-21 11:13,-11,"No archive exists anywhere? So someone took the time to screenshot all these posts but didn't archive anything on one of the major sites that archives websites?  
  
I'm not saying this is false because it seems like it's probably true but doing all that work and not archiving a site is kinda wild to me. All of us know things can be faked on the inherent. Plenty of screenshots that float around with an account saying something that was never posted.",helene,community_discussion,
lo6wqz0,t3_1flufa2,t1_lo6vlr0,NorthCarolina,zach_doesnt_care,1726917551,2024-09-21 11:19,6,NC Republicans empowered that degenerate and made him our Lt. Gov. It's time we quit letting them embarrass our state.,helene,community_discussion,
lo6xdxr,t3_1flufa2,t1_lo6vk7o,NorthCarolina,General-Yak5264,1726917915,2024-09-21 11:25,16,"Statistics are neat. Maybe because there are 3.7 million public and private school full time teachers vs around 470k preachers, pastors, and priests etc in the USA? Be more telling if there was a ratio to show which had more percentage chance of happening. Both are pretty rare and are much smaller chance wise than being abused by a family member.",helene,community_discussion,
lo6xifh,t3_1flufa2,t1_lo6cojy,NorthCarolina,ramonlamone,1726917985,2024-09-21 11:26,17,"We did elect the fool as lieutenant governor, demonstrating that we are indeed worthy of all the derision the rest of the nation can dish out.",helene,community_discussion,
lo6xqpq,t3_1flufa2,t1_lo5sqzq,NorthCarolina,evolution9673,1726918115,2024-09-21 11:28,85,At least we fired him after one term. Bobo and MTG got reelected.,helene,community_discussion,
lo6yfns,t3_1flufa2,t3_1flufa2,NorthCarolina,nugzstradamus,1726918500,2024-09-21 11:35,0,Only if he gets in,helene,community_discussion,
lo6ymhs,t3_1flufa2,t3_1flufa2,NorthCarolina,connor8383,1726918602,2024-09-21 11:36,4,"Sure they will, so long as we don’t do something dumb like elect him.",helene,community_discussion,
lo6zffk,t3_1flufa2,t1_lo5tb1i,NorthCarolina,Musashi_Joe,1726919029,2024-09-21 11:43,14,Home of Fred Durst!,helene,community_discussion,
lo6zk1d,t3_1flufa2,t3_1flufa2,NorthCarolina,Dgp68824402,1726919096,2024-09-21 11:44,1,Those of us who lived through Jessie Helms would like a word.,helene,community_discussion,
lo6zked,t3_1flufa2,t1_lo6uoz6,NorthCarolina,Dio_Ludicolo,1726919101,2024-09-21 11:45,3,I know right!,helene,community_discussion,
lo6zw6f,t3_1flufa2,t1_lo6qf5g,NorthCarolina,olmikeyyyy,1726919274,2024-09-21 11:47,2,There's a bunch of yard signs still up for him in the rich people neighborhood around the corner from me out here in Brunswick co.,helene,community_discussion,
lo70679,t3_1flufa2,t1_lo6flrm,NorthCarolina,olmikeyyyy,1726919418,2024-09-21 11:50,2,Mark Robinson is 57.  R Kelly is 56.  I wonder who pissed first,helene,community_discussion,
lo706kd,t3_1flufa2,t1_lo6w5n9,NorthCarolina,ramonlamone,1726919423,2024-09-21 11:50,30,"You can bet CNN has captured everything it needs.  You don't run with a story like this unless you can defend yourself in court, and Robinson wouldn't back out of a Trump rally if all this isn't true. Apparently there is quite a large footprint for Robinson's username, and while AI does amazing things, it can't recreate a 12 year internet posting history by altering archives and time stamps.",helene,community_discussion,
lo7091s,t3_1flufa2,t1_lo6qf5g,NorthCarolina,NCSubie,1726919457,2024-09-21 11:50,14,Education and intelligence used to mean something.  Listen to the responses of the three folks. It’s obvious that the GOP has become the party of both the grifters and their marks.,helene,community_discussion,
lo70b7u,t3_1flufa2,t1_lo6xdxr,NorthCarolina,olmikeyyyy,1726919487,2024-09-21 11:51,4,Especially if that family member is a republican,helene,community_discussion,
lo70foh,t3_1flufa2,t1_lo6w5n9,NorthCarolina,ihatethesidebar,1726919550,2024-09-21 11:52,9,"I haven’t tried a search, that being said, it’s very plausible to me that internet archive sites aren’t active on porn sites, because they only archive text and images, and porn sites are just videos. Who’d even think to archive porn site comments? For that matter, who comments on them at all?",helene,community_discussion,
lo715fr,t3_1flufa2,t1_lo70foh,NorthCarolina,im_intj,1726919917,2024-09-21 11:58,-5,They 100% are able to archive these sides. Do you understand what you are saying? Because what you are saying is completely incorrect,helene,community_discussion,
lo718jn,t3_1flufa2,t1_lo7091s,NorthCarolina,PlentyIndividual3168,1726919961,2024-09-21 11:59,9,I'm convinced it's because of his stance on the trans community. People will hold their nose and close their eyes to vote for him because he hates the same people they do.,helene,community_discussion,
lo719e9,t3_1flufa2,t3_1flufa2,NorthCarolina,Exit-Tough,1726919973,2024-09-21 11:59,1,The rest of the USA can’t live up to Robinson is what you meant right?,helene,community_discussion,
lo71gpu,t3_1flufa2,t3_1flufa2,NorthCarolina,Visible-Guess9006,1726920077,2024-09-21 12:01,2,Still dealing with the aftermath of Jesse Helms.,helene,community_discussion,
lo71pau,t3_1flufa2,t1_lo6w5n9,NorthCarolina,chronoswing,1726920197,2024-09-21 12:03,18,The problem is that the posts are hidden behind a forum on nude africa that requires paid membership. I don't think internet archive or payback machine are able to capture paid only content.,helene,community_discussion,
lo71se7,t3_1flufa2,t1_lo6uese,NorthCarolina,TheDamnedDontCry1,1726920241,2024-09-21 12:04,14,Then I suggest you join Nude Africa and search for his user name,helene,community_discussion,
lo7202x,t3_1flufa2,t1_lo70foh,NorthCarolina,chronoswing,1726920348,2024-09-21 12:05,1,"Apparently, nude africa is more of a porn forum for sharing content. It's also a paid membership of $20/m to access it.",helene,community_discussion,
lo7270u,t3_1flufa2,t3_1flufa2,NorthCarolina,Jumpy_Decision3657,1726920443,2024-09-21 12:07,0,has the memory of jesse helms faded so quickly?,helene,community_discussion,
lo72f64,t3_1flufa2,t1_lo71pau,NorthCarolina,im_intj,1726920558,2024-09-21 12:09,-9,If they are hidden behind some Netflix like subscription how exactly did anyone find this account on a random adult site?,helene,community_discussion,
lo72fg0,t3_1flufa2,t1_lo6tygy,NorthCarolina,CheckeredZeebrah,1726920562,2024-09-21 12:09,75,"Me: Who is Jesse Helms? (Googles)

""On domestic social issues, Helms opposed civil rights, disability rights, environmentalism, feminism, gay rights, affirmative action, access to abortions, the Religious Freedom Restoration Act, and the National Endowment for the Arts.[3] He brought an ""aggressiveness"" to his conservatism, as in his rhetoric against homosexuality.""

*Oh.*",helene,community_discussion,
lo73oju,t3_1flufa2,t1_lo6tp2e,NorthCarolina,pm_me_your_kindwords,1726921159,2024-09-21 12:19,14,"I’m not about to go looking for it, but I assume that you’d need to log into the site to see the posts. 

An archive would not be able to get to them to create a saved version. That’s why there aren’t archived links. 

And even if you had a link to the actual posts, you’d need to create an account to log in and see them. 

Here’s the crazy part: to me, these newly found old posts aren’t even worse than the vile crap that he’s been spewing publicly more recently. 

It makes me feel like a crazy person that he’s considered a viable candidate when he’s so full of hate for… everyone. Who wants someone like that running our state?

Anyway, that’s why there aren’t links for you.",helene,community_discussion,
lo73yai,t3_1flufa2,t3_1flufa2,NorthCarolina,kappachino09,1726921285,2024-09-21 12:21,2,Jesse Helms sent us down this road a long time ago,helene,community_discussion,
lo742ag,t3_1flufa2,t3_1flufa2,NorthCarolina,snotboogie,1726921337,2024-09-21 12:22,1,We arent electing him!!!!,helene,community_discussion,
lo7482w,t3_1flufa2,t1_lo72fg0,NorthCarolina,UNC_Samurai,1726921410,2024-09-21 12:23,23,Now google some of his more heinous quotes.,helene,community_discussion,
lo75lu4,t3_1flufa2,t1_lo72f64,NorthCarolina,philodendrin,1726922048,2024-09-21 12:34,19,"How much evidence would be enough for you? I'm asking because you seem to have a high threshold for doubting CNN, as if they would manufacture blatantly false information and somehow avoid a defamation/libel suit? 

FOX News ran with a story and had to pay 3/4 of a Billion dollars for reporting an outright lie. You believe CNN would report such a blatant lie and rise that much money?",helene,community_discussion,
lo76pcj,t3_1flufa2,t3_1flufa2,NorthCarolina,Major-Grape-7690,1726922533,2024-09-21 12:42,0,If he gets voted in the we have shown that we really have just given up.,helene,community_discussion,
lo77sg7,t3_1flufa2,t1_lo75lu4,NorthCarolina,im_intj,1726922995,2024-09-21 12:49,-10,"All I asked for is a hyperlink, I also didn't say it was false. I'm sorry but you mention Fox News in a way like I'm a huge fan of them. Personally I don't like or trust any cable news network.",helene,community_discussion,
lo77ten,t3_1flufa2,t1_lo6w5n9,NorthCarolina,CynthiasPomeranian,1726923005,2024-09-21 12:50,10,Why would CNN fake this? Tell me why. And you don't think they would cover their asses and have all this shit so you know they don't get hit with a massive defamation suit. Why would Robinson not sue if this were false?,helene,community_discussion,
lo78vu3,t3_1flufa2,t1_lo77ten,NorthCarolina,im_intj,1726923446,2024-09-21 12:57,-5,"Let me put it to you this way. The news makes money based on views and audience. If you have a story that brings in more viewers the network makes more money. This is why we see the news so opinionated and willing to jump to be the first one to break a story.  
  
Let me paint a plausible scenario for you. Before I say this I want to state that I think Robinson is someone who has pointed that he is someone who is an antisemitic individual who is a holocaust denier.  
  
Now what if someone in charge of said n**deafrica website was someone who was either paid by opposition or had such an extreme dislike of Robinson that they did this. They took an account on that website that was dormant for a little bit and went ahead and changed the username to match Robinsons? That is a very plausible scenario which is why it's important that people are allowed to look into this for themselves and not trust things at face value.",helene,community_discussion,
lo79mk0,t3_1flufa2,t1_lo77sg7,NorthCarolina,Atheist_3739,1726923744,2024-09-21 13:02,8,"They didn't mention Fox like you were a fan. He was making a comparison. Fox publied fake stories and was sued. They lost almost 1b dollars running fake reports on air.  They were asking, do you think CNN would be willing to risk that type of monetary liability to lie like Fox did.",helene,community_discussion,
lo79o5x,t3_1flufa2,t1_lo5wxs2,NorthCarolina,[deleted],1726923763,2024-09-21 13:02,1,[removed],helene,community_discussion,
lo79u51,t3_1flufa2,t1_lo77sg7,NorthCarolina,philodendrin,1726923830,2024-09-21 13:03,12,"I don't think you are going to find a direct hyperlink to something that has a pay wall in front of it. They paid for access and then took screencaptures of his posts. Apparently there was a ton of posts, spread across a few web sites.

I'm sure he has deleted his accounts and tried to scrub whatever he could. 

The tell-tale sign is that he has claimed it was all fake but hasn't said anything about suing CNN for Libel. If I was innocent, that would be my first move. A huge corporation like that, a number of lawyers would be lining up to take that case. I am sure CNN has done its due diligence on this story.

You could always read the story and try to track down the posts from all the information provided from each site. Just search by his user name, since he posted across several sites using that name.",helene,community_discussion,
lo79ucd,t3_1flufa2,t3_1flufa2,NorthCarolina,Dmackman1969,1726923832,2024-09-21 13:03,14,"Well, Virginia Foxx is pretty well known as a NC demon as well. I wish it was just  Robinson. We have quite a few assclowns leading our state.

Let’s all go vote and change that, even just a little bit.

Vote.",helene,community_discussion,
lo7aek4,t3_1flufa2,t1_lo715fr,NorthCarolina,ihatethesidebar,1726924060,2024-09-21 13:07,4,I didn’t say unable lol,helene,community_discussion,
lo7ahm9,t3_1flufa2,t1_lo79mk0,NorthCarolina,im_intj,1726924095,2024-09-21 13:08,-3,"So this is where it gets tricky.  
If liability for the incorrect information fell on another party I believe that they would be willing to run with a story that is not completely true.",helene,community_discussion,
lo7cr9o,t3_1flufa2,t1_lo5wxs2,NorthCarolina,yemKeuchlyFarley,1726924997,2024-09-21 13:23,14,"I was actually gonna say - time does heal all wounds. It took about a decade, but people even stopped talking about HB2 eventually. This will pass in time, and/or be superseded by some other crazy shit.",helene,community_discussion,
lo7cyp0,t3_1flufa2,t3_1flufa2,NorthCarolina,Cid333,1726925078,2024-09-21 13:24,2,Just one more story in a long history of embarrassing NC politics.,helene,community_discussion,
lo7dnqm,t3_1flufa2,t1_lo78vu3,NorthCarolina,SmartChump,1726925347,2024-09-21 13:29,7,"“Ladies and gentlemen of this supposed jury, it does not make sense! If Chewbacca lives on Endor, you must acquit! The defense rests.”",helene,community_discussion,
lo7dp1w,t3_1flufa2,t3_1flufa2,NorthCarolina,KnownAd523,1726925361,2024-09-21 13:29,1,Well there are a lot of states with plenty of glass houses.,helene,community_discussion,
lo7epqq,t3_1flufa2,t3_1flufa2,NorthCarolina,Vladivostokorbust,1726925753,2024-09-21 13:35,2,Welcome to Florida,helene,community_discussion,
lo7f4fs,t3_1flufa2,t1_lo6pqri,NorthCarolina,Vladivostokorbust,1726925916,2024-09-21 13:38,8,Because Florida doesn’t know crazy,helene,community_discussion,
lo7fhpg,t3_1flufa2,t3_1flufa2,NorthCarolina,AshDawgBucket,1726926060,2024-09-21 13:41,2,I lived in Alaska when Palin hit the big time... and had lived in NY so people associated me with Spitzer when his scandal happened... was in Wisconsin when we embarrassed ourselves with Scott walker.... this too shall pass. No one will care when the next big thing breaks.,helene,community_discussion,
lo7fkwc,t3_1flufa2,t1_lo7epqq,NorthCarolina,Ok-Tailor-2030,1726926094,2024-09-21 13:41,3,How I cackled at your comment! I’m originally from Florida before I moved to NC. I didn’t realize how weird Florida was until I left (and the rise of the Internet).,helene,community_discussion,
lo7fp2v,t3_1flufa2,t1_lo69b2x,NorthCarolina,AshDawgBucket,1726926137,2024-09-21 13:42,0,One of the first things I thought of!!,helene,community_discussion,
lo7gk84,t3_1flufa2,t1_lo72f64,NorthCarolina,detail_giraffe,1726926463,2024-09-21 13:47,4,"It's a paid site, but for paid accounts the posts were publicly visible. They didn't need to hack into HIS account, they just needed to have a paid account of their own.",helene,community_discussion,
lo7ityc,t3_1flufa2,t3_1flufa2,NorthCarolina,Automatic-Arm-532,1726927291,2024-09-21 14:01,2,"NC didn't need this to have a bad reputation regarding politics. Before I moved here from out of state, I heard all about the ongoing and discriminatory gerrymandering, McCrory bathroom bill, how state and city leaders have been zoning  the largest cities to be essentially huge carcentric suburbs since the 50s. Robinson is just another turd on the pile.",helene,community_discussion,
lo7iw1w,t3_1flufa2,t1_lo6h60q,NorthCarolina,Shasty-McNasty,1726927311,2024-09-21 14:01,14,"They choose to reject reality and substitute their own, where they’re definitely the good guys and everyone is just out to get em.",helene,community_discussion,
lo7kvaj,t3_1flufa2,t3_1flufa2,NorthCarolina,Actual_Sprinkles_291,1726928010,2024-09-21 14:13,6,Pat McCory is having a great day though. They’re going to forget about him over Robinson and Cawthorne,helene,community_discussion,
lo7mn50,t3_1flufa2,t1_lo6h60q,NorthCarolina,YellowFlySwat,1726928629,2024-09-21 14:23,22,"My uncles don't care, and are still gonna vote for him. They like his policies...",helene,community_discussion,
lo7n3u1,t3_1flufa2,t3_1flufa2,NorthCarolina,TragedyAnnDoll,1726928789,2024-09-21 14:26,1,Texan here. If it makes you feel better we actually elected many times now Greg Assbutt and Cancun Cruz. So I’m sure we will out psycho NC at some point.,helene,community_discussion,
lo7n5wf,t3_1flufa2,t1_lo77sg7,NorthCarolina,susiedotwo,1726928809,2024-09-21 14:26,6,"Youre basically asking for someone’s onlyfans content that got taken down when the account owner got caught for having onlyfans. It’s paid content and was removed. Youre not going to get a hyperlink because it doesn’t exist anymore. 


Your disbelief honestly makes you look uninformed, because you’re doubting CNN, which while an imperfect news broadcasting organization, definitely has all their legal Is dotted and Ts crossed. Don’t be fended",helene,community_discussion,
lo7n69w,t3_1flufa2,t1_lo6xqpq,NorthCarolina,Kejones9900,1726928813,2024-09-21 14:26,15,"FWIW MTG scared off her only competition by encouraging threats of violence against her opposition during the primary, and no one is running with a different party in that part of GA.",helene,community_discussion,
lo7o0vt,t3_1flufa2,t3_1flufa2,NorthCarolina,SunFury79,1726929097,2024-09-21 14:31,1,"As a South Carolinian, the Sanford Appalachian Trail thing eventually disappeared. People have short attention spans and shorter memories.",helene,community_discussion,
lo7op6f,t3_1flufa2,t3_1flufa2,NorthCarolina,McLuvin1589,1726929328,2024-09-21 14:35,1,Does this mean people will stop moving to NC,helene,community_discussion,
lo7r0x1,t3_1flufa2,t1_lo7mn50,NorthCarolina,ferretbeast,1726930117,2024-09-21 14:48,8,I’m sure someone in my family will too… I am just not sure who because those are the ones I make sure to never speak politics or get remotely close to the subject with.,helene,community_discussion,
lo7s2hb,t3_1flufa2,t1_lo7fkwc,NorthCarolina,Dk_rob,1726930466,2024-09-21 14:54,2,"I did. I moved back to Illinois from Florida. All crazy things here, were magnified over and over in Florida",helene,community_discussion,
lo7ssoh,t3_1flufa2,t1_lo6ttmv,NorthCarolina,bucho80,1726930712,2024-09-21 14:58,2,"Yup.  Almost every day there is a new case of a church leader or staff sexually abusing kids.  Just keep your head in the sand I guess...

r/PastorArrested",helene,community_discussion,
lo7swzx,t3_1flufa2,t1_lo718jn,NorthCarolina,carrie_m730,1726930753,2024-09-21 14:59,4,His WHOLE stance. They love a guy that wants to exploit trans people by fetishizing them and ALSO deny them human rights.,helene,community_discussion,
lo7uz5i,t3_1flufa2,t1_lo6h60q,NorthCarolina,Aggravating_Sea7076,1726931443,2024-09-21 15:10,0,yeah but see its both sides who say stuff like that. whether voting blue or red no matter what you show ppl they'll still say what he said. both sides have huge scandals and netiher side is really better than the other when you start digging. politicians are corrupt all around the board plain and simple. just like how you think they've been conditioned you have been also and it shows since you sit and talk like dems aren't doing a bunch of crooked shit as well.,helene,community_discussion,
lo7vo7c,t3_1flufa2,t3_1flufa2,NorthCarolina,Dariawasright,1726931677,2024-09-21 15:14,3,Trust me. You vote in Harris and no one will care.  You can be the heroes.,helene,community_discussion,
lo7x4tu,t3_1flufa2,t3_1flufa2,NorthCarolina,dirttaylor,1726932161,2024-09-21 15:22,2,Robinson is just one in a line of winners you’ve had.,helene,community_discussion,
lo7xvl9,t3_1flufa2,t3_1flufa2,NorthCarolina,Xyzzydude,1726932405,2024-09-21 15:26,2,Only if he wins,helene,community_discussion,
lo7ysrp,t3_1flufa2,t1_lo6uoz6,NorthCarolina,Yeahha,1726932710,2024-09-21 15:31,2,They are convenient for virtue signaling for the religious right...and apparently NC politicians are a bunch of horny fucks,helene,community_discussion,
lo7zkrt,t3_1flufa2,t1_lo7r0x1,NorthCarolina,YellowFlySwat,1726932972,2024-09-21 15:36,6,As a business owner I feel safer not having an opinion.,helene,community_discussion,
lo7zsxw,t3_1flufa2,t1_lo7uz5i,NorthCarolina,TheTrueQuarian,1726933048,2024-09-21 15:37,2,Nah I disagree. The right and republicans does this 100x more than anyone else.,helene,community_discussion,
lo80iz1,t3_1flufa2,t1_lo7zsxw,NorthCarolina,Aggravating_Sea7076,1726933286,2024-09-21 15:41,0,see you're proving my point right now.... anything i say about the left i bet every single person on that side will have an excuse for it. it goes both ways. people on the right will do the same. you say this cause you lean left. It's all a matter of what you believe in. there's another 10 people behind you right now who are gonna say the left does it 100x more. It's a never ending battle.,helene,community_discussion,
lo820zy,t3_1flufa2,t3_1flufa2,NorthCarolina,bmullan,1726933782,2024-09-21 15:49,6,"DO NOT Forget the GOP's woman candidate for Superintendent of Public Schools...

*She wants to* **execute** *Democrats like Biden, Obama etc*

**https://www.cnn.com/2024/03/14/politics/kfile-gop-nominee-north-carolina-public-schools-michele-morrow-executing-democrats/index.html**
😳",helene,community_discussion,
lo824r4,t3_1flufa2,t1_lo80iz1,NorthCarolina,TheTrueQuarian,1726933817,2024-09-21 15:50,3,I say this cause it's correct like factually. Find me times where leftists denied shit like this. Any examples. I can find plenty of people even in this thread saying that this GOP ghoul didn't do anything and it's all fake news.,helene,community_discussion,
lo82u1x,t3_1flufa2,t3_1flufa2,NorthCarolina,[deleted],1726934050,2024-09-21 15:54,1,[removed],helene,community_discussion,
lo83mbl,t3_1flufa2,t1_lo824r4,NorthCarolina,Aggravating_Sea7076,1726934309,2024-09-21 15:58,0,see some of you are just too far gone. to sit and say it's factually correct is hilarious. idk how some of you get this way. yeah there is ppl who will still stand up for this guy. and there's also ppl who are gonna stand up for dems even when they're wrong. AS I SAID IT GOES BOTH WAYS.idk what's so hard to grasp this concept. you dont seem to understand this cause you have a one track mind. in your mind the only right thing can be what you think.,helene,community_discussion,
lo83vf0,t3_1flufa2,t1_lo7mn50,NorthCarolina,bmullan,1726934393,2024-09-21 15:59,11,"Trump **never** gives any details about how he would implement any policy.

He just promises any & everything.

According to Trump he will ..

- Eliminate the Department of Education  
- Eliminate the IRS.  
- Stop all Wars.   
- Get rid of the $32T National Debt in 10 yrs ($8.7T of that debt was his).  
- Make your kids better looking 😎
- Make your wife more Beautiful 😁",helene,community_discussion,
lo83xcd,t3_1flufa2,t1_lo824r4,NorthCarolina,Aggravating_Sea7076,1726934410,2024-09-21 16:00,0,leftist deny the border has been left wide open and that they are just handing out money to all the illegals when we have a bunch of homless american citizens. but that can't be true right cause it's the left letting it happen.,helene,community_discussion,
lo853oa,t3_1flufa2,t1_lo83xcd,NorthCarolina,TheTrueQuarian,1726934802,2024-09-21 16:06,3,"It's literally not true though? These policies are mostly the same ones that the Trump admin put up, and are only that way cause the bipartisan bill Biden proposed was purposely blocked (by Trump telling the republicans to vote no) to make him look worse. These are all provable facts.",helene,community_discussion,
lo85qpg,t3_1flufa2,t1_lo853oa,NorthCarolina,Aggravating_Sea7076,1726935015,2024-09-21 16:10,0,"It's a dead end road with you. it's pointless to even talk with people like you. everyone else is wrong, and you're right. We get it.",helene,community_discussion,
lo85vhm,t3_1flufa2,t1_lo85qpg,NorthCarolina,TheTrueQuarian,1726935059,2024-09-21 16:10,3,Maybe when everyone tells you you are wrong that's a sign...,helene,community_discussion,
lo867ro,t3_1flufa2,t1_lo85vhm,NorthCarolina,Aggravating_Sea7076,1726935173,2024-09-21 16:12,1,making big assumptions saying everyone lmao. but i get you know all about everything. get out of your echo chamber.,helene,community_discussion,
lo87he6,t3_1flufa2,t3_1flufa2,NorthCarolina,yokel78,1726935594,2024-09-21 16:19,4,Jesse Helms enters the chat.,helene,community_discussion,
lo8a6bp,t3_1flufa2,t3_1flufa2,NorthCarolina,PmpearsonNC,1726936480,2024-09-21 16:34,2,And why shouldn’t the rest of the country/world judge us? He’s the current Lt. Governor!,helene,community_discussion,
lo8blfn,t3_1flufa2,t1_lo7vo83,NorthCarolina,WHEENC,1726936946,2024-09-21 16:42,1,"Unfortunately the vast majority of abuse isn’t reported, much less make the news.",helene,community_discussion,
lo8gchi,t3_1flufa2,t1_lo83vf0,NorthCarolina,YellowFlySwat,1726938471,2024-09-21 17:07,2,"This was about Robinson, not Trump, but they're voting for him too.",helene,community_discussion,
lo8giy9,t3_1flufa2,t1_lo6xqpq,NorthCarolina,VanDenBroeck,1726938528,2024-09-21 17:08,18,But we also allowed our state house to Gerrymander a stellar public servant like Jeff Jackson out of Congress.,helene,community_discussion,
lo8j08c,t3_1flufa2,t3_1flufa2,NorthCarolina,No-Basis3654,1726939304,2024-09-21 17:21,-6,I voted for him,helene,community_discussion,
lo8l44i,t3_1flufa2,t1_lo72fg0,NorthCarolina,sexpsychologist,1726939970,2024-09-21 17:32,14,"Yeah I’m kinda happy we’ve collectively decided to forget he ever existed.

Also I might be confusing him with Strom Thurmond who was his South Carolina Frankenstein clone, but one of them actually adopted a son or had an adopted grandson who was black. Imagine being a child of color growing up hearing all of THAT. Hope he’s well-adjusted now.",helene,community_discussion,
lo8nva3,t3_1flufa2,t3_1flufa2,NorthCarolina,ConsiderationRich135,1726940843,2024-09-21 17:47,5,NC politicians have always been a particular embarrassment.,helene,community_discussion,
lo8ov76,t3_1flufa2,t1_lo6h60q,NorthCarolina,NoValidPoints87,1726941159,2024-09-21 17:52,-1,"As a person who doesn't just blindly believe what people say and knows that lots of people don't register sarcasm in text (*/s), I'm really going to need you to recognize the ""news"" outlets for their role in causing most people not to trust them. For reference:

https://news.gallup.com/poll/403166/americans-trust-media-remains-near-record-low.aspx

And I'd wager a great deal of money that the 7% who have a ""great deal"" of confidence in the media are super gullible people. The right has been so effective at getting their constituents to dismiss anything from the news because of how unreliable the news has been. How many times have we seen a story published by national, supposedly respectable newspapers that come to find out they hadn't done a single bit of due diligence; or where someone will take a quote from a speech completely out of context just so they can write a rage piece? You're giving conservative politicians far too much credit. When left- and right-leaning publications routinely get caught in lies or misrepresentations, honestly, what do you expect people to do? Keep believing? Research every single article themselves? I try to do that, which is exactly why I don't pay attention to the news most of the time. Aint nobody got time for that.

Long ass story short, take it up with your favorite newspaper. Sounds like your coworker isn't impervious to facts. To me, it sounds like he's impervious to bullshit and ain't got time to do somebody else's job. Vote Mouse, 2024.",helene,community_discussion,
lo8par5,t3_1flufa2,t3_1flufa2,NorthCarolina,digby672,1726941297,2024-09-21 17:54,1,Let those amongst you who haven't made batshit crazy comments while perving on nudeafrica.com 15 years ago cast the 1st stone. I know I can't.,helene,community_discussion,
lo8rl7q,t3_1flufa2,t1_lo8l44i,NorthCarolina,BabiestMinotaur,1726942071,2024-09-21 18:07,15,Strom fathered a mixed child named Essie Mae Washington Williams in typical hypocritical Republican fashion.,helene,community_discussion,
lo8rvcy,t3_1flufa2,t1_lo6h60q,NorthCarolina,Repulsive_Stand897,1726942163,2024-09-21 18:09,-8,Wow! Really?! You’re surprised that no one gives a shit about the irrelevant dirt brought up by the dems? I stopped listening to the shit after jd Vance allegedly banged a couch. It’s so sad how desperate dems are because they know they losing lmao,helene,community_discussion,
lo8u95f,t3_1flufa2,t3_1flufa2,NorthCarolina,capitanowest,1726942957,2024-09-21 18:22,2,"Having lived through countless embarrassments as a South Carolina native, I can tell you with confidence, that you are indeed correct (now a current Asheville resident).",helene,community_discussion,
lo8vf6k,t3_1flufa2,t1_lo8rl7q,NorthCarolina,sexpsychologist,1726943341,2024-09-21 18:29,5,"YES thank you! And I just looked it up to confirm, I must have these stories mixed up in my brain bc Helms did adopt a child but the hypocrisy is that the child has CP & Helms also had a gay granddaughter (who worked on his reelection campaigns). 

Mixed memories and other people’s cognitive dissonance, together it’s kind of like playing that telephone game where the last message is nothing like the original.",helene,community_discussion,
lo91hai,t3_1flufa2,t3_1flufa2,NorthCarolina,KrusKeebler,1726945437,2024-09-21 19:03,1,Only if we vote him in.,helene,community_discussion,
lo95jhn,t3_1flufa2,t1_lo8rvcy,NorthCarolina,Wsweg,1726946874,2024-09-21 19:27,7,The republican nominee for governor being a self proclaimed Nazi that wishes slavery was brought back and would own slaves is “irrelevant dirt”? At least y’all are finally admitting your real ideals instead of pussyfooting,helene,community_discussion,
lo95zsc,t3_1flufa2,t1_lo83vf0,NorthCarolina,LordDeagan,1726947037,2024-09-21 19:30,5,"And as we know, from his last time running, he won't do any of it. It will always be, ""we're working on it."" 
But knowing this will be his last go around he will pull all the stops. He won't be worried about being reelected. And the far right Supreme Court gave him carte blanche.",helene,community_discussion,
lo96hci,t3_1flufa2,t1_lo95jhn,NorthCarolina,Repulsive_Stand897,1726947208,2024-09-21 19:33,-11,"Yes irrelevant dirt. People say shit online all the time they don’t mean. So funny how yall snowflakes get hurt lol. Slavery ain’t coming back, whoever said that sure as hell can’t bring it back. People talk shit, doesn’t mean it’s true. So what? We’ve all said shit on the internet at some point that we probably shouldn’t have. Stop being childish and let the fuckin people vote, instead of being asshurt for losing the election and crying about it trying to defame the other party. It’s fuckin childish. Makes me hate the dems more. They know they can’t win, tried to lock up trump, talked massive shit about trump and other republicans. Childs play all it is.",helene,community_discussion,
lo97ikh,t3_1flufa2,t1_lo96hci,NorthCarolina,Wsweg,1726947568,2024-09-21 19:39,11,"Is wittle snowflake upset? Gonna cry because you’re gonna lose? Awww. Luckily enough voters are sane enough that seeing his true views will cause them to not vote for him. See you in November, crybaby bitch",helene,community_discussion,
lo9912r,t3_1flufa2,t3_1flufa2,NorthCarolina,Ben2018,1726948090,2024-09-21 19:48,3,"eh, every state seems to have at least one weird politician - Santos was from NY.  It's not the state's problem so much as it is the Repub party problem - they're the ones that should be embarrassed, not everyone in the state.",helene,community_discussion,
lo9bqrv,t3_1flufa2,t1_lo97ikh,NorthCarolina,[deleted],1726949025,2024-09-21 20:03,1,[removed],helene,community_discussion,
lo9cgda,t3_1flufa2,t3_1flufa2,NorthCarolina,TraditionalCopy6981,1726949271,2024-09-21 20:07,1,Every state has a Robinson. They just haven't lifted up all the rocks yet..,helene,community_discussion,
lo9gzo9,t3_1flufa2,t3_1flufa2,NorthCarolina,Tylikcat,1726950789,2024-09-21 20:33,2,"I mean, sure - but the whole country has Trump, so I like to think of it as a generally shared sort of trauma...

(Though I recently moved back to WA, so...)",helene,community_discussion,
lo9hqei,t3_1flufa2,t3_1flufa2,NorthCarolina,ZeStonie,1726951033,2024-09-21 20:37,3,I’m willing to let it go if ya’ll don’t elect him and flip blue this year,helene,community_discussion,
lo9idrt,t3_1flufa2,t1_lo8ov76,NorthCarolina,agk23,1726951245,2024-09-21 20:40,5,"Except this was thoroughly proven. It’s one thing to be naturally distrustful, it’s another to be unable to understand true journalism",helene,community_discussion,
lo9ier3,t3_1flufa2,t1_lo8ov76,NorthCarolina,agk23,1726951254,2024-09-21 20:40,6,"Except this was thoroughly proven. It’s one thing to be naturally distrustful, it’s another to be unable to understand true journalism",helene,community_discussion,
lo9irja,t3_1flufa2,t3_1flufa2,NorthCarolina,TheTubaGeek,1726951368,2024-09-21 20:42,2,Yep. Pretty much. He's our version of MTG in GA or Boebert in CO,helene,community_discussion,
lo9pwni,t3_1flufa2,t3_1flufa2,NorthCarolina,Eb73,1726953813,2024-09-21 21:23,-8,Well at least he does NOT drink Horse-Semen on purpose like Walz.,helene,community_discussion,
lo9s6a4,t3_1flufa2,t3_1flufa2,NorthCarolina,Felice2015,1726954625,2024-09-21 21:37,1,"Watch Terry Sanford's address on the 100th anniversary of the Emancipation Proclamation. You'll feel better, even if we still look like we live around dipshits. Which, I guess, we do.",helene,community_discussion,
lo9uepo,t3_1flufa2,t1_lo96hci,NorthCarolina,[deleted],1726955445,2024-09-21 21:50,1,[removed],helene,community_discussion,
lo9uq9a,t3_1flufa2,t3_1flufa2,NorthCarolina,[deleted],1726955563,2024-09-21 21:52,1,[removed],helene,community_discussion,
lo9utg5,t3_1flufa2,t1_lo9pwni,NorthCarolina,CarolinaMtnBiker,1726955597,2024-09-21 21:53,2,Let me guess.  70 years old?,helene,community_discussion,
lo9v7qf,t3_1flufa2,t1_lo7o0vt,NorthCarolina,CarolinaMtnBiker,1726955744,2024-09-21 21:55,1,I dunno.   I still hear about the Appalachian Trail here in Charleston.  Stories like that stick for decades.,helene,community_discussion,
lo9vk9a,t3_1flufa2,t1_lo97ikh,NorthCarolina,[deleted],1726955873,2024-09-21 21:57,1,[removed],helene,community_discussion,
lo9w4dx,t3_1flufa2,t3_1flufa2,NorthCarolina,Choosepeace,1726956083,2024-09-21 22:01,1,We lived down the embarrassment of Jesse Helms! We will get through it.,helene,community_discussion,
lo9xqnl,t3_1flufa2,t1_lo7op6f,NorthCarolina,[deleted],1726956684,2024-09-21 22:11,1,[removed],helene,community_discussion,
lo9yvq1,t3_1flufa2,t1_lo8nva3,NorthCarolina,[deleted],1726957111,2024-09-21 22:18,1,[removed],helene,community_discussion,
lo9z1vo,t3_1flufa2,t1_lo9cgda,NorthCarolina,[deleted],1726957176,2024-09-21 22:19,1,[removed],helene,community_discussion,
lo9zcpd,t3_1flufa2,t1_lo742ag,NorthCarolina,[deleted],1726957290,2024-09-21 22:21,1,[removed],helene,community_discussion,
lo9zipu,t3_1flufa2,t1_lo8blfn,NorthCarolina,bucho80,1726957353,2024-09-21 22:22,1,"yea, and given the reported trends, we can only assume it is even worse then we know.  So definitely stop dumping your kids off at bible school.  Youth Pastors seem to be the worst offenders.",helene,community_discussion,
loa00dj,t3_1flufa2,t1_lo7cyp0,NorthCarolina,[deleted],1726957535,2024-09-21 22:25,1,[removed],helene,community_discussion,
loa0bf1,t3_1flufa2,t1_lo7vo7c,NorthCarolina,[deleted],1726957653,2024-09-21 22:27,1,[removed],helene,community_discussion,
loa0tzb,t3_1flufa2,t1_lo9idrt,NorthCarolina,NoValidPoints87,1726957849,2024-09-21 22:30,1,"Except all the person I was replying to said they showed their coworker some quotes. If you haven't looked into it, and I wouldn't blame anybody for it, then you wouldn't have seen the proof.",helene,community_discussion,
loa0u89,t3_1flufa2,t1_lo91hai,NorthCarolina,[deleted],1726957851,2024-09-21 22:30,1,[removed],helene,community_discussion,
loa3rn1,t3_1flufa2,t1_lo72fg0,NorthCarolina,Bald_Nightmare,1726958941,2024-09-21 22:49,6,"Believe it or not, that's a NICE description of him.",helene,community_discussion,
loa42h6,t3_1flufa2,t1_lo8giy9,NorthCarolina,Bald_Nightmare,1726959055,2024-09-21 22:50,9,"But he may end up as Attorney General, and I think he's about to be a big pain in the ass for Republicans. Go Jeff!",helene,community_discussion,
loa5ct9,t3_1flufa2,t1_lo5u2u5,NorthCarolina,Left_Shape8428,1726959553,2024-09-21 22:59,2,So we won’t be ok…sad,helene,community_discussion,
loa5vb0,t3_1flufa2,t1_lo5wxs2,NorthCarolina,cantusethatname,1726959751,2024-09-21 23:02,7,And Dan Bishop who is running for AG. Vote for Jeff Jackson and send Bishop to the Republican trash heap,helene,community_discussion,
loa8b1m,t3_1flufa2,t1_lo5sqzq,NorthCarolina,Hot_Week3608,1726960705,2024-09-21 23:18,3,"On the bright side, we have pretty much lived down John Edwards, and Cal Cunningham's news happened so late in the race that everyone forgot him as soon as he lost.",helene,community_discussion,
loa8i2t,t3_1flufa2,t1_lo6h60q,NorthCarolina,[deleted],1726960780,2024-09-21 23:19,1,[removed],helene,community_discussion,
loa991n,t3_1flufa2,t1_lo6pqri,NorthCarolina,Vijece,1726961079,2024-09-21 23:24,4,Someone pls make this the top comment lmfao,helene,community_discussion,
loaa9yi,t3_1flufa2,t1_lo85vhm,NorthCarolina,H4RDCORE1,1726961485,2024-09-21 23:31,2,That's a sign that everyone else is stupid and I'm the only one who really knows the truth! /s,helene,community_discussion,
loaawu9,t3_1flufa2,t1_loa0tzb,NorthCarolina,H4RDCORE1,1726961736,2024-09-21 23:35,2,"But even that doesn't matter one bit.  They are conditioned to reject anything any news outlet tells them if it goes against their 'side'. To them that's all that matters.
""The first thing a cult does is convince you that everyone else is lying.""",helene,community_discussion,
loadkha,t3_1flufa2,t1_lo5swxo,NorthCarolina,Roguefem-76,1726962798,2024-09-21 23:53,2,More like a black eye- very obvious and embarrassing.,helene,community_discussion,
loadrs0,t3_1flufa2,t1_lo7kvaj,NorthCarolina,Roguefem-76,1726962879,2024-09-21 23:54,3,He's already doing interviews to talk smack about how the GOP should have vetted Robinson better.,helene,community_discussion,
loae5kr,t3_1flufa2,t3_1flufa2,NorthCarolina,lettheflamedie,1726963032,2024-09-21 23:57,3,As a Republican… I agree. It’s insane that we nominated this clown.,helene,community_discussion,
loae9jk,t3_1flufa2,t1_loadkha,NorthCarolina,lettheflamedie,1726963076,2024-09-21 23:57,0,A blackguy?,helene,community_discussion,
loaemhw,t3_1flufa2,t1_loa42h6,NorthCarolina,VanDenBroeck,1726963221,2024-09-22 00:00,4,"Oh, I definitely want him to win the AG race and he will do a great job.  I just think the gerrymandering sucks.  But there’s a possibility that a term or two as AG could be a quicker route to the Senate or Governor’s office than several terms in the House of Representatives.  So it could be a positive thing.",helene,community_discussion,
loaf4fa,t3_1flufa2,t1_loaemhw,NorthCarolina,Bald_Nightmare,1726963422,2024-09-22 00:03,3,I agree 100%. The gerrymandering is ridiculous. It's nice to know that we have people like Jeff Jackson out there fighting their ass off against these crooks.,helene,community_discussion,
loagyys,t3_1flufa2,t1_loaawu9,NorthCarolina,NoValidPoints87,1726964173,2024-09-22 00:16,3,"I mean, it kinda matters. As a matter of fact, that's the whole point. And like I said, it isn't just right-wing people who don't believe what's in the news. Nobody does. And the people who do believe the news are usually fools and won't take the time to check the veracity of a story in the first place. They just blindly believe. Blindly believing or blindly not believing are all the same type of fools. And, again because it bears repeating, the reason the vast majority of people don't believe our media and news agencies is the fault of those institutions not the general public.",helene,community_discussion,
loaid3c,t3_1flufa2,t1_lo9hqei,NorthCarolina,mzieg,1726964746,2024-09-22 00:25,2,Deal. Here we spit-shake with sweet tea if that’s cool.,helene,community_discussion,
loaijk8,t3_1flufa2,t1_lo8j08c,NorthCarolina,mzieg,1726964821,2024-09-22 00:27,1,Username fits.,helene,community_discussion,
loais1g,t3_1flufa2,t1_lo87he6,NorthCarolina,mzieg,1726964915,2024-09-22 00:28,3,_Elizabeth Dole kicks Jesse from the chat_,helene,community_discussion,
loajfic,t3_1flufa2,t3_1flufa2,NorthCarolina,dex206,1726965181,2024-09-22 00:33,2,I saw a Mark Robinson sign in a yard today… I have never been more curious as to what went inside a house than that moment.,helene,community_discussion,
loajhoj,t3_1flufa2,t1_lo7dp1w,NorthCarolina,mzieg,1726965205,2024-09-22 00:33,1,"Unexpected 13 Ghosts reference, but yeah I see the Jackal comparison.",helene,community_discussion,
loam1i1,t3_1flufa2,t1_lo72fg0,NorthCarolina,imapeacockdangit,1726966250,2024-09-22 00:50,6,"Don't forget he filabustered a bill that would allow black and white people to rent a hotel room together.   

Before it was ""Go to Hell, Carolina"". It was ""Go to Hell, Jesse Helms"" in my world.

Folks need to remember that Dixiecrat the next time they think Robinson is ""sunk"".  We will elect a piece of hogshit to Congress for 4 decades straight.  They got no problem with a guy who enjoys seeing cl""chicks with dicks bang other chicks"" if it means their team ""wins"".",helene,community_discussion,
loaoe8q,t3_1flufa2,t1_lo9912r,NorthCarolina,hearonx,1726967215,2024-09-22 01:06,2,"Santos was not even a tenth of this current Robinson mess.  He was more funny than anything else, unless I am forgetting something.",helene,community_discussion,
loar9fw,t3_1flufa2,t1_lo72fg0,NorthCarolina,Few-Boysenberry-7826,1726968404,2024-09-22 01:26,4,"We called him Senator No, as he voted against EVERYTHING!",helene,community_discussion,
loax57r,t3_1flufa2,t3_1flufa2,NorthCarolina,Bot-Cabinet9314,1726970903,2024-09-22 02:08,1,As bad of a reputation as you might think we have is does not seem to be bad enough to keep the Yankees from coming.,helene,community_discussion,
loaz4cz,t3_1flufa2,t1_loaid3c,NorthCarolina,ZeStonie,1726971747,2024-09-22 02:22,1,A deal I can’t refuse 🤝,helene,community_discussion,
lob0rmt,t3_1flufa2,t1_lo72fg0,NorthCarolina,BuckandShilo,1726972466,2024-09-22 02:34,1,"Senator NO, As he was called, did something that was very predictable. If you look at all the things he voted against they all cost the US taxpayer money. The only thing he was ever enthusiastic about paying for was defense and agricultural welfare. (bills.)

He was the most responsible center of congressman to his constituents the entire time he was there.

He also worked with Bono to enthusiastically, push more legislation and money for AIDS And research than any other legislator.

My father taught me that no one is a virgin, that you can’t fault people for the way they make their living, everyone has some good and some evil, and that applies to Genghis Khan and Mother Teresa. 

I think that is one of the major problems we have in our society today everybody lines up on the far side, one way or the other. Makes me nostalgic for Billy Crystal and Monahan.",helene,community_discussion,
lob1l6d,t3_1flufa2,t1_loagyys,NorthCarolina,YellowFlySwat,1726972827,2024-09-22 02:40,2,"Gone are the days of reporting unbiased facts. Every major network leans one way or another, and its each networks job to undermine the confidence of the other. 

Dems could make a bill proposing free public school breakfast/lunch nationwide. Reps will spin it to say something like, ""they're spending our tax dollars feeding illegals. There are schools that are full of illegals, how did they even enroll, why are those illegals allowed to take resources that are meant for our citizens here legally? ""

Conversely, Reps could introduce a bill stating that all soldiers can buy/drink alcohol on base. Dems would say something like, ""they're trying to bribe our children into joining the military, raise the enlistment age to 21. 

Not a single network would report the straight facts, and allow you to draw your own conclusion.",helene,community_discussion,
lobc3be,t3_1flufa2,t1_lo7ahm9,NorthCarolina,NoValidPoints87,1726977728,2024-09-22 04:02,2,"I think this particular story is true, but I really feel like this whole ""they wouldn't lie if they were at risk of losing hundreds of millions of dollars"". Yes. Yes, they absolutely would and have. Every major news agency in this country has printed outright lies and has been sued for more than most of us could ever make in our life. Zachary Young is the most recent victim.",helene,community_discussion,
lobeduy,t3_1flufa2,t1_lo6h60q,NorthCarolina,thegoblinwithin,1726978933,2024-09-22 04:22,1,"We need someone who has more energy than me (and I mean mental health energy) to take things he has said in public with his whole chest and put it beside of the things he said online that match up. 

The things he has said in public are HORRIBLE but they have a little extra sugar on them so they are a little more palatable to some people. When you match them up it's not so surprising that he said the things on that forum though. 

Most people don't even know most of what he has said publicly though.",helene,community_discussion,
lobgc57,t3_1flufa2,t1_lo72fg0,NorthCarolina,Creepy_Pattern6982,1726979983,2024-09-22 04:39,2,And had ties to the KKK! Welcome to Union County NC,helene,community_discussion,
lobgfah,t3_1flufa2,t3_1flufa2,NorthCarolina,michaelh98,1726980031,2024-09-22 04:40,1,Nor should they,helene,community_discussion,
lobrnwu,t3_1flufa2,t1_lo96hci,NorthCarolina,H4RDCORE1,1726986809,2024-09-22 06:33,3,Username checks out.,helene,community_discussion,
lobtfjq,t3_1flufa2,t1_lo96hci,NorthCarolina,[deleted],1726987965,2024-09-22 06:52,1,[removed],helene,community_discussion,
loc9r06,t3_1flufa2,t3_1flufa2,NorthCarolina,Late_Ad_2562,1726999167,2024-09-22 09:59,1,"Yea, this he’s going to stick on NC’s reputation. I mean he was VOTED in after all. What does that say of NC’s beliefs? Because I’d really like to know how the hell did he get voted in? Did he play democrat at first??",helene,community_discussion,
locdskf,t3_1flufa2,t3_1flufa2,NorthCarolina,girthbrooks704,1727001900,2024-09-22 10:45,1,"Or Michelle Morrow, if she gets elected. Although to be fair, this is who North Carolina has always been. We have a history electing politicians that are tied directly to the Red Shirts (Cameron Morrison), the KKK (Jesse Helms), and sex offenders (Bob Walton).",helene,community_discussion,
loceqq2,t3_1flufa2,t3_1flufa2,NorthCarolina,EdgarAllanZero,1727002504,2024-09-22 10:55,1,We lived thru John Edward's. Josh Stein was literally his protégé,helene,community_discussion,
lochyj5,t3_1flufa2,t1_lo6tygy,NorthCarolina,bluepony78,1727004423,2024-09-22 11:27,1,"In 1978, I first left home for college and later work.  Whenever I told anyone that I was from NC they almost always brought up Helms.  What an embarrassment!  Now, I live in Alabama, where we have Senators Katie Britt and Tommy Tuperville.  NC is only going to top that if they actually elect Mark Robinson.  Please don't!",helene,community_discussion,
lod61jn,t3_1flufa2,t3_1flufa2,NorthCarolina,LMLBullCity,1727014953,2024-09-22 14:22,2,The NC GOP’s reputation for sure.,helene,community_discussion,
lod86td,t3_1flufa2,t1_lo72fg0,NorthCarolina,[deleted],1727015730,2024-09-22 14:35,1,[removed],helene,community_discussion,
lodvsr3,t3_1flufa2,t3_1flufa2,NorthCarolina,txtarheel_1,1727023282,2024-09-22 16:41,2,Doesn't have to be. Flip the state and our reputation will be that we helped save democracy.,helene,community_discussion,
lodwsf2,t3_1flufa2,t3_1flufa2,NorthCarolina,Professional_Size219,1727023585,2024-09-22 16:46,1,"Me, pointing at Texas: ""Could be worse""",helene,community_discussion,
lodwyxk,t3_1flufa2,t3_1flufa2,NorthCarolina,ImprovementBubbly623,1727023640,2024-09-22 16:47,1,"Posts by obvious parody accounts that were screenshotted within 5s of the original posts are credible?
I hope yall get as much scrutiny on obvious false accusations.",helene,community_discussion,
lodzd3z,t3_1flufa2,t1_lo78vu3,NorthCarolina,Dio_Ludicolo,1727024380,2024-09-22 16:59,1,If CNN made allegations like these that were false they would be sued so hard that they would never recover financially or reputationally. The dangers of making such damning false allegations outweighs any possible benefits.,helene,community_discussion,
loeksn6,t3_1flufa2,t3_1flufa2,NorthCarolina,Neat-Newspaper-7442,1727030740,2024-09-22 18:45,1,"In North Carolina, election cheating is a sport.  This state is so embarrassing.",helene,community_discussion,
loex1ua,t3_1flufa2,t1_lo6tygy,NorthCarolina,braxtonc,1727034413,2024-09-22 19:46,4,"Jesse Helms is probably the main reason I vote mostly democratic, my grandfather hated him mainly because he always voted against what was called notch year babies getting the same social security payments as those born before and after those notch year's. The rest of my family is predominantly maga but I was so close to my grandfather I couldn't fathom or stomach being a republican.",helene,community_discussion,
lof2x4g,t3_1flufa2,t1_loais1g,NorthCarolina,commentreader12345,1727036182,2024-09-22 20:16,2,Lauch Faircloth has entered the chat.,helene,community_discussion,
lofxh8e,t3_1flufa2,t1_lo5wxs2,NorthCarolina,Sudi_Nim,1727046376,2024-09-22 23:06,1,Yup. One of the reasons I turned down a job in NC.,helene,community_discussion,
lo673m0,t3_1fluupm,t3_1fluupm,NorthCarolina,anderhole,1726900122,2024-09-21 06:28,2,Posted in every states sub. Report as spam. ,helene,community_discussion,
lo6mdxv,t3_1fluupm,t3_1fluupm,NorthCarolina,NorthCarolina-ModTeam,1726910673,2024-09-21 09:24,1,"Your content was removed being being spam or self-promotion. We do not allow spam, self-promotion, surveys, polls, petitions, fundraisers. event announcements, pet adoptions, job postings, or personal property sales (including event tickets). 

If you have questions, read our [spam guide](https://www.reddit.com/r/NorthCarolina/wiki/spamguide). 

Repeated violations may result in a ban.",helene,community_discussion,
lo62qus,t3_1flv5y1,t3_1flv5y1,NorthCarolina,anderhole,1726897378,2024-09-21 05:42,28,"I'm so confused on how you can be black and pro Nazi and pro slavery. Do you believe Nazis and or slave owners would let you be free because you're so awesome?


I used to think he did it just to get noticed and on the Republican ticket, but somehow it's just stupidity.",helene,community_discussion,
lo6te3k,t3_1flv5y1,t1_lo62qus,NorthCarolina,Electr_icity,1726915496,2024-09-21 10:44,21,"I don't like to be an armchair psychologist, but like, this dude 100% has some form of untreated mental illness. I genuinely just cannot see how anyone in a healthy state of mind could even think about saying the type of stuff Robinson says, nevermind actually saying it.",helene,community_discussion,
lo6z7r5,t3_1flv5y1,t1_lo62qus,NorthCarolina,BrodysBootlegs,1726918918,2024-09-21 11:41,8,There were free blacks and some of them even owned their own slaves ,helene,community_discussion,
lo7g61b,t3_1flv5y1,t3_1flv5y1,NorthCarolina,Puechini,1726926314,2024-09-21 13:45,-3,"I’m definitely not defending this guy, I think he is human garbage, but I do wonder how easy it might be to generate this content to make him look worse than he already is.  Or is he really that stupid to post comments like this online?",helene,community_discussion,
lo7hyb8,t3_1flv5y1,t1_lo7g61b,NorthCarolina,NoahPostrophes,1726926976,2024-09-21 13:56,21,Answer: He's really just that stupid,helene,community_discussion,
lo7pfb1,t3_1flv5y1,t1_lo7g61b,NorthCarolina,wahoozerman,1726929573,2024-09-21 14:39,14,"As I understand it, while the most egregious and headline grabbing statements are coming from one site, the information gathered for this piece came from many different sites spanning around a decade of activity. For example, this article points out that his profile has also been discovered on AshleyMadison.com, a website for cheating on your spouse. And the structure of this information is such that the webmasters of the sites would have had to coordinate with it.

While it is possible that this was coordinated and generated, it seems much more likely that the guy who publicly says that the civil rights movement was a bad idea, actually privately badmouthed MLK and desired to be a Nazi.",helene,community_discussion,
lo7u8vq,t3_1flv5y1,t1_lo7g61b,NorthCarolina,DiarrangusJones,1726931197,2024-09-21 15:06,5,"No idea, but it seems like a lot of trouble to go to for smearing someone who already had so many glaring strikes against his character and credibility.  I think it’s a lot more likely that these old comments and posts are real and he was just too dumb to delete them or protect his anonymity better (or better yet, not say or do these kinds of things in the first place 😂).  I’m usually skeptical of political smear campaigns, where opponents routinely quote people out of context, gratuitously embellish details and add spin, make mountains out of molehills, etc., but there appear to be so many solid links to him that if this was some kind of mock-up it was a really good one, or if it is a coincidence and some other guy named Mark Robinson had the same username, email address, etc., that would be really strange.",helene,community_discussion,
lo8qyjx,t3_1flv5y1,t3_1flv5y1,NorthCarolina,JonTheWizard,1726941862,2024-09-21 18:04,4,"“No, no, dig UP, stupid!”  
-Chief Wiggum",helene,community_discussion,
lo8u55w,t3_1flv5y1,t1_lo7g61b,NorthCarolina,obxtalldude,1726942921,2024-09-21 18:22,4,"I didn't share it first with similar doubts, but everything I can find shows that this has been verified through multiple channels.

He really is just a sick man.",helene,community_discussion,
lo9xbv8,t3_1flv5y1,t1_lo7g61b,NorthCarolina,loge212,1726956533,2024-09-21 22:08,3,"these posts have timestamps from over 10 years ago. read the cnn article the amount of proof they have is just unambiguous. unless *their* screenshots were doctored, but if that was the case I think we’d know by now lol",helene,community_discussion,
lofcwy3,t3_1flv5y1,t3_1flv5y1,NorthCarolina,Healthy_hitter,1727039318,2024-09-22 21:08,-1,how many people seal clapping on this new scandal also believed Trump got pissed on by Russian hookers?,helene,community_discussion,
lofd4za,t3_1flv5y1,t1_lo7u8vq,NorthCarolina,Healthy_hitter,1727039390,2024-09-22 21:09,1,has anyone produced links with URL's or is is all just screenshots?  its a valid question/concern to confirm validity,helene,community_discussion,
lofd8ss,t3_1flv5y1,t1_lo8u55w,NorthCarolina,Healthy_hitter,1727039424,2024-09-22 21:10,1,51 Generals and CIA bigwigs confirmed Hunter's laptop was Russian disinformation,helene,community_discussion,
lofrkij,t3_1flv5y1,t1_lofcwy3,NorthCarolina,Plus-Bluejay-2024,1727044284,2024-09-22 22:31,2,"Somebody doctored posts on a porn site over the course of years when Mark Robinson was a furniture store employee using his picture, email address, and screen name from social media sites and expressed opinions in line with those he has since expressed in politics?

Quite a coincidence!",helene,community_discussion,
lo6023g,t3_1flv8u2,t3_1flv8u2,NorthCarolina,brometheus3,1726895746,2024-09-21 05:15,3,There’s so much to unpack here,helene,community_discussion,
lo60qub,t3_1flv8u2,t1_lo6023g,NorthCarolina,elitetop,1726896155,2024-09-21 05:22,0,"im very all over the place with everything I do, its a bda problem I'm trying to get under control",helene,community_discussion,
lo6zibc,t3_1flv8u2,t3_1flv8u2,NorthCarolina,legalgeekdad,1726919071,2024-09-21 11:44,1,What county and are you dealing with the child support agency or private counsel on the other side.,helene,community_discussion,
lo75r98,t3_1flv8u2,t3_1flv8u2,NorthCarolina,NickSS_38,1726922118,2024-09-21 12:35,0,"Sir, this is a Wendy's restaurant",helene,community_discussion,
lo7cqeh,t3_1flv8u2,t3_1flv8u2,NorthCarolina,couchpro34,1726924988,2024-09-21 13:23,1,Yikes,helene,community_discussion,
lo8f1pp,t3_1flv8u2,t1_lo6zibc,NorthCarolina,elitetop,1726938047,2024-09-21 17:00,1,cumberland and all i know is i was served court documented papers aswell as going to the court house and writing a response,helene,community_discussion,
loaoged,t3_1flv8u2,t1_lo8f1pp,NorthCarolina,legalgeekdad,1726967240,2024-09-22 01:07,1,"If the Plaintiff is Cumberland County Ex Rel (mom's name), it is the child support office.  If so, call the child support office and ask to speak with your agent.  If not. Look who signed the complaint and call their office to discuss the case.  If you are not comfortable doing it yourself, hire an attorney.",helene,community_discussion,
lo60plf,t3_1flvod8,t3_1flvod8,NorthCarolina,do_you_know_de_whey,1726896134,2024-09-21 05:22,185,Can’t see bulge cause it’s under 75 pounds of stomach fat,helene,community_discussion,
lo6376p,t3_1flvod8,t1_lo60plf,NorthCarolina,IdiotMD,1726897657,2024-09-21 05:47,37,75?,helene,community_discussion,
lo68x4l,t3_1flvod8,t3_1flvod8,NorthCarolina,Iwasborninafactory_,1726901309,2024-09-21 06:48,64,Why are Republicans all so fucking weird?,helene,community_discussion,
lo6ijza,t3_1flvod8,t1_lo6376p,NorthCarolina,aspieinblackII,1726907924,2024-09-21 08:38,27,A 95 pound mole.,helene,community_discussion,
lo6mkwk,t3_1flvod8,t1_lo6ijza,NorthCarolina,IdiotMD,1726910814,2024-09-21 09:26,11,Rubenesque,helene,community_discussion,
lo6mqup,t3_1flvod8,t1_lo6mkwk,NorthCarolina,aspieinblackII,1726910937,2024-09-21 09:28,9,Give me 1000 NC style ribs!,helene,community_discussion,
lo6mvlc,t3_1flvod8,t1_lo6mqup,NorthCarolina,IdiotMD,1726911033,2024-09-21 09:30,12,You’re weak. You’re outta control. And you’ve taken pizza into a porn booth.,helene,community_discussion,
lo6nbyh,t3_1flvod8,t1_lo6mvlc,NorthCarolina,aspieinblackII,1726911366,2024-09-21 09:36,3,Gotta add the extra cream to the pizza.,helene,community_discussion,
lo6zz9h,t3_1flvod8,t3_1flvod8,NorthCarolina,ashleighthewicked,1726919319,2024-09-21 11:48,153,"As a visible trans woman living in rural nc 99% of guys will show visible disgust towards me, call me slurs and laugh at me yet when I've been grindr and other dating apps they get over run with blank profiles of guys nearby sending me the grossest nudes and messages. They act very entitled and get aggressive when you don't respond to their bs.
I'll never understand wanting to outlaw something that you enjoy so much it's like a hungry mouse wanting to ban cheese. ",helene,community_discussion,
lo7276x,t3_1flvod8,t3_1flvod8,NorthCarolina,Critical_Egg,1726920445,2024-09-21 12:07,96,"My new theory is that people like Mark Robinson instinctively sexualize trans people, because his only exposure to them is through porn. ",helene,community_discussion,
lo738p4,t3_1flvod8,t3_1flvod8,NorthCarolina,ADirdy,1726920953,2024-09-21 12:15,8,😂😂😂😂😂,helene,community_discussion,
lo75hng,t3_1flvod8,t1_lo6zz9h,NorthCarolina,Key-Effort963,1726921996,2024-09-21 12:33,49,"I'm so sorry you have to deal with that. Please be careful on those apps. Even if the profile is filled out. You never know if they're trying to lure you. 

Sending hugs.",helene,community_discussion,
lo76k5v,t3_1flvod8,t1_lo68x4l,NorthCarolina,prettytony0627,1726922471,2024-09-21 12:41,-76,Republicans are weird?  Tim Walz put tampons in men’s bathrooms.,helene,community_discussion,
lo77pn6,t3_1flvod8,t1_lo7276x,NorthCarolina,phrits,1726922963,2024-09-21 12:49,35,"Indeed. And if we could get the rest of the population to understand that it's a person's reality, not a lifestyle, maybe we'll find some peace.",helene,community_discussion,
lo7841e,t3_1flvod8,t1_lo6zz9h,NorthCarolina,whiskeylips88,1726923130,2024-09-21 12:52,23,"These men don not see you as a person. To them you exist only for their own sexual perversions. You deserve respect and dignity. I’m so sorry you deal with this. I hope attitudes like this change, but it will be harder if politicians continue to validate shitty perspectives.",helene,community_discussion,
lo78855,t3_1flvod8,t1_lo76k5v,NorthCarolina,[deleted],1726923176,2024-09-21 12:52,1,[removed],helene,community_discussion,
lo78ofm,t3_1flvod8,t1_lo7276x,NorthCarolina,whiskeylips88,1726923362,2024-09-21 12:56,11,"That is 100% their perspective. If you don’t know real trans people in life, it’s easy to dismiss them as  atypical. Still a shitty perspective, but one nonetheless. It should be that hard to realize the people you see, even in adult films, are real people with feelings, lives, and ambitions. I’m convinced that a not insignificant amount of politicians are sociopaths.",helene,community_discussion,
lo7a8kk,t3_1flvod8,t1_lo7276x,NorthCarolina,middlingachiever,1726923993,2024-09-21 13:06,27,"That’s how they see all LGBTQ identity. They fetishize it, so they only see it as a sexual thing. Not as a family thing.",helene,community_discussion,
lo7ggk0,t3_1flvod8,t1_lo76k5v,NorthCarolina,SadPanthersFan,1726926425,2024-09-21 13:47,66,"You morons will regurgitate anything Fox News shits into your mouth. Waltz didn’t put tampons in men’s bathrooms, he made tampons/pads free left it up to each school district where they put them.",helene,community_discussion,
lo7gmls,t3_1flvod8,t1_lo7ggk0,NorthCarolina,[deleted],1726926489,2024-09-21 13:48,1,[removed],helene,community_discussion,
lo7hk1r,t3_1flvod8,t1_lo76k5v,NorthCarolina,bulletkiller06,1726926832,2024-09-21 13:53,50,"That rat bastard!

Now men can easily grab tampons for their girlfriends, or worse trans men can easily get tampons without going into the women's bathroom!

What the *hell* was he thinking!",helene,community_discussion,
lo7ij66,t3_1flvod8,t1_lo7ggk0,NorthCarolina,bulletkiller06,1726927184,2024-09-21 13:59,36,"You don't understand, there's tampons in the *men's bathroom!*

What're we gonna do Scoob?!

But seriously, tampons in men's bathrooms has to be my favorite controversy, litteraly what are you even upset about, who could this possibly affect even remotely negatively?

Like the bullshit with the urinals in women's bathrooms I can kinda almost understand, because there's an implication that there could be an exposed dick in the ladies restroom *god forbid*, and on a more practical level it's a waste of money.

But tampons? They're not fucking expensive, and anyone could need them for a number of reasons, it's silly.",helene,community_discussion,
lo7lhxw,t3_1flvod8,t3_1flvod8,NorthCarolina,Naive_Cattle_5750,1726928233,2024-09-21 14:17,13,Gold!,helene,community_discussion,
lo7os2q,t3_1flvod8,t1_lo76k5v,NorthCarolina,zach_doesnt_care,1726929356,2024-09-21 14:35,17,Whatever you say Mark ...🙄,helene,community_discussion,
lo7rok2,t3_1flvod8,t1_lo76k5v,NorthCarolina,Lesser_Gatz,1726930337,2024-09-21 14:52,31,"Holy fuck, that's gotta be worth like 34 felonies or something!!!!! Egads!!!!!!",helene,community_discussion,
lo82djs,t3_1flvod8,t1_lo7276x,NorthCarolina,Ishindri,1726933898,2024-09-21 15:51,16,"I'm a trans woman and I tend to agree. When they see us Porn People trying to, you know, exist, it short-circuits something in what passes for their brains.",helene,community_discussion,
lo870pg,t3_1flvod8,t3_1flvod8,NorthCarolina,joseycuervo,1726935441,2024-09-21 16:17,0,It's Tom Robinson,helene,community_discussion,
lo8d105,t3_1flvod8,t1_lo6zz9h,NorthCarolina,jtd5771,1726937404,2024-09-21 16:50,14,"It’s all projection from their own insecurities.  Sorry this is your experience, hope you’re living your best life otherwise!",helene,community_discussion,
lo8dtrt,t3_1flvod8,t3_1flvod8,NorthCarolina,BullCityBoomerSooner,1726937659,2024-09-21 16:54,23,"Imagine being so afraid immigrants, non cis, and women outside of the kitchen that you're still going to vote for that piece of garbage..",helene,community_discussion,
lo8e2af,t3_1flvod8,t1_lo6zz9h,NorthCarolina,BullCityBoomerSooner,1726937734,2024-09-21 16:55,35,"Because the ""P"" in GOP stands for projection..",helene,community_discussion,
lo8e8a0,t3_1flvod8,t1_lo7lhxw,NorthCarolina,AvlSteve,1726937788,2024-09-21 16:56,5,I thought so.,helene,community_discussion,
lo8eggh,t3_1flvod8,t1_lo8dtrt,NorthCarolina,AvlSteve,1726937861,2024-09-21 16:57,5,“But the Bible says it’s wrong!”  /s,helene,community_discussion,
lo8ex8y,t3_1flvod8,t1_lo8d105,NorthCarolina,AvlSteve,1726938009,2024-09-21 17:00,14,"Overwhelmingly, all of the trans people that I have met seem to be super-happy and well-meaning toward everyone else.",helene,community_discussion,
lo8fplo,t3_1flvod8,t1_lo76k5v,NorthCarolina,AvlSteve,1726938263,2024-09-21 17:04,21,"Shit! I did not know that!! Well, I’m definitely switching my vote now! How dare he put tampons in a men’s restroom! The sheer, unmitigated gall of that man!!!",helene,community_discussion,
lo8g3qe,t3_1flvod8,t1_lo7os2q,NorthCarolina,AvlSteve,1726938393,2024-09-21 17:06,14,Betcha prettytony votes for Robinson.,helene,community_discussion,
lo8j6fo,t3_1flvod8,t1_lo8e2af,NorthCarolina,Zombies4EvaDude,1726939359,2024-09-21 17:22,11,Grand Old Projection,helene,community_discussion,
lo8klvr,t3_1flvod8,t1_lo8ex8y,NorthCarolina,Miss_Smokahontas,1726939811,2024-09-21 17:30,8,*transgender. Sorry I hate when people mispronounce it as transgendered,helene,community_discussion,
lo8mp7g,t3_1flvod8,t1_lo8klvr,NorthCarolina,AvlSteve,1726940476,2024-09-21 17:41,7,"My bad. I usually don’t, but I was using voice to text function on my phone. I’m sorry, I meant no disrespect at all.",helene,community_discussion,
lo8mu0g,t3_1flvod8,t1_lo8mp7g,NorthCarolina,Miss_Smokahontas,1726940519,2024-09-21 17:41,7,No worries at all!  I understand!,helene,community_discussion,
lo8rh8a,t3_1flvod8,t1_lo76k5v,NorthCarolina,AlternativeParty5126,1726942036,2024-09-21 18:07,14,"So? That's not weird bro, it helps people who need it and doesn't hurt people who don't. Kinda weird you care about it honestly.",helene,community_discussion,
lo8u5yg,t3_1flvod8,t3_1flvod8,NorthCarolina,TobaccoFarm,1726942928,2024-09-21 18:22,10,May be too big for “minisoldr”,helene,community_discussion,
lo8u7ww,t3_1flvod8,t3_1flvod8,NorthCarolina,Shroomync74,1726942946,2024-09-21 18:22,5,Accurate af,helene,community_discussion,
lo8yvdb,t3_1flvod8,t3_1flvod8,NorthCarolina,malikhacielo63,1726944522,2024-09-21 18:48,9,"So…is that his “minisoldier”, or is he just happy to see something…",helene,community_discussion,
lo8zalg,t3_1flvod8,t1_lo76k5v,NorthCarolina,Important_Night8682,1726944670,2024-09-21 18:51,1,"In the immortal words of R Lee Ermey, “DISAPPEAR, SCUMBAG”",helene,community_discussion,
lo8zsgt,t3_1flvod8,t1_lo6zz9h,NorthCarolina,SmokeyDBear,1726944844,2024-09-21 18:54,5,"“But I was rude to you in public, you have to be desperate now!”",helene,community_discussion,
lo96kfh,t3_1flvod8,t1_lo7a8kk,NorthCarolina,BaldandersDAO,1726947238,2024-09-21 19:33,4,"But also, they get mad about being aroused........🙃",helene,community_discussion,
lo97gto,t3_1flvod8,t1_lo6zz9h,NorthCarolina,BaldandersDAO,1726947551,2024-09-21 19:39,3,"Forbidden fruit syndrome is so simplistic it's hard to believe in, but I don't see how to explain your experiences any other way....or many other things I've observed in my own life that have convinced me mainstream American *heterosexuality* is very much bound up with self-loathing.",helene,community_discussion,
lo98t70,t3_1flvod8,t1_lo8eggh,NorthCarolina,BullCityBoomerSooner,1726948015,2024-09-21 19:46,10,"Leviticus 19:33-34 English Standard Version 2016 (ESV)
“When a stranger sojourns with you in your land, you shall not do him wrong. You shall treat the stranger who sojourns with you as the native among you, and you shall love him as yourself, for you were strangers in the land of Egypt: I am the LORD your God.",helene,community_discussion,
lo9ieq4,t3_1flvod8,t1_lo98t70,NorthCarolina,AvlSteve,1726951253,2024-09-21 20:40,3,Nice!,helene,community_discussion,
lo9pbon,t3_1flvod8,t1_lo76k5v,NorthCarolina,Abidarthegreat,1726953603,2024-09-21 21:20,6,"Not tampons!!!! The humanity of giving people access to medically necessary supplies!!!!

Dear god, you people are stupid. How do you eat and breathe without choking to death?",helene,community_discussion,
lo9tlrq,t3_1flvod8,t1_lo76k5v,NorthCarolina,not_bait,1726955149,2024-09-21 21:45,3,Its really funny seeing this comment and knowing what type of person you are. Wonder why your other comments about Kamala not being black are deleted lmao,helene,community_discussion,
lo9uwk6,t3_1flvod8,t1_lo76k5v,NorthCarolina,FireFiendMarilith,1726955629,2024-09-21 21:53,7,Please explain how that materially harms anyone at all.,helene,community_discussion,
loa99y3,t3_1flvod8,t1_lo68x4l,NorthCarolina,Bebopshadow,1726961088,2024-09-21 23:24,6,i agree but politicians are just weird in general,helene,community_discussion,
loacj3u,t3_1flvod8,t1_lo78ofm,NorthCarolina,hobskhan,1726962384,2024-09-21 23:46,2,"Combine that with the research-based findings that conservatives have lower empathy, and voila. If it didn't directly happen or apply to them, they don't understand and don't care.",helene,community_discussion,
loaeq68,t3_1flvod8,t3_1flvod8,NorthCarolina,[deleted],1726963261,2024-09-22 00:01,1,[removed],helene,community_discussion,
loaf5ax,t3_1flvod8,t1_lo6zz9h,NorthCarolina,AnUnknownCreature,1726963431,2024-09-22 00:03,2,"They want to use and abuse,  they have no love for true intimacy. This is why they cover their face",helene,community_discussion,
loaidfc,t3_1flvod8,t1_lo68x4l,NorthCarolina,[deleted],1726964750,2024-09-22 00:25,1,[removed],helene,community_discussion,
loake3j,t3_1flvod8,t3_1flvod8,NorthCarolina,tattoo_so_spensive,1726965573,2024-09-22 00:39,2,I kinda want this on a t-shirt,helene,community_discussion,
loakpf1,t3_1flvod8,t1_loake3j,NorthCarolina,AvlSteve,1726965701,2024-09-22 00:41,3,"It doesn’t look like it’s copyrighted, go for it!",helene,community_discussion,
loaljl0,t3_1flvod8,t1_lo6zz9h,NorthCarolina,vermillion1023,1726966044,2024-09-22 00:47,1,Tell it sister,helene,community_discussion,
loawxw6,t3_1flvod8,t3_1flvod8,NorthCarolina,Aidan_Fox_hi,1726970817,2024-09-22 02:06,2,LOL,helene,community_discussion,
lobccx5,t3_1flvod8,t1_lo6nbyh,NorthCarolina,IdiotMD,1726977865,2024-09-22 04:04,3,Take that shit outside! Don’t disrespect the pizza parlor!,helene,community_discussion,
lobcg76,t3_1flvod8,t1_lobccx5,NorthCarolina,aspieinblackII,1726977912,2024-09-22 04:05,2,Mya pizza a-hurta nobody.,helene,community_discussion,
loc8gm3,t3_1flvod8,t1_lo8mu0g,NorthCarolina,smhallguy,1726998275,2024-09-22 09:44,2,Happy Cake Day!,helene,community_discussion,
lod4hzi,t3_1flvod8,t1_lo7276x,NorthCarolina,Glad-Ability-4505,1727014384,2024-09-22 14:13,6,Omg you mean… the same way they see cis women 😱,helene,community_discussion,
lod6e7a,t3_1flvod8,t1_loc8gm3,NorthCarolina,Miss_Smokahontas,1727015082,2024-09-22 14:24,1,Thank you!,helene,community_discussion,
lod6fke,t3_1flvod8,t1_lod6e7a,NorthCarolina,exclaim_bot,1727015095,2024-09-22 14:24,2,">Thank you!

You're welcome!",helene,community_discussion,
lod735q,t3_1flvod8,t1_lod6fke,NorthCarolina,Miss_Smokahontas,1727015334,2024-09-22 14:28,1,Good Bot!,helene,community_discussion,
loequxz,t3_1flvod8,t1_lod4hzi,NorthCarolina,Critical_Egg,1727032553,2024-09-22 19:15,3,Great point,helene,community_discussion,
lofujbo,t3_1flvod8,t1_lo9uwk6,NorthCarolina,prettytony0627,1727045335,2024-09-22 22:48,-2,It promotes confusion. Men(adult human males with XY chromosomes) do not menstruate and therefore do not require the need for tampons.,helene,community_discussion,
lofvye2,t3_1flvod8,t1_lobcg76,NorthCarolina,tubeless18,1727045837,2024-09-22 22:57,2,Side of Rocky Mountain oysters plz,helene,community_discussion,
lofx7e3,t3_1flvod8,t1_lo9tlrq,NorthCarolina,prettytony0627,1727046278,2024-09-22 23:04,-2,Do you think that bothers me?  I operate in reality. Kamala is only “black” when it benefits her. She’s a chameleon and anyone with two brain cells to rub together can see it.  I don’t care what color she is today. Her policies are atrocious and that’s what matters.,helene,community_discussion,
lofyz3s,t3_1flvod8,t1_lo9pbon,NorthCarolina,prettytony0627,1727046910,2024-09-22 23:15,-1,The same way you allow foolishness in society. I will say common sense is no longer common anymore when we allow the amount of degeneracy that plagues our society today.,helene,community_discussion,
log3oj0,t3_1flvod8,t1_lofyz3s,NorthCarolina,Abidarthegreat,1727048589,2024-09-22 23:43,2,"And since it has already been established that you are a moron, your opinion has no value.",helene,community_discussion,
log4gll,t3_1flvod8,t1_log3oj0,NorthCarolina,prettytony0627,1727048874,2024-09-22 23:47,0,"That’s what liberals do. As soon as someone has a different opinion they get called names. I thought liberals were supposed to be “inclusive?”  I guess it only applies to people who have the same opinion as them. Oh well….I won’t bend the knee to the foolishness, delusion, and the evil agenda currently being pushed in society today.",helene,community_discussion,
log4k45,t3_1flvod8,t1_log4gll,NorthCarolina,Abidarthegreat,1727048911,2024-09-22 23:48,3,Bigots are not included.,helene,community_discussion,
log4uj8,t3_1flvod8,t1_log4k45,NorthCarolina,[deleted],1727049020,2024-09-22 23:50,1,[removed],helene,community_discussion,
lo673t3,t3_1flwkts,t3_1flwkts,NorthCarolina,Jgravy32,1726900125,2024-09-21 06:28,14,I stopped about 5 seconds in. I can’t stand hearing anymore of this insane bullshit.,helene,community_discussion,
lo6j373,t3_1flwkts,t1_lo673t3,NorthCarolina,bucho80,1726908302,2024-09-21 08:45,10,"I get the sentiment, but you will encourage others to not watch it, many for the wrong reasons.

I get burnt out on this stuff too, it is crazy that this is the kind of shit we have to fight.  Hell, I'd love it came down to boring old policy arguments that old people used for background noise to sleep to.

From what I can tell, we got one side offering real policy that helps real people.  The other side offer what the OP posted.

Power through, and show your friends!",helene,community_discussion,power
lo6k5xs,t3_1flwkts,t3_1flwkts,NorthCarolina,Fabulous-Tea-3272,1726909076,2024-09-21 08:57,55,Trump and Robinson both need a good lobotomy,helene,community_discussion,
lo6oiwk,t3_1flwkts,t3_1flwkts,NorthCarolina,Specialist-War-584,1726912211,2024-09-21 09:50,52,Vote Dem. Finally turn the page  on Trump and the chaos that comes along with him and the people aligned with him. ,helene,community_discussion,
lo6yv6p,t3_1flwkts,t1_lo6k5xs,NorthCarolina,SadPanthersFan,1726918731,2024-09-21 11:38,21,Listening to Trump talk feels like a lobotomy,helene,community_discussion,
lo70bld,t3_1flwkts,t3_1flwkts,NorthCarolina,TrooperLynn,1726919492,2024-09-21 11:51,111,They should’ve had a clip of Robinson admitting that his wife had an abortion.,helene,community_discussion,
lo716a3,t3_1flwkts,t1_lo6k5xs,NorthCarolina,photobummer,1726919929,2024-09-21 11:58,36,*RFK Jr's brainworm has entered the chat.*,helene,community_discussion,
lo71lrh,t3_1flwkts,t1_lo70bld,NorthCarolina,BrodysBootlegs,1726920147,2024-09-21 12:02,-31,"Robinson himself has put out an ad with his wife addressing that


There's a ton to go after with this jackass but ""we had an abortion 30 years ago and later came to believe abortion is wrong"" is not really the own you guys think it is. ",helene,community_discussion,
lo71vrr,t3_1flwkts,t1_lo71lrh,NorthCarolina,73habits,1726920288,2024-09-21 12:04,44,If you think abortion=murder then yes it is exactly the own we know it is. In his own eyes Robinson facilitated murder and will burn in H E double hockey sticks.,helene,community_discussion,
lo72ukd,t3_1flwkts,t1_lo71vrr,NorthCarolina,BrodysBootlegs,1726920769,2024-09-21 12:12,-33,"That's not how Christianity works. We're all sinners and we're all capable of doing awful things up to and including murder, after that it varies a bit by which denomination of Christianity you're talking about but basically at a high level we can still be saved through Christ's sacrifice.


I have no idea if Robinson's own beliefs are genuine but certainly many of his supporters believe that basic framework. Many of the most prominent voices in the pro life movement are women who have had abortions and came to regret it, and even some people involved in the industry itself including former executives at Planned Parenthood. ",helene,community_discussion,
lo73641,t3_1flwkts,t1_lo71lrh,NorthCarolina,loptopandbingo,1726920920,2024-09-21 12:15,80,"""It was ok when *we* needed one, but it's not ok when *you* need one"" is a shit position to take.",helene,community_discussion,
lo73xyc,t3_1flwkts,t1_lo72ukd,NorthCarolina,73habits,1726921281,2024-09-21 12:21,37,Too bad Robinson isn’t one of the few Christians that seems to have compassion and understanding. If you believe people can apologize for their sin and be fine I don’t think you would scream at gay people they are filth.,helene,community_discussion,
lo74q1c,t3_1flwkts,t3_1flwkts,NorthCarolina,TheSmilingDemon,1726921641,2024-09-21 12:27,9,Fuck Robinson and Trump,helene,community_discussion,
lo75ny3,t3_1flwkts,t3_1flwkts,NorthCarolina,qaf0v4vc0lj6,1726922074,2024-09-21 12:34,-16,"I have a feeling this is going to be ineffective. Polling shows NC is an outlier on abortion, with a plurality of people supporting abortion restrictions and NC actually having more people than the national average supporting a six-week ban.",helene,community_discussion,
lo75ps5,t3_1flwkts,t1_lo73641,NorthCarolina,BrodysBootlegs,1726922098,2024-09-21 12:34,-38,"What about ""we fucked up, it wasn't OK for us either""? ",helene,community_discussion,
lo75xij,t3_1flwkts,t1_lo73xyc,NorthCarolina,BrodysBootlegs,1726922196,2024-09-21 12:36,-22,"Again, not judging Robinson personally. I'm Catholic and we have our own beliefs on gay people (which are far more nuanced than the Christianity bashers on reddit realize) but I can't speak for every strain of Christianity",helene,community_discussion,
lo76eoa,t3_1flwkts,t3_1flwkts,NorthCarolina,GasOnFire,1726922406,2024-09-21 12:40,22,How can you align with and vote for the GOP without hate in your heart?,helene,community_discussion,
lo76gj8,t3_1flwkts,t3_1flwkts,NorthCarolina,PPShooter69rip,1726922427,2024-09-21 12:40,11,"Sort your politicians out folks, it’s getting out of hand.

This guy is a proper piece of shit. How many you got left we ain’t seen yet?",helene,community_discussion,
lo76n2v,t3_1flwkts,t3_1flwkts,NorthCarolina,whit3wind,1726922506,2024-09-21 12:41,4,"This is disgusting, I’m so ready to not have see his face ever again. Political season is draining. There should be an option to turn that shit off in your algorithm.",helene,community_discussion,
lo76swq,t3_1flwkts,t3_1flwkts,NorthCarolina,aquestion-ihave,1726922577,2024-09-21 12:42,23,"Y'all see that ""Some people need killing"" ad? They  F'd him up with that one.",helene,community_discussion,
lo773is,t3_1flwkts,t1_lo72ukd,NorthCarolina,Cerulean_Soup,1726922703,2024-09-21 12:45,35,"I love that point you made that “many of the most prominent voices in the pro life movement are women who had abortions…”. Peak “For me, not for thee” individualism. They may regret it, but they have no idea how their life, and that child’s life would have been. It’s an impossible decision to make but it was a choice available to them. All women deserve to have that choice. They are trying to legislate their regret and faith and that simply isn’t fair to other women.",helene,community_discussion,
lo77emg,t3_1flwkts,t1_lo75ps5,NorthCarolina,milliescatmom,1726922835,2024-09-21 12:47,61,"I prefer, ‘we fucked up, it wasn’t right for us’ but you should have the freedom to do as you wish, just like we did.?",helene,community_discussion,
lo7c6uc,t3_1flwkts,t3_1flwkts,NorthCarolina,ApolloThneed,1726924775,2024-09-21 13:19,94,The best thing that can happen for America in this election is an embarrassment of the current GOP large enough to swing the party back to center. A collection of fiscally conservative non scumbags sounds like a pretty compelling platform compared to the medieval bullshit coming from the MAGA wing,helene,community_discussion,
lo7cp8y,t3_1flwkts,t3_1flwkts,NorthCarolina,SuchVillage694,1726924975,2024-09-21 13:22,4,"I mean the trumpers will never abandon him no matter what happens or the company he keeps. Both sides have dug in that the other is essentially evil, so if trump keeps endorsing Robinson then his supporters will bc they are against “evil”. Making this ad essentially ineffective (which most are any way), if you want to sway anyone’s opinion ditch this and go for gold…en showers ads.",helene,community_discussion,
lo7etbk,t3_1flwkts,t1_lo75xij,NorthCarolina,alanalanalan92,1726925795,2024-09-21 13:36,34,Catholics seem to have very “nuanced” views on pedophilia.,helene,community_discussion,
lo7lke5,t3_1flwkts,t3_1flwkts,NorthCarolina,Dmackman1969,1726928257,2024-09-21 14:17,13,"Unfortunately for us in NC, the predominant issue that people vote on is abortion. Any other issue with that candidate does not matter, what is their abortion stance. Even if it’s lies and hypocrisy, they will vote for the anti-choice candidate every single time.

NC has a ton of one issue voters. This is why we ALL need to vote.",helene,community_discussion,
lo7loor,t3_1flwkts,t1_lo75xij,NorthCarolina,Sparklingcoconut666,1726928298,2024-09-21 14:18,17,WHAT??? Catholics love to weapons aquinas’ theory of natural order against gay people all of the time!,helene,community_discussion,
lo7mu88,t3_1flwkts,t1_lo72ukd,NorthCarolina,Sparklingcoconut666,1726928697,2024-09-21 14:24,18,"This is my biggest issue with Christianity. By this logic all hitler had to do before he ended his life is accept Jesus and he could be forgiven, while the Jews he tortured are to spend an eternity being tortured because they don’t believe in Jesus as the messiah. 
Thing is Christian’s have very little biblical support for their anti abortion position. What it really is about is self righteous condescension, which Christians tend to be very good at. 
Also I’m going to need a source for your claims that the biggest supporters of the anti abortion movement are women who’ve had abortions and women who’ve worked for planned parenthood hood and the. You need to explain why that’s even relevant",helene,community_discussion,
lo7onmo,t3_1flwkts,t3_1flwkts,NorthCarolina,chucka_nc,1726929314,2024-09-21 14:35,13,"I don’t like it. Doesn’t go far enough to show Robinson’s depravity and hypocrisy. An angry man taking hurtful, contrarian positions? That’s appealing to many so-called conservatives.",helene,community_discussion,
lo7phlm,t3_1flwkts,t1_lo7c6uc,NorthCarolina,Trent-Glass,1726929595,2024-09-21 14:39,31,"It’s too late, the people they have voting for them now are only inspired to vote by the vile bullshit they spew. They realized that a significant part of the American population is ugly, old, overweight and loves to spew hate with a smile on their face.",helene,community_discussion,
lo7rdi5,t3_1flwkts,t3_1flwkts,NorthCarolina,Maleficent-Thanks951,1726930235,2024-09-21 14:50,8,Hopefully a blue wave 🌊 hits NC in November,helene,community_discussion,
lo7tpqw,t3_1flwkts,t1_lo7phlm,NorthCarolina,LCDJosh,1726931019,2024-09-21 15:03,18,"Unfortunately true.  I think I'm one of the last dinosaurs that actually reads the candidates platform positions in the literature that gets sent out by my state.  I try to disregard party and vote based on what the candidates will do, or at least say what they'll do, if elected.

Two election cycles ago one of the candidates running for state representative had the major platform position that the Titanic sinking was just a cover up to collect an insurance payout.  And I thought to myself ""how many people are going to go into the voting booth and vote straight party ticket not knowing that they're voting for a conspiracy theorist trying to blow the lid on a 100 year old shipwreck?""",helene,community_discussion,
lo7vakp,t3_1flwkts,t1_lo6oiwk,NorthCarolina,rowengartnerrr,1726931549,2024-09-21 15:12,-16,😂,helene,community_discussion,
lo7vxu0,t3_1flwkts,t3_1flwkts,NorthCarolina,Dariawasright,1726931766,2024-09-21 15:16,1,Bad ad. The tying them together is great but then you have to go more insane with a man that crazy.,helene,community_discussion,
lo7wemn,t3_1flwkts,t1_lo75ps5,NorthCarolina,KulaanDoDinok,1726931921,2024-09-21 15:18,25,"If you believe abortion is murder, just saying “whoopsie-daisy” seems a bit flippant.",helene,community_discussion,
lo7x0d8,t3_1flwkts,t3_1flwkts,NorthCarolina,IOnlyAskForGold,1726932119,2024-09-21 15:21,10,"I feel like there’s so much worse they could attack him on in these ads than just abortion over and over.

The man has said an outrageous number of hateful and ridiculous things.",helene,community_discussion,
lo7yj8w,t3_1flwkts,t1_lo72ukd,NorthCarolina,stinkyfootss,1726932622,2024-09-21 15:30,9,"Yes and also many prominent voices in the pro life movement are also women who felt strongly pro life, picket outside the clinic’s to shame women for receiving abortions, pop inside next week when they need one, and then return back to their picket line the following week. 

[https://joycearthur.com/abortion/the-only-moral-abortion-is-my-abortion/](https://joycearthur.com/abortion/the-only-moral-abortion-is-my-abortion/)",helene,community_discussion,
lo82i5c,t3_1flwkts,t1_lo75ny3,NorthCarolina,xxysyndrome,1726933939,2024-09-21 15:52,8,"""Alexa, how can I lie with statistics?""",helene,community_discussion,
lo83vdw,t3_1flwkts,t1_lo82i5c,NorthCarolina,qaf0v4vc0lj6,1726934392,2024-09-21 15:59,-4,"Alexa, how do you know someone doesn’t know what they’re talking about: 

> Overall, the issues that voters in North Carolina cared about looked a lot like the other swing states: The top three issues in six of the seven states (including North Carolina) were the economy, immigration and abortion, with the economy pretty far ahead. But there were some key differences in North Carolina that may represent warning signs to Democrats in terms of how they should message in the state.

> While the Democratic Party has made abortion one of the key planks of its campaign nationwide, the issue appears to be less salient in North Carolina than in other states. In the same Redfield & Wilton/The Telegraph poll, just 11 percent of North Carolinians said abortion was the most important issue in determining their vote, the lowest of any swing state. (In fact, no other state had less than 16 percent say so; three swing states were at 20 percent or higher.)

> And North Carolina voters appear to be more conservative on abortion than the rest of the nation: In a recent poll from SurveyUSA/WRAL-TV, a plurality (43 percent) of North Carolina adults supported a six-week abortion ban, which is stricter than the state’s current 12-week ban that has been in place for just over a year (39 percent opposed a six-week ban, and the remainder were undecided). This is significantly different from the national picture. While we don’t have national polling from SurveyUSA to compare to, other recent national polls suggest that a six-week ban is deeply unpopular with Americans. In an average of national polls conducted in 2024, 29 percent of Americans said they supported a six-week ban, while 63 percent said they opposed it.

https://abcnews.go.com/538/democrats-finally-win-north-carolina-2024/story?id=113842324",helene,community_discussion,
lo84cuc,t3_1flwkts,t1_lo83vdw,NorthCarolina,xxysyndrome,1726934554,2024-09-21 16:02,7,"cherry-pick your brains out, pal. just don't come weepin' when the real numbers land on november 5th",helene,community_discussion,
lo84jrz,t3_1flwkts,t1_lo84cuc,NorthCarolina,qaf0v4vc0lj6,1726934618,2024-09-21 16:03,-4,You don’t trust science?,helene,community_discussion,
lo84wva,t3_1flwkts,t1_lo71vrr,NorthCarolina,captain_intenso,1726934740,2024-09-21 16:05,9,You can say hell on the internet.,helene,community_discussion,
lo8550t,t3_1flwkts,t1_lo84jrz,NorthCarolina,xxysyndrome,1726934815,2024-09-21 16:06,6,"i reflexively distrust anything conservatives/GOP/MAGA say, with prejudice",helene,community_discussion,
lo85ual,t3_1flwkts,t1_lo8550t,NorthCarolina,qaf0v4vc0lj6,1726935048,2024-09-21 16:10,0,"Well it’s good to know science denial is making its way back into the Left. Especially since it’s ABC using raw data from polling, not a Conservative.",helene,community_discussion,
lo86mcs,t3_1flwkts,t1_lo85ual,NorthCarolina,xxysyndrome,1726935309,2024-09-21 16:15,6,"""Alexa, how can I lie with statistics and then double-down on my handpicked data to create a narrative that i desperately need to reassure myself that i and not the person i am arguing with online am in the quiet majority that actually support monstrous policies and craves control and power?""",helene,community_discussion,power
lo870e9,t3_1flwkts,t1_lo86mcs,NorthCarolina,qaf0v4vc0lj6,1726935438,2024-09-21 16:17,0,Alexa. What is science denial?,helene,community_discussion,
lo881yp,t3_1flwkts,t1_lo7mu88,NorthCarolina,BrodysBootlegs,1726935782,2024-09-21 16:23,0,"Caveat that I'm speaking only for Catholicism, I can't speak for what other Christians believe (although to the best of my knowledge all believe that even the worst sinners can be saved through Christ, but we have strong disagreements on how and under what circumstances that is done).


In the case of Hitler, yes, 100%. If he had sincerely repented and confessed his many sins to a priest prior to his death he could have been saved. If it makes you feel better there's no indication whatsoever that he did so, and the fact that he both killed himself and pressured Eva Braun into doing the same as his last 2 acts on earth make it even less likely. Also, even if Hitler did somehow make it to heaven that doesn't mean that he got off scot free--he would have had a lengthy stay in purgatory ahead of him even if he had been cleansed of his sins prior to death (again, Catholic teaching, Protestants do NOT believe in purgatory). But we don't believe that we can know with certainty any individuals are in hell, including Judas who the Bible strongly implies but stops short of definitively stating was on his way there. 


As for his victims, it's not a satisfying resolution but the answer is that we don't know. We do however believe that God judges all of us on sort of a sliding scale according to what has been taught to us of His word, few if any of the Jews killed in the Holocaust by definition were properly instructed Christians so we believe God would take that into account in judging them. We also don't know what happens at the moment of our death, it's possible more truth is revealed to us at that moment and we can make a more informed decision. Finally, many Catholics believe in the existence of limbo which is technically a part of hell, but not a place of suffering (""merely"" separation from God) as a destination for non Christians who are good people. I don't think most Catholics believe that Hitler's Jewish victims are all being tortured for eternity, aside from any who may have been bad people independent of getting killed in the Holocaust. 


Biblical support for the pro life position - there are others but the main ones are Jeremiah 1:5 and Luke 1:41


And I didn't say ""the biggest supporters of the anti abortion movement are women who’ve had abortions and women who’ve worked for planned parenthood"", I said there are a number of examples of pro life activists in one or both of those categories. Abby Johnson and Mayra Rodriguez are 2 examples. ",helene,community_discussion,
lo885zt,t3_1flwkts,t1_lo870e9,NorthCarolina,xxysyndrome,1726935818,2024-09-21 16:23,5,"""Well, [qaf0v4vc0lj6](https://www.reddit.com/user/qaf0v4vc0lj6/), it certainly isn't statistical data analysis of poll numbers, you one-note dolt""",helene,community_discussion,
lo88cwj,t3_1flwkts,t1_lo7loor,NorthCarolina,[deleted],1726935882,2024-09-21 16:24,0,[removed],helene,community_discussion,
lo88isf,t3_1flwkts,t1_lo77emg,NorthCarolina,BrodysBootlegs,1726935936,2024-09-21 16:25,-22,"Except ""if you don't like it don't do it"" doesn't really work when there's (from our point of view) a human life at stake. ",helene,community_discussion,
lo88lry,t3_1flwkts,t1_lo7tpqw,NorthCarolina,sk8tergater,1726935964,2024-09-21 16:26,9,It’s hilarious that the titanic was a platform position for them. Not hilarious about trying to rewrite history but wow.,helene,community_discussion,
lo88ohn,t3_1flwkts,t1_lo773is,NorthCarolina,BrodysBootlegs,1726935986,2024-09-21 16:26,-3,"Are they ""trying to legislate their regret"", or are they trying to atone for something they did before they knew an unborn child is a human being? ",helene,community_discussion,
lo89afm,t3_1flwkts,t1_lo6j373,NorthCarolina,Jgravy32,1726936187,2024-09-21 16:29,4,I hear ya and I’m definitely opposed to being silent about it. I just think I need a little time before I ride the crazy train again lol.,helene,community_discussion,
lo89fp2,t3_1flwkts,t1_lo7etbk,NorthCarolina,BrodysBootlegs,1726936234,2024-09-21 16:30,-1,"He posts on Reddit, a site that for years was notorious for hosting child porn (the ""Jailbait"" subreddit, etc).


Does that make everyone posting on this site a pedophile? ",helene,community_discussion,
lo89u56,t3_1flwkts,t1_lo89fp2,NorthCarolina,alanalanalan92,1726936367,2024-09-21 16:32,11,I’ve never heard of that before. I can see why a catholic would be aware of a subreddit like that though.,helene,community_discussion,
lo8ejee,t3_1flwkts,t1_lo88ohn,NorthCarolina,Cerulean_Soup,1726937888,2024-09-21 16:58,11,Does it matter? They had the option available to them and other women deserve the same option.,helene,community_discussion,
lo8gq8z,t3_1flwkts,t1_lo88isf,NorthCarolina,FiveHeadedSnake,1726938592,2024-09-21 17:09,16,"I'm a black NAZI! 

My wife's sister peed all over me when I was fucking her in the dookey chute and I love it so much. 

At least he couldn't have gotten her pregnant in that scenario. Cause otherwise I bet he'd get his wife's sister to abort their illegitimate baby conceived within the family but out of wedlock 😱",helene,community_discussion,
lo8gu7i,t3_1flwkts,t1_lo89u56,NorthCarolina,BrodysBootlegs,1726938625,2024-09-21 17:10,0,"It was never a state secret, which leads me to believe you're just a bigot.


https://www.vice.com/en/article/reddit-s-jailbait-section-is-dead/",helene,community_discussion,
lo8hs13,t3_1flwkts,t1_lo8gu7i,NorthCarolina,[deleted],1726938918,2024-09-21 17:15,1,[removed],helene,community_discussion,
lo8tw58,t3_1flwkts,t1_lo88isf,NorthCarolina,[deleted],1726942838,2024-09-21 18:20,1,[removed],helene,community_discussion,
lo956y0,t3_1flwkts,t1_lo88isf,NorthCarolina,milliescatmom,1726946750,2024-09-21 19:25,12,"And that’s the thing ‘your point of view’ is just an opinion. So for pro choice, it really does work.",helene,community_discussion,
lo9gbi3,t3_1flwkts,t1_lo72ukd,NorthCarolina,Kradget,1726950563,2024-09-21 20:29,6,"Except... Everyone's seen the version of Christianity that's actually practiced by this political movement, and it absolutely does not run on grace and love. It posits an extremely punitive God deeply interested in enforcing His will through secular power.",helene,community_discussion,power
lo9kxq3,t3_1flwkts,t3_1flwkts,NorthCarolina,NegotiationRecent937,1726952099,2024-09-21 20:54,-3,"L thread 
Clearly full of posers who don’t see outside of Asheville, Raleigh, and Wilmington. Go talk to people on some other sides of this wonderful state. God Bless ✌️",helene,community_discussion,
lo9zsx6,t3_1flwkts,t3_1flwkts,NorthCarolina,m1dnightknight,1726957458,2024-09-21 22:24,3,"Best part is when anybody asks both of them about what they said in the past, they all say:  ""I never said that"".  When you show them the video they'll say:  ""Thats an AI generated video"".",helene,community_discussion,
loa3onp,t3_1flwkts,t1_lo88isf,NorthCarolina,Geniusinternetguy,1726958910,2024-09-21 22:48,7,You are certainly entitled to your view on this. But you should know that your position is not what the majority in this country believe. And they don’t want a minority to take away their choice.,helene,community_discussion,
loa4tax,t3_1flwkts,t1_lo7c6uc,NorthCarolina,AIW22,1726959343,2024-09-21 22:55,5,They’re the American Taliban.,helene,community_discussion,
loague0,t3_1flwkts,t1_lo7c6uc,NorthCarolina,Round-Lie-8827,1726964122,2024-09-22 00:15,2,"Why?  They all vote the same, I'd rather them say crazy shit and lose than pretend to be normal and win",helene,community_discussion,
loal34b,t3_1flwkts,t1_lo84wva,NorthCarolina,[deleted],1726965856,2024-09-22 00:44,1,[removed],helene,community_discussion,
lob545l,t3_1flwkts,t1_loa3onp,NorthCarolina,VeiledForm,1726974403,2024-09-22 03:06,3,"And additionally their POV isn't = the scientific truth. A very early developmental cellular thing isn't a human life. It's like calling dough, baked bread. ",helene,community_discussion,
lob6b9p,t3_1flwkts,t1_loa4tax,NorthCarolina,cumberbatchcav1,1726974951,2024-09-22 03:15,6,I've seen Y'allqaeda,helene,community_discussion,
loc16m6,t3_1flwkts,t1_lo71lrh,NorthCarolina,katanne85,1726993214,2024-09-22 08:20,1,"I don't take issue with a candidate finding personal growth in their mistakes. Normally, I'd also say it's a good thing. But growth should elicit some empathy for people who find themselves facing the same ""difficult"" decision later, even if you're advocating for a different choice. After all, he walked a mile in their shoes.

It was ""difficult"" for the Robinsons but everyone after should have kept their ""skirt down?"" Mark Robinson isn't a changed man. He's a hypocrite. And if he had kept it in his pants (decades after he should have 'learned' from his promiscuity) we probably wouldn't be discussing this, yet again. 🤷🏻‍♀️",helene,community_discussion,
lodhbda,t3_1flwkts,t1_loa3onp,NorthCarolina,BrodysBootlegs,1727018848,2024-09-22 15:27,0,"I do understand that. I'm not trying to change your mind (that would be awesome but realistically nobody is going to be convinced by some rando on the internet), I'm just explaining the pro life PPV. ",helene,community_discussion,
lo6rkn3,t3_1flzxic,t3_1flzxic,NorthCarolina,Woke_Goku_did_911,1726914289,2024-09-21 10:24,-1,sorry,helene,community_discussion,
lo6s66n,t3_1flzxic,t3_1flzxic,NorthCarolina,sagarap,1726914695,2024-09-21 10:31,2,"This is a low effort post, and I say that as someone who’s been to nude Africa.  ",helene,community_discussion,
lo6t3jr,t3_1flzxic,t3_1flzxic,NorthCarolina,im_intj,1726915310,2024-09-21 10:41,-3,"You guys are two peas in a pod. Both of you can visit Springfield Ohio in your ""puppy girl"" suits and report back to us.",helene,community_discussion,
lo6xdeo,t3_1fm0o22,t3_1fm0o22,NorthCarolina,Mywordispoontang101,1726917907,2024-09-21 11:25,5,You know your life has reached dumpster fire status when you're too nookyuler for Donnie.,helene,community_discussion,
lo6zzc3,t3_1fm0o22,t3_1fm0o22,NorthCarolina,Barbarossa49,1726919321,2024-09-21 11:48,2,"In the article, Tillis is quoted as telling his followers on X to “focus on the races we can win.” Wonder how that’s going down at Robinson’s campaign headquarters?",helene,community_discussion,
lo7714a,t3_1fm0o22,t3_1fm0o22,NorthCarolina,rnantelle,1726922675,2024-09-21 12:44,1,"I hope Wilmington got his campaign to pay for security in advance like Asheville did, otherwise he’ll jilt them like he always does.",helene,community_discussion,
lo6zdfl,t3_1fm0we5,t3_1fm0we5,NorthCarolina,NotoriousStardust,1726919000,2024-09-21 11:43,273,when you are down with a cult. you are down with a cult.,helene,community_discussion,
lo6zmu6,t3_1fm0we5,t3_1fm0we5,NorthCarolina,WashuOtaku,1726919137,2024-09-21 11:45,27,Liberal experts believe or hope so; conservative experts do not believe so as Trump has a knack to resist problems despite all the crap around him. The truthful answer is who knows.,helene,community_discussion,
lo6zpd0,t3_1fm0we5,t3_1fm0we5,NorthCarolina,hnglmkrnglbrry,1726919175,2024-09-21 11:46,16,Absolutely. This will discourage at least a few Republicans with any sense of shame from voting and it may inspire people who were on the fence a out turning out to show up to the polls.  When they are polling within 1% of each other that could be all the difference.,helene,community_discussion,
lo70ln4,t3_1fm0we5,t3_1fm0we5,NorthCarolina,Necessary-Parking-14,1726919635,2024-09-21 11:53,67,Not with the unhinged MAGAt cult. Anyone with more than two brain cells to rub together? It should.,helene,community_discussion,
lo71nbr,t3_1fm0we5,t3_1fm0we5,NorthCarolina,Dangerous-Rice44,1726920169,2024-09-21 12:02,69,"Down ballot candidates usually don’t hurt (or help) top of the ticket candidates to a meaningful degree. 

But! The margins are so tight in this race that any small movement could be enough to make the difference.",helene,community_discussion,
lo71qju,t3_1fm0we5,t3_1fm0we5,NorthCarolina,qaf0v4vc0lj6,1726920215,2024-09-21 12:03,9,Most political experts are saying down ballots almost never drag down up ballot candidates.,helene,community_discussion,
lo727px,t3_1fm0we5,t3_1fm0we5,NorthCarolina,loptopandbingo,1726920453,2024-09-21 12:07,77,NC electing a Democrat instead of a Republican for governor has no bearing on whether Trump will win it. Cooper was elected governor both times NC went for Trump in the presidential election.,helene,community_discussion,
lo73gd7,t3_1fm0we5,t3_1fm0we5,NorthCarolina,TheMan123718,1726921052,2024-09-21 12:17,4,Statistically it shouldn’t.,helene,community_discussion,
lo73m1j,t3_1fm0we5,t3_1fm0we5,NorthCarolina,ajwatsonthedingo,1726921127,2024-09-21 12:18,22,"A Trump vote was already going to be a Robinson vote so I don’t understand why people think these revelations are going to hurt Trump. The dudes are moral and ethical carbon-copies of each other. 
Failed businessmen resulting in multiple bankruptcies: ✅
Scamming non-profit charities: ✅
Sued for non-payment for services: ✅
Down with non-Christian pervy shit: ✅
Golden showers: ✅",helene,community_discussion,
lo73pl7,t3_1fm0we5,t1_lo6zmu6,NorthCarolina,jflip07,1726921172,2024-09-21 12:19,7,Teflon Don,helene,community_discussion,
lo7476d,t3_1fm0we5,t3_1fm0we5,NorthCarolina,Key-Effort963,1726921399,2024-09-21 12:23,17,"Among his cult followers, no. Unfortunately.  

Independent voters, possibly.",helene,community_discussion,
lo74hqj,t3_1fm0we5,t3_1fm0we5,NorthCarolina,Mr_1990s,1726921536,2024-09-21 12:25,317,"Which scandal?

The attempted coup, multiple affairs, criminal convictions, sexual assault allegations, trips to Miss USA and Miss Teen USA dressing rooms, hush money payments, payments to actors to attend his rallies, hiding of tax returns, his fake school, multiple banks who refuse to do business with him, or did I miss one?

Oh wait. Robinson’s scandal.",helene,community_discussion,
lo74rgy,t3_1fm0we5,t3_1fm0we5,NorthCarolina,Party-Accident3483,1726921659,2024-09-21 12:27,3,It’s already hurting him,helene,community_discussion,
lo74t9z,t3_1fm0we5,t1_lo71qju,NorthCarolina,wewawalker,1726921684,2024-09-21 12:28,6,"That suck, especially since the up-ballot candidate hyped this down-ballot candidate so much.",helene,community_discussion,
lo74ts0,t3_1fm0we5,t3_1fm0we5,NorthCarolina,RentalGore,1726921690,2024-09-21 12:28,6,I really don’t think it will.  His voting bloc is hellbent on voting for him.  I don’t even think independents will be affected as they were probably voting Stein anyway.,helene,community_discussion,
lo74xke,t3_1fm0we5,t3_1fm0we5,NorthCarolina,MK5,1726921739,2024-09-21 12:28,10,"That depends on how hard the Harris campaign pushes ads of Trump praising Robinson coupled with a montage of Robinson's insane rants and  quotes about his love of trans porn. If they're as smart as the seem to be, they'll push it hard.",helene,community_discussion,
lo752xy,t3_1fm0we5,t1_lo73m1j,NorthCarolina,meatbeater,1726921808,2024-09-21 12:30,4,Hey ! Nothing wrong with golden showers,helene,community_discussion,
lo758ih,t3_1fm0we5,t3_1fm0we5,NorthCarolina,notyomamasusername,1726921879,2024-09-21 12:31,9,"Probably not, NC is famous for voting split tickets.",helene,community_discussion,
lo75aq4,t3_1fm0we5,t3_1fm0we5,NorthCarolina,jecksluv,1726921908,2024-09-21 12:31,3,"Trump could butt fuck a bald eagle on the white house lawn and use a flag to wipe off his dick and it wouldn't hurt his chances. The ones voting for him either don't watch the news, are too stupid to understand the news, or are complete scum bags.",helene,community_discussion,
lo75fe3,t3_1fm0we5,t3_1fm0we5,NorthCarolina,RegularVacation6626,1726921967,2024-09-21 12:32,4,"I think Harris has a good shot at winning NC, but not because of this. I don't see how this hurts Robinson any worse than he already was and has nothing to do with Trump (who has about as much negatives). The only way I think it would matter is if we had straight ticket voting, but we don't.",helene,community_discussion,
lo75p0q,t3_1fm0we5,t3_1fm0we5,NorthCarolina,CharlotteTypingGuy,1726922088,2024-09-21 12:34,356,"More importantly the Robinson incident has put several NC house seats in play that were not in play a week ago.  Dems can’t capture a majority but breaking the super majority is 100% a possibility.

The NCGOP has already started pushing money to vulnerable house candidates for this very reason.",helene,community_discussion,
lo75zeu,t3_1fm0we5,t3_1fm0we5,NorthCarolina,RunningWineaux,1726922218,2024-09-21 12:36,1,"I saw somewhere suggested that it’s possible that moderate republicans (that’s a thing???) might have been turned off and could opt to stay home.

I don’t really buy it but the margins could be so tight that if there are a few thousand people who fit this description who stay home, it could matter.

I’ve always thought we’d end up splitting again like 2016 and 2020.",helene,community_discussion,
lo75zlm,t3_1fm0we5,t3_1fm0we5,NorthCarolina,Electrical_Show4747,1726922221,2024-09-21 12:37,4,"The neighbors across from me have 6 adults living at home. 4 grown failed to launch kids and the parents. They all say they will vote straight republican, not because they like policies or anything but because they are ""generational Republicans"" and refuse to break the pattern to respect their ancestors. I replied oh yeah cuz your 30 year old incel son isn't getting a proper job to support his own family, and lives at home with you is respecting the ancestors. Me and my hubs are late 30s have a house, have proper jobs and a child, and we are  what they consider failures to launch... 🙄🙄",helene,community_discussion,
lo769e1,t3_1fm0we5,t1_lo7476d,NorthCarolina,Kriegerian,1726922342,2024-09-21 12:39,9,"This is where I’m at. The cult is going to vote for their rapist wannabe king no matter what happens. The people who lean conservative instead of being complete howling monsters might be reluctant to vote for an admitted black Nazi alongside the white one who doesn’t admit it (although did y’all see the thing he said about Jews lately because woof), although I’m not really sure how many of those people really exist.

It would be funny if, despite all the white Nazis Trump has ever used to get power, it ends up being a black one who sinks him.",helene,community_discussion,power
lo76e8w,t3_1fm0we5,t3_1fm0we5,NorthCarolina,Ambitious-Fun244,1726922401,2024-09-21 12:40,-3,"Most of these “scandals” go away in week. The news cycle churns too quick, and attention spans are short.",helene,community_discussion,
lo76pic,t3_1fm0we5,t1_lo75zlm,NorthCarolina,Ambitious-Fun244,1726922535,2024-09-21 12:42,2,What is a “proper job”?,helene,community_discussion,
lo76ygv,t3_1fm0we5,t3_1fm0we5,NorthCarolina,gphjr14,1726922643,2024-09-21 12:44,2,Nah. It hurts Robinson but Trump supporters won’t tie the 2 together and will still pick him for president even if they still pick Stein for governor.,helene,community_discussion,
lo776mj,t3_1fm0we5,t3_1fm0we5,NorthCarolina,HauntingSentence6359,1726922740,2024-09-21 12:45,5,"Nobody knows how MUCH it will hurt Trump, but it will hurt him.",helene,community_discussion,
lo77gbp,t3_1fm0we5,t1_lo71qju,NorthCarolina,HauntingSentence6359,1726922853,2024-09-21 12:47,9,"This is a different case.  Look for a groundswell of Democrats to put the kibosh on Robinson, and while they're at it, do the same to Trump.",helene,community_discussion,
lo77hfc,t3_1fm0we5,t1_lo76pic,NorthCarolina,IOnlyAskForGold,1726922866,2024-09-21 12:47,5,Perhaps “careers” would be a better choice of word. I get what they mean though.,helene,community_discussion,
lo77ik6,t3_1fm0we5,t1_lo76pic,NorthCarolina,Electrical_Show4747,1726922880,2024-09-21 12:48,4,"Something that doesn't have ""influencer"" in the title..",helene,community_discussion,
lo77j9c,t3_1fm0we5,t3_1fm0we5,NorthCarolina,Life_of1103,1726922889,2024-09-21 12:48,1,"He’ll lose a few undecideds, but none of his cultists will defect.",helene,community_discussion,
lo77jxz,t3_1fm0we5,t3_1fm0we5,NorthCarolina,Ok-Sprinkles4063,1726922896,2024-09-21 12:48,2,My neighbor still has her Robinson sign in the yard.   I don’t know if the Robinson scandal is going to hurt Robinson.,helene,community_discussion,
lo77mfs,t3_1fm0we5,t3_1fm0we5,NorthCarolina,Mellow_Toninn,1726922924,2024-09-21 12:48,2,"Disclaimer: I do not live in North Carolina but I don’t think a lot of people seem to have caught on to the fact that North Carolina likely has a higher chance of going to Harris than Nevada. 

Split voting is common in North Carolina, yes, but Trump won in 2020 by a little over 1 point while Roy Cooper won by around 4. At this point, Republicans/Independents will have to be splitting their votes at a double digit margin. Coupled with the enthusiasm that Harris already had in the state? Call me optimistic but I genuinely don’t see that happening for Trump.",helene,community_discussion,
lo77qrk,t3_1fm0we5,t1_lo76pic,NorthCarolina,HauntingSentence6359,1726922976,2024-09-21 12:49,6,One that nets some income.,helene,community_discussion,
lo77vzz,t3_1fm0we5,t3_1fm0we5,NorthCarolina,snotboogie,1726923036,2024-09-21 12:50,4,Not really  Def gonna hurt Robinsons .  Trump might lose half a point or something.,helene,community_discussion,
lo780ga,t3_1fm0we5,t1_lo76e8w,NorthCarolina,HauntingSentence6359,1726923087,2024-09-21 12:51,6,"This isn't going away.  Now that several cats are out of the bag (Haitians haven't eaten them yet /s), there is undoubtedly more to come.  Robinson is the gift that keeps giving.",helene,community_discussion,
lo781e2,t3_1fm0we5,t3_1fm0we5,NorthCarolina,Far-prophet,1726923098,2024-09-21 12:51,-2,No,helene,community_discussion,
lo783n6,t3_1fm0we5,t1_lo75zlm,NorthCarolina,Electrical_Show4747,1726923126,2024-09-21 12:52,4,Something that affords a 30 year old male to move out of his parents house.  Roommates are a respectable step up from living with his parents at 30 years old.,helene,community_discussion,
lo786ns,t3_1fm0we5,t3_1fm0we5,NorthCarolina,HauntingSentence6359,1726923160,2024-09-21 12:52,2,"Next thing you know, MAGA-Q cultists will start claiming Robinson is a Democrat plant.",helene,community_discussion,
lo78ejg,t3_1fm0we5,t1_lo752xy,NorthCarolina,MellerFeller,1726923249,2024-09-21 12:54,12,"It's weird, but the hypocricy is the source of the kink shaming here.",helene,community_discussion,
lo78f63,t3_1fm0we5,t3_1fm0we5,NorthCarolina,Nothingrisked,1726923256,2024-09-21 12:54,2,"I keep hoping that sanity will win the day. (Even though there will be plenty of insanity) And then we will keep hearing about Robinson losing and the first time gas prices spike, it'll be don't you wish you voted for Robinson.",helene,community_discussion,
lo78mf4,t3_1fm0we5,t1_lo77gbp,NorthCarolina,Abc0331,1726923339,2024-09-21 12:55,1,Look to be disappointed on election night.,helene,community_discussion,
lo78po0,t3_1fm0we5,t1_lo74hqj,NorthCarolina,Nothingrisked,1726923376,2024-09-21 12:56,81,"Robinson is still a case of which scandal. Honest to God how anyone can consider him based on one, but when you take the whole of his scandalness, this will be studied by sociologists one day if society makes it through this.",helene,community_discussion,
lo78sa7,t3_1fm0we5,t3_1fm0we5,NorthCarolina,Environmental_Tank_4,1726923405,2024-09-21 12:56,2,"The problem is that while most undecided voters may know that Robinson is a bad pick and wont vote for him, they probably dont understand his heavy ties to Trump. 
The reason this is damaging to Trump is that Robinson is a product of Trump once again playing king maker. He was a MAGA approved candidate. I just dont think enough people draw that connection",helene,community_discussion,
lo78sgo,t3_1fm0we5,t3_1fm0we5,NorthCarolina,nwbrown,1726923407,2024-09-21 12:56,2,"I doubt it. There isn't much new information in that, other that he's dumb enough to use his real name on a porn site. His problems are already baked in, hence why he is polling with a double digit loss.",helene,community_discussion,
lo78w9h,t3_1fm0we5,t3_1fm0we5,NorthCarolina,GetNR3KT,1726923450,2024-09-21 12:57,1,No,helene,community_discussion,
lo78zkt,t3_1fm0we5,t3_1fm0we5,NorthCarolina,thatohgi,1726923488,2024-09-21 12:58,6,"The cult doesn’t care, it isn’t about any kind of logic or reasoning; the cult owns their brain until the hypnotization breaks.",helene,community_discussion,
lo7911p,t3_1fm0we5,t1_lo727px,NorthCarolina,agk23,1726923505,2024-09-21 12:58,33,A lot more down ticket democrats will likely be mobilized,helene,community_discussion,
lo795p3,t3_1fm0we5,t1_lo78po0,NorthCarolina,Mr_1990s,1726923556,2024-09-21 12:59,27,"Yes, what’s crazy about Robinson’s scandals is you can say “which scandal involving stealing from children?”

To be fair to Trump, I can only think of one of those scandals for him.",helene,community_discussion,
lo79cr7,t3_1fm0we5,t3_1fm0we5,NorthCarolina,MangoAtrocity,1726923634,2024-09-21 13:00,1,"Not likely. The right tends to vote on policy and many are single-issue voters (abortion, gun rights, education, etc). If my candidate did something horrible, I’d probably still vote for him or her because the opposition’s policies would be so much worse for my day to day life.",helene,community_discussion,
lo79s1l,t3_1fm0we5,t1_lo6zdfl,NorthCarolina,Fooker27,1726923807,2024-09-21 13:03,-104,"Ironic, Kinda like the 20 or so anti Mark threads today eh ?",helene,community_discussion,
lo7aq89,t3_1fm0we5,t3_1fm0we5,NorthCarolina,Truck_Stop_Sushi,1726924193,2024-09-21 13:09,2,I don’t think so.  There are a lot of people who are still voting for Trump because they hate  Democrats more than they dislike Trump or Robinson.,helene,community_discussion,
lo7att0,t3_1fm0we5,t3_1fm0we5,NorthCarolina,PatchesTheClown2,1726924233,2024-09-21 13:10,5,"If we've learned anything in this political climate it's that:

- nothing matters
- everything matters

So i don't think anyone has any clue 🤣 BUT I can imagine scenarios where a Robinson voter learns of this and decides not to vote at all which likely hurts trump. I find it hard to imagine someone hearing this and choosing to vote *because* of this info. So if you want my uneducated opinion it might hurt trump at the very margins but I doubt it does much. 

There might be some research showing if Cal Cunningham's scandal cut into Bidens numbers here in 2020??? (He was a senate candidate but similar situation)",helene,community_discussion,
lo7ax6l,t3_1fm0we5,t3_1fm0we5,NorthCarolina,JessieGemstone999,1726924270,2024-09-21 13:11,1,Probably not,helene,community_discussion,
lo7b3hw,t3_1fm0we5,t3_1fm0we5,NorthCarolina,AlludedNuance,1726924339,2024-09-21 13:12,1,"He was already polling poorly, I can't imagine this will do anything more than the everything else we already knew about him.",helene,community_discussion,
lo7b7lr,t3_1fm0we5,t1_lo76e8w,NorthCarolina,Jackson-Chapline,1726924385,2024-09-21 13:13,3,"I personally believe people will be talking about Mark Robinson for years. 

He's a perfect case study in conservative, closeted LGBTs who will publicly spew vulgar homophobia to impress their crowd. 

Mark Robinson is the only black politician I'm aware of who wished slavery still exists, admires Hitler and hates MLK. I doubt most people have ever even heard of a ""Black Nazi"". This dude is absolutely bizarre and how he managed to get far enough in his career to run for governor is mind boggling to most people.

 I'm sure there will be worse political scandals in America's future but this might permanently take the record as the most embarrassing/salacious. Mark Robinson has set a very low bar that will be difficult to beat.",helene,community_discussion,
lo7b7pp,t3_1fm0we5,t3_1fm0we5,NorthCarolina,cravecase,1726924386,2024-09-21 13:13,2,NC is known for split tickets. I don’t think it hurts Trump as much as the national media is implying.,helene,community_discussion,
lo7bapm,t3_1fm0we5,t3_1fm0we5,NorthCarolina,ApolloThneed,1726924419,2024-09-21 13:13,3,"In short, yes most likely. Trump’s base will still show up of course, there’s nothing Robinson can do to affect that. But it may discourage some right leaning independents from showing up at all and that will mean one less vote for Trump.

We’re in for a very close race this time around, and even a small shift could end up making the difference",helene,community_discussion,
lo7bd09,t3_1fm0we5,t3_1fm0we5,NorthCarolina,taylormadevideos,1726924445,2024-09-21 13:14,1,I think Trump’s scandals are worse than Mark Robinson’s. But the GOP doesn’t care. ,helene,community_discussion,
lo7bdqf,t3_1fm0we5,t3_1fm0we5,NorthCarolina,wanderingmanimal,1726924453,2024-09-21 13:14,2,"This would imply a plethora of faculties that these voters lack, such as: moral compass, dignity, critical thinking, compassion, empathy, etc. 

ANY Trump/Robinson/MAGA voter lacks these traits and qualities as is demonstrated by their continued weird behavior.",helene,community_discussion,
lo7bp4r,t3_1fm0we5,t1_lo79s1l,NorthCarolina,Frymanstbf,1726924581,2024-09-21 13:16,68,One of our choices for governor just had a major story/scandal break right before the election and it's being covered by national news. Do you expect us not to talk about it?,helene,community_discussion,
lo7bv2c,t3_1fm0we5,t1_lo7bp4r,NorthCarolina,Fooker27,1726924646,2024-09-21 13:17,-65,Make a maga thread then for it.,helene,community_discussion,
lo7ceg7,t3_1fm0we5,t3_1fm0we5,NorthCarolina,ClenchedThunderbutt,1726924860,2024-09-21 13:21,3,"Concerning the margins of voters who might go either way or just stay home, yes, it could absolutely hurt his chances. It makes some people pay attention who weren’t before and ties the GOP at large to this psychopathy. It will definitely motivate some people to vote who weren’t already.",helene,community_discussion,
lo7cex2,t3_1fm0we5,t3_1fm0we5,NorthCarolina,-ZIO-,1726924865,2024-09-21 13:21,1,If anything this probably earned them more votes.,helene,community_discussion,
lo7cjok,t3_1fm0we5,t1_lo73pl7,NorthCarolina,roostershoes,1726924917,2024-09-21 13:21,7,"The ironic thing to that metaphor is that Teflon does break down and chips away, and in NC as we know, ends up polluting our rivers with GenX.",helene,community_discussion,
lo7dgcv,t3_1fm0we5,t1_lo7bv2c,NorthCarolina,davidoffbeat,1726925267,2024-09-21 13:27,87,">Make a maga thread then for it.

Did your phone just auto correct ""mega"" to ""maga"" on a thread where you're trying to argue maga isn't a cult? 

Weird.",helene,community_discussion,
lo7e1vn,t3_1fm0we5,t3_1fm0we5,NorthCarolina,Russoo3,1726925498,2024-09-21 13:31,1,Nope it's a cult,helene,community_discussion,
lo7eb95,t3_1fm0we5,t1_lo795p3,NorthCarolina,VanillaBabies,1726925599,2024-09-21 13:33,20,But those were children *with cancer*. ,helene,community_discussion,
lo7ewk8,t3_1fm0we5,t1_lo7eb95,NorthCarolina,SordoCrabs,1726925831,2024-09-21 13:37,5,"He has gone on record as saying that some people/children should be left to die (I'm thinking of Trump's comments on his nephew's efforts to secure care for his disabled kid), so in his mind, Trump probably believes it is a kindness.",helene,community_discussion,
lo7f10a,t3_1fm0we5,t3_1fm0we5,NorthCarolina,dingdongdaisy2014,1726925879,2024-09-21 13:37,1,I hope so! His humiliation on Election Day couldn’t happen to a more deserving person.,helene,community_discussion,
lo7g6ds,t3_1fm0we5,t3_1fm0we5,NorthCarolina,IamBananaRod,1726926317,2024-09-21 13:45,-1,"Of course not, Robinson has all the perfect attributes of a MAGA candidate, I'd say it will embolden all the Republicans",helene,community_discussion,
lo7gky0,t3_1fm0we5,t3_1fm0we5,NorthCarolina,TarHeel2682,1726926471,2024-09-21 13:47,1,"Hopefully, but I won't hold my breath. Cognitive dissonance is strong among the red caps.",helene,community_discussion,
lo7gmvl,t3_1fm0we5,t3_1fm0we5,NorthCarolina,Dmackman1969,1726926491,2024-09-21 13:48,1,"Robinson won’t lose a single vote. The cult does not care about the moral fiber of their leaders. It’s all ‘fake news’ and liberal media lies. He will still lose by 10-12% but only if we VOTE.

Vote.",helene,community_discussion,
lo7gupy,t3_1fm0we5,t3_1fm0we5,NorthCarolina,Jimi_The_Cynic,1726926572,2024-09-21 13:49,2,"Brother, did any other scandal hurt the Trump campaign in NC",helene,community_discussion,
lo7gv64,t3_1fm0we5,t3_1fm0we5,NorthCarolina,kamgar,1726926576,2024-09-21 13:49,1,"Realistically, he will not change people’s opinions on Trump. He may energize some blue voters to go out and make sure he doesn’t get into office. While there, they will probably vote Harris as well. I’m not sure how big of an impact this will have on the overall numbers, but it certainly could help.",helene,community_discussion,
lo7hr1e,t3_1fm0we5,t3_1fm0we5,NorthCarolina,ImHavingASandwich,1726926903,2024-09-21 13:55,2,"No. I’m in a rural area. All I see are Robinson and Trump signs. People flying flags and printing massive signs to put in their barns and sheds… even businesses and gas stations have signs here. 

If anything they think of it as a funny bro moment.

They are not changing their mind out here. I mean he won the debate the because Kamala knew all of the questions before hand. Or at least that’s what I heard the other day…",helene,community_discussion,
lo7ipq4,t3_1fm0we5,t3_1fm0we5,NorthCarolina,Fast_Statistician_20,1726927248,2024-09-21 14:00,1,I believe Robinson was already dragging Trump down even before the scandal so yes. it will hurt Trump by a very small amount.,helene,community_discussion,
lo7jb4x,t3_1fm0we5,t3_1fm0we5,NorthCarolina,RatsofReason,1726927461,2024-09-21 14:04,-1,I dont see any reason why it would hurt.,helene,community_discussion,
lo7jp2s,t3_1fm0we5,t1_lo70ln4,NorthCarolina,sparkle-possum,1726927597,2024-09-21 14:06,9,"These guys probably think pissing on women is a mark in their candidate's favor, but getting off to tranny porn might be a little bit too much for them.",helene,community_discussion,
lo7kk17,t3_1fm0we5,t3_1fm0we5,NorthCarolina,petjuli,1726927900,2024-09-21 14:11,3,I'd love to say it will but I'm sad to think it probably won't.  People are so caught in the frenzy of us vs them the dude can do anything at this point.  The only hope we have it that the scandals hopefully aren't polarizing any voters for him but voters against.,helene,community_discussion,
lo7kkna,t3_1fm0we5,t1_lo7911p,NorthCarolina,JudicatorArgo,1726927906,2024-09-21 14:11,1,Previous elections show that there’s zero empirical evidence of this,helene,community_discussion,
lo7kn0r,t3_1fm0we5,t1_lo7jp2s,NorthCarolina,carrie_m730,1726927929,2024-09-21 14:12,-1,"Can we please not use slurs, even if he did?",helene,community_discussion,
lo7kwv6,t3_1fm0we5,t3_1fm0we5,NorthCarolina,changing-life-vet,1726928026,2024-09-21 14:13,1,"Maybe. The people who were going to vote for Robinson are still going to vote for him. If anything his supporters will double down. 

That said I know 4 people personally who are going to vote Trump no matter what but are openly anti-Robinson. All the article did was reinforce their decision. 

The real question is will his presence on the ballot entice enough people who weren’t going to vote to actually show up at the polls. I honestly don’t know the answer to that question.",helene,community_discussion,
lo7li7p,t3_1fm0we5,t3_1fm0we5,NorthCarolina,carrie_m730,1726928236,2024-09-21 14:17,1,"The only way it has an effect is if it changes people's motivation to vote.

So, let's say there were people voting for Trump but not enthusiastically, who instead were showing up FOR Robinson and are now less excited about doing so. Some of those might not bother, IF they're also people who find voting in general a hassle. 

But how many of those do we really think there are?

OR hypothetically, it could motivate people who were a little meh about showing up for Harris and against Trump but are now VERY motivated about voting against Robinson, even though they weren't super hyped about that last week.

Do we think that's a common position? 

If either group exists I would bet they're in tiny numbers. We'll see, but I think we have a lot more work to do.",helene,community_discussion,
lo7m06v,t3_1fm0we5,t1_lo79s1l,NorthCarolina,Just_Candle_315,1726928409,2024-09-21 14:20,27,Dont think you know what ironic means,helene,community_discussion,
lo7mig3,t3_1fm0we5,t3_1fm0we5,NorthCarolina,arnoldez,1726928584,2024-09-21 14:23,1,"No, the only thing that hurts his chances is a vote for Kamala.",helene,community_discussion,
lo7mkcg,t3_1fm0we5,t1_lo7kn0r,NorthCarolina,sparkle-possum,1726928602,2024-09-21 14:23,12,Changed it but that's literally what it's referred to in the quote from him and on porn sites.,helene,community_discussion,
lo7mp3g,t3_1fm0we5,t1_lo7jp2s,NorthCarolina,[deleted],1726928647,2024-09-21 14:24,1,[removed],helene,community_discussion,
lo7mwjj,t3_1fm0we5,t3_1fm0we5,NorthCarolina,CitizenProfane,1726928719,2024-09-21 14:25,1,"Bigger q is if Robinson hurts the down ballot Republicans like the state Supreme Court and Council of State. Trump is Teflon to his supporters. 
Note Fox News has ignored the Robinson scandal and as everyone knows voters live in echo chambers. Rest assured his supporters are not on this Reddit thread or reading the NYTimes. 
If the Dems use their war chest to put ads about this on Monday night football and in the mailboxes of NC undecided voters and people who are registered but don’t vote in primaries, it may make a difference. 
NC statewide races have been super tight the last few elections. Most voters are uninformed. This is a juicy scandal that may just be what sways voters. Remember something similar happened to Cal Cunningham (and that looks so tame in comparison now doesn’t it?)",helene,community_discussion,
lo7mwzv,t3_1fm0we5,t1_lo7cjok,NorthCarolina,DoubleDeadGuy,1726928723,2024-09-21 14:25,4,Reading this as I drink bottled water here in Wilmington,helene,community_discussion,
lo7ney1,t3_1fm0we5,t3_1fm0we5,NorthCarolina,huccimanehuman,1726928895,2024-09-21 14:28,1,Im sure willie would give him a spin. 85/100,helene,community_discussion,
lo7o7tn,t3_1fm0we5,t1_lo77jxz,NorthCarolina,CitizenProfane,1726929164,2024-09-21 14:32,3,Your neighbor probably doesn’t know as Fox News hasn’t talked about it. I think you should tell her though. And let us know her reaction when she finds out.,helene,community_discussion,
lo7p4sd,t3_1fm0we5,t3_1fm0we5,NorthCarolina,NIN10DOXD,1726929475,2024-09-21 14:37,1,"IDK if it will cause people not to vote for Trump, but I do think it will energize people who usually lean toward Democrats. Especially voters in the Black Belt where Clinton and Biden had previously trailed Obama's numbers due to lower turnout amongst Black voters in the region.",helene,community_discussion,
lo7p801,t3_1fm0we5,t3_1fm0we5,NorthCarolina,Substantial-Yam-5926,1726929505,2024-09-21 14:38,2,"There are a couple of groups for which this won’t matter:  hardcore MAGA that won’t believe it to be anything but MSM crap, and Republicans that will only vote that way, regardless (yes, the Venn on those two groups is tight).  But it may give independents and thinking Republicans pause on throwing their support to not one, but two vile men.  Maybe not a lot of people there.  But this is a tight race.  Small numbers count in states that are in play.

Still, the only thing that matters is making sure you vote, not trying to read the tea leaves, crystal ball, polls, or your neighbor’s yard signs.  Your vote is what you control.",helene,community_discussion,
lo7pxf4,t3_1fm0we5,t1_lo7b7lr,NorthCarolina,CitizenProfane,1726929743,2024-09-21 14:42,1,"This.
They literally did not vet him. He has no experience to be in an executive leadership position. I think Robinson really wanted to be a preacher but never had an education so gave speeches at city council meetings instead. One 3 minute rant about gun control he gave to the Greensboro City Council went viral and that made him the most recognized of a bunch of GOP candidates in the Lt Gov race in the low turnout 2020 primary. Then he rode Trump’s tails ever since. 
The Lt Gov does nothing. It is the race that if you want to do nothing, you run for. Scandals aside, he is a terrible candidate for the exec leadership position of the state.",helene,community_discussion,
lo7q4i9,t3_1fm0we5,t3_1fm0we5,NorthCarolina,transsolar,1726929809,2024-09-21 14:43,1,"Yeah, he's an anchor on the Republican ticket up and down the ballot. The question is - how much?",helene,community_discussion,
lo7qdwy,t3_1fm0we5,t3_1fm0we5,NorthCarolina,Business_Quality3884,1726929900,2024-09-21 14:45,1,"God, I hope so.",helene,community_discussion,
lo7qfuw,t3_1fm0we5,t1_lo75p0q,NorthCarolina,transsolar,1726929917,2024-09-21 14:45,187,What sucks is we got rid of the supermajority last election. Until whatsherface immediately party-switched.,helene,community_discussion,
lo7qllv,t3_1fm0we5,t1_lo79s1l,NorthCarolina,Olivineyes,1726929972,2024-09-21 14:46,15,you can't distinguish between criticism of a public figure and being in a cult?,helene,community_discussion,
lo7rkmy,t3_1fm0we5,t1_lo77mfs,NorthCarolina,glumth,1726930302,2024-09-21 14:51,1,Agreed.  Our polls close at 7 and we allow pre-counting of mail in ballots.  NC will be called early enough in the night that it could be clear by 9PM that Harris will be the next president.,helene,community_discussion,
lo7rnig,t3_1fm0we5,t3_1fm0we5,NorthCarolina,Monsterdustin,1726930328,2024-09-21 14:52,1,"Sort answer is no.
People are gonna vote for who they’re gonna vote for.
They truly won’t believe anything that is reported about their insane cult leaders.",helene,community_discussion,
lo7s2t2,t3_1fm0we5,t3_1fm0we5,NorthCarolina,Pullups-n-Pushups,1726930469,2024-09-21 14:54,1,I really hope so. I dislike both of them.,helene,community_discussion,
lo7s8uy,t3_1fm0we5,t1_lo6zpd0,NorthCarolina,mistral7,1726930525,2024-09-21 14:55,6,"> Republicans with any sense of shame

Surely you jest! Republicans have no sense of shame and haven't since they failed to demand Nixon's removal from the Eisenhower ticket.",helene,community_discussion,
lo7t8n3,t3_1fm0we5,t1_lo78mf4,NorthCarolina,HauntingSentence6359,1726930861,2024-09-21 15:01,3,"Robinson was already being clobbered in the polls before this came out; this won't help.  Quite a few of my friends and acquaintances are lifelong Republicans who won't be voting for Trump in November.    Trump keeps doubling down on crazy; many Republicans are tiring of this bad reality TV show.  They won't vote for a convicted felon and have realized that Trump is now the old man in the race.  I've tried to read transcripts of some of his recent speeches; it hurts my brain trying to make it through his word salad.  The man can't focus, even for a minute.

Keep a watchful eye on your cats and dogs; you wouldn't want an illegal alien eating them for dinner.",helene,community_discussion,
lo7t9zr,t3_1fm0we5,t1_lo7qfuw,NorthCarolina,LasVegasNerd28,1726930873,2024-09-21 15:01,47,We’ve really got to make that illegal nationwide.,helene,community_discussion,
lo7tfb1,t3_1fm0we5,t1_lo7eb95,NorthCarolina,timsterri,1726930922,2024-09-21 15:02,7,Were they hanging around windmills by any chance?,helene,community_discussion,
lo7tfjk,t3_1fm0we5,t3_1fm0we5,NorthCarolina,ostensibly_hurt,1726930924,2024-09-21 15:02,2,"I’m going to my parents house today and know (annoyingly) politics will come up. I doubt they will believe it/care/have read what he said. Politics is a brainwashing game, not a reality game.",helene,community_discussion,
lo7u3xq,t3_1fm0we5,t3_1fm0we5,NorthCarolina,Mean-Marionberry-148,1726931151,2024-09-21 15:05,1,"He was already polling down 15% from Stein before this scandal. It’s bad enough that I’ve heard several republicans say they cannot vote for him now. They’re still going to vote for Trump though. 

Interestingly enough Nate Silver’s poll of polls shows that Harris was only 0.1% behind Trump in N.C. on average before Mark’s most recent scandal. I will fully expect to see a little blip in her favor after that, especially as the ads come out that show Trump calling Robinson “MLK Jr. on steroids” and then they show where Mark said he is a “black Nazi” who supports owning slaves. If only they could show his post “[Wife’s Sister](https://pbs.twimg.com/media/GX3s7duXUAAnN_G.jpg)” from the ‘adult’ website he was posting on. His claim that this was “AI” and a media conspiracy is just so ridiculous it isn’t even funny.",helene,community_discussion,
lo7u68f,t3_1fm0we5,t1_lo7s8uy,NorthCarolina,hnglmkrnglbrry,1726931173,2024-09-21 15:06,8,Enough Republicans sat out of Georgia's election in 2020 due to Herschel Walker to flip the state. Robinson is depressing Republican turnout even if just by a small margin. This vote might come down to a couple thousand votes and that could be the difference.,helene,community_discussion,
lo7vib5,t3_1fm0we5,t1_lo75p0q,NorthCarolina,Gadritan420,1726931622,2024-09-21 15:13,29,"I have four daughters here.

We NEED this.",helene,community_discussion,
lo7vlgp,t3_1fm0we5,t3_1fm0we5,NorthCarolina,JustAHippy,1726931652,2024-09-21 15:14,2,"The hardcore trumpers: no. They’ll say it’s a frame job and he didn’t say any of that. 

People who don’t actually care about character but pretend they do: no. They’ll come up with some weird excuse, but these people were always going to vote ideology over character. 

Undecided voters who are voting Trump but won’t admit it: maybe? They might leave it blank. Some will still just vote him. 

I think the best thing this does is keep some conservatives or middle of the ground people home when it’s time to vote.",helene,community_discussion,
lo7w75l,t3_1fm0we5,t1_lo6zdfl,NorthCarolina,Dariawasright,1726931851,2024-09-21 15:17,32,"But the cult is maxed out. It's the other people that make a difference.


I think you folks show up to vote and you will be able to elect a lot of democrats including the president.

Please do that. Be the heroes.",helene,community_discussion,
lo7wuwa,t3_1fm0we5,t3_1fm0we5,NorthCarolina,djlauriqua,1726932068,2024-09-21 15:21,2,"Amazingly, my neighborhood has several more Robinson signs than it did last week. I live in the middle of the suburbs in the Triad. I’m hopeful that we can turn NC blue, but not overly optimistic",helene,community_discussion,
lo7xvsk,t3_1fm0we5,t1_lo7rkmy,NorthCarolina,Mellow_Toninn,1726932407,2024-09-21 15:26,1,Do us proud!,helene,community_discussion,
lo7y4m9,t3_1fm0we5,t3_1fm0we5,NorthCarolina,killer77hero,1726932488,2024-09-21 15:28,3,"I seriously doubt it. The past few weekends, I've been to Baptist and methodist and a Lutheran church, and the preachers are all openly engaged in promoting trumpty dumpty. At least here in Lincoln County.",helene,community_discussion,
lo7yur1,t3_1fm0we5,t1_lo7qfuw,NorthCarolina,-PM_YOUR_BACON,1726932729,2024-09-21 15:32,38,"Tricia Cotham, however if she didn’t switch there were literally two other Dems lined up behind her who were going to switch. 

Voters have to show up to elections or things like this happen. When 25% of 18-24 year olds showed up for midterms, it’s not wonder the GOP won every statewide race, and people like Cotham hungry for power could be “wooed” to switch parties, especially when there is no ability for voters to recall those who grossly misrepresent themselves.",helene,community_discussion,power
lo7yzm3,t3_1fm0we5,t1_lo7t9zr,NorthCarolina,-PM_YOUR_BACON,1726932776,2024-09-21 15:32,13,Switching parties? I mean essentially every southern democrat did that when the civil rights act was passed.,helene,community_discussion,
lo7z6qr,t3_1fm0we5,t3_1fm0we5,NorthCarolina,amltecrec,1726932842,2024-09-21 15:34,-6,"No one could use a Harris win. She's dangerous AF, and shills to the highest bidder. She has a horrific record, and is a horrible actor.

But yes, the Robinson rumors, although totally baked (meaning this info was already in possession, but held by opposition until being released now), run a huge risk of causing issues. However, while Trump and Vance are distancing themselves and have already booted Robinson from a planned rally appearance, etc., things like this will always pose a threat...hence its release.

Wait until October, when the really huge baked stories are dropped!",helene,community_discussion,
lo7zbm6,t3_1fm0we5,t1_lo7yzm3,NorthCarolina,LasVegasNerd28,1726932888,2024-09-21 15:34,27,"Okay???? And if you’re elected by the people by promising certain values and rights, you shouldn’t be allowed to switch parties and values during your tenure.",helene,community_discussion,
lo7zsbu,t3_1fm0we5,t1_lo73m1j,NorthCarolina,-PM_YOUR_BACON,1726933043,2024-09-21 15:37,9,"> A Trump vote was already going to be a Robinson vote

NC is pretty unique with that, a lot of GOP voters still vote Dem for Governor. 

In 2020 almost 250,000 voters that voted for Trump didn’t for for the GOP (Forest) running for governor, and 100,000+ of them voted for Cooper. 

Which is wild, but not unexpected.",helene,community_discussion,
lo7zsgf,t3_1fm0we5,t3_1fm0we5,NorthCarolina,alexhoward,1726933044,2024-09-21 15:37,1,"It could hurt the non-MAGA Republican turnout as ""one last straw"" for voters that normally vote Republican but haven't drunk the Kool Aid. Given by ow close things are and the strength of polling for Democrats in the most notable statewide races, it could definitely hurt. Vance didn't invite Robinson to appear when he was in Raleigh this week and Trump isn't having him at his appearance this weekend, if that tells you something.",helene,community_discussion,
lo80ugv,t3_1fm0we5,t3_1fm0we5,NorthCarolina,PaperPasserby,1726933393,2024-09-21 15:43,1,Only if you want it to,helene,community_discussion,
lo80zn1,t3_1fm0we5,t3_1fm0we5,NorthCarolina,olov244,1726933440,2024-09-21 15:44,2,"maybe, but robinson was always disposable to them. useful when useful, when not useful, they act like they never knew him

don't forget, some trump voters voted for cooper. trump can carry the state and the state vote for a democratic governor. it's happened plenty of times",helene,community_discussion,
lo81ftx,t3_1fm0we5,t3_1fm0we5,NorthCarolina,West-Bet-9639,1726933586,2024-09-21 15:46,1,Not really. His supporters don't care.,helene,community_discussion,
lo82cm7,t3_1fm0we5,t3_1fm0we5,NorthCarolina,Cycleyourbike27,1726933890,2024-09-21 15:51,3,"His supporters will pretend they didn’t hear it or
It’s fake news or don’t read so they didn’t know it happened",helene,community_discussion,
lo82cq8,t3_1fm0we5,t1_lo7zbm6,NorthCarolina,zcleghern,1726933891,2024-09-21 15:51,8,"That wouldnt do anything. They can vote however they like in office, party doesnt matter.",helene,community_discussion,
lo82qgb,t3_1fm0we5,t3_1fm0we5,NorthCarolina,Seaisle7,1726934016,2024-09-21 15:53,1,Hopefully!!,helene,community_discussion,
lo83h13,t3_1fm0we5,t1_lo7kkna,NorthCarolina,IAMHideoKojimaAMA,1726934260,2024-09-21 15:57,11,"People don't understand elections work and how pragmatic voters really are. 

Single events like this aren't enough to sway millions of votes. 

It's like when the photo of trump sticks his fist up after the assassination attempt. And people go TRUMO JUST WON THE ELECTION. 

It's just not how these things work",helene,community_discussion,
lo841xp,t3_1fm0we5,t1_lo7qfuw,NorthCarolina,Weightcycycle11,1726934453,2024-09-21 16:00,145,Trisha Cotham is on the ballot and please do NOT vote for her!,helene,community_discussion,
lo844qp,t3_1fm0we5,t1_lo758ih,NorthCarolina,IAMHideoKojimaAMA,1726934478,2024-09-21 16:01,3,From what I'm looking at about 50% of the time nc splits the vote. Which is pretty crazy high imo.,helene,community_discussion,
lo84d98,t3_1fm0we5,t3_1fm0we5,NorthCarolina,bowens44,1726934557,2024-09-21 16:02,1,Ues,helene,community_discussion,
lo84vmr,t3_1fm0we5,t3_1fm0we5,NorthCarolina,M795,1726934728,2024-09-21 16:05,2,"I'd like to think so, but I doubt it. NC is infamous for splitting it's tickets. 2008 was the only year since 1976 that a Democratic presidential candidate won NC.

If Harris wins NC, it'll be a fucking miracle.",helene,community_discussion,
lo850eg,t3_1fm0we5,t3_1fm0we5,NorthCarolina,Aures000,1726934772,2024-09-21 16:06,2,We can only hope so!,helene,community_discussion,
lo8553f,t3_1fm0we5,t3_1fm0we5,NorthCarolina,Radkingeli995,1726934816,2024-09-21 16:06,2,I sure hope so if Trump loses North Carolina because of Mark Robinson’s recent scandal it will be hard for him to get the presidency let’s see if that happens,helene,community_discussion,
lo85ay0,t3_1fm0we5,t1_lo7y4m9,NorthCarolina,Weightcycycle11,1726934870,2024-09-21 16:07,2,Tax the damn churches!,helene,community_discussion,
lo85qbp,t3_1fm0we5,t3_1fm0we5,NorthCarolina,D-Ray1469,1726935011,2024-09-21 16:10,1,Well I doubt it will help it.,helene,community_discussion,
lo85rhh,t3_1fm0we5,t3_1fm0we5,NorthCarolina,aquacraft2,1726935022,2024-09-21 16:10,2,"Did you see those voting district maps?
It would take a miracle for an NC vote to matter.",helene,community_discussion,
lo85yz0,t3_1fm0we5,t1_lo7hr1e,NorthCarolina,IAMHideoKojimaAMA,1726935090,2024-09-21 16:11,2,Who won the debate 🤣,helene,community_discussion,
lo864sl,t3_1fm0we5,t1_lo82cm7,NorthCarolina,aquacraft2,1726935145,2024-09-21 16:12,1,"Or they DO see it, or get a misrepresented version on Facebook, and say they totally agree with it. Depending on the severity of their horribleness. I'm absolutely drowning in family members who are in the latter boat.",helene,community_discussion,
lo86ciw,t3_1fm0we5,t1_lo7zbm6,NorthCarolina,TomatoShooter0,1726935215,2024-09-21 16:13,5,Thats stupid LOL. Shed just stay democrat and vote with republicans it doesnt fix anything. Voters need to be a better judge of candidates,helene,community_discussion,
lo86fxk,t3_1fm0we5,t3_1fm0we5,NorthCarolina,Nottacod,1726935248,2024-09-21 16:14,1,Not likely,helene,community_discussion,
lo86kcs,t3_1fm0we5,t1_lo78ejg,NorthCarolina,meatbeater,1726935290,2024-09-21 16:14,5,"I was just mucking with ya, the republicans are the party of hypocrisy. Rage about the gays but so many of them are banging trans people and hooking up on grindr. All they do is kink shame while hiring prostitues and hanging out in bathhouses",helene,community_discussion,
lo88dlo,t3_1fm0we5,t3_1fm0we5,NorthCarolina,SamuraiZucchini,1726935889,2024-09-21 16:24,1,No,helene,community_discussion,
lo89113,t3_1fm0we5,t3_1fm0we5,NorthCarolina,Rebel_Scum59,1726936102,2024-09-21 16:28,2,It won’t help,helene,community_discussion,
lo8an2y,t3_1fm0we5,t3_1fm0we5,NorthCarolina,brygates,1726936631,2024-09-21 16:37,2,"The NC governor has a far more direct impact on the day-to-day lives of residents than who is president. Robinson strikes me as grifting whack-job. His family operated a business the was entirely dependent on government funding and most of his family was on the payroll.

If he were elected governor he would pack the government with incompetent cronies. It is hard for me to imagine how he would handle hurricane response, which is nearly certain to happen more than once during a 4-year term. A Robinson-led disaster response would be a total shit-show. Robinson has never managed large enterprise on the scale of a county, let alone a state.

It is hard to imagine Robinson successfully negotiating a deal to bring a major employer (like Toyota) to North Carolina. Can you imagine a Fortune 500 CEO eager to work with Robinson? I generally support Dems, but I would rather have a stable Republican than a Democratic nut-case in office. If Dale Folwell had win the primary for governor, I would not voted for him, but I would not worry about him being an incompetent nut.",helene,community_discussion,hurricane
lo8b8ui,t3_1fm0we5,t1_lo79s1l,NorthCarolina,AlternativeParty5126,1726936829,2024-09-21 16:40,6,"If you ask everyone what color the sky is, they'll say Blue. That does not make them a cult. Exposing an objectively shameful and embarrassing person is the same way. My dad is a conservative and has been since Reagan, but even he understands that modern-day Republicans are shameful and aren't good Christians like they claim to be.",helene,community_discussion,
lo8cel8,t3_1fm0we5,t3_1fm0we5,NorthCarolina,Innerouterself2,1726937204,2024-09-21 16:46,2,"It may drive more people to vote which should hurt Trumps chances.  

But just a reminder that millions and millions and millions of people will vote for trump in the upcoming election. Register, vote, help someone else get their polling place.",helene,community_discussion,
lo8egxz,t3_1fm0we5,t1_lo74hqj,NorthCarolina,Moxman73,1726937866,2024-09-21 16:57,8,"You left out the Russian collusion that helped him win in 2016.  Him being a Russian asset. He was impeached twice, the national documents he hid in a bathroom at his golf course, the 10 million bribe from Egypt, the 2 billion fund Kushner started “managing” from Saudi Arabia, the E Jean Carrol libel lawsuits he lost, the Stormy Daniels payoff that was illegal, his suspected affair with Loomer

But the Right is the party of morals and values 🙄",helene,community_discussion,
lo8f03f,t3_1fm0we5,t3_1fm0we5,NorthCarolina,avalve,1726938034,2024-09-21 17:00,1,"Trump is honestly a political anomaly so I doubt it will hurt his chances, but it will definitely hurt some down ballot races",helene,community_discussion,
lo8f5e3,t3_1fm0we5,t3_1fm0we5,NorthCarolina,xTarheelsUNCx,1726938080,2024-09-21 17:01,2,"At this point anyone still supporting him, won’t be swayed by anything IMO.",helene,community_discussion,
lo8i1p8,t3_1fm0we5,t1_lo7mkcg,NorthCarolina,_Jang_A_Lang,1726939003,2024-09-21 17:16,-2,Lmao y’all are weird,helene,community_discussion,
lo8ioy5,t3_1fm0we5,t3_1fm0we5,NorthCarolina,rmjames007,1726939206,2024-09-21 17:20,3,"I dont think it will have a huge effect. his supporters are baked in. We all keep waiting for this moment where there other side will say this is too much or this candidate is too awful. however what people on this side seem to forget is that, the right has depecticted the left as evil baby killers. So they always think our side is worse so thier support stays.",helene,community_discussion,
lo8it6v,t3_1fm0we5,t1_lo74hqj,NorthCarolina,Small_Time_Charlie,1726939244,2024-09-21 17:20,7,It amazes me that Trump hired a National Security Advisor who was literally a paid lobbyist for a foreign country. That would have been a huge scandal for any other President.,helene,community_discussion,
lo8jj79,t3_1fm0we5,t1_lo8egxz,NorthCarolina,cardiganmimi,1726939469,2024-09-21 17:24,4,And don’t forget  how he tried to undermine the results of a democratic election and then egged people on to march to the Capitol (“and I’ll be right there with you”) but disappeared to watch the whole thing unfold on TV.,helene,community_discussion,
lo8jog1,t3_1fm0we5,t1_lo7yur1,NorthCarolina,transsolar,1726939516,2024-09-21 17:25,8,Did those two Dems get primaried?,helene,community_discussion,
lo8k4da,t3_1fm0we5,t3_1fm0we5,NorthCarolina,attachedtothreads,1726939654,2024-09-21 17:27,1,"Maybe. I've been in the voting area overhearing people how to vote for a Republican president and a Democratic governor. So there's how; I'm just jaded, but not to the point I won't vote.",helene,community_discussion,
lo8kg9z,t3_1fm0we5,t1_lo8i1p8,NorthCarolina,stainedglass333,1726939761,2024-09-21 17:29,2,lol. You tried.,helene,community_discussion,
lo8kggo,t3_1fm0we5,t3_1fm0we5,NorthCarolina,Merad,1726939763,2024-09-21 17:29,2,"I'm sure there will be a few people who see this news and decide they're completely disgusted with the GOP, but not enough to matter. I think anyone who is legit undecided at this point would probably be happy to vote a split ticket for Trump and Stein. The majority of people who were planning to vote for Robinson a week ago aren't going to be swayed by the story, most likely they don't even believe it (call it fake news, AI, whatever).",helene,community_discussion,
lo8mneh,t3_1fm0we5,t1_lo841xp,NorthCarolina,culnaej,1726940460,2024-09-21 17:41,54,Nicole Sidman is running against her JUST BECAUSE the GOP gerrymandered her into Cotham’s new district (and Nicole loved her previous Rep),helene,community_discussion,
lo8mylh,t3_1fm0we5,t1_lo75p0q,NorthCarolina,culnaej,1726940559,2024-09-21 17:42,16,"Hijacking this comment with a copypasta I made to explain the legislative races at stake:

Literally every State House and Senate candidate need ground support across the state, NOW!

Especially House candidates Safiyah Jackson, Evonne Hopkins, Bryan Cohn, Diamond Staton-Williams, Lorenza Wilkins, Dante Pittman, Claire Kempner, Nicole Sidman, and Senate candidates Terence Everitt, Lisa Grafstein, Woodson Bradley, and James Mercer

Those 12 candidates are either fighting to flip a very competitive district (winnable, not lost causes) or fighting to keep a seat that has been further gerrymandered this cycle for them to lose it (but still winnable)

Find out which candidate is closest to you and volunteer for a canvass ASAP. There are great groups like County to County and Neighbors on Call going out every weekend, driving over an hour to help these critical races win so that we can break the supermajority and restore the governor’s veto.

You can’t just stay in a safe district and knock doors for Harris or Stein and expect for us to win the state.

Also honorable mentions for our judicial candidates, Justice Allison Riggs, Judge Carolyn Thompson, Ed Eldred, and Martin Moore

Can’t canvass or don’t want to? Join a phonebank, make a donation, write postcards, but just in general, do something. And then do it some more.",helene,community_discussion,
lo8ni0h,t3_1fm0we5,t3_1fm0we5,NorthCarolina,No-Personality1840,1726940729,2024-09-21 17:45,0,No. Republicans will still vote for Trump. The only way it will hurt is if Republicans don’t come out to vote. I think they will.,helene,community_discussion,
lo8niid,t3_1fm0we5,t3_1fm0we5,NorthCarolina,Unfair_Feedback5895,1726940733,2024-09-21 17:45,2,Let's hope so,helene,community_discussion,
lo8oa1z,t3_1fm0we5,t3_1fm0we5,NorthCarolina,No-Personality1840,1726940974,2024-09-21 17:49,1,My family is overwhelmingly Republican. From my 70 some year old siblings to their kids and their 20 something year old grandkids. They are religious. They all will vote for Robinson and Trump because in their minds Democrats are liberal socialists and are pro choice. They don’t necessarily like Trump but their fear and hate for Democrats outweigh the negatives of Robinson and Trump in their minds. I held my nose and voted for Biden because I knew Republicans would be worse. It’s the exact same thinking in reverse which is why turnout is really the only determinant of who wins and loses.,helene,community_discussion,
lo8pac2,t3_1fm0we5,t3_1fm0we5,NorthCarolina,ucannottell,1726941293,2024-09-21 17:54,1,Half of NC flies confederate flags.,helene,community_discussion,
lo8pdqr,t3_1fm0we5,t3_1fm0we5,NorthCarolina,LiluLay,1726941324,2024-09-21 17:55,2,I sure hope so. I hope it wrecks down ballot for republicans as well.,helene,community_discussion,
lo8r8s2,t3_1fm0we5,t1_lo7u68f,NorthCarolina,mistral7,1726941960,2024-09-21 18:06,2,"""***Hope springs eternal***.""

... Alexander Pope, 1732 

I choose to believe you are prescient... however, this is North Carolina.",helene,community_discussion,
lo8rxse,t3_1fm0we5,t3_1fm0we5,NorthCarolina,NeuseRvrRat,1726942185,2024-09-21 18:09,3,Certainly won't help,helene,community_discussion,
lo8rz5z,t3_1fm0we5,t3_1fm0we5,NorthCarolina,Visible-Guess9006,1726942198,2024-09-21 18:09,1,Yes.,helene,community_discussion,
lo8u69o,t3_1fm0we5,t1_lo82cq8,NorthCarolina,LasVegasNerd28,1726942931,2024-09-21 18:22,10,Then everything should be a direct democracy. Why have representatives if they aren’t going to actually represent the people who elected them?,helene,community_discussion,
lo8v4kj,t3_1fm0we5,t1_lo8it6v,NorthCarolina,Kayakityak,1726943240,2024-09-21 18:27,2,"For trump, that was just a Tuesday afternoon. 

He also had the morning and evening scandals too. 

It’s just a firehose of issues. 

And that’s by design. It takes eyes off the total corruption that should land him in prison for the rest of his life. 

He’s worse than rancid garbage.",helene,community_discussion,
lo8vz9p,t3_1fm0we5,t3_1fm0we5,NorthCarolina,marm9,1726943533,2024-09-21 18:32,1,"Taking into account how purple NC is, I think people could vote for Trump but not Robinson.",helene,community_discussion,
lo8w5ep,t3_1fm0we5,t1_lo8u69o,NorthCarolina,zcleghern,1726943591,2024-09-21 18:33,1,Because this kind of thing is an extreme rarity.,helene,community_discussion,
lo8xgr2,t3_1fm0we5,t3_1fm0we5,NorthCarolina,Republiconline,1726944040,2024-09-21 18:40,2,God I hope so. Get out and vote! Go to [vote.gov](https://vote.gov) to verify your registration or to get started.,helene,community_discussion,
lo8xo0x,t3_1fm0we5,t3_1fm0we5,NorthCarolina,G00dSh0tJans0n,1726944109,2024-09-21 18:41,0,To be honest I think much of the stuff Robinson said will actually boost turnout among the right wing base and will energize most conservatives,helene,community_discussion,
lo8xr9d,t3_1fm0we5,t1_lo79s1l,NorthCarolina,MellerFeller,1726944140,2024-09-21 18:42,1,"If you want Robinson for governor, you should start a thread telling us why. Maybe you'll persuade persuade some of us.",helene,community_discussion,
lo8xtpy,t3_1fm0we5,t3_1fm0we5,NorthCarolina,metagrosslv376,1726944164,2024-09-21 18:42,0,"I think if Dems can effectively tie Trump to Robinson, it will certainly hurt him some.",helene,community_discussion,
lo8ysvf,t3_1fm0we5,t1_lo79s1l,NorthCarolina,PerpetualEternal,1726944497,2024-09-21 18:48,1,crazy how reporting the facts of a case reads as “anti-Mark” to you. It’s almost as if he’s done a few things to bring extra scrutiny upon himself,helene,community_discussion,
lo8ywbr,t3_1fm0we5,t3_1fm0we5,NorthCarolina,HaiKarate,1726944531,2024-09-21 18:48,11,"A MAGA acquaintance posted this on Facebook:

>Mark Robinson has excelled as lieutenant governor and will continue to do so as governor. A CNN reporter has made some sensational allegations against Mark that are mostly, if not entirely, untrue. Even if any of these claims were accurate, they are from long ago—like an incident from when he was just 14 and peeped into a girls' shower. I personally know Mark Robinson to be a man of faith. It's no secret that CNN reporters often seek to undermine Republican candidates. Mark Robinson is committed to improving our country.

Hardcore MAGA don't care what dirt you find on their candidates, they will always make excuses for them.",helene,community_discussion,
lo8z74m,t3_1fm0we5,t3_1fm0we5,NorthCarolina,PerpetualEternal,1726944636,2024-09-21 18:50,7,Our strongest hope is that it will depress Republican turnout. I know if I was a Republican in this moment I’d have trouble getting out of bed and looking myself in the mirror.,helene,community_discussion,
lo90iou,t3_1fm0we5,t1_lo7eb95,NorthCarolina,Totesnotskynet,1726945096,2024-09-21 18:58,2,No trump is legally allowed to operate a charity in New York,helene,community_discussion,
lo92lp7,t3_1fm0we5,t1_lo74hqj,NorthCarolina,aerobicdancechamp,1726945834,2024-09-21 19:10,1,You missed attempting to extort an ally nation into exchanging political kompromat on Joe Biden in exchange for anti-tank and other military aid essential to deterring Russian aggression.,helene,community_discussion,
lo94b3l,t3_1fm0we5,t1_lo92lp7,NorthCarolina,Mr_1990s,1726946438,2024-09-21 19:20,1,I missed a lot of things.,helene,community_discussion,
lo94ff5,t3_1fm0we5,t1_lo6zdfl,NorthCarolina,H-U-I-3,1726946480,2024-09-21 19:21,3,Politics 101,helene,community_discussion,
lo964ls,t3_1fm0we5,t3_1fm0we5,NorthCarolina,cmac92287,1726947085,2024-09-21 19:31,1,I mean the whole cats and dogs thing is still in play lol so no I don’t think it will.,helene,community_discussion,
lo99saj,t3_1fm0we5,t3_1fm0we5,NorthCarolina,WendyIsCass,1726948350,2024-09-21 19:52,3,We can only hope and vote.,helene,community_discussion,
lo9ak42,t3_1fm0we5,t1_lo8v4kj,NorthCarolina,gadanky,1726948617,2024-09-21 19:56,3,And yet the Fox and Truth Social can bend weak minds to discount all that.  Little rural church clergy whitewash it even.,helene,community_discussion,
lo9bxqu,t3_1fm0we5,t1_lo7o7tn,NorthCarolina,Ok-Sprinkles4063,1726949092,2024-09-21 20:04,1,Oh I wouldn’t dare.  I keep my conversation limited to the weather.,helene,community_discussion,weather
lo9cpb7,t3_1fm0we5,t1_lo964ls,NorthCarolina,MrVeazey,1726949356,2024-09-21 20:09,1,Not among normal people. That's only a thing with the terminally-online right-wing dingdongs who can't distinguish reality from their shared madness. But people who go outside and talk to others who might have a different opinion know that kind of thing is an insane lie.,helene,community_discussion,
lo9e3ug,t3_1fm0we5,t1_lo7z6qr,NorthCarolina,Critterdex,1726949821,2024-09-21 20:17,2,I think you're confusing Harris with Trump. Literally everything you said about her is actually true of Trump.,helene,community_discussion,
lo9ecaq,t3_1fm0we5,t1_lo8kg9z,NorthCarolina,_Jang_A_Lang,1726949899,2024-09-21 20:18,-1,Wasn’t very hard to spot the weirdos.,helene,community_discussion,
lo9efoa,t3_1fm0we5,t3_1fm0we5,NorthCarolina,DarkSkiesSeeTheStars,1726949930,2024-09-21 20:18,2,"Well, Robinson was disinvited from Trump's rally so Trump's people must be afraid of Robinson's stink.",helene,community_discussion,
lo9elu3,t3_1fm0we5,t1_lo9ecaq,NorthCarolina,stainedglass333,1726949985,2024-09-21 20:19,3,"Mirrors are very simple devices.

Congrats on learning to use one?",helene,community_discussion,
lo9g419,t3_1fm0we5,t1_lo9cpb7,NorthCarolina,cmac92287,1726950494,2024-09-21 20:28,3,I believe I saw today that 47% of republican voters do indeed believe the pet story 😳,helene,community_discussion,
lo9ghyg,t3_1fm0we5,t1_lo90iou,NorthCarolina,megggie,1726950623,2024-09-21 20:30,1,"Should be nationwide, if not globally, but NY is a decent start",helene,community_discussion,
lo9jor3,t3_1fm0we5,t1_lo9elu3,NorthCarolina,_Jang_A_Lang,1726951673,2024-09-21 20:47,0,Nice,helene,community_discussion,
lo9jy75,t3_1fm0we5,t3_1fm0we5,NorthCarolina,Eb73,1726951764,2024-09-21 20:49,0,The drinking Horse-Semen on purpose thing is just a bridge too far.,helene,community_discussion,
lo9jyrs,t3_1fm0we5,t3_1fm0we5,NorthCarolina,mjy34222,1726951770,2024-09-21 20:49,1,We can only hope.,helene,community_discussion,
lo9kduc,t3_1fm0we5,t3_1fm0we5,NorthCarolina,sci-mind,1726951911,2024-09-21 20:51,1,"If there is any sanity left in the world, yes.",helene,community_discussion,
lo9kh82,t3_1fm0we5,t1_lo9e3ug,NorthCarolina,amltecrec,1726951942,2024-09-21 20:52,-1,"No. No, I'm not confused at all. I'm old enough to have lived under her crime syndicate each, and every role she was handed while in California. Her corruption and incompetence knows no bounds. She did a ton of damage, and catered to the rich, corrupt, and powerful...and the powerfully corrupt rich. Ask some of the previously incarcerated poor and black community members what they thought about her after suffering through her time as District Attorney, and as Attorney General.",helene,community_discussion,
lo9kruz,t3_1fm0we5,t1_lo75p0q,NorthCarolina,sunnyday222,1726952043,2024-09-21 20:54,1,I’m curious about which seats are in play that weren’t before. Are there districts with more Unaffiliated voters than others?,helene,community_discussion,
lo9m2tc,t3_1fm0we5,t1_lo8z74m,NorthCarolina,rockmon94,1726952485,2024-09-21 21:01,7,modern day republicans have no shame,helene,community_discussion,
lo9m45h,t3_1fm0we5,t1_lo9kh82,NorthCarolina,Critterdex,1726952497,2024-09-21 21:01,2,"What are you taking about? You do know that the whole ""she incarcerated thousands of black people"" is a total lie right? Only 45 people were incarcerated for weed charges in her time as district attorney in the Bay Area. As attorney general, there were 1560 across the entire state that, which isn't a high number at all. All that's all people, not divided into demographics. Got anything else?",helene,community_discussion,
lo9nof6,t3_1fm0we5,t1_lo8jog1,NorthCarolina,-PM_YOUR_BACON,1726953033,2024-09-21 21:10,12,"One did and lost, the other is still running and likely to get reelected in high point, so even if the GOP needs one more seat for a super majority, they have it. 

Unfortunately most folks don’t pay a lot of attention local elections which are far more powerful than national ones.",helene,community_discussion,
lo9nwc6,t3_1fm0we5,t1_lo9nof6,NorthCarolina,transsolar,1726953109,2024-09-21 21:11,1,Well at least one of them did,helene,community_discussion,
lo9o3nk,t3_1fm0we5,t3_1fm0we5,NorthCarolina,EggRoll_Parmesan,1726953177,2024-09-21 21:12,3,No. Trump supporters are a special kind of morons. Facts don't matter to them.,helene,community_discussion,
lo9oros,t3_1fm0we5,t1_lo7zbm6,NorthCarolina,-PM_YOUR_BACON,1726953408,2024-09-21 21:16,1,"That wouldn’t do a thing. Don’t elect based on party, elect on politics and then if they don’t follow the politics you elected them for, vote them out. 

The problem is when you have an apathetic base of voters, it’s easy to push a person who has no power in office to “slightly alter their stance” and start voting or move to the other side. 

Cotham is a perfect example of this. A hard core dem mother in politics, then she gets in and wins, but gets no notoriety, so assignments, steps out to have a kid and gets back in and has to start from the bottom. Someone from the GOP says hey, switch sides and you’ll get the power you want, and reelected because we will give you the perfect district and boom it happens. She now has a +7 republican district and is on 8 committees. In her mind the GOP has been a blessing for her career and goals. And she is ahead in polling for her new district. 

You might even do the same if you were in that position. 

Voters easily had the ability to make it so if she switched it didn’t matter. Up to five seats and the NC SCOTUS could have stayed Dem if younger voters showed up. 

Well they didn’t. So all you can do is see the importance of the current election and get as many people out to vote as possible.",helene,community_discussion,power
lo9ozkt,t3_1fm0we5,t1_lo8u69o,NorthCarolina,-PM_YOUR_BACON,1726953484,2024-09-21 21:18,4,"Then we should have the ability to recall our representatives if they don’t represent us. This wouldn’t be hard to implement, but people are voting for folks that would put it in place and win with a majority election.",helene,community_discussion,
lo9pibn,t3_1fm0we5,t1_lo9nwc6,NorthCarolina,-PM_YOUR_BACON,1726953671,2024-09-21 21:21,-1,"Doesn’t really matter. Cotham is likely to get her seat back and currently unless Robinson keeps dragging others down, it looks like the GOP will easily keep its super majority.",helene,community_discussion,
lo9pn25,t3_1fm0we5,t1_lo71nbr,NorthCarolina,SurinamPam,1726953718,2024-09-21 21:21,3,"Voter turnout is the connection. 

If the electorate is excited about voting for a candidate then they’ll turn out. And while they’re voting they might vote for other like-minded candidates.

In that way, Robinson is not helping Trump.",helene,community_discussion,
lo9tyxa,t3_1fm0we5,t1_lo7qfuw,NorthCarolina,nomsain919,1726955283,2024-09-21 21:48,3,"She should’ve been forced to step down, that was bullshit!",helene,community_discussion,
lo9wb5a,t3_1fm0we5,t3_1fm0we5,NorthCarolina,toyegirl1,1726956152,2024-09-21 22:02,2,The Magats either didn’t hear about it or heard it and don’t believe it.,helene,community_discussion,
lo9ytyz,t3_1fm0we5,t3_1fm0we5,NorthCarolina,Ok_Teacher_6834,1726957093,2024-09-21 22:18,1,God willing,helene,community_discussion,
lo9zh11,t3_1fm0we5,t1_lo9pibn,NorthCarolina,flannyo,1726957336,2024-09-21 22:22,1,Cotham’s race is a [toss-up.](https://projects.cnalysis.com/23-24/sl/north-carolina#lower) She’s HD 105.,helene,community_discussion,
lo9zqbs,t3_1fm0we5,t1_lo8ywbr,NorthCarolina,flannyo,1726957432,2024-09-21 22:23,3,">mostly untrue

would *love* to know what your acquaintance thinks could be true LMAO",helene,community_discussion,
loa0d9j,t3_1fm0we5,t3_1fm0we5,NorthCarolina,Mycowrangler,1726957673,2024-09-21 22:27,1,No,helene,community_discussion,
loa30au,t3_1fm0we5,t3_1fm0we5,NorthCarolina,Just-Put9341,1726958654,2024-09-21 22:44,2,"Reasonable people will not vote for him. A lot of people are still saying that he's a Trump supporter so I'll still vote for him. Guess what? Trump is not a Robinson supporter right now. If Trump thinks you are toxic, holy shit!",helene,community_discussion,
loa47dp,t3_1fm0we5,t3_1fm0we5,NorthCarolina,WhoWhatWhere45,1726959108,2024-09-21 22:51,1,LMFAO,helene,community_discussion,
loa92pm,t3_1fm0we5,t1_lo9zqbs,NorthCarolina,HaiKarate,1726961008,2024-09-21 23:23,5,"There's a hint of the narcissist's prayer in there:

It didn't happen;

And if it did happen, it wasn't a big deal;

And if it was a big deal, it was so long ago that it doesn't matter.",helene,community_discussion,
loa9sj7,t3_1fm0we5,t3_1fm0we5,NorthCarolina,Early_Drummer_6134,1726961294,2024-09-21 23:28,1,"News flash, fuck DJT. He could have stepped aside and let a candidate that could have stood a chance against anyone running. But no, it’s the big orange idiot again. We are fucked as a whole nation with both of these idiots we have to choose between.",helene,community_discussion,
loadusu,t3_1fm0we5,t3_1fm0we5,NorthCarolina,CranialToxicity,1726962912,2024-09-21 23:55,2,"It's hard to say. Unfortunately, the kinds of people who would vote for Trump are probably not overly concerned by the information coming out about Robinson. This is all pretty par-for-the-course with their rhetoric, which is part of why Trump's poll numbers barely move even amid major controversy. 

That said, it certainly won't *help* his chances. It doesn't look very good for NC Republicans for Robinson to remain in the race, but whether that would actually influence their choice in the general election remains to be seen.",helene,community_discussion,
loaeygg,t3_1fm0we5,t3_1fm0we5,NorthCarolina,Mthawkins,1726963353,2024-09-22 00:02,3,They're all crooks misleading the average population to further benefit their bank account and agendas,helene,community_discussion,
loairlb,t3_1fm0we5,t1_lo9tyxa,NorthCarolina,transsolar,1726964911,2024-09-22 00:28,2,Yeah I can't believe there's no recourse for the voters in a situation like that. It's basically fraud,helene,community_discussion,
loajmsz,t3_1fm0we5,t3_1fm0we5,NorthCarolina,dardachat,1726965263,2024-09-22 00:34,1,The access Hollywood tape that was in his own voice didn’t hurt him so why would this? They better off trying to pull another win in Georgia than wasting resources here ,helene,community_discussion,
loamhol,t3_1fm0we5,t3_1fm0we5,NorthCarolina,MizJen71877,1726966431,2024-09-22 00:53,2,I pray it does 🙏🙏,helene,community_discussion,
loankk3,t3_1fm0we5,t3_1fm0we5,NorthCarolina,stannc00,1726966873,2024-09-22 01:01,0,It won’t cause more voters to switch to the Democratic Party. It will cause more republicans to stay home.,helene,community_discussion,
loaoeno,t3_1fm0we5,t1_loairlb,NorthCarolina,nomsain919,1726967220,2024-09-22 01:07,3,100% fraud.  👌,helene,community_discussion,
loaq2o5,t3_1fm0we5,t3_1fm0we5,NorthCarolina,Odd_Independent4088,1726967911,2024-09-22 01:18,-3,Just know that the democrats are the ones that started the kkk  and there the ones that want to keep everyone under their control,helene,community_discussion,
loas86e,t3_1fm0we5,t1_lo7yur1,NorthCarolina,ober6601,1726968809,2024-09-22 01:33,13,"I worked at campaign headquarters doing vote counts on Election Day in 2022.  Young voter turnout was really disappointing and could have made a real difference in the results.  But the percentages were disheartening.
People just do not realize how much their vote matters. Our schools and teachers are being under-funded because the current party in control would rather have a big surplus and give billionaires more tax breaks or throw voucher money to private school tuition for the wealthy. Education should be something that even the childless should support or someday you might have a family and good schools will be a priority for you.  Your vote does matter!",helene,community_discussion,
loaw7bf,t3_1fm0we5,t3_1fm0we5,NorthCarolina,Wildcard311,1726970501,2024-09-22 02:01,-1,"[Kamala Harris trying, and trying, and trying some more to answer an easy question](https://www.reddit.com/r/Conservative/s/xpVEo2oWnk)

This is hurting Kamala's chances. It's a race to the bottom",helene,community_discussion,
loaz2l9,t3_1fm0we5,t3_1fm0we5,NorthCarolina,back_tees,1726971725,2024-09-22 02:22,3,No,helene,community_discussion,
lob1y6z,t3_1fm0we5,t1_lo9zh11,NorthCarolina,-PM_YOUR_BACON,1726972987,2024-09-22 02:43,1,"It great that her competitor is getting 3x the campaign funds, and yet it’s only a toss up. Seems like all the people in that district pissed about the switch should be against her eh?",helene,community_discussion,
lob3oxc,t3_1fm0we5,t3_1fm0we5,NorthCarolina,[deleted],1726973756,2024-09-22 02:55,1,[removed],helene,community_discussion,
lob8nsv,t3_1fm0we5,t3_1fm0we5,NorthCarolina,__MP__,1726976045,2024-09-22 03:34,1,"Keep an eye on:
https://www.realclearpolling.com/maps/president/2024/toss-up/electoral-college",helene,community_discussion,
lobcaak,t3_1fm0we5,t1_lo7dgcv,NorthCarolina,TybrosionMohito,1726977827,2024-09-22 04:03,1,That’s fucking incredible lmao,helene,community_discussion,
lobf9vz,t3_1fm0we5,t1_lo75p0q,NorthCarolina,cantusethatname,1726979412,2024-09-22 04:30,1,"Lots of permutations but if R’s are turned off and stay home could be a really big day for D’s. Other possibility, backlash vote against R’s through huge D turnout.",helene,community_discussion,
lobrd9r,t3_1fm0we5,t1_lo9nof6,NorthCarolina,Objective_Canary5737,1726986612,2024-09-22 06:30,1,Hopefully will give them enough rope and they’ll hang themselves. They’re really trying too!,helene,community_discussion,
lobrq7u,t3_1fm0we5,t1_lo8mneh,NorthCarolina,incindia,1726986852,2024-09-22 06:34,1,Holy shit remind me who can vote for her?,helene,community_discussion,
lobt3or,t3_1fm0we5,t3_1fm0we5,NorthCarolina,Phi87,1726987748,2024-09-22 06:49,1,Let's hope so. He definitely shows the GOP's true stripes.,helene,community_discussion,
lobxn1e,t3_1fm0we5,t3_1fm0we5,NorthCarolina,Salteen35,1726990777,2024-09-22 07:39,1,I still don’t understand why this app is so left wing. Especially the red state subreddits. Kind of lame. I don’t mind politics but every damn post on every state subreddit revolves around trump it’s annoying asf,helene,community_discussion,
loc9sdo,t3_1fm0we5,t3_1fm0we5,NorthCarolina,Late_Ad_2562,1726999194,2024-09-22 09:59,1,FUCK DONALD TRUMP,helene,community_discussion,
loce5zr,t3_1fm0we5,t3_1fm0we5,NorthCarolina,Elistariel,1727002138,2024-09-22 10:48,1,I certainly hope so...,helene,community_discussion,
locgj8o,t3_1fm0we5,t3_1fm0we5,NorthCarolina,HallOfTheMountainCop,1727003589,2024-09-22 11:13,0,I’m voting blue at the state level and red on the federal level,helene,community_discussion,
locgkay,t3_1fm0we5,t1_locgj8o,NorthCarolina,SokkaHaikuBot,1727003607,2024-09-22 11:13,2,"^[Sokka-Haiku](https://www.reddit.com/r/SokkaHaikuBot/comments/15kyv9r/what_is_a_sokka_haiku/) ^by ^HallOfTheMountainCop:

*I’m voting blue at*

*The state level and red on*

*The federal level*

---
^Remember ^that ^one ^time ^Sokka ^accidentally ^used ^an ^extra ^syllable ^in ^that ^Haiku ^Battle ^in ^Ba ^Sing ^Se? ^That ^was ^a ^Sokka ^Haiku ^and ^you ^just ^made ^one.",helene,community_discussion,
locglpr,t3_1fm0we5,t1_locgkay,NorthCarolina,HallOfTheMountainCop,1727003630,2024-09-22 11:13,1,Nice,helene,community_discussion,
lochrk5,t3_1fm0we5,t3_1fm0we5,NorthCarolina,etuehem,1727004309,2024-09-22 11:25,0,No. Those people do not give a fuck what they do so long as they continue to hate who they hate.,helene,community_discussion,
locl6h7,t3_1fm0we5,t1_lobrq7u,NorthCarolina,culnaej,1727006175,2024-09-22 11:56,3,"House District 105 was redrawn for Cotham for the 2024 election, it [used to be a largely contiguous part of Mecklenburg County](https://ballotpedia.org/North_Carolina_House_of_Representatives_District_105) currently represented by Wesley Harris, candidate for NC State Treasurer) that contained areas south of Charlotte like Ballantyne, Pineville, Carmel, Sharonbrook.

The current redrawn district is further east of the original HD105, and now contains some of Matthews, but it’s hardly a contiguous district. [Looks like a crazy jigsaw puzzle piece](https://imgur.com/a/ks8ZOTy)

You can explore the current maps for the 2024 on davesredistricting.org, sites like Ballotpedia have not updated their state legislative maps for the 2024 election",helene,community_discussion,
locloug,t3_1fm0we5,t3_1fm0we5,NorthCarolina,Whats-in-a_name,1727006437,2024-09-22 12:00,0,"Better question, will the Robinson scandal hurt Robinson’s chance? The ignorant voters in my county think it’s “fake news”.",helene,community_discussion,
loczdtc,t3_1fm0we5,t1_locl6h7,NorthCarolina,incindia,1727012548,2024-09-22 13:42,4,"Epic answer, thank you so much!",helene,community_discussion,
lod8tfe,t3_1fm0we5,t3_1fm0we5,NorthCarolina,anidnmeno,1727015953,2024-09-22 14:39,1,Probably not,helene,community_discussion,
loe00fr,t3_1fm0we5,t1_lo74hqj,NorthCarolina,LukeyTarg2,1727024584,2024-09-22 17:03,1,"I get what you mean, but Robinson is a whole different situation, not because he's worst than Trump, he's not, but because he doesn't sugarcoats his evilness. A guy like Trump knows how to filter himself, trust me there is a filter there that avoids some damaging statements. Trump acknowledges he needs more than white dudes, he need female voters, he needs LGBT voters, he needs jews, he needs arabs, etc. In a weird twisted case, Trump attempts to appeal to multiple groups by sugarcoating himself, avoiding more damaging statements.",helene,community_discussion,
loefwwt,t3_1fm0we5,t1_lo8it6v,NorthCarolina,Selisch,1727029253,2024-09-22 18:20,1,Trump is a Russian asset.,helene,community_discussion,
loeq9u8,t3_1fm0we5,t1_lob1y6z,NorthCarolina,flannyo,1727032379,2024-09-22 19:12,1,"Cotham’s allies gerrymandered her into the reddest district in Charlotte. Toss-up’s great, considering what her opponent’s up against.",helene,community_discussion,
lof5gul,t3_1fm0we5,t1_lo9g419,NorthCarolina,MrVeazey,1727036972,2024-09-22 20:29,1,"Man, I gotta start sellin' bridges. Never have the rubes been easier to spot.",helene,community_discussion,
log0917,t3_1fm0we5,t3_1fm0we5,NorthCarolina,Legitimate-Blood-613,1727047367,2024-09-22 23:22,1,"I doubt it.  Trump’s supporters seem to be oblivious to the vial, stupid things Trump says and does so why is this gonna change their opinions?",helene,community_discussion,
lo72y5q,t3_1fm16j2,t3_1fm16j2,NorthCarolina,WashuOtaku,1726920816,2024-09-21 12:13,1,"Until this podcast, I had no idea there was a person named Mark Robinson running for Governor. /s",helene,community_discussion,
lo72kle,t3_1fm18am,t3_1fm18am,NorthCarolina,SW4506,1726920635,2024-09-21 12:10,2,https://www.nconemap.gov/datasets/voting-precincts/about,helene,community_discussion,
lo73d6w,t3_1fm18am,t3_1fm18am,NorthCarolina,Blanchypants,1726921011,2024-09-21 12:16,1,"Hey- so the districts don’t really affect the presidential vote, since it is state-wide. HOWEVER the state legislature has a super majority which is absolutely due to gerrymandering.",helene,community_discussion,
lo773bw,t3_1fm18am,t3_1fm18am,NorthCarolina,katefromraleigh,1726922701,2024-09-21 12:45,1,"Have a look at this Zack Galifanikas clip from a documentary a few years back - Really explains how it works.

  
[https://www.youtube.com/watch?v=u9DYdm-Dw3o&t=11s](https://www.youtube.com/watch?v=u9DYdm-Dw3o&t=11s)",helene,community_discussion,
lo782dg,t3_1fm18am,t3_1fm18am,NorthCarolina,rnantelle,1726923110,2024-09-21 12:51,1,Go to your county Board of Elections site. Most have the countywide map subdivisions.,helene,community_discussion,
lo7joyz,t3_1fm18am,t3_1fm18am,NorthCarolina,DeeElleEye,1726927596,2024-09-21 14:06,3,"Yes, the districts are gerrymandered. Do **not** let that stop you from voting for your preferred candidates on the **entire** ballot.",helene,community_discussion,
lo7mxbc,t3_1fm18am,t3_1fm18am,NorthCarolina,Randomousity,1726928726,2024-09-21 14:25,1,"NC, like DC and 47 other states, uses the winner-take-all (WTA) method of allocating electoral votes. Only Maine and Nebraska use the congressional district method (CDM), where each congressional district votes and assigns its one EV to the district winner, and then the remaining two EVs are assigned WTA to the statewide winner.

Are you asking about congressional district maps? General Assembly district maps? Because in NC, for the presidential contest, only the statewide total matters.",helene,community_discussion,
lo8k3ny,t3_1fm18am,t3_1fm18am,NorthCarolina,BoBromhal,1726939647,2024-09-21 17:27,3,"you can't gerrymander the presidential election or any statewide races ala Governor, AG, US Senate.",helene,community_discussion,
lo75rhi,t3_1fm1p8n,t3_1fm1p8n,NorthCarolina,Poisoning-The-Well,1726922121,2024-09-21 12:35,28,"Clayton Bigsby, the World’s Only Black White Supremacist 

[https://www.youtube.com/watch?v=BLNDqxrUUwQ](https://www.youtube.com/watch?v=BLNDqxrUUwQ)",helene,community_discussion,
lo7672r,t3_1fm1p8n,t3_1fm1p8n,NorthCarolina,TheMan123718,1726922313,2024-09-21 12:38,13,Okay this one’s actually funny 😂😂😂,helene,community_discussion,
lo77gzr,t3_1fm1p8n,t3_1fm1p8n,NorthCarolina,rnantelle,1726922861,2024-09-21 12:47,6,"Here’s a real one, in western NC:  H. K. Edgerton. Wikipedia has a write up on him.",helene,community_discussion,
lo79nsp,t3_1fm1p8n,t3_1fm1p8n,NorthCarolina,TurbulentMiddle2970,1726923758,2024-09-21 13:02,23, Clayton Bigsby and Uncle Ruckus combined = Mark Robinson,helene,community_discussion,
lo7c2f6,t3_1fm1p8n,t1_lo77gzr,NorthCarolina,Crow-T-Robot,1726924727,2024-09-21 13:18,6,"About 20 years ago I got roped into going to hear him speak at what turned out to be a sons of confederate veterans meeting. Dude is really unhinged, but it was strange seeing a room full of confed flag wearing rednecks and bikers give a standing ovation to a firey black guy.",helene,community_discussion,
lo7g9mk,t3_1fm1p8n,t1_lo79nsp,NorthCarolina,yemKeuchlyFarley,1726926352,2024-09-21 13:45,4,2 incredible shows,helene,community_discussion,
lo7n5zv,t3_1fm1p8n,t3_1fm1p8n,NorthCarolina,[deleted],1726928810,2024-09-21 14:26,1,[deleted],helene,community_discussion,
lo7n95v,t3_1fm1p8n,t1_lo79nsp,NorthCarolina,alucardunit1,1726928841,2024-09-21 14:27,5,Tbh he is more extreme than Ruckus.,helene,community_discussion,
lo7p8vr,t3_1fm1p8n,t3_1fm1p8n,NorthCarolina,[deleted],1726929513,2024-09-21 14:38,1,[removed],helene,community_discussion,
lo8ptep,t3_1fm1p8n,t3_1fm1p8n,NorthCarolina,NorthCarolina-ModTeam,1726941471,2024-09-21 17:57,1,"Your content was removed for being irrelevant. 

- Submissions must have a **substantive** connection to the state which extends beyond the title. 

- Comments must be related to the post. 

- Moderation feedback and questions are **only** allowable via modmail.
 
Please read our [on topic guide for more information](https://www.reddit.com/r/NorthCarolina/wiki/ontopicguide).",helene,community_discussion,
lo7ba1r,t3_1fm25tm,t3_1fm25tm,NorthCarolina,nevertfgNC,1726924412,2024-09-21 13:13,28,The village idiots,helene,community_discussion,
lo7cu3e,t3_1fm25tm,t3_1fm25tm,NorthCarolina,JackFleishman,1726925026,2024-09-21 13:23,108,Isn’t this the guy Jeff Jackson is running against?,helene,community_discussion,
lo7ezex,t3_1fm25tm,t1_lo7cu3e,NorthCarolina,Unreal_Alexander,1726925862,2024-09-21 13:37,96,Op is Jeff,helene,community_discussion,
lo7hlq6,t3_1fm25tm,t3_1fm25tm,NorthCarolina,zekerthedog,1726926849,2024-09-21 13:54,2,Jeff! What’s for breakfast this morning?,helene,community_discussion,
lo7idvv,t3_1fm25tm,t3_1fm25tm,NorthCarolina,Mr_1990s,1726927131,2024-09-21 13:58,34,Run that one on Wheel of Fortune.,helene,community_discussion,
lo7k9gp,t3_1fm25tm,t1_lo7cu3e,NorthCarolina,Necessary-Parking-14,1726927796,2024-09-21 14:09,133,"Dan “Bathroom Bill” Bishop. He and Mark Robinson share an obsession with other people’s genitalia.

Makes one wonder what skeletons are in his closet.",helene,community_discussion,
lo7n0pc,t3_1fm25tm,t3_1fm25tm,NorthCarolina,Many-Guess-5746,1726928760,2024-09-21 14:26,83,"Congressman Jeff Jackson, you are the man.",helene,community_discussion,
lo7pmgu,t3_1fm25tm,t3_1fm25tm,NorthCarolina,Lordnoallah,1726929639,2024-09-21 14:40,14,"""Pardon me while I commit political suicide.  Was that next question about cats and dogs?""  Good grief...What is the line in the sand that makes them go hmmmm maybe that's too far?",helene,community_discussion,
lo7r57a,t3_1fm25tm,t3_1fm25tm,NorthCarolina,rimshot101,1726930156,2024-09-21 14:49,47,I think that all of NC needs to read the stuff that CNN didn't publish.,helene,community_discussion,
lo7rhpe,t3_1fm25tm,t3_1fm25tm,NorthCarolina,Elunajewelry,1726930274,2024-09-21 14:51,22,"Jeff, I think that qualifies as a checkmate.",helene,community_discussion,
lo7sijs,t3_1fm25tm,t3_1fm25tm,NorthCarolina,ostensibly_hurt,1726930615,2024-09-21 14:56,9,"I went to school with Mr. Bishop’s son, he would find any reason to argue about politics lmao",helene,community_discussion,
lo7t2kn,t3_1fm25tm,t3_1fm25tm,NorthCarolina,JoeB-,1726930805,2024-09-21 15:00,14,"Brutal.

Looking forward to voting for you, Jeff.",helene,community_discussion,
lo7uaaf,t3_1fm25tm,t1_lo7r57a,NorthCarolina,lrpfftt,1726931210,2024-09-21 15:06,11,"Wasn't there more just pure porn than political/nazi leanings?

Is there a URL where it's all available?",helene,community_discussion,
lo8508g,t3_1fm25tm,t3_1fm25tm,NorthCarolina,scfin79,1726934771,2024-09-21 16:06,13,NC loves you Jeff Jackson!  You are the real deal!,helene,community_discussion,
lo892uf,t3_1fm25tm,t3_1fm25tm,NorthCarolina,Miss_Smokahontas,1726936118,2024-09-21 16:28,9,Get em Jeff,helene,community_discussion,
lo8931f,t3_1fm25tm,t1_lo7ezex,NorthCarolina,Aeneis,1726936120,2024-09-21 16:28,38,Jeff is OP!,helene,community_discussion,
lo8allq,t3_1fm25tm,t1_lo8931f,NorthCarolina,UsefulEngine1,1726936618,2024-09-21 16:36,27,OP Jeff is,helene,community_discussion,
lo8at38,t3_1fm25tm,t1_lo8allq,NorthCarolina,hey_you_yeah_me,1726936686,2024-09-21 16:38,21,Is Jeff OP?,helene,community_discussion,
lo8bj1o,t3_1fm25tm,t3_1fm25tm,NorthCarolina,TheDorkKnight53,1726936923,2024-09-21 16:42,7,They probably take their sheets to the same tailor.,helene,community_discussion,
lo8f22s,t3_1fm25tm,t1_lo7k9gp,NorthCarolina,_-Smoke-_,1726938051,2024-09-21 17:00,35,"Dan “Bathroom Bill that cost the state $3.76 billion, MCU appearances and other film work and so much more” Bishop.

It needs to be constantly screamed, these stupid anti-LGBT, anti-women and theatric bullshit laws affect ***EVERYONE***. It's literally setting yourself on fire and being happy someone else is burning faster.",helene,community_discussion,
lo8f2er,t3_1fm25tm,t1_lo8at38,NorthCarolina,thoughtfulpigeons,1726938054,2024-09-21 17:00,15,Jeff OP is,helene,community_discussion,
lo8faia,t3_1fm25tm,t1_lo7uaaf,NorthCarolina,thoughtfulpigeons,1726938125,2024-09-21 17:02,20,And cheating on his wife,helene,community_discussion,
lo8fmra,t3_1fm25tm,t1_lo8faia,NorthCarolina,lrpfftt,1726938236,2024-09-21 17:03,10,And proud of it too.,helene,community_discussion,
lo8i7a4,t3_1fm25tm,t3_1fm25tm,NorthCarolina,ravheim,1726939051,2024-09-21 17:17,10,"Please run this ad during Wheel of Fortune.
Please?",helene,community_discussion,
lo8k6ms,t3_1fm25tm,t1_lo8f2er,NorthCarolina,JeffJacksonNC,1726939675,2024-09-21 17:27,47,Hold on guys I'm OP,helene,community_discussion,
lo8ler5,t3_1fm25tm,t3_1fm25tm,NorthCarolina,2OneZebra,1726940068,2024-09-21 17:34,5,"Dan Bishop is an idiot, a con man and a fraud.  He will say anything to get elected.",helene,community_discussion,
lo8po13,t3_1fm25tm,t1_lo8fmra,NorthCarolina,skindarklikemytint,1726941421,2024-09-21 17:57,11,Slimy asshole is the wildest thing I’ve seen,helene,community_discussion,
lo8rarz,t3_1fm25tm,t1_lo8po13,NorthCarolina,lrpfftt,1726941978,2024-09-21 18:06,4,It might be fictional.  The guy is not right in the head.,helene,community_discussion,
lo8t0x4,t3_1fm25tm,t3_1fm25tm,NorthCarolina,tacobelle685,1726942549,2024-09-21 18:15,6,JEFF can you make this a TV ad!?!,helene,community_discussion,
lo8ykor,t3_1fm25tm,t3_1fm25tm,NorthCarolina,Scoopdoopdoop,1726944420,2024-09-21 18:47,5,Git em Jeff,helene,community_discussion,
lo91vd7,t3_1fm25tm,t3_1fm25tm,NorthCarolina,thrallmaster1,1726945575,2024-09-21 19:06,3,RIGHT TO WHEEL OF FORTUNE,helene,community_discussion,
lo92qxy,t3_1fm25tm,t1_lo8k6ms,NorthCarolina,bettername2come,1726945886,2024-09-21 19:11,12,I’m down with OP.,helene,community_discussion,
lo99jln,t3_1fm25tm,t1_lo92qxy,NorthCarolina,mamac2213,1726948267,2024-09-21 19:51,9,Me too!!,helene,community_discussion,
lo9i12d,t3_1fm25tm,t3_1fm25tm,NorthCarolina,Uncle_Checkers86,1726951129,2024-09-21 20:38,3,Birds of a feather flock together.,helene,community_discussion,
lo9qle6,t3_1fm25tm,t1_lo8k6ms,NorthCarolina,cccanterbury,1726954060,2024-09-21 21:27,6,Well played. You need to keep engaging like this when you get into office. It makes you cool.,helene,community_discussion,
lo9qq6s,t3_1fm25tm,t1_lo8rarz,NorthCarolina,cccanterbury,1726954108,2024-09-21 21:28,2,No way. You don't post on porn sites unless you BELIEVE that shit.,helene,community_discussion,
lo9qwky,t3_1fm25tm,t1_lo7r57a,NorthCarolina,cccanterbury,1726954172,2024-09-21 21:29,3,"he like peeing on the asshole and vagina of the girl he's fucking, and he likes it when a girl that's riding him lets loose with her pee all over him",helene,community_discussion,
loa3kmh,t3_1fm25tm,t1_lo7cu3e,NorthCarolina,culnaej,1726958867,2024-09-21 22:47,1,I believe that’s indeed why Jeff Jackson’s Reddit account posted this,helene,community_discussion,
loa3m8p,t3_1fm25tm,t1_lo8k6ms,NorthCarolina,culnaej,1726958884,2024-09-21 22:48,1,Then who is Jeff?!,helene,community_discussion,
loa8c9v,t3_1fm25tm,t1_lo8k6ms,NorthCarolina,Altruistic_Flower965,1726960718,2024-09-21 23:18,9,"You have this Republicans vote. The republicans could not have come up with a worse slate of candidates with a dart board, and a list of sex offenders.",helene,community_discussion,
loaixff,t3_1fm25tm,t1_lo9qq6s,NorthCarolina,Specific_Praline_362,1726964976,2024-09-22 00:29,2,"I think they're referring to the stories about sex with the sister, stories about ""watersports"" with the sister, stories about a threesome with the sister. A lot of that stuff read like some fantasy story someone would write anonymously on Reddit.",helene,community_discussion,
loaqfui,t3_1fm25tm,t3_1fm25tm,NorthCarolina,chemshua,1726968060,2024-09-22 01:21,5,Thank you Jeff. Keep doing incredible things. NC needs you,helene,community_discussion,
loas7vj,t3_1fm25tm,t3_1fm25tm,NorthCarolina,koliberry,1726968806,2024-09-22 01:33,-7,He will beat Jackson and Stein will beat Robinson and Trump will beat Harris.  NC will be exactly in the same place it is now.,helene,community_discussion,
locgexr,t3_1fm25tm,t3_1fm25tm,NorthCarolina,Secret_Elevator17,1727003520,2024-09-22 11:12,1,"So this was Dan Bishop's Response - I couldn't make it all the way through. When he talks about the Democratic party from 1896 like those aren't the people that became modren Republicans, I had to stop.  The comments are crazy though.  

""Dan Bishop Accuses NC Democrats Of 'Meticulously Timed And Coordinated Character Assassination'""

[https://www.youtube.com/watch?v=M5jgOLF0HGc](https://www.youtube.com/watch?v=M5jgOLF0HGc)",helene,community_discussion,
locijnk,t3_1fm25tm,t3_1fm25tm,NorthCarolina,Secret_Elevator17,1727004760,2024-09-22 11:32,1,"For anyone curious, here is the video that the footage came from - about 38:30 - To be clear that it is not AI generated.  Video was posted about 5 months ago.  
  
  [https://www.youtube.com/watch?v=CnXLnsKqfIA&t=255s](https://www.youtube.com/watch?v=CnXLnsKqfIA&t=255s)",helene,community_discussion,
lod7rgq,t3_1fm25tm,t1_lo7r57a,NorthCarolina,JoeStyles,1727015577,2024-09-22 14:32,2,"THIS!

""The piss thing is more common than most people think and many want to admit. I have a FB that loves to lay on her stomach, spread open her ass, and have me piss all over her asshole and pussy. The longer and hoter the stream the more she loves it. Sometimes she lies on her back and fingers herself and whem she's about to cum she wants me to piss a hard fast stream on her clit and up her asshole. Of course I love for her to piss on me as well. Watching her asshole flex in and out while she shoots her hot piss onto my chest get me rock hard every time. Another thing she does that might seem strange is that when we hang out she will sometimes ""wear"" her pussy juice like perfume. Meaning she will smear it behind her ears, on her neck, and on her wrist so every time I get near her I smell her delightful scent.""",helene,community_discussion,
lo7drrl,t3_1fm26d9,t3_1fm26d9,NorthCarolina,gniwlE,1726925389,2024-09-21 13:29,28,"Combination of things.

Most of this is a throwback to the 1960s and '70s. As a military town, there has always been a fringe of prostitution, strip clubs, pawn shops, and drunken troops out tearing it up (same with Jacksonville around Camp Lejeune). This is not as prevalent as it once was, but elements are still there. 

Adding to this, the area had a thriving textile industry, but when that crapped out (along with tobacco) Fayetteville and the surrounding areas (Cumberland, Hoke, Robeson counties, etc.) had an economic crash. Lots of poverty leads to lots of crime, drugs, etc. The actual town of Fayetteville has done OK (thanks in large part to the military), but you don't have to go far from the city to see some pretty depressed areas. 

As with most places, the reputation is largely hyperbolic.",helene,community_discussion,
lo7fwj7,t3_1fm26d9,t3_1fm26d9,NorthCarolina,VeryNormalGuy1861,1726926214,2024-09-21 13:43,1,The actual answer will get you banned from this sub/reddit,helene,community_discussion,
lo7p6q6,t3_1fm26d9,t1_lo7drrl,NorthCarolina,SW4506,1726929493,2024-09-21 14:38,3,"I had a work trip there.  An out of town colleague asked if I took him to a gay bar.  Nope, just all the soldiers out and about with all the problems that come with that.",helene,community_discussion,
lo7rqqo,t3_1fm26d9,t3_1fm26d9,NorthCarolina,pissmister,1726930356,2024-09-21 14:52,-3,"blacks and poors, same reason the white 40-something computer janitors who make up this site's userbase hate any given location",helene,community_discussion,
lo83dpu,t3_1fm26d9,t1_lo7rqqo,NorthCarolina,Individual_Eye4317,1726934230,2024-09-21 15:57,2,"But sir, you don’t want to pay 1 mil for a home in Asheville or Wilmington for the “culture?”  Lol, it has gotten ridiculous.  Im not sure if NC is getting this gentrified or if everyone on reddit is just a wannabe snobby “upper middle class” white person.",helene,community_discussion,
lo83fce,t3_1fm26d9,t1_lo7rqqo,NorthCarolina,rimshot101,1726934245,2024-09-21 15:57,8,"No, it's a base town and all base towns are kinda skeevy.",helene,community_discussion,
lo8gpih,t3_1fm26d9,t1_lo83dpu,NorthCarolina,pissmister,1726938586,2024-09-21 17:09,6,">Im not sure if NC is getting this gentrified or if everyone on reddit is just a wannabe snobby “upper middle class” white person.

six of one half dozen of the other",helene,community_discussion,
lo8nepd,t3_1fm26d9,t3_1fm26d9,NorthCarolina,FlyingDiscsandJams,1726940699,2024-09-21 17:44,0,"Fayetteville is a military town, and the demographics of the rank & file military have significantly changed over the last 40 years. The rednecks boys don't volunteer like they used to & the modern military is diverse and queer AF. So basically the gays have really done nice things with the place lately.",helene,community_discussion,
lo91c3s,t3_1fm26d9,t3_1fm26d9,NorthCarolina,dontKair,1726945385,2024-09-21 19:03,7,"Fayetteville’s downtown is one of the most improved areas of the city. Ft Bragg Rd area (Haymount) is nice too. There’s a couple of Cary-like neighborhoods scattered around the city. Fayetteville is so sprawled out (about as large as Raleigh in area), that your experience there will vary greatly depending on where you live.",helene,community_discussion,
lo928kz,t3_1fm26d9,t1_lo8nepd,NorthCarolina,TezHawk,1726945704,2024-09-21 19:08,1,That’s the dumbest shit I’ve heard in a long time.,helene,community_discussion,
lo9sa1h,t3_1fm26d9,t3_1fm26d9,NorthCarolina,Lindsey_NC,1726954663,2024-09-21 21:37,1,Because it is in real life.  I always have fun down there.  It has its bad parts & they're obvious. Just like anywhere else. 🤷‍♀️,helene,community_discussion,
loa8bmg,t3_1fm26d9,t3_1fm26d9,NorthCarolina,Western-Passage-1908,1726960711,2024-09-21 23:18,2,Now go look at Murchison boulevard or the skibo Walmart,helene,community_discussion,
loaudob,t3_1fm26d9,t3_1fm26d9,NorthCarolina,Early_Drummer_6134,1726969729,2024-09-22 01:48,0,They don’t call it fayettenam for nothing,helene,community_discussion,
locao43,t3_1fm26d9,t3_1fm26d9,NorthCarolina,NRM1109,1726999801,2024-09-22 10:10,1,Cause it’s half military town/half the hood,helene,community_discussion,
lo7924i,t3_1fm28fv,t3_1fm28fv,NorthCarolina,k12pcb,1726923517,2024-09-21 12:58,15,"American greatness ran the poll, this is like saying “Trump leads in newsmax poll”",helene,community_discussion,
lo7ekce,t3_1fm28fv,t3_1fm28fv,NorthCarolina,yemKeuchlyFarley,1726925695,2024-09-21 13:34,15,"Polling by a site whose mission is to be “the leading voice of the next generation of conservatism”. Founded after the 2016 election. So specifically, the voice of Trumpist conservatism.",helene,community_discussion,
lo7hcf4,t3_1fm28fv,t3_1fm28fv,NorthCarolina,Bob_Sconce,1726926756,2024-09-21 13:52,10,Meh.  He either is or is not ahead in NC.  Won't change how I vote.,helene,community_discussion,
lo7mgf1,t3_1fm28fv,t3_1fm28fv,NorthCarolina,Dr_StephenFalken,1726928564,2024-09-21 14:22,11,Is this the same OP that posted the bullshit about act blue - disinformation is a hell of a drug 😂,helene,community_discussion,
lo7vtku,t3_1fm28fv,t3_1fm28fv,NorthCarolina,rnantelle,1726931726,2024-09-21 15:15,7,"Something's amiss with this article. It states that JFK was wanting to be removed from the ballot. He's been dead since 1963.

Come on journos. Do your research without AI or CHAT GOT.",helene,community_discussion,
lo7qg9p,t3_1fm2f3q,t3_1fm2f3q,NorthCarolina,guiturtle-wood,1726929921,2024-09-21 14:45,7,"If he stays in the race it won't be until after he loses the election. Until then, he's their guy and ""he says what we're all thinking.""",helene,community_discussion,
lo7tynr,t3_1fm2f3q,t1_lo7qg9p,NorthCarolina,HauntingSentence6359,1726931102,2024-09-21 15:05,4,"A couple of thoughts: the ballots are already printed, so his name is still on the ballot; he can still drop out of the race, and NCGOP can name a replacement, but that person will have to be written in. This is a recipe for a complete disaster.",helene,community_discussion,
lo8dm30,t3_1fm2f3q,t3_1fm2f3q,NorthCarolina,RhamkatteWrangler,1726937591,2024-09-21 16:53,1,"Yeah ... I hate that our political conversation has gotten to a place where that is inevitable, but it has. And while it's definitely much worse on the right, you see this kind of thinking popping up more on the left lately too. (See the whole conspiracy theory that some progressive people were spreading in 2020 that the riot in Raleigh was really right wing agent saboteurs, when there were news crews on site filming til 2Am, surveillance cameras, and everyone has cameras on their smart phones now, and nothing showing that ever surfaced).

The ability of people to just say ""well how do we know anything is real"" and not feel like complete idiots is a huge problem, and I'm not sure how we will recover.",helene,community_discussion,
lo91yi3,t3_1fm2f3q,t3_1fm2f3q,NorthCarolina,vtk3b,1726945606,2024-09-21 19:06,5,"Admit it, you know it’s true.   It’s the only way democrats can win.  

/s  and /S just to be sure.",helene,community_discussion,
lo931vu,t3_1fm2f3q,t1_lo91yi3,NorthCarolina,HauntingSentence6359,1726945994,2024-09-21 19:13,3,"LOL, only cretins would use that excuse for Robinson making the GOP look bad, they don’t Robinson to do that.  He needs to become the poster child of the GOP.",helene,community_discussion,
lo93j06,t3_1fm2f3q,t1_lo8dm30,NorthCarolina,HauntingSentence6359,1726946164,2024-09-21 19:16,2,Alvin Toffler predicted the current state of affairs back in 1969.,helene,community_discussion,
lod96hq,t3_1fm2f3q,t3_1fm2f3q,NorthCarolina,RhamkatteWrangler,1727016083,2024-09-22 14:41,1,Good prediction https://www.nbcnews.com/politics/2024-election/jd-vance-says-allegations-mark-robinson-arent-necessarily-reality-rcna172122,helene,community_discussion,
lo7w1i8,t3_1fm2o96,t3_1fm2o96,NorthCarolina,Kind-City-2173,1726931801,2024-09-21 15:16,49,Please don’t come here,helene,community_discussion,
lo7ybtz,t3_1fm2o96,t3_1fm2o96,NorthCarolina,omniuni,1726932554,2024-09-21 15:29,128,I hope he goes off script and praises Robinson anyway. Just to really rub it in.,helene,community_discussion,
lo814ge,t3_1fm2o96,t3_1fm2o96,NorthCarolina,PaperPasserby,1726933484,2024-09-21 15:44,-70,Good! We can't wait to host.,helene,community_discussion,
lo8624e,t3_1fm2o96,t1_lo7w1i8,NorthCarolina,Just_Candle_315,1726935119,2024-09-21 16:11,64,They love him in Johnston County. That's right in this timeline the pig farm capital of the world loves a Manhattan slum lord elitist amd wants to kake him their king.,helene,community_discussion,
lo86n1o,t3_1fm2o96,t3_1fm2o96,NorthCarolina,lrpfftt,1726935315,2024-09-21 16:15,68,Robinson should show up anyway.  Trump would love seeing his guy prove his strength.,helene,community_discussion,
lo8ahlb,t3_1fm2o96,t1_lo8624e,NorthCarolina,Kind-City-2173,1726936582,2024-09-21 16:36,8,Good for them. I suspect they just vote republican no matter what. I have no problem with that but I think everyone should look more closely at policies rather than personalities,helene,community_discussion,
lo8ap5v,t3_1fm2o96,t1_lo814ge,NorthCarolina,NoG00dUsernamesLeft,1726936650,2024-09-21 16:37,36,Ew,helene,community_discussion,
lo8ax6x,t3_1fm2o96,t1_lo8ap5v,NorthCarolina,PaperPasserby,1726936723,2024-09-21 16:38,1,Rent free,helene,community_discussion,
lo8b06u,t3_1fm2o96,t1_lo8ap5v,NorthCarolina,PaperPasserby,1726936751,2024-09-21 16:39,-57,Doing it for you ❤️,helene,community_discussion,
lo8b5jx,t3_1fm2o96,t1_lo8b06u,NorthCarolina,NoG00dUsernamesLeft,1726936798,2024-09-21 16:39,34,"Why did you remove your ""rent free"" comment? This post is about trump. You praised him. Ew.",helene,community_discussion,
lo8b7cz,t3_1fm2o96,t1_lo7ybtz,NorthCarolina,captain_intenso,1726936816,2024-09-21 16:40,11,DO NOT PRAISE ROBINSON,helene,community_discussion,
lo8bql4,t3_1fm2o96,t1_lo8b5jx,NorthCarolina,PaperPasserby,1726936991,2024-09-21 16:43,-45,Cause I wanted to post something else. Stay pressed about freedom of speech!,helene,community_discussion,
lo8m9pe,t3_1fm2o96,t1_lo8624e,NorthCarolina,Pokem0m,1726940338,2024-09-21 17:38,26,"If it’s any consolation, I’m in JoCo and I hate him",helene,community_discussion,
lo8mllq,t3_1fm2o96,t1_lo8624e,NorthCarolina,Rooster_CPA,1726940443,2024-09-21 17:40,8,I went to high school in Joco and lived next to a hog farm. Holy fuck the smells and screams of them thangs.,helene,community_discussion,
lo8ok1l,t3_1fm2o96,t1_lo8b7cz,NorthCarolina,Ohnoherewego13,1726941063,2024-09-21 17:51,8,"Ah, the good ol' reverse psychology.",helene,community_discussion,
lo8qwa0,t3_1fm2o96,t3_1fm2o96,NorthCarolina,HashRunner,1726941840,2024-09-21 18:04,20,"The NC embodiment of trump gets sidelined for a scandal that wouldn't even make the news for trump himself since he's already a known rapist/fraud/traitor.

The gop and republicans are absolutely shameless.",helene,community_discussion,
lo8s6ni,t3_1fm2o96,t1_lo7ybtz,NorthCarolina,thefrankyg,1726942267,2024-09-21 18:11,24,Oh I am sure he is going to bring it up and be like he isn't that bad.,helene,community_discussion,
lo8sano,t3_1fm2o96,t3_1fm2o96,NorthCarolina,qsnoodles,1726942305,2024-09-21 18:11,1,"Too bad. Robinson could’ve licked Trumps asshole and rubbed the hole with his dick and then peed in the asshole and sniffed all that pissy, creamy goodness and then rubbed his face in it because that crack is like crack.",helene,community_discussion,
lo8svt4,t3_1fm2o96,t1_lo8m9pe,NorthCarolina,Normal512,1726942502,2024-09-21 18:15,16,"There are dozens of us!

Hopefully enough to get the sane school board members in.",helene,community_discussion,
lo8tjy9,t3_1fm2o96,t1_lo8s6ni,NorthCarolina,DWagon77,1726942728,2024-09-21 18:18,21,No he will say I never met the guy.,helene,community_discussion,
lo8tsgq,t3_1fm2o96,t3_1fm2o96,NorthCarolina,hopeless-hobo,1726942805,2024-09-21 18:20,1,What if he didn’t leave NC,helene,community_discussion,
lo8uv37,t3_1fm2o96,t1_lo8ahlb,NorthCarolina,L_Brady,1726943152,2024-09-21 18:25,8,"IMO it’s not a matter of “personalities;” it’s a matter of *character.* I remember during the 00s - 12s elections, there was a question of “would I have a beer with him?” To me, *that* is a personality matter, and yes, in that case, policy is much more important.

But the non-policy criticisms of Trump are much more substantive than that, and I don’t think it’s really possible to parse out and extricate and compartmentalize a person’s policies as separate from their fundamental character.",helene,community_discussion,
lo8x5qz,t3_1fm2o96,t1_lo86n1o,NorthCarolina,Dangerous-Rice44,1726943934,2024-09-21 18:38,23,He actually suggested Biden should have done that at the Democratic convention and seize the nomination. It’s like Trump’s thought process is a WWE script,helene,community_discussion,
lo8xj0q,t3_1fm2o96,t1_lo8bql4,NorthCarolina,[deleted],1726944062,2024-09-21 18:41,1,[removed],helene,community_discussion,
lo8yfxd,t3_1fm2o96,t1_lo8bql4,NorthCarolina,ZorroMcChucknorris,1726944375,2024-09-21 18:46,21, Nobody is treading on you sweetie.,helene,community_discussion,
lo91pp5,t3_1fm2o96,t1_lo8624e,NorthCarolina,mtstrings,1726945520,2024-09-21 19:05,2,Isnt it amazing.,helene,community_discussion,
lo95f81,t3_1fm2o96,t1_lo8uv37,NorthCarolina,wahoozerman,1726946832,2024-09-21 19:27,2,"Exactly. A person can have a shitty personality and still be an effective policy maker.

If a person's character is lacking, they *are incapable* of enacting effective policy. Even if they bring forth policy proposals that are good, they will be unable to enact them without them becoming twisted by greed, manipulation, threats, or whatever other weaknesses the individual's character flaws subject them to.

On top of that, a person's character is likely to dictate a lot of their policy anyway. So a person with bad character promoting good policy is *probably a liar.*",helene,community_discussion,
lo96025,t3_1fm2o96,t1_lo8bql4,NorthCarolina,Delanium,1726947040,2024-09-21 19:30,18,It's your free speech to praise Trump. It's our free speech to tell you that you're gross.,helene,community_discussion,
lo98p3f,t3_1fm2o96,t3_1fm2o96,NorthCarolina,DalenSpeaks,1726947976,2024-09-21 19:46,11,What if… he takes Robinson home with him?!?  Can we request that?,helene,community_discussion,
lo9auzw,t3_1fm2o96,t1_lo8b5jx,NorthCarolina,carrie_m730,1726948721,2024-09-21 19:58,7,"Reddit should add edit history. At least after someone actually replies to the original comment. I cannot believe the number of people I run into who are changing their comments, not to fix or correct an error but the the degree that it actually entirely changes context, after they get a reply.",helene,community_discussion,
lo9bh8b,t3_1fm2o96,t3_1fm2o96,NorthCarolina,carbonite_dating,1726948933,2024-09-21 20:02,19,"Hold up, if everything was AI generated, why is Robinson not invited?",helene,community_discussion,
lo9bumk,t3_1fm2o96,t1_lo9bh8b,NorthCarolina,BobbyLucero,1726949062,2024-09-21 20:04,9,🤔,helene,community_discussion,
lo9f01p,t3_1fm2o96,t3_1fm2o96,NorthCarolina,BIackfjsh,1726950117,2024-09-21 20:21,28,">Trump returns to North Carolina 

Ruined my day",helene,community_discussion,
lo9kua9,t3_1fm2o96,t1_lo8624e,NorthCarolina,amltecrec,1726952067,2024-09-21 20:54,-1,Hell yes we do!,helene,community_discussion,
lo9ldod,t3_1fm2o96,t1_lo9bh8b,NorthCarolina,amltecrec,1726952247,2024-09-21 20:57,4,"I mean, logically, you'd want to distance regardless. Even if it later turned out to be AI, there would still be doubt in some people's minds, and refusal to believe it in others' mind. It isn't worth the chance.",helene,community_discussion,
loavkic,t3_1fm2o96,t3_1fm2o96,NorthCarolina,PaperPasserby,1726970234,2024-09-22 01:57,0,"u/ZorroMcChucknorris Not my motto, but it checks out that you'd assume. It's only in your nature to be so contradictory. 🤗",helene,community_discussion,
locttxq,t3_1fm2o96,t3_1fm2o96,NorthCarolina,porcubot,1727010262,2024-09-22 13:04,1,"The rapist thinks the black nazi porn freak is too toxic for his campaign


What a fucking timeline",helene,community_discussion,
lofum92,t3_1fm2o96,t1_lo98p3f,NorthCarolina,nevertfgNC,1727045364,2024-09-22 22:49,2,He does want to return to slavery,helene,community_discussion,
lo7h19x,t3_1fm3ara,t3_1fm3ara,NorthCarolina,Disastrous_Appeal_24,1726926641,2024-09-21 13:50,11,I’m surprised the law against considering climate change in public planning didn’t stop this.,helene,community_discussion,
lo7j102,t3_1fm3ara,t3_1fm3ara,NorthCarolina,WashuOtaku,1726927360,2024-09-21 14:02,3,"Who would pay to move them OP? 

The reason the ocean is taking the homes is because it is the cheapest option available.",helene,community_discussion,
lo7jbkf,t3_1fm3ara,t3_1fm3ara,NorthCarolina,JayHill74,1726927465,2024-09-21 14:04,31,"This is probably going to sound cold, but here goes.

The lighthouse is state property, not private property like these houses. It's not the same situation. Most of these houses are second, third, or fourth homes that are rental properties or something the owner only uses one or two weeks out of the year. If they want to keep their investment, they can pay to have them moved. The state should be charging the owners of these houses for the cleanup that happens after the houses collapse too. These people took the risk because they wanted a house on the water. Well, this is one of the risks, especially with rising tides and the hurricanes. Everyone else shouldn't have to pay for the house owner's mistake.",helene,community_discussion,
lo7jp8k,t3_1fm3ara,t1_lo7j102,NorthCarolina,HaroldBaws,1726927599,2024-09-21 14:06,5,The owners? They should be sued for the cleanup efforts.,helene,community_discussion,
lo7k3ab,t3_1fm3ara,t1_lo7h19x,NorthCarolina,WashuOtaku,1726927736,2024-09-21 14:08,-5,"Those buildings were built 40+ years ago, before climate change was a thing.",helene,community_discussion,
lo7kczm,t3_1fm3ara,t1_lo7jp8k,NorthCarolina,WashuOtaku,1726927832,2024-09-21 14:10,-5,Good luck with that.,helene,community_discussion,
lo7lt81,t3_1fm3ara,t3_1fm3ara,NorthCarolina,brometheus3,1726928343,2024-09-21 14:19,1,This what the state GOP wanted. They’ve outlawed being able to even explore options to combat this using government funds and just want the general public to suffer the consequences of these owners crying broke about destroying their homes or remediating the situation in any way. I wish the federal government would step in since this assuredly affects Cape Hatteras National Seashore but there’s probably some machinations behind the scenes that make that impossible.,helene,community_discussion,
lo7m470,t3_1fm3ara,t3_1fm3ara,NorthCarolina,obxmichael,1726928448,2024-09-21 14:20,4,"The houses can be moved and really boils down to how much money the owners have. The owners have to purchase a plot of sand south of the jug handle bridge, plus pay the cost to move the house could be as much as the value of the house.  
As for climate change, the cause for the erosion is the shifting sands, which occurred long before the Europeans arrived in the 16th century.   Bodie, Hatteras,  and Ocracoke Islands are elevated parts of  Diamond Shoals.",helene,community_discussion,
lo7mdov,t3_1fm3ara,t1_lo7h19x,NorthCarolina,Forkboy2,1726928539,2024-09-21 14:22,2,This has nothing to do with climate change.  Beaches move over time.  Always have and always will.,helene,community_discussion,
lo7ob75,t3_1fm3ara,t1_lo7lt81,NorthCarolina,obxmichael,1726929194,2024-09-21 14:33,3,"The Democrats have run North Carolina policies longer than the GOP.  This is not a new issue.  There is a government fund to purchase these houses, but must be funded by DC and not Raleigh.  I believe 4 houses were purchased in 2023 and  demolished.",helene,community_discussion,
lo7otvt,t3_1fm3ara,t1_lo7kczm,NorthCarolina,HaroldBaws,1726929373,2024-09-21 14:36,2,"That’s your response? 

Who should be responsible?
The owners. 
Yeah, no.",helene,community_discussion,
lo7pb0q,t3_1fm3ara,t1_lo7k3ab,NorthCarolina,JayHill74,1726929533,2024-09-21 14:38,2,Climate change has always been a thing. That's why there's been ice ages.,helene,community_discussion,
lo7qa8x,t3_1fm3ara,t1_lo7jbkf,NorthCarolina,obxmichael,1726929864,2024-09-21 14:44,3,"It's not cold, but fact.  However,  40 years ago, there were sand dunes between the houses and the ocean.  I am sure some people were looking at moving their houses, but the ocean won first.",helene,community_discussion,
lo7qib7,t3_1fm3ara,t1_lo7pb0q,NorthCarolina,BeyondDoggyHorror,1726929940,2024-09-21 14:45,5,"Before climate change was a considerable political or otherwise broadly known and understood topic

You knew what they meant",helene,community_discussion,
lo7qrzn,t3_1fm3ara,t1_lo7ob75,NorthCarolina,brometheus3,1726930033,2024-09-21 14:47,0,"It was a Republican led legislature that introduced and passed the law (HB 819) outlawing climate change research. In fact it was OBX rep Pat McElraft who drafted it. I guess Bev Perdue could have vetoed it in 2012 but she’d already had her vetoes overridden numerous times that year. So uh, no",helene,community_discussion,
lo7sn5o,t3_1fm3ara,t1_lo7qa8x,NorthCarolina,JayHill74,1726930659,2024-09-21 14:57,8,"The outer banks are nothing but a large, shifting sand bar and should have never have been built on. That said, people are people and built there anyway. Now, it's time to pay the piper.",helene,community_discussion,
lo7tll0,t3_1fm3ara,t1_lo7mdov,NorthCarolina,Sickhadas,1726930980,2024-09-21 15:03,2,It doesn't have nothing to do with climate change: climate change and erosion of coastlines is Dutch and Dillon clasping hands.  There is more water so erosion is accelerated.,helene,community_discussion,
lo7ubxp,t3_1fm3ara,t1_lo7sn5o,NorthCarolina,obxmichael,1726931227,2024-09-21 15:07,5,Agree. That's why the native tribes placed their villages on the soundside.,helene,community_discussion,
lo7vhf5,t3_1fm3ara,t1_lo7jbkf,NorthCarolina,Kriegerian,1726931614,2024-09-21 15:13,3,"Sounds fine to me. The lighthouse served a public function when it was built (maritime navigation) and still does (tourism generating money for the state, and also all those businesses around it). Those houses are most likely AirBnB money farms or rental/retirement properties for rich people.

Anyone with two brain cells to rub together should know how risky it is to have a beachfront house in North Carolina and the rest of us should not be having to pay bailouts for some rich fuck with six beach houses crying for our money when a hurricane wipes them all out.",helene,community_discussion,hurricane
lo7vncp,t3_1fm3ara,t1_lo7ob75,NorthCarolina,brometheus3,1726931669,2024-09-21 15:14,0,"Since 2011 it has been a Republican dominated legislature. In the intervening 13 years they have passed numerous pieces of legislation outlawing state funds for climate research or to combat sea level rise, directly applicable to this issue. How is this a it’s both sides issue or the fault of the democrats? In fact Dare County rep Patrica McElraft is responsible for HB 819 saying the state must ignore sea level rise research in 2011 and other pieces of legislation that have either hamstrung local governments from combating this or fought against making centralized resources available. Yes the federal government has a program but this is also a state issue. Additionally the issues of climate change have become much bigger during the time of GOP
control of the legislature. I again ask how, despite this being a not new issue, this is not the fault of the state GOP.",helene,community_discussion,
lo7x8fi,t3_1fm3ara,t1_lo7otvt,NorthCarolina,WashuOtaku,1726932193,2024-09-21 15:23,0,"It is my response because this is not the first time and at no time do we hear stories of the property owners being sued or at fault or whatever. If they are at fault, we would hear stories of them being sued long ago. The fact that does not happen suggest it is a lot more complicated.",helene,community_discussion,
lo7xors,t3_1fm3ara,t1_lo7pb0q,NorthCarolina,WashuOtaku,1726932343,2024-09-21 15:25,1,"Before climate change it was *global warming*, before that was *global cooling* and before that it was not a thing. Yes, it has always existed, but I believe you understood what I meant.",helene,community_discussion,
lo7xrxu,t3_1fm3ara,t1_lo7vncp,NorthCarolina,fatBeavis,1726932372,2024-09-21 15:26,3,"This is more of a sand moving around from ocean currents, waves, and inlet location/flow construction than it is a climate change issue.",helene,community_discussion,
lo7yc2x,t3_1fm3ara,t1_lo7xrxu,NorthCarolina,brometheus3,1726932557,2024-09-21 15:29,0,The environment exists yes but not having an organized response is a governmental choice. You’re reducing this argument as if we’re powerless to make people move these houses or destroy them prior to them polluting the ocean.,helene,community_discussion,
lo7yhl6,t3_1fm3ara,t1_lo7mdov,NorthCarolina,chucka_nc,1726932608,2024-09-21 15:30,2,Correct that barrier islands will drift over time. Going a bit too far to say the current rate of erosion has nothing to do with climate change.,helene,community_discussion,
lo7zml7,t3_1fm3ara,t1_lo7xors,NorthCarolina,brometheus3,1726932989,2024-09-21 15:36,-1,"“Oh but actually they used to call this that so you’re all wrong cause I’m the smartest one in the room” 

They update terminology for things. Climate change is more encompassing. You understood what they meant.",helene,community_discussion,
lo84lx8,t3_1fm3ara,t1_lo7zml7,NorthCarolina,WashuOtaku,1726934637,2024-09-21 16:03,2,"Whatever, OP already deleted his/her post.",helene,community_discussion,
lo871ws,t3_1fm3ara,t1_lo7yc2x,NorthCarolina,fatBeavis,1726935453,2024-09-21 16:17,1,Somebody has to pay for it. So fine the homeowner that is about to lose their home or charge the taxpayer? Both options are pretty fkd. If anything an immediate halt of building anything oceanside should be implemented. The fact they are still building these giant vertical hotels up and down the beach is insane. Almost all of them are owned by nonresidents... My previous comment was just stating that climate change or not these homes are going to end up in Davey Jones's locker,helene,community_discussion,
lo8e7bu,t3_1fm3ara,t1_lo7yc2x,NorthCarolina,obxmichael,1726937780,2024-09-21 16:56,1,"Hurricanes and nor'easters have been shaping and reshaping the Outer Banks before recorded history.   All the barrier islands along the Atlantic coast are part of shoals offshore. The Diamond Shoals are the most mobile due to the meeting of the Labrador and Gulf streams.   If you read the history of the Outer Banks,  you will read of inlets being opened and closed by storms, including Isabel. I would argue that the only reason hurricanes and tornadoes seem more intense is due to the development of better measurement tools to give meteorologists a better understanding of the behavior of these storms.",helene,community_discussion,
lo9272g,t3_1fm3ara,t1_lo7yhl6,NorthCarolina,Forkboy2,1726945689,2024-09-21 19:08,2,"Ok, has 1% to do with climate change and 99% caused by processes that have nothing to do with climate change.",helene,community_discussion,
lo7rc5t,t3_1fm48ue,t3_1fm48ue,NorthCarolina,RhamkatteWrangler,1726930222,2024-09-21 14:50,1,It would have been great if CNN posted them all instead of just telling us about them and then forcing us to rely on blogs/Twitter ppl.,helene,community_discussion,
lo876yk,t3_1fm49re,t3_1fm49re,NorthCarolina,NIN10DOXD,1726935500,2024-09-21 16:18,55,Nude Africa really values Mark's patronage.,helene,community_discussion,
lo8b77m,t3_1fm49re,t1_lo876yk,NorthCarolina,chronoswing,1726936814,2024-09-21 16:40,36,"He could have deleted them himself. The account is still there, just no posts.",helene,community_discussion,
lo8cpo4,t3_1fm49re,t3_1fm49re,NorthCarolina,_bibliofille,1726937305,2024-09-21 16:48,44,But I thought they were fake 🙄,helene,community_discussion,
lo8ge2l,t3_1fm49re,t1_lo8b77m,NorthCarolina,lrpfftt,1726938485,2024-09-21 17:08,1,Wonder if he saved a copy just for old time sake.,helene,community_discussion,
lo8ve1l,t3_1fm49re,t1_lo876yk,NorthCarolina,jermysteensydikpix,1726943330,2024-09-21 18:28,32,The last week was probably 90% of their web traffic for the last five years.,helene,community_discussion,
lo94tki,t3_1fm49re,t1_lo8cpo4,NorthCarolina,melinisar,1726946619,2024-09-21 19:23,20,I have an arena in Raleigh for sale for anyone that believes that,helene,community_discussion,
lo951yn,t3_1fm49re,t3_1fm49re,NorthCarolina,Dgp68824402,1726946701,2024-09-21 19:25,15,It will be very easy to trace who deleted them.,helene,community_discussion,
lo985uw,t3_1fm49re,t3_1fm49re,NorthCarolina,planetarial,1726947792,2024-09-21 19:43,10,"Too bad for them, once someone makes a backup or screenshot it stays up.

Should have been smart and not put up any information that could link back to his real identity",helene,community_discussion,
lo999km,t3_1fm49re,t1_lo985uw,NorthCarolina,Politicsboringagain,1726948171,2024-09-21 19:49,11,"Right, CNN saved those web pages before they released the story. ",helene,community_discussion,
lo9is3o,t3_1fm49re,t1_lo8cpo4,NorthCarolina,gphjr14,1726951373,2024-09-21 20:42,11,Obviously they were AI that's why they had to be removed from the official site or something idk...,helene,community_discussion,
lo9k1ki,t3_1fm49re,t1_lo8cpo4,NorthCarolina,qaf0v4vc0lj6,1726951795,2024-09-21 20:49,3,It's very possible Nude Africa deleted them.,helene,community_discussion,
loa03wg,t3_1fm49re,t1_lo951yn,NorthCarolina,cccanterbury,1726957572,2024-09-21 22:26,2,"You think it was his account, or maybe he got the site admins to do it somehow?",helene,community_discussion,
loa0djq,t3_1fm49re,t1_lo985uw,NorthCarolina,cccanterbury,1726957676,2024-09-21 22:27,6,"or scrubbed it before he idk, ran for public office",helene,community_discussion,
loakxw3,t3_1fm49re,t1_lo985uw,NorthCarolina,CrisisActor911,1726965796,2024-09-22 00:43,1,Do we have a full backup?,helene,community_discussion,
lob19vo,t3_1fm49re,t3_1fm49re,NorthCarolina,jgjgleason,1726972689,2024-09-22 02:38,14,"Imma say this to all the independent thinkers who buy the line that this is fake. 

If it were fake, Mark Robinson would be able to sue the ever loving fuck out of CNN. He knew this story has been on the way since Tuesday. You could easily find a lawyer willing to take on a defamation case in a day. Why hasn’t he sued CNN if it really is fake??",helene,community_discussion,
lobyhph,t3_1fm49re,t1_loa03wg,NorthCarolina,BBQsandw1ch,1726991359,2024-09-22 07:49,3,It was tied to an old personal email. He used the same screen name lmao,helene,community_discussion,
lobymii,t3_1fm49re,t1_loakxw3,NorthCarolina,BBQsandw1ch,1726991450,2024-09-22 07:50,2,There's always the wayback machine and other internet archive services. ,helene,community_discussion,
locli3h,t3_1fm49re,t3_1fm49re,NorthCarolina,stonedoubt,1727006341,2024-09-22 11:59,1,It literally took stupid to be fake and this dude has mad stupid boomer energy.,helene,community_discussion,
loctuis,t3_1fm49re,t1_lo94tki,NorthCarolina,gigglefarting,1727010269,2024-09-22 13:04,2,Dorton or PNC?,helene,community_discussion,
lod8b98,t3_1fm49re,t3_1fm49re,NorthCarolina,JoeStyles,1727015773,2024-09-22 14:36,2,"Saved one for you

The piss thing is more common than most people think and many want to admit. I have a FB that loves to lay on her stomach, spread open her ass, and have me piss all over her asshole and pussy. The longer and hoter the stream the more she loves it. Sometimes she lies on her back and fingers herself and whem she's about to cum she wants me to piss a hard fast stream on her clit and up her asshole. Of course I love for her to piss on me as well. Watching her asshole flex in and out while she shoots her hot piss onto my chest get me rock hard every time. Another thing she does that might seem strange is that when we hang out she will sometimes ""wear"" her pussy juice like perfume. Meaning she will smear it behind her ears, on her neck, and on her wrist so every time I get near her I smell her delightful scent.",helene,community_discussion,
lodus3m,t3_1fm49re,t1_lod8b98,NorthCarolina,jeetah,1727022986,2024-09-22 16:36,1,"I wonder what the dinner conversation was in the Robinson household, the day this all came out",helene,community_discussion,
lo7yhxy,t3_1fm4plb,t3_1fm4plb,NorthCarolina,btbam666,1726932611,2024-09-21 15:30,22,"MAGA: ""It's all fake; he didn't do it, even if he did, so what""?",helene,community_discussion,
lo8lx9v,t3_1fm4plb,t3_1fm4plb,NorthCarolina,Youngworker160,1726940231,2024-09-21 17:37,13,"have you guys heard his defense, it was AI. AI, 10+ years before he ever became a relevant 'politician' and 4-5 years before it became widely available.",helene,community_discussion,
lo8u083,t3_1fm4plb,t1_lo7yhxy,NorthCarolina,Majestic-Macaron6019,1726942876,2024-09-21 18:21,10,"The Narcissist's Prayer

That didn't happen.
And if it did, it wasn't that bad.
And if it was, that's not a big deal.
And if it is, that's not my fault.
And if it was, I didn't mean it.
And if I did, you deserved it.",helene,community_discussion,
loakr2n,t3_1fm4plb,t3_1fm4plb,NorthCarolina,CrisisActor911,1726965719,2024-09-22 00:41,5,Please tell me his full posting history has been meticulously archived for the historical record.,helene,community_discussion,
loburyg,t3_1fm4plb,t1_lo7yhxy,NorthCarolina,Repulsive_Stand897,1726988844,2024-09-22 07:07,-8,"But honestly so what? Who cares? It’s childish, the democrats know they have 0 chance so they’re going to defame and try to ruin every single republican. In hopes to gain votes. That’s the only reason all this shit is coming out. 

They have to go so low to grab a comment they made on a porn site 20 years ago, literally who gives a fuck? It’s not relevant.",helene,community_discussion,
loc1z2i,t3_1fm4plb,t1_loburyg,NorthCarolina,DigitalAtrament,1726993758,2024-09-22 08:29,5,So you're a literal Nazi sympathiser.,helene,community_discussion,
loc24w3,t3_1fm4plb,t1_loc1z2i,NorthCarolina,[deleted],1726993869,2024-09-22 08:31,0,[removed],helene,community_discussion,
locrl7m,t3_1fm4plb,t1_loburyg,NorthCarolina,Kradget,1727009279,2024-09-22 12:47,2,"Part of how they confirmed this was that they had so many comments they could cross reference things like ""unusual phrases used many times."" 


He's not a man with a lot of creativity, ol' Mark. The most he managed were some ""Dear Penthouse"" reject stories about piss play.



So, not ""a"" comment. A large, large number of them. The most sensational of which were sexual, but many of which were just disqualifying bigotry.",helene,community_discussion,
locu797,t3_1fm4plb,t1_loburyg,NorthCarolina,btbam666,1727010422,2024-09-22 13:07,2,"Damn, you checked off every box from what I said.",helene,community_discussion,
lo7uskl,t3_1fm4umm,t3_1fm4umm,NorthCarolina,forever_a10ne,1726931381,2024-09-21 15:09,24,"> Dooley chute

🤮",helene,community_discussion,
lo7uw9z,t3_1fm4umm,t1_lo7uskl,NorthCarolina,Key-Effort963,1726931416,2024-09-21 15:10,5,🤣🤣🤣,helene,community_discussion,
lo7wlif,t3_1fm4umm,t3_1fm4umm,NorthCarolina,S_thescientist,1726931985,2024-09-21 15:19,4,Brother!,helene,community_discussion,
lo7xbij,t3_1fm4umm,t1_lo7uskl,NorthCarolina,Musashi_Joe,1726932221,2024-09-21 15:23,7,"In what universe is that EVER hot, sexy talk?",helene,community_discussion,
lo7xmo8,t3_1fm4umm,t3_1fm4umm,NorthCarolina,Musashi_Joe,1726932324,2024-09-21 15:25,83,"If he were just a private citizen I wouldn’t give a crap. But when you run on a platform of Christian nationalism, anti-abortion, and anti-trans, anti-gay rhetoric and want the government in everyone’s private business, then yeah, I care. Fuck that weirdo.",helene,community_discussion,
lo7xye0,t3_1fm4umm,t1_lo7xmo8,NorthCarolina,Secret_Elevator17,1726932431,2024-09-21 15:27,22,Also he said he wants to bring slavery back and he would probably own a few.,helene,community_discussion,
lo7y4gi,t3_1fm4umm,t3_1fm4umm,NorthCarolina,CaryTriviaDude,1726932487,2024-09-21 15:28,22,Republicans be like: Yep that's a good christian man if i've ever seen one!,helene,community_discussion,
lo7ymyg,t3_1fm4umm,t3_1fm4umm,NorthCarolina,Bob_Sconce,1726932656,2024-09-21 15:30,16,"I don't have any problems ""kink shaming"" if that what the kids are calling it nowadays.  He's a liar and  a pervert who cheats on his wife.  And he's a hypocrite on top of all that.",helene,community_discussion,
lo7zdvb,t3_1fm4umm,t3_1fm4umm,NorthCarolina,scienceismygod,1726932909,2024-09-21 15:35,8,"Ugh, we're never living this down. Cawthorn was bad enough but this... This is just too much. He's been our Lt. Governor for three years. Where was this in his last race?",helene,community_discussion,
lo7ze4v,t3_1fm4umm,t3_1fm4umm,NorthCarolina,BarfHurricane,1726932911,2024-09-21 15:35,5,How dare this son of a bitch disgrace the WCW title like that,helene,community_discussion,
lo81gap,t3_1fm4umm,t3_1fm4umm,NorthCarolina,Charming-Tap-1332,1726933590,2024-09-21 15:46,7,The EVANGELICALS absolutely love this guy and everything he speaks about...,helene,community_discussion,
lo82rxf,t3_1fm4umm,t3_1fm4umm,NorthCarolina,PM_ME_GOODDOGS,1726934030,2024-09-21 15:53,4,I mean you don’t need to even talk about kink shaming and instead post one of the many hundreds of MASSIVELY RACIST posts he made instead. Tired of hearing about lewd posts on porn website instead of nonstop barrage of hyper racist bullshit over a number of years ,helene,community_discussion,
lo83shm,t3_1fm4umm,t1_lo82rxf,NorthCarolina,anderhole,1726934365,2024-09-21 15:59,6,It's about the hypocrisy dude.,helene,community_discussion,
lo840v9,t3_1fm4umm,t1_lo83shm,NorthCarolina,PM_ME_GOODDOGS,1726934443,2024-09-21 16:00,2,Definitely. ,helene,community_discussion,
lo84zcr,t3_1fm4umm,t3_1fm4umm,NorthCarolina,wtfbenlol,1726934763,2024-09-21 16:06,11,Yes one new pair of eyes please,helene,community_discussion,
lo879lk,t3_1fm4umm,t3_1fm4umm,NorthCarolina,SaltyTeam,1726935524,2024-09-21 16:18,2,"I just don't think the human body works like what he is describing.

r/badwomensanatomy",helene,community_discussion,
lo88k91,t3_1fm4umm,t1_lo81gap,NorthCarolina,middlingachiever,1726935949,2024-09-21 16:25,1,"Hot diddly, I’m sure they do!",helene,community_discussion,
lo88m47,t3_1fm4umm,t3_1fm4umm,NorthCarolina,[deleted],1726935966,2024-09-21 16:26,1,[removed],helene,community_discussion,
lo88sya,t3_1fm4umm,t1_lo879lk,NorthCarolina,middlingachiever,1726936028,2024-09-21 16:27,2,⬆️ The real crime 😂,helene,community_discussion,
lo8apz3,t3_1fm4umm,t3_1fm4umm,NorthCarolina,PancakeParty98,1726936657,2024-09-21 16:37,2,"I’m sorry, did he brag about beating and robbing a homeless man?",helene,community_discussion,
lo8avms,t3_1fm4umm,t3_1fm4umm,NorthCarolina,NorthCarolina-ModTeam,1726936708,2024-09-21 16:38,1,"Your content was removed due to it being a duplicate submission. Articles may be similar, or report on the same subject from different sources.  Rehosted content between different domains or updated versions of previously submitted articles will be removed unless the update adds significant information that is not accessible from the original link.",helene,community_discussion,
lo8axxz,t3_1fm4umm,t3_1fm4umm,NorthCarolina,Carolina_Blues,1726936730,2024-09-21 16:38,3,i’ll kink shame if you’re a hypocrite shaming everyone else for how they live their lives and trying to take other peoples rights away,helene,community_discussion,
lo8b6tq,t3_1fm4umm,t3_1fm4umm,NorthCarolina,calamitymagnum,1726936811,2024-09-21 16:40,3,The kinks aren't the problem the hypocrisy is.,helene,community_discussion,
lo8bidu,t3_1fm4umm,t3_1fm4umm,NorthCarolina,stalelunchbox,1726936917,2024-09-21 16:41,2,GAG.,helene,community_discussion,
lo8cb14,t3_1fm4umm,t1_lo7zdvb,NorthCarolina,sparkle-possum,1726937173,2024-09-21 16:46,3,"Rumor is that some of this was discovered by Republicans trying to keep him from becoming their candidate, but of course once he was there they buried it and threw their support behind him. 

Having seen some of the shady shit pulled when a friend of mine was trying to run for a Republican office against another more popular Republican, I would believe it.",helene,community_discussion,
lo7stxl,t3_1fm4vtu,t3_1fm4vtu,NorthCarolina,RepostSleuthBot,1726930723,2024-09-21 14:58,1,"This link has been shared 2 times.

First Seen [Here](https://redd.it/1bevqdq) on 2024-03-14. Last Seen [Here](https://redd.it/1bew0m4) on 2024-03-14

---

**Scope:** This Sub | **Check Title:** False | **Max Age:** 0 | **Searched Links:** 0 | **Search Time:** 0.00975s",helene,community_discussion,
lo9dsb8,t3_1fm5hde,t3_1fm5hde,NorthCarolina,HaroldBaws,1726949715,2024-09-21 20:15,8,There’s a guy running for Lt. Gov. who has combo signs with Robinson and someone is going around and taping over the Robinson.,helene,community_discussion,
lo9lztp,t3_1fm5hde,t1_lo9dsb8,NorthCarolina,k12pcb,1726952456,2024-09-21 21:00,4,These lot are a shit show,helene,community_discussion,
loc1uj0,t3_1fm5hde,t3_1fm5hde,NorthCarolina,BBQsandw1ch,1726993671,2024-09-22 08:27,3,"Dan Bishop loves Mark Robinson, thinks he's a swell guy.",helene,community_discussion,
lodaa6j,t3_1fm5hde,t3_1fm5hde,NorthCarolina,BarryZZZ,1727016471,2024-09-22 14:47,1,"I'll be voting straight blue, the Robinson scandal hasn't changed anything for me, but it is an amusing sideshow.",helene,community_discussion,
lo83d33,t3_1fm60dy,t3_1fm60dy,NorthCarolina,nevertfgNC,1726934224,2024-09-21 15:57,-2,"Well, IANAL, but with the amount of state surveillance now on the roads, it would seem hypocritical to say that a citizen cannot. Google is constantly driving the roads for their maps.",helene,community_discussion,
lo83vmq,t3_1fm60dy,t3_1fm60dy,NorthCarolina,azz3879,1726934395,2024-09-21 15:59,6,"Email Rapid Motion Camera of Greensboro, they specialize in car to car filmmaking and could likely offer some insight. 

www.rapidcamera.tv",helene,community_discussion,
lo83vux,t3_1fm60dy,t3_1fm60dy,NorthCarolina,Bruairdin,1726934397,2024-09-21 15:59,5,There really aren’t any laws against filming in public. As long as it’s complies to traffic and safety laws you would be fine. With what you’re describing you would need a permit. Many because it’s not safe to film in a harness out of a trunk or outside of the window.,helene,community_discussion,
lo83zgr,t3_1fm60dy,t1_lo83vux,NorthCarolina,ActiveRepulsive5832,1726934430,2024-09-21 16:00,0,Where would I start with the permit? I live in Cleveland county,helene,community_discussion,
lo84feh,t3_1fm60dy,t3_1fm60dy,NorthCarolina,WashuOtaku,1726934577,2024-09-21 16:02,2,"Photography/filming on public roads is legal; it is only when you are on private property, say a Taco Bell parking lot, it can be illegal without owner's consent. 

That said, you could still be pulled-over/ticketed if the camera mount does not appear secure/safe. Or if you are doing things that appears unsafe like filming from the trunk (which can block the driver's review-mirror view) while in a moving vehicle.",helene,community_discussion,
lo8c8us,t3_1fm60dy,t3_1fm60dy,NorthCarolina,DoAndroidsDrmOfSheep,1726937153,2024-09-21 16:45,2,"Filming or taking pictures in a public space is legal, doesn't matter what type of camera you're using. This is because there is zero expectation of privacy in a public space. This generally includes places like inside stores because, even though it's a ""private"" business, the public is free to come and go. The exception would be if the business has a sign up that states picture/video are not allowed, or the owner or manager tells you not to take pictures/video. Another exception would be areas like a fitting room, locker room, restroom, etc - because even though they're within public spaces, there is a reasonable expectation of privacy in these areas of the public space. Taking pictures or video of someone's front yard is OK, as it's visible to the public and considered a public space, even though it's their private property. A ""no-no"" would be taking pictures or video through their windows of the interior of their home - which is not a public space, and one has a reasonable expectation of privacy inside their home. If you were taking pictures in a public space (say in a park, for example), someone you don't know was in your picture, and they asked you to delete it because they didn't want their picture taken, and asked you to not take their picture...would have to do as they ask? No. Would it be nice of you to do so? Sure. Could any legal action be taken against you if you don't? No, because you're in a public space.

As far as filming from the vehicle - as long as you're not breaking any traffic or vehicle safety laws there shouldn't be any issue. Filming from the trunk might would be considered a safety issue since it would be blocking the driver's view out the rear window.",helene,community_discussion,
lo8vxnp,t3_1fm60dy,t1_lo8c8us,NorthCarolina,ActiveRepulsive5832,1726943517,2024-09-21 18:31,1,"So possibly the back seat with the window down? If the camera is theoretically hanging out (would be on a gimbal as said) low to the road, would that be a major issue? If it’s not hanging too low?",helene,community_discussion,
lo8w5fr,t3_1fm6z9t,t3_1fm6z9t,NorthCarolina,velourciraptor,1726943591,2024-09-21 18:33,3,You need to ask the company for that information.,helene,community_discussion,
lo8m8l0,t3_1fm74ve,t3_1fm74ve,NorthCarolina,KulaanDoDinok,1726940329,2024-09-21 17:38,258,"Either Robinson files a lawsuit against CNN alleging libel, or he admits that he’s minisoldr. There is no other option.",helene,community_discussion,
lo8n1c8,t3_1fm74ve,t1_lo8m8l0,NorthCarolina,NoG00dUsernamesLeft,1726940583,2024-09-21 17:43,175,Or he just ignores and denies like his friend Trump and his follows will blindly believe him.,helene,community_discussion,
lo8pknw,t3_1fm74ve,t1_lo8m8l0,NorthCarolina,notyomamasusername,1726941389,2024-09-21 17:56,78,"Nah, he can follow the tried and true MAGA method. 

Just lie constantly about it and they'll believe him... Even when he occasionally slips up and tells the truth",helene,community_discussion,
lo8ppqg,t3_1fm74ve,t3_1fm74ve,NorthCarolina,zekerthedog,1726941437,2024-09-21 17:57,15,If he were white they wouldn’t be abandoning him like this,helene,community_discussion,
lo8s480,t3_1fm74ve,t3_1fm74ve,NorthCarolina,Just_Candle_315,1726942244,2024-09-21 18:10,134,"Fuck that. This biggot has caused chaos in NC and advanced harmful policies for *fucking years* the GOP can't just ""unfriend"" him",helene,community_discussion,
lo8sio0,t3_1fm74ve,t1_lo8m8l0,NorthCarolina,Hungry_Charity_6668,1726942379,2024-09-21 18:12,15,That’s what Tillis said,helene,community_discussion,
lo8t4et,t3_1fm74ve,t1_lo8ppqg,NorthCarolina,bavindicator,1726942583,2024-09-21 18:16,29,I don't know about that they Cawthorned Cawthorne pretty good.,helene,community_discussion,
lo8tblx,t3_1fm74ve,t3_1fm74ve,NorthCarolina,Sushandpho,1726942650,2024-09-21 18:17,10,"They are all well trained in gaslighting. Trump never endorsed him or even knew him and we didn’t hear him say it. He was never on our social media pages. Fake news, AI, a bunch of tourists, Freaky Führer, so what. It gets old.",helene,community_discussion,
lo8tkd9,t3_1fm74ve,t1_lo8ppqg,NorthCarolina,Photon_Farmer,1726942732,2024-09-21 18:18,12,Similar situation with Madison Cawthorn.  I don't doubt that race might be a factor but it seems like he crossed a line with the party.,helene,community_discussion,
lo8u9ew,t3_1fm74ve,t3_1fm74ve,NorthCarolina,HashRunner,1726942959,2024-09-21 18:22,36,"Remember, Republicans support a rapist, traitor and fraud as their presidential nominee that uses same rhetoric as robinson, but there's just something different between the two that lost their support....",helene,community_discussion,
lo8ul1q,t3_1fm74ve,t3_1fm74ve,NorthCarolina,miss_ann_thr0pe,1726943062,2024-09-21 18:24,55,Couple of Trump humpers on my road in Hampstead haven't taken down their Mark Robinson signs yet.,helene,community_discussion,
lo8v5zh,t3_1fm74ve,t3_1fm74ve,NorthCarolina,jermysteensydikpix,1726943254,2024-09-21 18:27,1,https://media.vanityfair.com/photos/57d1f0f8a9f841aa372f54f0/master/w_1600%2Cc_limit/mariah-carey-i-dont-know-her-02.gif,helene,community_discussion,
lo8v9gi,t3_1fm74ve,t1_lo8m8l0,NorthCarolina,jermysteensydikpix,1726943286,2024-09-21 18:28,13,They file lawsuits with photo ops and then quietly drop them. Their base only remembers that they sued.,helene,community_discussion,
lo8voyh,t3_1fm74ve,t1_lo8sio0,NorthCarolina,RhamkatteWrangler,1726943435,2024-09-21 18:30,16,"Yeah, I'm not Tillis's biggest fan but this is the logical approach",helene,community_discussion,
lo8wf2s,t3_1fm74ve,t1_lo8t4et,NorthCarolina,zekerthedog,1726943681,2024-09-21 18:34,4,Good point,helene,community_discussion,
lo8zr1t,t3_1fm74ve,t1_lo8u9ew,NorthCarolina,f700es,1726944830,2024-09-21 18:53,19,I can't qWhite figure it out...,helene,community_discussion,
lo90bkw,t3_1fm74ve,t1_lo8t4et,NorthCarolina,secondsbest,1726945027,2024-09-21 18:57,12,"Cawthorne was making wild allegations about congressional representatives and staffers. They had to distance themselves carefully. Too much support would have given his stories credibility, and too strong a denial would have done the same.",helene,community_discussion,
lo90lht,t3_1fm74ve,t3_1fm74ve,NorthCarolina,Snapbeangirl,1726945124,2024-09-21 18:58,6,And this is the best they got. Hehehehe! Vote Blue!,helene,community_discussion,
lo92rku,t3_1fm74ve,t3_1fm74ve,NorthCarolina,hnglmkrnglbrry,1726945892,2024-09-21 19:11,13,Gonna be funny when someone called minisoldr2 starts commenting on all their posts.,helene,community_discussion,
lo936v2,t3_1fm74ve,t3_1fm74ve,NorthCarolina,polkadotsocks42,1726946043,2024-09-21 19:14,9,"Remove him from their social media?  They have the power to remove him from office!  It won't happen, of course, but in a rational political age this dude would be facing impeachment.",helene,community_discussion,power
lo9488q,t3_1fm74ve,t3_1fm74ve,NorthCarolina,MK5,1726946410,2024-09-21 19:20,5,"I despise the NC GOP with every fiber of my being, but the best thing for then to do would be to cut Robinson off and pretend he doesn't exist. Concentrate on maintaining their death-grip on the rest of the state government, and find a less Trumpy candidate for '28. Good luck with that.",helene,community_discussion,
lo94hee,t3_1fm74ve,t3_1fm74ve,NorthCarolina,BatmanInTheSunlight,1726946500,2024-09-21 19:21,2,NCGOP already officially doubled down. This means nothing.,helene,community_discussion,
lo96rz7,t3_1fm74ve,t3_1fm74ve,NorthCarolina,Viking_Musicologist,1726947311,2024-09-21 19:35,5,Probably for the best. because this bullshit that Robinson is spouting going to keep on happening and happening. Especially since the chances of him landing in Raleigh seem to be getting more slim ever since word got out nationwide that he's a perverted hypocritical power hungry maniac.,helene,community_discussion,power
lo96vos,t3_1fm74ve,t3_1fm74ve,NorthCarolina,boffohijinx,1726947347,2024-09-21 19:35,52,"Just saw an idiot at a rally say despite everything he’s said and done, he’s still better than Stein because he’s prolife. 

Yeah, the guy that admits he paid for an abortion. 

Idiots.",helene,community_discussion,
lo96ztw,t3_1fm74ve,t1_lo8ul1q,NorthCarolina,boffohijinx,1726947388,2024-09-21 19:36,5,Seen multiple signs in Burlington today.,helene,community_discussion,
lo97ojk,t3_1fm74ve,t1_lo8m8l0,NorthCarolina,Viking_Musicologist,1726947626,2024-09-21 19:40,21,"I don't think he has what it takes to take on CNN, he's probably just going to jabber on that he is the victim and some other baseless conspiracy shit.",helene,community_discussion,
lo9a8oq,t3_1fm74ve,t3_1fm74ve,NorthCarolina,JonTheWizard,1726948508,2024-09-21 19:55,1,He’s so fucked.,helene,community_discussion,
lo9ay4a,t3_1fm74ve,t1_lo8ul1q,NorthCarolina,WhoAccountNewDis,1726948751,2024-09-21 19:59,40,"I'll be shocked if people do. Anybody who is familiar with him and said ""I'm putting up a sign"" isn't going to care.",helene,community_discussion,
lo9bfvc,t3_1fm74ve,t3_1fm74ve,NorthCarolina,Coyotemopar,1726948920,2024-09-21 20:02,5,NC GOP must be so proud,helene,community_discussion,
lo9bu81,t3_1fm74ve,t3_1fm74ve,NorthCarolina,IOnlyEatFermions,1726949058,2024-09-21 20:04,24,"Funny, him saying ""some folks need killing"", in a church no less, wasn't enough for them to condemn him.",helene,community_discussion,
lo9cgvm,t3_1fm74ve,t1_lo8m8l0,NorthCarolina,contactspring,1726949276,2024-09-21 20:07,4,"Why?  I've talked to some ""conservative religious people"" (you know the type that only listen to religious radio).  They have heard a thing about Robinson.   There's a huge part of society that actively protects their ignorance.",helene,community_discussion,
lo9d6o8,t3_1fm74ve,t1_lo8m8l0,NorthCarolina,VagusNC,1726949515,2024-09-21 20:11,7,"Deny deny deny lie, blame. 

Works every single time. 

Every accusation is a confession; and this applies to the political party who consistently accuses non-MAGA people of being sheeple.",helene,community_discussion,
lo9dj0j,t3_1fm74ve,t1_lo8ul1q,NorthCarolina,Happycat5300,1726949631,2024-09-21 20:13,12,sunk-cost fallacy is a huge thing in political psychology,helene,community_discussion,
lo9enf7,t3_1fm74ve,t1_lo8t4et,NorthCarolina,Kradget,1726950001,2024-09-21 20:20,4,"Yeah, but he was talking publicly about ~~sex and coke parties~~ doing car pranks with his friends",helene,community_discussion,
lo9hkcj,t3_1fm74ve,t1_lo8zr1t,NorthCarolina,Brave_Bug6299,1726950978,2024-09-21 20:36,11,The Talibangelicals from Whitemanistan have!,helene,community_discussion,
lo9hlf3,t3_1fm74ve,t1_lo8zr1t,NorthCarolina,Brave_Bug6299,1726950988,2024-09-21 20:36,1,The Talibangelicals from Whitemanistan have!,helene,community_discussion,
lo9hr59,t3_1fm74ve,t1_lo8zr1t,NorthCarolina,Brave_Bug6299,1726951040,2024-09-21 20:37,1,The Talibangelicals from Whitemanistan have it ALL figured out!!,helene,community_discussion,
lo9i1m0,t3_1fm74ve,t1_lo8zr1t,NorthCarolina,Brave_Bug6299,1726951134,2024-09-21 20:38,1,The hicks from Whitemanistan do!,helene,community_discussion,
lo9ibe9,t3_1fm74ve,t1_lo8zr1t,NorthCarolina,Brave_Bug6299,1726951223,2024-09-21 20:40,1,*Talibangelicals from Whitemanistan noises*,helene,community_discussion,
lo9kode,t3_1fm74ve,t1_lo8u9ew,NorthCarolina,FamilyPosts,1726952010,2024-09-21 20:53,5,When Trump said he's MLK X 2 or MLK on steroids it's a dog whistle derisive comment about Robinson's weight. He he plays both sides at once.,helene,community_discussion,
lo9l967,t3_1fm74ve,t1_lo8m8l0,NorthCarolina,prizepig,1726952205,2024-09-21 20:56,2,"Or he could lie, and deflect, and avoid anything that looks like responsibility, and his supporters will just have to get over it, because they think the other guys are somehow worse.  


We know this strategy works, because it works all the time.  ",helene,community_discussion,
lo9naem,t3_1fm74ve,t3_1fm74ve,NorthCarolina,DJBreadwinner,1726952899,2024-09-21 21:08,3,What an empty and cowardly gesture. They're still going to vote for him. ,helene,community_discussion,
lo9o519,t3_1fm74ve,t3_1fm74ve,NorthCarolina,Piercinald-Anastasia,1726953190,2024-09-21 21:13,2,Looks like I’ll have to make relentless comments about him on their posts.,helene,community_discussion,
lo9o9p4,t3_1fm74ve,t1_lo8pknw,NorthCarolina,Johnsonjoeb,1726953234,2024-09-21 21:13,32,Wrong complexion for the protection.,helene,community_discussion,
lo9ttzv,t3_1fm74ve,t1_lo96rz7,NorthCarolina,JarvisProudfeather,1726955233,2024-09-21 21:47,3,He was way down in the polls even before this bombshell. He just does not have any broad appeal outside of hardcore evangelicals. Really terrible candidate. He would have trouble getting elected in missippi let alone North Carolina,helene,community_discussion,
lo9vl0s,t3_1fm74ve,t3_1fm74ve,NorthCarolina,Cosmic-Engine,1726955881,2024-09-21 21:58,9,"Echoes of Madison Cawthorn.

Hey, when do we start holding party leadership accountable for picking & pushing these *fucking lunatics* on us?

They knew, or at least had a duty to know, about ALL of the scandals of these motherfuckers.

So why do we keep letting them “remove (them) from their social media” when we find out that they’re fucking lunatics?  At what point do we recognize that they’re either incompetent, or that they’re *also* fucking lunatics?

If I introduce you to ten people and two of them are THIS crazy… you should be questioning my judgment.

So, Republicans:  How about yall explain yourselves, hm?",helene,community_discussion,
lo9zkpb,t3_1fm74ve,t3_1fm74ve,NorthCarolina,AccountNumeroThree,1726957373,2024-09-21 22:22,2,"Ted Budd: “He needs to prove it’s not him.”

See, this is the problem with social media and being online. If the posts are from him, he’s just digging a deeper hole by denying it. If they are fake, he’s still getting buried because it seems believable that he would say them given past statements. And the only way to prove they are fake is to either get someone to admit they are fake or get the website to refute the posts or something. But then he’s still in the news for it. 

True or not, people have no problem actually believing the posts and statements are legit, and that tells you a lot about his character. 

So Tedd, I don’t think he can prove it isn’t him.",helene,community_discussion,
loa0063,t3_1fm74ve,t3_1fm74ve,NorthCarolina,AccountNumeroThree,1726957533,2024-09-21 22:25,1,"Ted Budd: “He needs to prove it’s not him.”

See, this is the problem with social media and being online. If the posts are from him, he’s just digging a deeper hole by denying it. If they are fake, he’s still getting buried because it seems believable that he would say them given past statements. And the only way to prove they are fake is to either get someone to admit they are fake or get the website to refute the posts or something. But then he’s still in the news for it. 

True or not, people have no problem actually believing the posts and statements are legit, and that tells you a lot about his character. 

So Tedd, I don’t think he can prove it isn’t him.",helene,community_discussion,
loa167i,t3_1fm74ve,t1_lo9ttzv,NorthCarolina,Viking_Musicologist,1726957976,2024-09-21 22:32,2,"Agreed. His appeal seems to be rapidly diminishing and will continue now that he's been pretty much been seen and heard as a spitting image of GOP corruption nationwide, much in the same or greater category and magnitude of DT and his cronies.",helene,community_discussion,category
loa2amy,t3_1fm74ve,t1_lo9ttzv,NorthCarolina,vampire_trashpanda,1726958396,2024-09-21 22:39,4,I am convinced that this was leaked out by Art Pope's henchmen in a last ditch effort to get him to step aside. The fact the Carolina Journal was one of the first places talking about how it was coming cannot just be a coincidence.,helene,community_discussion,
loa3lpb,t3_1fm74ve,t1_lo9488q,NorthCarolina,-PM_YOUR_BACON,1726958878,2024-09-21 22:47,7,"Unfortunately it’s too late for that. The GOP asked and Robinson had til Thursday night to step away, and chooses not to do so. And honestly the GOP and its voters elected the guy, let them reap the repercussions.  

It’s amazing how quiet the normal conservatives of this subreddit have been this weekend.",helene,community_discussion,
loa48cf,t3_1fm74ve,t1_lo9bfvc,NorthCarolina,-PM_YOUR_BACON,1726959118,2024-09-21 22:51,3,And all the conservatives of the state that voted for him in primaries. He won by 45 points. That’s even with all the Dems who said they were going to help poison the vote.,helene,community_discussion,
loa4x25,t3_1fm74ve,t1_loa48cf,NorthCarolina,Coyotemopar,1726959382,2024-09-21 22:56,3,"What do you expect? Tim Moore had his adulterous affair, and lets not forget Cawthorn, gerrymandering the voting districts, flipping a ""Democrat"" to have a super majority.",helene,community_discussion,
loa5v5i,t3_1fm74ve,t3_1fm74ve,NorthCarolina,CompleteSherbert885,1726959750,2024-09-21 23:02,6,"Oooooo the stunning begins!! 

But seriously, this guy didn't just come out of nowhere, he's been the lieutenant governor for 4 yrs here in NC. He didn't just suddenly become this ultra vile thieving black Nazi with very cringy sex kinks. The Republican Party had to have all this information on him already. I'm certain they tried to blackmail him into quitting quietly but he obviously refused so they leaked it to CNN. 

And now they will continue to leak more damning, more vile information at very specific intervals right up to election day. They didn't invent this career ending technique but they sure have mastered it!",helene,community_discussion,
loa68tj,t3_1fm74ve,t1_lo8m8l0,NorthCarolina,bigwinw,1726959898,2024-09-21 23:04,11,He already said it was AI.  In 2008 it was AI…,helene,community_discussion,
loa6cr9,t3_1fm74ve,t1_lo8m8l0,NorthCarolina,CompleteSherbert885,1726959940,2024-09-21 23:05,2,"Now you know the Republicans had cited their sources when they leaked it to CNN. And it's now out that it wasn't the Dems, it was the Republicans themselves who reached out and supplied this info on him.",helene,community_discussion,
loa6q9c,t3_1fm74ve,t3_1fm74ve,NorthCarolina,x7BZCsP9qFvqiw,1726960085,2024-09-21 23:08,1,i've been in concord this weekend and the republican signs are big yikes.,helene,community_discussion,
loa8c5t,t3_1fm74ve,t3_1fm74ve,NorthCarolina,Round-Lie-8827,1726960717,2024-09-21 23:18,2,"Another republican would vote the exact same way anyways.

Why do people only care when they say insane stuff.  They are all the same.  

Someone acting polite and respectful because they aren't stupid  enough to to say the quiet part out loud or get caught on a porn site is still a piece of shit that will enact the same policies",helene,community_discussion,
loa8eqo,t3_1fm74ve,t1_loa6cr9,NorthCarolina,KulaanDoDinok,1726960743,2024-09-21 23:19,3,"Wait, what?",helene,community_discussion,
loa9reh,t3_1fm74ve,t1_loa8eqo,NorthCarolina,CompleteSherbert885,1726961282,2024-09-21 23:28,2,"Oh yes, you didn't read this? I read it twice so I'm guessing it got put out by AP or Reuters and was picked up by everyone. Google it. 

Side note: when you read the same exactly written article but from different outlets, it's because they're taking straight off a press release or stock article that comes from a newswire supplier such as AP or Reuters.",helene,community_discussion,
loaa4l6,t3_1fm74ve,t1_lo9hkcj,NorthCarolina,hawkguy420,1726961427,2024-09-21 23:30,2,Yallqueda,helene,community_discussion,
loaahiz,t3_1fm74ve,t1_lo96vos,NorthCarolina,SmashTheGoat,1726961568,2024-09-21 23:32,15,They love that misnomer. They don't care about the life after birth. What they do care about is the birth. They are pro-birthers.,helene,community_discussion,
loacr57,t3_1fm74ve,t1_loa68tj,NorthCarolina,indianscout02,1726962473,2024-09-21 23:47,1,"AI existed in 2008, but it was rudimentary.",helene,community_discussion,
load3af,t3_1fm74ve,t1_lo8s480,NorthCarolina,indianscout02,1726962608,2024-09-21 23:50,-56,How can a black man be a “biggot”? Isn’t that impossible?,helene,community_discussion,
loafstq,t3_1fm74ve,t3_1fm74ve,NorthCarolina,dardachat,1726963694,2024-09-22 00:08,1,Why? Didn’t they put out a statement standing by him and calling the allegations fake? Their voters are brain dead because they want to have it both ways,helene,community_discussion,
loagzx1,t3_1fm74ve,t1_lo8m8l0,NorthCarolina,dcpanthersfan,1726964183,2024-09-22 00:16,1,Yes! And open yourself to discovery!,helene,community_discussion,
loahqsp,t3_1fm74ve,t3_1fm74ve,NorthCarolina,ober6601,1726964489,2024-09-22 00:21,2,Politics is worse than high school!,helene,community_discussion,
loaiivs,t3_1fm74ve,t1_loafstq,NorthCarolina,notaspruceparkbench,1726964813,2024-09-22 00:26,2,"Any org that's got a problematic person is going to claim they support that person while simultaneously carefully shoving that person towards the curb. It's standard cover-your-ass. They don't want to look like they already knew the person was that terrible.

Some people figure out where they're going very quickly and quit early ""to spend more time with my family"" and some people can't take a hint, can't even tell hints are happening, and go down thrashing.",helene,community_discussion,
loak3nr,t3_1fm74ve,t1_lo9ay4a,NorthCarolina,AstarteHilzarie,1726965454,2024-09-22 00:37,11,"Exactly. They stuck with him through all the shit he has said up until now, this is just another blip on the radar, or they think it's a setup and a lie. 

There were people on the news last night giving their opinion, and multiple said that they would still vote for him regardless because he's a Republican.",helene,community_discussion,
loak9pu,t3_1fm74ve,t3_1fm74ve,NorthCarolina,CrisisActor911,1726965523,2024-09-22 00:38,2,Has anyone archived his full posting history? These need to be historically documented.,helene,community_discussion,
loakd8w,t3_1fm74ve,t3_1fm74ve,NorthCarolina,goldbman,1726965563,2024-09-22 00:39,1,Erin Paré is proud of her Mark Robinson endorsement!,helene,community_discussion,
loakpiq,t3_1fm74ve,t1_lo8m8l0,NorthCarolina,Werd2urGrandma,1726965703,2024-09-22 00:41,6,"I’m not a lawyer, but I imagine that discovery in that case would be unreal.",helene,community_discussion,
loalt4w,t3_1fm74ve,t1_load3af,NorthCarolina,Cavedyvr,1726966152,2024-09-22 00:49,27,"bigot noun
big•ot

: a person who is obstinately or intolerantly devoted to his or her own opinions and prejudices
especially
: one who regards or treats the members of a group (such as a racial or ethnic group) with hatred and intolerance


Seems anyone can be a bigot.",helene,community_discussion,
loanqfd,t3_1fm74ve,t3_1fm74ve,NorthCarolina,hauss005,1726966941,2024-09-22 01:02,1,This is the thing that’s so over the line?,helene,community_discussion,
loao8vk,t3_1fm74ve,t1_load3af,NorthCarolina,Scoopdoopdoop,1726967154,2024-09-22 01:05,9,Not impossible. Very very possible,helene,community_discussion,
loap94o,t3_1fm74ve,t1_loa9reh,NorthCarolina,KulaanDoDinok,1726967576,2024-09-22 01:12,4,So I’ve chwcked and I can’t find this information elsewhere. What was your source?,helene,community_discussion,
loapm66,t3_1fm74ve,t1_lo8m8l0,NorthCarolina,ToshKreuzer,1726967725,2024-09-22 01:15,4,Well it’s 100 percent fact that he’s minisoldr so he’s pretty screwed. Gonna be interesting to see his final percentage of the vote. I bet he gets below 30%,helene,community_discussion,
loapo0r,t3_1fm74ve,t3_1fm74ve,NorthCarolina,nohupdotout,1726967746,2024-09-22 01:15,3,"Man, he is in a world of pain. Like he could lose to a shit candidate but Josh stein is actually quite strong. I don’t want to call it a blue wave, it’s more of a blue stream sitting back patiently as the fucking wheels come off",helene,community_discussion,
loapum2,t3_1fm74ve,t1_loak3nr,NorthCarolina,ToshKreuzer,1726967820,2024-09-22 01:17,5,Idk the trans porn thing might make some repressed closeted gay republicans hate themselves too much to vote for that. Everything else they’re fine with tho 🤦,helene,community_discussion,
loaqaz2,t3_1fm74ve,t1_loapum2,NorthCarolina,AstarteHilzarie,1726968005,2024-09-22 01:20,1,"Maybe, but I'm sure plenty will find enough of a way to spin it and claim it's fake news, or say that someone who watches it in private is still better than someone who promotes it in public.",helene,community_discussion,
loarv7n,t3_1fm74ve,t1_loalt4w,NorthCarolina,indianscout02,1726968657,2024-09-22 01:30,-33,Or a “biggot”. Genius.,helene,community_discussion,
loas2xr,t3_1fm74ve,t1_loap94o,NorthCarolina,davidoffbeat,1726968747,2024-09-22 01:32,5,"I've seen this all over Reddit and not a single person has cited a source. Yesterday it was ""insider sources"".  And I got downvoted for questioning it.

The fact that this one calls out specific news groups, doesn't link them, and you can't find anything makes it even weirder. 

I'd love to see Republicans clashing against themselves but I don't just blindly believe stuff on Reddit.",helene,community_discussion,
loasbvr,t3_1fm74ve,t1_loarv7n,NorthCarolina,Ok-Major-4926,1726968854,2024-09-22 01:34,16,Is your issue the mis-spelling?,helene,community_discussion,
loat3dc,t3_1fm74ve,t1_loap94o,NorthCarolina,CompleteSherbert885,1726969178,2024-09-22 01:39,1,I did not make note of the sources which was stupid because this is the second time I've read multiple articles put out by a newswire company that evaporated off Google. I can't remember if it was the NC GOP or not. I'll do better next time since this obviously is a thing that can happen,helene,community_discussion,
loatqia,t3_1fm74ve,t1_loas2xr,NorthCarolina,CompleteSherbert885,1726969452,2024-09-22 01:44,-4,"It was the identically written story on two different media sources. That's the obvious tell it's coming directly off a newswire company. The media is too lazy, too understaffed, or to frightened to write the article themselves so they just cut & paste it. Unfortunately, it's evaporated from Google. Next time I'm going to make note of where I read this.",helene,community_discussion,
loauob2,t3_1fm74ve,t1_load3af,NorthCarolina,Kradget,1726969853,2024-09-22 01:50,4,"No? 


Theoretically, they're not racist, being unable to actually take on racial privilege, but that's kind of a broad, theoretical definition and ignores...


Well, basically exactly the kind of motherfucker Mark Robinson is. But he is bigoted as hell.",helene,community_discussion,
loauxvn,t3_1fm74ve,t3_1fm74ve,NorthCarolina,MotherOfKittinz,1726969966,2024-09-22 01:52,2,lol Pepperidge Farm remembers,helene,community_discussion,
loav1dw,t3_1fm74ve,t1_lo936v2,NorthCarolina,Kradget,1726970007,2024-09-22 01:53,1,"He's not relevant in his current office, and they'll have a tough time getting him out of the race at this point for purely practical reasons.",helene,community_discussion,
loaxt40,t3_1fm74ve,t1_loauob2,NorthCarolina,indianscout02,1726971184,2024-09-22 02:13,-20,You seem like some white woman blacksplaining.,helene,community_discussion,
loay19f,t3_1fm74ve,t1_loasbvr,NorthCarolina,indianscout02,1726971280,2024-09-22 02:14,-11,"No, just low info slaves. Like you.",helene,community_discussion,
loaykda,t3_1fm74ve,t1_loaxt40,NorthCarolina,[deleted],1726971507,2024-09-22 02:18,1,[removed],helene,community_discussion,
loaypu2,t3_1fm74ve,t1_loay19f,NorthCarolina,Ok-Major-4926,1726971572,2024-09-22 02:19,11,What a strangely aggressive way to answer a simple question. Hope you find some peace.,helene,community_discussion,
lob1sbl,t3_1fm74ve,t1_loa4x25,NorthCarolina,-PM_YOUR_BACON,1726972913,2024-09-22 02:41,2,"Cawthorn at least had the decency to lose after all the garbage about him coming out. As for Moore, you obviously know the GOP has no problem with adultery as long as it “beats the libs”.",helene,community_discussion,
lob34gc,t3_1fm74ve,t1_loaypu2,NorthCarolina,LaddiusMaximus,1726973501,2024-09-22 02:51,6,"Imagine how he responds to being asked the time.  ""WHAT DOES TIME MATTER TO A SLAVE???""",helene,community_discussion,
lob48xu,t3_1fm74ve,t3_1fm74ve,NorthCarolina,GOETHEFAUST87,1726974007,2024-09-22 03:00,2,Sounds to me like these republicans just got a case of the woke mind virus.,helene,community_discussion,
lob4v5q,t3_1fm74ve,t3_1fm74ve,NorthCarolina,loganfulbright,1726974289,2024-09-22 03:04,2,Not a new problem to us.,helene,community_discussion,
lobclbe,t3_1fm74ve,t1_loaxt40,NorthCarolina,Sickhadas,1726977986,2024-09-22 04:06,12,Maybe take a break from reddit,helene,community_discussion,
lobg8r8,t3_1fm74ve,t3_1fm74ve,NorthCarolina,ncsugrad2002,1726979930,2024-09-22 04:38,3,My neighbor still has a Robinson sign up 😂,helene,community_discussion,
lobh7wq,t3_1fm74ve,t1_loa6cr9,NorthCarolina,Nottacod,1726980470,2024-09-22 04:47,1,And that was a no brainer to figure out.,helene,community_discussion,
lobj93p,t3_1fm74ve,t1_lo8ul1q,NorthCarolina,MindlessSponge,1726981617,2024-09-22 05:06,1,More like Mark Throbinson amirite,helene,community_discussion,
lobx0ld,t3_1fm74ve,t3_1fm74ve,NorthCarolina,shaun3416,1726990351,2024-09-22 07:32,3,Robinson’s desire for “greasy asshole” was one step too far for them,helene,community_discussion,
loc7ir7,t3_1fm74ve,t1_lo8pknw,NorthCarolina,cryptolyme,1726997611,2024-09-22 09:33,1,Can’t even do a good job at lying.,helene,community_discussion,
loc9zhn,t3_1fm74ve,t3_1fm74ve,NorthCarolina,PPShooter69rip,1726999331,2024-09-22 10:02,3,Mothrrfucker is a lard ass PoS,helene,community_discussion,
loci8ir,t3_1fm74ve,t1_lo9o9p4,NorthCarolina,Squat_erDay,1727004584,2024-09-22 11:29,3,I don’t know. I think him being a very rare black maga unicorn will afford him a lot of protection from the GOP coffers and lawyers. They need to protect one of their few token black guys,helene,community_discussion,
locjfom,t3_1fm74ve,t1_loapm66,NorthCarolina,Kayakityak,1727005250,2024-09-22 11:40,2,"I bet he gets 35 ish percent. 

The ones who vote straight R ticket",helene,community_discussion,
locjr9e,t3_1fm74ve,t1_lo8tkd9,NorthCarolina,Kayakityak,1727005425,2024-09-22 11:43,1,Told the public about their drugged out orgies.,helene,community_discussion,
locoheq,t3_1fm74ve,t1_lo8t4et,NorthCarolina,gphjr14,1727007827,2024-09-22 12:23,1,Cawthorne talked too much about the comings and goings. The bedroom video was the death blow afterwards.,helene,community_discussion,
locv52n,t3_1fm74ve,t1_loci8ir,NorthCarolina,queenofreptiles,1727010821,2024-09-22 13:13,5,He’s every MAGA weirdo’s one black friend 💀,helene,community_discussion,
loediso,t3_1fm74ve,t1_lo8n1c8,NorthCarolina,paco_dasota,1727028535,2024-09-22 18:08,2,one way friendship,helene,community_discussion,
loehh7w,t3_1fm74ve,t1_loacr57,NorthCarolina,rustyhilton2,1727029721,2024-09-22 18:28,2,AIMs SmarterChild?,helene,community_discussion,
loevvl8,t3_1fm74ve,t3_1fm74ve,NorthCarolina,imjustyittle,1727034061,2024-09-22 19:41,1,None of his other scandals were enough?,helene,community_discussion,
lo8wm6p,t3_1fm81rl,t3_1fm81rl,NorthCarolina,PuddinTamename,1726943748,2024-09-21 18:35,45,He still thinks not having a penis makes us stupid.,helene,community_discussion,
lo8xwjh,t3_1fm81rl,t3_1fm81rl,NorthCarolina,Environmental_Tank_4,1726944190,2024-09-21 18:43,45,Well Trump says women “wont have to worry about abortion” once hes elected. Not sure how Harris could too that 😂,helene,community_discussion,
lo8zrdr,t3_1fm81rl,t3_1fm81rl,NorthCarolina,AlarmingAd6390,1726944833,2024-09-21 18:53,-79,Why is she the candidate for president.  Does it not bother anyone else that we didn't even have a say as tax paying citizens.,helene,community_discussion,
lo9df6q,t3_1fm81rl,t1_lo8zrdr,NorthCarolina,Critterdex,1726949595,2024-09-21 20:13,67,"We all had a say. She was on the Biden ticket as vice president, in case you didn't know that. Literally everyone expected her to become the president anyway because Biden is so old. Additionally, she got almost 5,000 delegate votes and met every requirement to be the nominee. Primaries are not required by any law, it's just something the parties can do. They have only been around for about 100 years.",helene,community_discussion,
lo9dom5,t3_1fm81rl,t1_lo8zrdr,NorthCarolina,CriticalEngineering,1726949682,2024-09-21 20:14,43,"Did you also protest Jill Stein and Robert F Kennedy Jr being the candidate for parties that didn’t even have a primary?

And I voted for a ticket with Kamala Harris.  I assumed she’d take over for Biden. 👍",helene,community_discussion,
lo9ma4v,t3_1fm81rl,t1_lo8zrdr,NorthCarolina,IdiotMD,1726952554,2024-09-21 21:02,39,"You know we can see your post history, right? You’re not slick.",helene,community_discussion,
lo9mzu3,t3_1fm81rl,t1_lo8zrdr,NorthCarolina,FireFiendMarilith,1726952797,2024-09-21 21:06,22,"I'm far more alarmed by the degree to which the Trump Kult has subsumed the GOP. Even here in North Carolina, where the GOP is virtually unchallengable, they couldn't run a *normal guy*. They had to cater to the Kult and run a Trumpian strongman type, and they're all fuckin weirdos. This MAGA shit is a millstone around the neck of the party.",helene,community_discussion,
lo9o46d,t3_1fm81rl,t1_lo8zrdr,NorthCarolina,InterstellarPelican,1726953182,2024-09-21 21:13,46,"Tax paying citizens do have a say, it's between October 17th and November 5th in NC.",helene,community_discussion,
lo9q5x3,t3_1fm81rl,t1_lo8zrdr,NorthCarolina,GABAreceptorsIVIX,1726953906,2024-09-21 21:25,11,"No, no we’re not. Too bad for you🤷‍♂️",helene,community_discussion,
loa0mlk,t3_1fm81rl,t1_lo8zrdr,NorthCarolina,WhoAccountNewDis,1726957772,2024-09-21 22:29,-1,You're supposed to call it a coup.,helene,community_discussion,
loa3ky0,t3_1fm81rl,t1_lo8wm6p,NorthCarolina,ajwillys,1726958870,2024-09-21 22:47,21,"As someone with a penis, I can confidently say the opposite is true.",helene,community_discussion,
loa3ok8,t3_1fm81rl,t1_lo8zrdr,NorthCarolina,ajwillys,1726958909,2024-09-21 22:48,15,I haven't met a single person that voted Democrat in the primary that feels this way.,helene,community_discussion,
loa54cs,t3_1fm81rl,t1_loa3ky0,NorthCarolina,NIN10DOXD,1726959460,2024-09-21 22:57,12,It's true. My penis tries to fight my brain a lot. It really messes with basic cognitive functions.,helene,community_discussion,
loa694g,t3_1fm81rl,t1_lo9ma4v,NorthCarolina,AlarmingAd6390,1726959901,2024-09-21 23:05,-29,Just asking a question..,helene,community_discussion,
loa6ri2,t3_1fm81rl,t1_loa54cs,NorthCarolina,Zjoee,1726960099,2024-09-21 23:08,17,"God gave men a penis and a brain, but only enough blood to run one at a time

-Robin Williams",helene,community_discussion,
loa78gs,t3_1fm81rl,t1_loa694g,NorthCarolina,Jolva,1726960283,2024-09-21 23:11,32,The only people that care about Harris taking over for Biden are butthurt Trump supporters who can't deal with the fact they're going to lose now.,helene,community_discussion,
loa999v,t3_1fm81rl,t1_loa78gs,NorthCarolina,AlarmingAd6390,1726961081,2024-09-21 23:24,-23,It just seems weird that the threat to democracy skipped the whole democracy thing.  I just want to see better people up there.,helene,community_discussion,
loaaktb,t3_1fm81rl,t1_loa999v,NorthCarolina,Jolva,1726961604,2024-09-21 23:33,21,I voted in the primary. Lots of people did. The only person that could take over the Biden campaign warchest without moving the money to a PAC was Harris. There also wasn't enough time to have another primary. Very very few Democrat voters share your view.,helene,community_discussion,
loadgh1,t3_1fm81rl,t1_loaaktb,NorthCarolina,AlarmingAd6390,1726962753,2024-09-21 23:52,1,Thanks that makes sense now.,helene,community_discussion,
loahark,t3_1fm81rl,t1_lo8zrdr,NorthCarolina,Kradget,1726964307,2024-09-22 00:18,4,"Just people who want to have the other guy win.


Also, she won her party's nomination.",helene,community_discussion,
loajak2,t3_1fm81rl,t3_1fm81rl,NorthCarolina,pekititas,1726965125,2024-09-22 00:32,-42,Suburban women for Trump 🇺🇸,helene,community_discussion,
loajyrl,t3_1fm81rl,t1_loajak2,NorthCarolina,loge212,1726965399,2024-09-22 00:36,22,why pick trump over Harris just curious,helene,community_discussion,
loak9ko,t3_1fm81rl,t1_loajyrl,NorthCarolina,pekititas,1726965521,2024-09-22 00:38,-34,Because I believe he will be (and has been) a better leader for the country.,helene,community_discussion,
loalfa1,t3_1fm81rl,t3_1fm81rl,NorthCarolina,momlv,1726965995,2024-09-22 00:46,26,I will never forgive white women for trump.,helene,community_discussion,
loamcs0,t3_1fm81rl,t1_loak9ko,NorthCarolina,Absmom08,1726966376,2024-09-22 00:52,24,Now explain why you believe that to be a true statement.,helene,community_discussion,
loapx3y,t3_1fm81rl,t1_loamcs0,NorthCarolina,pekititas,1726967848,2024-09-22 01:17,-14,Why..?,helene,community_discussion,
loatqmy,t3_1fm81rl,t1_loak9ko,NorthCarolina,Natural-Pineapple886,1726969453,2024-09-22 01:44,12,Which country?,helene,community_discussion,
loav2io,t3_1fm81rl,t1_loa694g,NorthCarolina,PaperPasserby,1726970021,2024-09-22 01:53,-3,"Not allowed to do that here, lmao",helene,community_discussion,
loaw1s9,t3_1fm81rl,t1_loatqmy,NorthCarolina,pekititas,1726970436,2024-09-22 02:00,-3,USA,helene,community_discussion,
lobbb7s,t3_1fm81rl,t1_lo8wm6p,NorthCarolina,f700es,1726977329,2024-09-22 03:55,3,"As a 53 year old white male, a LOT of men think that way. Keep letting them stay stupid and ignorant",helene,community_discussion,
lobbhjb,t3_1fm81rl,t1_loa694g,NorthCarolina,f700es,1726977418,2024-09-22 03:56,3,Betraying a complete absence of understanding of how the presidential nomination process works in the US. Anyone who didn’t sleep through high school knows that state primaries/caucuses merely select delegates to the national party convention and that the convention selects the nominee based on the party’s own rules.,helene,community_discussion,
lobbjo5,t3_1fm81rl,t1_loa78gs,NorthCarolina,f700es,1726977448,2024-09-22 03:57,4,After wanting Biden to previously drop out,helene,community_discussion,
loc9bvj,t3_1fm81rl,t1_loa3ok8,NorthCarolina,im_intj,1726998878,2024-09-22 09:54,-3,I have,helene,community_discussion,
loc9l47,t3_1fm81rl,t1_lo9ma4v,NorthCarolina,im_intj,1726999054,2024-09-22 09:57,-2,"Source?  
We actually can't because his account has legal immunity.",helene,community_discussion,
loc9r2u,t3_1fm81rl,t1_lobbhjb,NorthCarolina,im_intj,1726999169,2024-09-22 09:59,-4,98% of the time the voters select the candidate and the party nominated the same candidate. Don't play coy...,helene,community_discussion,
loc9yrn,t3_1fm81rl,t1_lobbb7s,NorthCarolina,[deleted],1726999317,2024-09-22 10:01,1,[deleted],helene,community_discussion,
loca2hx,t3_1fm81rl,t1_lo8wm6p,NorthCarolina,im_intj,1726999389,2024-09-22 10:03,-1,Some women actually have a penis thank you very much,helene,community_discussion,
lock3us,t3_1fm81rl,t1_loa6ri2,NorthCarolina,immersemeinnature,1727005611,2024-09-22 11:46,3,Ha! I'll deliver that one to my husband today.,helene,community_discussion,
locoa0a,t3_1fm81rl,t3_1fm81rl,NorthCarolina,GetNR3KT,1727007728,2024-09-22 12:22,-10,"Of course she does. She’s pretending to be black this campaign season, her accent changes like the chameleon she is and she’s ditched any semblance of her Indian heritage just to pander to inner city urbanites.",helene,community_discussion,
locodim,t3_1fm81rl,t1_loc9r2u,NorthCarolina,f700es,1727007776,2024-09-22 12:22,2,It's ok to be incorrect because you are. I just explained the DNCs rules.,helene,community_discussion,
locpkse,t3_1fm81rl,t1_locodim,NorthCarolina,im_intj,1727008351,2024-09-22 12:32,0,How many times has the candidate chosen been different than the incumbent president or the front leading candidate?,helene,community_discussion,
lod4ze0,t3_1fm81rl,t1_loalfa1,NorthCarolina,Whatcanyado420,1727014564,2024-09-22 14:16,1,Most sane leftist take,helene,community_discussion,
lo8lpe6,t3_1fm8bmt,t3_1fm8bmt,NorthCarolina,ILikeNeurons,1726940162,2024-09-21 17:36,3,"> Charlotte, North Carolina had one conviction for every 141 kits, which puts them in the middle of the pack.

> Greenville, North Carolina has reported no convictions despite having a backlog of about 500 kits and being awarded almost $220,000.

-https://www.usatoday.com/story/graphics/2024/09/19/rape-kit-backlog-progress-rocky/73806719007/

[Rape is one of the most severe of all traumas](https://pdfs.semanticscholar.org/38d2/cc8df92f64acb9141d6d8ef0d79d0ce2fe15.pdf), and [can have a lasting negative impact on survivors' psychological, physical, and social well-being, regardless of perpetrators' tactics.](https://www.ncbi.nlm.nih.gov/pmc/articles/PMC3262661/)

[False rape accusations are rare](https://en.wikipedia.org/wiki/Rape#False_accusation), and [typically don't name a suspect](https://search.proquest.com/openview/6cdfce302d24baf26d72790d2bf2feba/1?pq-origsite=gscholar&cbl=41641).

Meanwhile, by their own admission, [roughly 6% of unincarcerated American men are rapists](https://willamette.edu/about/leadership/president/pwgsah/pdf/lisak-undetected-rapists.pdf). And the authors acknowledge that their methods will have led to an *underestimate*. Higher estimates are closer to [14%](http://citeseerx.ist.psu.edu/viewdoc/download?doi=10.1.1.685.7650&rep=rep1&type=pdf). 

That comes out to somewhere between 1 in 17 and 1 in 7 unincarcerated men in America being rapists, with a cluster of studies showing about 1 in 8. 

The numbers can't really be explained away by small sizes, as sample sizes can be quite large, and statistical tests of proportionality show even the best case scenario, looking at the study that the authors acknowledge is an underestimate, the 99% confidence interval shows it's at least as bad as 1 in 20, which is nowhere near where most people think it is. People will go through all kinds of mental gymnastics to convince themselves it's not that bad, or it's not that bad *anymore* (in fact, [it's arguably getting worse](https://www.nbcnews.com/health/health-news/cdc-sexual-attacks-teen-girls-increased-lockdown-rcna70782)). But the reality is, most of us know a rapist, we just don't always know who they are (and sometimes, [they don't even know](https://en.wikipedia.org/wiki/Acquaintance_rape#Motivations), because [they're experts at rationalizing their own behavior](https://web.archive.org/web/20191102225207/https://sapac.umich.edu/article/196)). 

> [Men who rape the women they date tend not to see forced sex as really all that wrong, despite what the law explicitly says. Koss (1988) points out that 84% of men who admitted to behavior that met the legal definition of rape, said that what they did was definitely not rape.](https://onlinelibrary.wiley.com/doi/abs/10.1111/1471-6402.00030)


Knowing those numbers, and the fact that [many rapists commit multiple rapes](https://willamette.edu/about/leadership/president/pwgsah/pdf/lisak-undetected-rapists.pdf), one can start to make sense of the [extraordinarily high number of women who have been raped](https://www.rainn.org/statistics/victims-sexual-violence). This reinforces that our starting point should be to [believe](https://startbybelieving.org) (not dismiss) survivors, and [investigate rapes properly](https://www.startribune.com/a-better-way-to-investigate-rape-denied-justice-part-eight/501636971/).

https://reddit.com/r/stoprape/wiki/index/#wiki_resources_for_law_enforcement",helene,community_discussion,
lo8wgh4,t3_1fm8bmt,t3_1fm8bmt,NorthCarolina,PuddinTamename,1726943694,2024-09-21 18:34,16,"I'm relieved NC is actually. finally trying. 

For years we were one of the worst in the Nation. Our gerrymandered 
House refused to finance testing.",helene,community_discussion,
lo9mssj,t3_1fm8bmt,t1_lo8wgh4,NorthCarolina,qaf0v4vc0lj6,1726952730,2024-09-21 21:05,-4,"You mean the same Republican controlled House and Senate that passed the Survivor Act, which Stein himself says played a major role in clearing the backlog?",helene,community_discussion,
loa3r08,t3_1fm8bmt,t3_1fm8bmt,NorthCarolina,TurbulentMiddle2970,1726958934,2024-09-21 22:48,11,"https://www.courthousenews.com/north-carolina-clears-backlog-of-sexual-assault-dna-kits/

Misleading title. “Cases unresolved”.

I am happy that Stein and Cooper got laws on the books, a system in place and have made significant gains in the states horrific history of negligence to the victims.

Got a long way to go. NC got 2 million. Would be nice if the current state congress gave a shit and put more money towards this.

114 arrests is significant, not enough by a mile, but super important",helene,community_discussion,
loa5mmx,t3_1fm8bmt,t1_lo9mssj,NorthCarolina,TurbulentMiddle2970,1726959658,2024-09-21 23:00,10,"Are you serious?? Why is this being made political?It was a bipartisan bill and should have been.

You got excited about republicans doing the most basic bare minimum thing? Bravo for the Republicans helping pass the lowest bar of morality and decency. 

And ps,
Stein is the one who drafted the bill, not the republicans 

https://ncdoj.gov/testthekits/about-laws-in-north-carolina/",helene,community_discussion,
loa5sd7,t3_1fm8bmt,t1_loa3r08,NorthCarolina,ILikeNeurons,1726959720,2024-09-21 23:02,3,"> Greenville, North Carolina has reported no convictions despite having a backlog of about 500 kits and being awarded almost $220,000.

Shameful.",helene,community_discussion,
loa6oet,t3_1fm8bmt,t1_loa5mmx,NorthCarolina,qaf0v4vc0lj6,1726960065,2024-09-21 23:07,-1,OP is the one that claimed Republicans in the House didn’t do anything to clear the backlog. I was pointing out that the Republican controlled legislature passed the bill that cleared the backlog.,helene,community_discussion,
loa6yhy,t3_1fm8bmt,t1_loa5sd7,NorthCarolina,TurbulentMiddle2970,1726960175,2024-09-21 23:09,5,"Agreed. It is very shameful. It’s also a transient college town full of young people who wouldnt have a reason to have their DNA in CODIS. Testing a kit is not an automatic conviction. 

But to your point…..500 with no convictions sounds like your typical college town coverup. Especially for such a small town. The local sheriff’s office/city/campus police needs to be investigated.",helene,community_discussion,
loa6zve,t3_1fm8bmt,t1_loa5mmx,NorthCarolina,PuddinTamename,1726960190,2024-09-21 23:09,4,"It should have happened YEARS ago.  A 20 freaking year old back load most definitely did not happen overnight. 

Am I ""grateful"" they finally did the right thing? 

Of course I and many other women are. 

But. It took too long for too many.",helene,community_discussion,
loa76kf,t3_1fm8bmt,t1_loa6oet,NorthCarolina,TurbulentMiddle2970,1726960263,2024-09-21 23:11,3,Gotcha. Yeah it was bipartisan. As it should be.,helene,community_discussion,
loa833v,t3_1fm8bmt,t1_loa6zve,NorthCarolina,TurbulentMiddle2970,1726960617,2024-09-21 23:16,2,"Oh it definitely did. And it points to a lot of potential coverups. I was horrified to hear about the backlog when I moved here 23 years ago. 

Maybe when we elect Stein, he can get some measures passed to help with some assemblance of justice for the victims.",helene,community_discussion,
loac0vk,t3_1fm8bmt,t1_loa5sd7,NorthCarolina,hodgepodge21,1726962181,2024-09-21 23:43,4,"I remember when I went to east carolina I was “babysitting” my boyfriend because he was drinking (I stayed sober to be responsible). As we were walking back to my dorm after a night out, a guy leaned his head out of his car window and yelled to my bf “you better rape that tonight!” 

Not really related to this post, but it did bring up this memory from Greenville for me",helene,community_discussion,
lobm9lh,t3_1fm8bmt,t3_1fm8bmt,NorthCarolina,Reagangreatestever99,1726983396,2024-09-22 05:36,2,"With money and manpower, anybody can get rid of a backlog. You have to wonder why police & DAs aren’t getting arrests & convictions.",helene,community_discussion,
lobui86,t3_1fm8bmt,t3_1fm8bmt,NorthCarolina,ZealousidealState127,1726988665,2024-09-22 07:04,2,"I always wonder about this issue, how much is propaganda and how much is real. I assume a lot of kits are collected just  in case they need to be processed and the DA decides whether or not to run the test based on the evidence of the case. I would imagine the test does not prove or disprove a rape allegation but merely supports or detracts from it. There probably isn't really a good reason to spend millions of dollars processing evidence unless the prosecutors need it for their case.  I would tend to defer to the DAs office on whether or not they felt that they had the resources they need. to me it seems like pushes to process kits is more political than practical but it's not something I follow closely.",helene,community_discussion,
lod3tb0,t3_1fm8bmt,t1_lobui86,NorthCarolina,ILikeNeurons,1727014126,2024-09-22 14:08,2,"The [U.S. DoJ](https://www.ojp.gov/ncjrs/virtual-library/abstracts/utilizing-codis-unsubmitted-sexual-assault-kits) and [American Bar Association](https://www.americanbar.org/groups/diversity/women/publications/perspectives/2018/may/untested-rape-kits-delays-destruction-and-disregarded-victims/) recommend testing **all** rape kits, even when the statute of limitations (if there is one) has expired. Doing so [increases arrests](https://journals.sagepub.com/doi/pdf/10.1177/08874034241226939), makes us safer, and gets justice for more victims.",helene,community_discussion,
lod90lh,t3_1fm8bmt,t1_lobm9lh,NorthCarolina,idowatercolours,1727016024,2024-09-22 14:40,1,Arrests do occur but DA’s or local magistrates release them with unrestricted bail,helene,community_discussion,
lod977c,t3_1fm8bmt,t1_lo8lpe6,NorthCarolina,idowatercolours,1727016090,2024-09-22 14:41,0,"Rape is a horrible crime and women are too often the victims of it. Too bad 158 democrats in congress voted against deporting rapists.

Hope women remember that in November",helene,community_discussion,
lodjq2z,t3_1fm8bmt,t1_lod3tb0,NorthCarolina,ZealousidealState127,1727019629,2024-09-22 15:40,1,"Again politics, if there are DAs saying the testing of the kit is holding up their case we have a problem a bunch of political organizations doing lip service to a popular idea and we may not have an actual problem. Processing a rape kit alone doesn't lead to convictions as evidenced by the numbers if you have to process 11000 rape lots for 100 convictions, then processing the rape kits probably isn't the thing making for successful prosecutions. It's going to be a philosophical difference for many people with an idealized side of people saying we should give unlimited resources and ask no questions about efficacy and the other practical side saying that taxpayer money should be spent effectively and isn't an unlimited resource.",helene,community_discussion,
lodykbj,t3_1fm8bmt,t1_lodjq2z,NorthCarolina,ILikeNeurons,1727024133,2024-09-22 16:55,1,Compare the best results with the worst results.,helene,community_discussion,
log18xl,t3_1fm8ums,t3_1fm8ums,NorthCarolina,Helpful_Onion_3276,1727047718,2024-09-22 23:28,1,Mods?!,helene,community_discussion,
lo8rgzl,t3_1fm8zoz,t3_1fm8zoz,NorthCarolina,Sparklingcoconut666,1726942034,2024-09-21 18:07,20,“Americans for prosparody” lmao,helene,community_discussion,
lo8vipo,t3_1fm8zoz,t3_1fm8zoz,NorthCarolina,InternationalFailure,1726943376,2024-09-21 18:29,58,"I honestly think if a voter didn't dislike Robinson when he was talking about how some people deserved to be killed and questioning the Holocaust, I don't think they'll change their mind when it's revealed he was declaring himself to be a Black Nazi.",helene,community_discussion,
lo8vmwp,t3_1fm8zoz,t3_1fm8zoz,NorthCarolina,PuddinTamename,1726943416,2024-09-21 18:30,6,"Real rotten website. 

Absolutely love it!",helene,community_discussion,
lo8yzko,t3_1fm8zoz,t3_1fm8zoz,NorthCarolina,forever_a10ne,1726944563,2024-09-21 18:49,47,"“I was really pumping the dooky chute good,” Mark Robinson.",helene,community_discussion,
lo90pud,t3_1fm8zoz,t3_1fm8zoz,NorthCarolina,fathig,1726945165,2024-09-21 18:59,2,“Americans for Prosparody” haha!,helene,community_discussion,
lo914d0,t3_1fm8zoz,t1_lo8vipo,NorthCarolina,wahoozerman,1726945308,2024-09-21 19:01,43,"Fortunately, and unfortunately at the same time, I think some portion of the voters who weren't turned off by him questioning the Holocaust, etc, will be turned off by the fact that he likes transgender porn and peeing on his wife's sister's butthole.

Some people have messed up priorities.",helene,community_discussion,
lo91cpq,t3_1fm8zoz,t3_1fm8zoz,NorthCarolina,Packman87,1726945391,2024-09-21 19:03,4,I need a decommissioned garbage truck for times like this,helene,community_discussion,
lo97i86,t3_1fm8zoz,t3_1fm8zoz,NorthCarolina,Previous_Ring_1439,1726947565,2024-09-21 19:39,-2,Ugh…the advertising truck 🙄,helene,community_discussion,
lo98lhv,t3_1fm8zoz,t1_lo914d0,NorthCarolina,captain_intenso,1726947942,2024-09-21 19:45,16,None of his voters have bothered to read those posts that the media wasn't able to publish.,helene,community_discussion,
lo9gtu7,t3_1fm8zoz,t1_lo8rgzl,NorthCarolina,Cameronk78,1726950735,2024-09-21 20:32,5,Love it! Ha,helene,community_discussion,
lo9j09s,t3_1fm8zoz,t3_1fm8zoz,NorthCarolina,Icy-Tooth-9167,1726951448,2024-09-21 20:44,6,"Unhinged? Really? That’s the best you can do? Take the damn gloves off. Just say he’s a racist, sexist, nazi sympathizer in plain language because you can back it up with proof. If you still support the man, you’re unreachable.",helene,community_discussion,
lo9mvyi,t3_1fm8zoz,t3_1fm8zoz,NorthCarolina,dcpanthersfan,1726952760,2024-09-21 21:06,9,I saw several of his signs in yards in rural NC today. Some people are irredeemable.,helene,community_discussion,
lo9nbio,t3_1fm8zoz,t3_1fm8zoz,NorthCarolina,Just_Candle_315,1726952909,2024-09-21 21:08,6,"I thought Donald Trump was the shittiest leader the GOP put forward, but lordy I was surprised how low they could sink",helene,community_discussion,
lo9p0kb,t3_1fm8zoz,t3_1fm8zoz,NorthCarolina,Charming-Tap-1332,1726953493,2024-09-21 21:18,9,Republicans DO NOT CARE about anything that Mark Robinson has ever said or done. It's as simple as that...,helene,community_discussion,
lo9pgg9,t3_1fm8zoz,t3_1fm8zoz,NorthCarolina,OilCJohn,1726953652,2024-09-21 21:20,5,Mark Robinson is nothing more than an Uncle Tom,helene,community_discussion,
lo9xjxw,t3_1fm8zoz,t1_lo9mvyi,NorthCarolina,Dontgochasewaterfall,1726956616,2024-09-21 22:10,3,They probably don’t even watch the tv.,helene,community_discussion,
lo9z0er,t3_1fm8zoz,t3_1fm8zoz,NorthCarolina,EmiikoAkorem,1726957161,2024-09-21 22:19,1,Holy crap I'm at Fayetteville motor speedway in Mark Robinson is literally standing in front of me.,helene,community_discussion,
loa1obj,t3_1fm8zoz,t3_1fm8zoz,NorthCarolina,balloffire,1726958164,2024-09-21 22:36,2,Just checked out that website they mention there. Holy shit this guy is fucked.,helene,community_discussion,
loa7wlm,t3_1fm8zoz,t3_1fm8zoz,NorthCarolina,PlentyIndividual3168,1726960547,2024-09-21 23:15,2,So has anyone visited the website?,helene,community_discussion,
loabew6,t3_1fm8zoz,t3_1fm8zoz,NorthCarolina,HaiKarate,1726961937,2024-09-21 23:38,1,"Wasted ad, telling people to click a link for more info-as if people are going to remember seeing that truck long enough to go home and type in a link.",helene,community_discussion,
loac15a,t3_1fm8zoz,t1_lo8vipo,NorthCarolina,Heavy_Early,1726962184,2024-09-21 23:43,1,It solidifies their support.,helene,community_discussion,
loacicw,t3_1fm8zoz,t1_lo9mvyi,NorthCarolina,hearonx,1726962375,2024-09-21 23:46,3,"It is even worse when you know the people displaying the signs, and know they see themselves as upright, hardworking respectable pillars of the community. I am so tempted to get hospital urinals to hang on their signs!!!",helene,community_discussion,
loafbju,t3_1fm8zoz,t1_loacicw,NorthCarolina,dcpanthersfan,1726963500,2024-09-22 00:05,2,Oh yes. These are “good Christian people” who are “well regarded” in the community.,helene,community_discussion,
loahv1c,t3_1fm8zoz,t3_1fm8zoz,NorthCarolina,PupYasuke,1726964537,2024-09-22 00:22,3,"The messages they have on that truck are hilarious! I've seen it around a few times. I hope it shows just how ridiculous Mark Robinson is. However as a black man it is sad to see just how popular his ""morals,"" (or lack thereof), are in my community.",helene,community_discussion,
loaived,t3_1fm8zoz,t1_lo8vipo,NorthCarolina,notaspruceparkbench,1726964953,2024-09-22 00:29,8,"Once you're denying the Holocaust and declaring ""some people"" need to be killed, you've already said you're a Nazi whether or not you used the word.

It's just that there are people so inattentive that they don't catch on until it's that obvious.",helene,community_discussion,
loaj415,t3_1fm8zoz,t1_loa1obj,NorthCarolina,notaspruceparkbench,1726965050,2024-09-22 00:30,3,"The site's been up since February, going just as hard as it is now. The PAC behind it has not been fucking around.",helene,community_discussion,
loajc5g,t3_1fm8zoz,t3_1fm8zoz,NorthCarolina,dardachat,1726965143,2024-09-22 00:32,2,This is just waste of money and time. He’s lost this race already. Focus the effort on voters on fence about Trump by linking the two guys together ,helene,community_discussion,
loan98t,t3_1fm8zoz,t3_1fm8zoz,NorthCarolina,Intelligent_Level_51,1726966744,2024-09-22 00:59,4,Please go to the website 😭😭,helene,community_discussion,
loapyzb,t3_1fm8zoz,t1_lo8yzko,NorthCarolina,Actual_Sprinkles_291,1726967869,2024-09-22 01:17,3,"

ಠ_ಠ",helene,community_discussion,
loarsxs,t3_1fm8zoz,t3_1fm8zoz,NorthCarolina,koliberry,1726968631,2024-09-22 01:30,2,Don't vote for him. Easy.,helene,community_discussion,
loassmr,t3_1fm8zoz,t1_lo8vipo,NorthCarolina,justforthis2024,1726969051,2024-09-22 01:37,6,"Dems are having a real hard time accepting how far gone the MAGA movement is.

  
They have this insane and completely stupid - yes, god-damned stupid - lingering belief people are being fooled or some shit.

They're not.",helene,community_discussion,
loaxkk5,t3_1fm8zoz,t1_loassmr,NorthCarolina,Realistic-Anything-5,1726971084,2024-09-22 02:11,2,"Facts.

This leak wasn't even from the Dems it was the GOPs own oppo research.

This state should be solidly purple but the Dems insist on running the most milquetoast candidates possible, not standing up against our local issues...",helene,community_discussion,
loaypyc,t3_1fm8zoz,t1_loaived,NorthCarolina,detail_giraffe,1726971574,2024-09-22 02:19,3,This is my problem with the people saying Robinson was framed. He was framed with ... his own views?,helene,community_discussion,
lob1jc9,t3_1fm8zoz,t3_1fm8zoz,NorthCarolina,Far-Combination2874,1726972805,2024-09-22 02:40,2,Perfect marketing if that was a garbage truck,helene,community_discussion,
lob4vd2,t3_1fm8zoz,t1_loassmr,NorthCarolina,cantusethatname,1726974291,2024-09-22 03:04,3,"The entire movement is depraved. You can’t spin this shit, explain it, say I didn’t know or other such drivel. Voting for these guys is approval of their behavior from the top of the ticket to the bottom",helene,community_discussion,
loba90v,t3_1fm8zoz,t3_1fm8zoz,NorthCarolina,jeetah,1726976820,2024-09-22 03:47,0,I'll just be glad when I don't have to see the attack ad about him every morning.,helene,community_discussion,
lobc4y3,t3_1fm8zoz,t1_lo8vipo,NorthCarolina,jbeale53,1726977751,2024-09-22 04:02,5,A guy in my neighborhood that has a bunch of Trump stuff in his yard (including a huge flag with the image of Trump being carried off by secret service with “FIGHT! FIGHT! FIGHT!” Across the bottom) just put up a Robinson sign yesterday.,helene,community_discussion,
lobcwzf,t3_1fm8zoz,t1_lobc4y3,NorthCarolina,InternationalFailure,1726978155,2024-09-22 04:09,7,"""He admitted he's a Nazi, I respect him"" - your neighbor, probably",helene,community_discussion,
lobkk5q,t3_1fm8zoz,t3_1fm8zoz,NorthCarolina,aquacraft2,1726982381,2024-09-22 05:19,2,He probably with his wife's friend in there,helene,community_discussion,
locc63u,t3_1fm8zoz,t3_1fm8zoz,NorthCarolina,50sDadSays,1727000815,2024-09-22 10:26,1,This truck used to say Mark Rottenson and he had a cartoon mustache and funny parodies of his views. I guess that was too subtle so now it's just the real deal. Visit the site for an incredibly long lost of links to crap he's said. It's more than most people would expect.,helene,community_discussion,
lod8vvn,t3_1fm8zoz,t1_lo8rgzl,NorthCarolina,desertrat75,1727015977,2024-09-22 14:39,2,A subsidiary of the Kock family.,helene,community_discussion,
lodayi1,t3_1fm8zoz,t1_lo9xjxw,NorthCarolina,Bald_Nightmare,1727016706,2024-09-22 14:51,2,"Oh they do, it's just that the media that they consume just ""forgets"" to mention the bad things Republicans do, which is pretty much everything these days.",helene,community_discussion,
lodb35v,t3_1fm8zoz,t1_lo9p0kb,NorthCarolina,Bald_Nightmare,1727016750,2024-09-22 14:52,1,"Bingo. They only want one thing, to push their beliefs onto others.",helene,community_discussion,
lodccxi,t3_1fm8zoz,t1_lodayi1,NorthCarolina,Dontgochasewaterfall,1727017181,2024-09-22 14:59,2,That was a joke from Trumps comments that he the Springfield chaos on the tv! Boomer joke. But I hear ya.,helene,community_discussion,
lodujnc,t3_1fm8zoz,t3_1fm8zoz,NorthCarolina,GoldenTeeShower,1727022917,2024-09-22 16:35,1,WTF is with you folks using your phones while driving?,helene,community_discussion,
lo8rh5b,t3_1fm90ke,t3_1fm90ke,NorthCarolina,Uzumaki-OUT,1726942035,2024-09-21 18:07,2,"Homie, I think you stumbled into the wrong sub",helene,community_discussion,
lo8rogk,t3_1fm90ke,t3_1fm90ke,NorthCarolina,NorthCarolina-ModTeam,1726942099,2024-09-21 18:08,1,"Your content was removed for being irrelevant. 

- Submissions must have a **substantive** connection to the state which extends beyond the title. 

- Comments must be related to the post. 

- Moderation feedback and questions are **only** allowable via modmail.
 
Please read our [on topic guide for more information](https://www.reddit.com/r/NorthCarolina/wiki/ontopicguide).",helene,community_discussion,
lo8uxh0,t3_1fm90ke,t3_1fm90ke,NorthCarolina,Mifergas578,1726943174,2024-09-21 18:26,1,Shit doesn't make much sense. Heard of paragraphs?,helene,community_discussion,
lo96ayq,t3_1fm9xsn,t3_1fm9xsn,NorthCarolina,BullCityPicker,1726947147,2024-09-21 19:32,4,"I knew I could have been the only one to think this!  Mark Robinson is a real world Clayton Bigsby.   I just went over to YouTube and watched that skit again....oh my, it's still funny, and that's probably the tenth time I've seen it.",helene,community_discussion,
lo9yfe4,t3_1fma2n8,t3_1fma2n8,NorthCarolina,Individual_Eye4317,1726956942,2024-09-21 22:15,1,Thats near 4 seasons town centre.  Was a nice middle class area in the 70s-80s but is very ghetto now.  There used to be people getting shot in/around 4 seasons weekly.,helene,community_discussion,
loadq97,t3_1fma2n8,t3_1fma2n8,NorthCarolina,guerilla_post,1726962861,2024-09-21 23:54,3,Interactive crime map...  [https://crimegrade.org/safest-places-in-north-carolina/](https://crimegrade.org/safest-places-in-north-carolina/),helene,community_discussion,
lo97etq,t3_1fmagk2,t3_1fmagk2,NorthCarolina,UsefulEngine1,1726947532,2024-09-21 19:38,12,Wow almost 500 people watch the stream,helene,community_discussion,
lo98mtp,t3_1fmagk2,t3_1fmagk2,NorthCarolina,PuddinTamename,1726947955,2024-09-21 19:45,21,No thank you.,helene,community_discussion,
lo993rt,t3_1fmagk2,t3_1fmagk2,NorthCarolina,lrpfftt,1726948116,2024-09-21 19:48,7,I’m really curious about the turnout since NC is an important state.,helene,community_discussion,
lo9c8w6,t3_1fmagk2,t3_1fmagk2,NorthCarolina,[deleted],1726949200,2024-09-21 20:06,1,[removed],helene,community_discussion,
lo9ql69,t3_1fmagk2,t1_lo993rt,NorthCarolina,TurbulentMiddle2970,1726954058,2024-09-21 21:27,12,"It will be a decent amount. There is enough dipshit, racist fuckbags in this state. 

Still will be less than half of Kamala’s",helene,community_discussion,
lo9x7gb,t3_1fmagk2,t3_1fmagk2,NorthCarolina,[deleted],1726956487,2024-09-21 22:08,1,[deleted],helene,community_discussion,
loadjpi,t3_1fmagk2,t1_lo9ql69,NorthCarolina,lrpfftt,1726962789,2024-09-21 23:53,8,I will be so relieved when that happens.,helene,community_discussion,
lo987tr,t3_1fmb463,t3_1fmb463,NorthCarolina,RepostSleuthBot,1726947811,2024-09-21 19:43,1,"This link has been shared 1 time.

First Seen [Here](https://redd.it/1flqd0g) on 2024-09-21. 

---

**Scope:** This Sub | **Check Title:** False | **Max Age:** 0 | **Searched Links:** 0 | **Search Time:** 0.00402s",helene,community_discussion,
lo9cfeb,t3_1fmbi6u,t3_1fmbi6u,NorthCarolina,Mr_You,1726949262,2024-09-21 20:07,16,He'll probably leave the country to escape prosecution?  Russia I suspect.,helene,community_discussion,
lo9cfwa,t3_1fmbi6u,t3_1fmbi6u,NorthCarolina,whit3wind,1726949266,2024-09-21 20:07,6,When*,helene,community_discussion,
lo9ckh0,t3_1fmbi6u,t3_1fmbi6u,NorthCarolina,kcdale99,1726949311,2024-09-21 20:08,2,"Are you a bot, or a person working in a troll farm?",helene,community_discussion,
lo9cn5m,t3_1fmbi6u,t3_1fmbi6u,NorthCarolina,danimal6000,1726949336,2024-09-21 20:08,4,"A return to sane politics?

J/k that ship has sailed",helene,community_discussion,
lo9csb9,t3_1fmbi6u,t1_lo9ckh0,NorthCarolina,HaroldBaws,1726949384,2024-09-21 20:09,4,New account super-active in politics? I’m going troll.,helene,community_discussion,
lo9d95o,t3_1fmbi6u,t3_1fmbi6u,NorthCarolina,k12pcb,1726949538,2024-09-21 20:12,9,When he loses,helene,community_discussion,
lo9dt9j,t3_1fmbi6u,t1_lo9cfeb,NorthCarolina,contactspring,1726949724,2024-09-21 20:15,5,He's got Secret security that I'll bet would be happy to see him in prison.,helene,community_discussion,
lo9dx9o,t3_1fmbi6u,t3_1fmbi6u,NorthCarolina,Jgravy32,1726949761,2024-09-21 20:16,9,Here is hoping he does!,helene,community_discussion,
lo9e2db,t3_1fmbi6u,t1_lo9d95o,NorthCarolina,LordDeagan,1726949807,2024-09-21 20:16,2,I stand corrected.,helene,community_discussion,
lo9emip,t3_1fmbi6u,t3_1fmbi6u,NorthCarolina,middlingachiever,1726949992,2024-09-21 20:19,10,He’ll claim it’s rigged and assemble a mob.,helene,community_discussion,
lo9etyl,t3_1fmbi6u,t3_1fmbi6u,NorthCarolina,RhamkatteWrangler,1726950060,2024-09-21 20:21,6,"This time, the US Capitol will be protected heavily, like it should have been last time.",helene,community_discussion,
lo9euwv,t3_1fmbi6u,t1_lo9ckh0,NorthCarolina,LordDeagan,1726950069,2024-09-21 20:21,1,"I'm a real person. At least I think I am. 
Not a troll. Just trying to see what others think. 

I myself am very concerned. 
I'm afraid it will be worse than last time. 
I hope Biden has the National Guard prepared.",helene,community_discussion,
lo9f31o,t3_1fmbi6u,t1_lo9csb9,NorthCarolina,LordDeagan,1726950145,2024-09-21 20:22,-1,"So because I keep up with politics I'm a troll? 
That's just stupid.",helene,community_discussion,
lo9fhv3,t3_1fmbi6u,t1_lo9etyl,NorthCarolina,LordDeagan,1726950284,2024-09-21 20:24,0,"I sure hope you're right. 
My guess is they won't attach there again.",helene,community_discussion,
lo9g1a2,t3_1fmbi6u,t3_1fmbi6u,NorthCarolina,SpecialistProgress95,1726950469,2024-09-21 20:27,4,He’ll raise an army of MAGA’s to try and overthrow the government,helene,community_discussion,
lo9g3lw,t3_1fmbi6u,t3_1fmbi6u,NorthCarolina,Maticore,1726950490,2024-09-21 20:28,2,In the long run? My understanding is that in roughly 1.3 billion years the sun will have progressed far enough in its life cycle that life on earth will no longer be tenable due to how much hotter it'll be. This is of course no matter what happens with the climate in between now and then.,helene,community_discussion,
lo9g4yy,t3_1fmbi6u,t3_1fmbi6u,NorthCarolina,RentalGore,1726950503,2024-09-21 20:28,3,"Apart from what we already saw in 2020, I truly think he’s so old and tired and everyone is also sick of his shit, that he eventually just becomes an old man yelling at clouds.  We may need to wait a couple years, but I think it’ll happen.  The question in my head is what happens to MAGA, is couch guy their new leader?",helene,community_discussion,
lo9g9d4,t3_1fmbi6u,t3_1fmbi6u,NorthCarolina,InformalLack6051,1726950544,2024-09-21 20:29,3,I will be happy 😀,helene,community_discussion,
lo9gduy,t3_1fmbi6u,t1_lo9cfeb,NorthCarolina,Sparklingcoconut666,1726950584,2024-09-21 20:29,1,He said he would go to Venezuela,helene,community_discussion,
lo9ggd1,t3_1fmbi6u,t3_1fmbi6u,NorthCarolina,WashuOtaku,1726950608,2024-09-21 20:30,2,"The U.S. will go into a civil war and fracture into the Western Alliance, the New People's Army, the Florida Alliance, and the Loyalist States.",helene,community_discussion,
lo9incr,t3_1fmbi6u,t3_1fmbi6u,NorthCarolina,JoeB-,1726951331,2024-09-21 20:42,2,"**Short term:** Most-likely some law suits and a lot of whining, but the Capitol will be safe.  Some isolated violence may be possible, but probably nothing like J6. I am most concerned about localized efforts to fuck with election certifications, but these have a small probability of succeeding.

**Long term:** This depends on gaining Democratic majorities in both the House and Senate at the national and state levels.  This will be the only way that legislation can be enacted to protect our democratic processes.  Conservatives have no interest in a democracy.  JD Vance said as much is his recent interview with Tucker Carlson.",helene,community_discussion,
lo9jvah,t3_1fmbi6u,t3_1fmbi6u,NorthCarolina,bhamtigerfan,1726951737,2024-09-21 20:48,1,"Why is everyone on here so defensive about the Democratic Party? If someone comes on and doesn’t agree with you, you downvote them and ridicule them. If Trump loses, do you really think it’s gonna be better than the last 4 years? Most likely be the same. The reason a lot of Republicans don’t come on Reddit or this sub is because they are called bots and trolls. Instead of being able to talk as adults and discuss the issues, the Democrats want to automatically fight. 

What has happened over the last 4 years that Harris has campaigned to fix? She shouldn’t be campaigning to fix things since she had power to change them. 

What do you think will happen to the price of goods and services if Harris’ tax plan to lower taxes on families but increase corporate taxes passes in Congress? Do you think the price of those goods and services will decrease? No, they will just continue to rise and the “tax break” will be all for nothing as we know a tax return isn’t guaranteed. So you might end up screwed even more. 

Who is going to pay for the federal government to build all the houses that she proposed? It’ll be all of us. Did you work hard to make money to buy your own house or rent and put food on the table? Is it fair for us to have to pay for other’s houses to be built? It’s a question to ask yourself. 

As for Trump, he isn’t against offshore wind and clean energy. He just acknowledges that there isn’t one sure fire solution. So the combination of oil and gas with clean energy is going to be required. Did you know that it was the Obama administration who first proposed to drill off the Atlantic? It wasn’t the Republicans 

Yes, he has issues with immigration,but honestly, every administration over the past 40 years has had issues with immigration and no one can fix it. We are a nation of immigrants that took the land from Native Americans. You want to do something for the country, work to help the Native American tribes who lost their land, had families murdered, and were left with little resources as they were forced to move to different parts of the country. 

No one is innocent in this campaign. It is just as much Congress who is at fault than whomever will be President.",helene,community_discussion,power
lo9k4ja,t3_1fmbi6u,t1_lo9g4yy,NorthCarolina,mzieg,1726951824,2024-09-21 20:50,1,"Nay, tis plainly pillow guy! Retract thine slander else we shall cross cushions at dawn.",helene,community_discussion,
lo9w7ii,t3_1fmbi6u,t1_lo9jvah,NorthCarolina,middlingachiever,1726956115,2024-09-21 22:01,3,"Let me answer as a mother of a daughter. We vigilantly need to vote blue for executive and legislative office until we can restore women’s reproductive rights, either through legislative or judicial action. It got a LOT worse for us because of Trump, and it will take years to undo the damage.",helene,community_discussion,
loaz109,t3_1fmbi6u,t1_lo9w7ii,NorthCarolina,bhamtigerfan,1726971706,2024-09-22 02:21,2,Thanks for responding and I appreciate the input.,helene,community_discussion,
lod104j,t3_1fmbi6u,t3_1fmbi6u,NorthCarolina,LordDeagan,1727013108,2024-09-22 13:51,1,"Republicans:

How does it affect me?
What do I get from it? 

Democrats: 

How does it affect others? 
What do the American people get from it. 

Yes, sometimes we must help those less fortunate.

I must laugh when I see the alt-Christian-Right complain about their money going to help others. 
""What's in it for me!"", they yell.

Trump is a perfect example; Me Me Me !",helene,community_discussion,
lod3vfm,t3_1fmbi6u,t3_1fmbi6u,NorthCarolina,LordDeagan,1727014148,2024-09-22 14:09,1,"I think what bothers me the most is that Trump is saying things that are extremely unpopular. 
He keeps repeating things that have been proven lies over and over. 
My point is, he seems not to care what's happening in the polls, and I want to know why. 

It's almost like he knows that it doesn't matter how people vote, that he has something up his sleeve. 

If they can disrupt the election process, and get the outcome to be sent to the Trump Supreme Court, they, the Supreme Court, can decide the outcome of the election.

Please watch this from Rachel maddow...

https://www.tiktok.com/t/ZTFMbKWuK/",helene,community_discussion,
lod4cpb,t3_1fmbi6u,t1_lo9g1a2,NorthCarolina,LordDeagan,1727014329,2024-09-22 14:12,1,Definitely a possibility. 😡,helene,community_discussion,
lo9wam8,t3_1fmbjhk,t3_1fmbjhk,NorthCarolina,CardMechanic,1726956147,2024-09-21 22:02,54,"No Muff too Tuff
We Dive at Five",helene,community_discussion,
lo9zt80,t3_1fmbjhk,t3_1fmbjhk,NorthCarolina,Kind-City-2173,1726957461,2024-09-21 22:24,35,So embarrassing for the family but they deserve it,helene,community_discussion,
loa55n7,t3_1fmbjhk,t3_1fmbjhk,NorthCarolina,nevertfgNC,1726959474,2024-09-21 22:57,4,WTAF???,helene,community_discussion,
loabfi5,t3_1fmbjhk,t3_1fmbjhk,NorthCarolina,photog_in_nc,1726961943,2024-09-21 23:39,44,GOPee,helene,community_discussion,
loac5k2,t3_1fmbjhk,t3_1fmbjhk,NorthCarolina,reecieface1,1726962233,2024-09-21 23:43,1,I see he doesn’t have a snorkel..,helene,community_discussion,
loacasa,t3_1fmbjhk,t3_1fmbjhk,NorthCarolina,reecieface1,1726962292,2024-09-21 23:44,4,he might need that snorkel..,helene,community_discussion,
loah36r,t3_1fmbjhk,t3_1fmbjhk,NorthCarolina,CrispyDave,1726964221,2024-09-22 00:17,28,"Hard to believe this story could continue to get worse/funnier than last night, but apparently so.

I'm not even sure what I should Google about this meme if anything tbh.",helene,community_discussion,
loam6bn,t3_1fmbjhk,t3_1fmbjhk,NorthCarolina,qaf0v4vc0lj6,1726966304,2024-09-22 00:51,-47,"As a Republican who's going to vote for him, I laughed.",helene,community_discussion,
loask9p,t3_1fmbjhk,t1_loam6bn,NorthCarolina,BravoLimaDelta,1726968952,2024-09-22 01:35,36,Sad you'd elect this person your leader.,helene,community_discussion,
loawqbf,t3_1fmbjhk,t1_loask9p,NorthCarolina,PaperPasserby,1726970727,2024-09-22 02:05,-7,Checks out that you assume they voted for him.,helene,community_discussion,
loaxcyq,t3_1fmbjhk,t1_loah36r,NorthCarolina,ForLark,1726970995,2024-09-22 02:09,12,Yes I’m afraid and a little nauseous especially after also seeing that Effron Musk had another child by the stepdaughter he raised since age 4.,helene,community_discussion,
lob4zgd,t3_1fmbjhk,t3_1fmbjhk,NorthCarolina,No-Ad-3609,1726974344,2024-09-22 03:05,1,[Mark Robinson meme](https://x.com/Memeaholics_/status/1837680477106229720?t=UofgN3nTq7RshM_sU4EszA&s=09),helene,community_discussion,
lob9as5,t3_1fmbjhk,t1_loawqbf,NorthCarolina,AlternativeParty5126,1726976354,2024-09-22 03:39,8,...the post he's replying to says he's going to vote for him?,helene,community_discussion,
lobaulh,t3_1fmbjhk,t1_loaxcyq,NorthCarolina,Actual_Sprinkles_291,1726977108,2024-09-22 03:51,5,WHAT,helene,community_discussion,
lobdpjz,t3_1fmbjhk,t1_lob9as5,NorthCarolina,PaperPasserby,1726978570,2024-09-22 04:16,-1,I co.pletely misread that,helene,community_discussion,
lobf62v,t3_1fmbjhk,t1_lobaulh,NorthCarolina,ForLark,1726979355,2024-09-22 04:29,13,Yeah. Elon’s biographer said he was uncomfortable with the way Effron was interacting with the girl later when she was a 15 year old. You gotta wonder at anything than Elon thinks of a a “bridge too far.” Elon is a repugnant human. They are both repulsive.,helene,community_discussion,
loblfib,t3_1fmbjhk,t1_loaxcyq,NorthCarolina,dyslexicsuntied,1726982895,2024-09-22 05:28,6,"You mean Errol his dad. And this isn’t quite new. 

In 2022, a big piece of news came out: Elon’s dad had a child with Jana Bezuidenhout, his former wife’s daughter, in 2019. Elon found out about his half-sibling on Father’s Day in 2022. Errol, at age 77, expressed his views, saying, “The only thing we are on Earth for is to reproduce.” Errol, who already had seven kids, said, “If I could have another child I would. I can’t see any reason not to.”

The 42-year age difference between Errol and Jana is noteworthy. When Errol and Jana’s mother, Heide, got married, Jana was 4 years old. Heide and Errol were together for 18 years and had two children. But Heide already had three kids from a past marriage, and Jana was one of them.

Over the years, Errol and Jana grew close, especially when he supported her during a challenging breakup. Errol has mentioned that he never really viewed Jana as his stepdaughter.",helene,community_discussion,
locef5t,t3_1fmbjhk,t3_1fmbjhk,NorthCarolina,juiceconcentrate6,1727002298,2024-09-22 10:51,-1,Who a clown this guy is.,helene,community_discussion,
locfyxj,t3_1fmbjhk,t3_1fmbjhk,NorthCarolina,Kushpool07,1727003257,2024-09-22 11:07,2,https://x.com/JustinParmenter/status/1837448847708049846,helene,community_discussion,
locyxgv,t3_1fmbjhk,t1_loah36r,NorthCarolina,delorf,1727012368,2024-09-22 13:39,2,It's probably in relation to him being so enthusiastic about his urine covered sister-in-law. ,helene,community_discussion,
lod07uq,t3_1fmbjhk,t3_1fmbjhk,NorthCarolina,Mycowrangler,1727012860,2024-09-22 13:47,-6,Where is the hard evidence of this; How do we KNOW that was him other than some loose ties and wanting it to be so?,helene,community_discussion,
lod1taw,t3_1fmbjhk,t1_lod07uq,NorthCarolina,ostensibly_hurt,1727013375,2024-09-22 13:56,8,"Unless you wanna go data mining, [you will have to trust news outlets](https://www.politico.com/news/2024/09/20/mark-robinson-porn-website-deleted-00180319). All the posts have no been deleted AFTER this story broke, and accounts with the same username UNDER a Mark Robinson have been scrubbed. [There is a little more surrounding](https://www.theassemblync.com/politics/nc-election-governor-republican-mark-robinson-porn-allegations/) bro, anecdotally it’s the ones projecting that have the loudest most aggressive voice. [He has an AshleyMadison account though, lmao, he is 110% a sexual deviant.](https://www.timesnownews.com/world/us/us-news/north-carolina-lt-gov-mark-robinson-linked-to-ashley-madison-dating-website-for-married-people-article-113502734/amp)",helene,community_discussion,
lod1unm,t3_1fmbjhk,t1_lod1taw,NorthCarolina,AmputatorBot,1727013388,2024-09-22 13:56,1,"It looks like you shared an AMP link. These should load faster, but AMP is controversial because of [concerns over privacy and the Open Web](https://www.reddit.com/r/AmputatorBot/comments/ehrq3z/why_did_i_build_amputatorbot).

Maybe check out **the canonical page** instead: **[https://www.timesnownews.com/world/us/us-news/north-carolina-lt-gov-mark-robinson-linked-to-ashley-madison-dating-website-for-married-people-article-113502734](https://www.timesnownews.com/world/us/us-news/north-carolina-lt-gov-mark-robinson-linked-to-ashley-madison-dating-website-for-married-people-article-113502734)**

*****

 ^(I'm a bot | )[^(Why & About)](https://www.reddit.com/r/AmputatorBot/comments/ehrq3z/why_did_i_build_amputatorbot)^( | )[^(Summon: u/AmputatorBot)](https://www.reddit.com/r/AmputatorBot/comments/cchly3/you_can_now_summon_amputatorbot/)",helene,community_discussion,
lod23y6,t3_1fmbjhk,t1_loblfib,NorthCarolina,ForLark,1727013485,2024-09-22 13:58,2,It is new that it’s a second child. That’s the news part. Woody never viewed his kid as a daughter he says. Doesn’t change the grooming factor.,helene,community_discussion,
lod7hyb,t3_1fmbjhk,t1_loam6bn,NorthCarolina,JoeStyles,1727015482,2024-09-22 14:31,3,"Sad you share the same morals as this... do you pee on your wife too?

""The piss thing is more common than most people think and many want to admit. I have a FB that loves to lay on her stomach, spread open her ass, and have me piss all over her asshole and pussy. The longer and hoter the stream the more she loves it. Sometimes she lies on her back and fingers herself and whem she's about to cum she wants me to piss a hard fast stream on her clit and up her asshole. Of course I love for her to piss on me as well. Watching her asshole flex in and out while she shoots her hot piss onto my chest get me rock hard every time. Another thing she does that might seem strange is that when we hang out she will sometimes ""wear"" her pussy juice like perfume. Meaning she will smear it behind her ears, on her neck, and on her wrist so every time I get near her I smell her delightful scent.""",helene,community_discussion,
lodpwq8,t3_1fmbjhk,t1_lod07uq,NorthCarolina,Forward-Bank8412,1727021561,2024-09-22 16:12,7,"The original CNN story does a very thorough job of breaking down the trail of evidence and how it links to him. It’s irrefutable, which is why his party is running away from him as fast as they can, even in an era full of “alternative facts” and Shaggy defenses.",helene,community_discussion,
lodx2v8,t3_1fmbjhk,t3_1fmbjhk,NorthCarolina,Ok-CouchPsychologist,1727023674,2024-09-22 16:47,1,Can someone explain the joke? I don’t get the snorkel.,helene,community_discussion,
lodxxen,t3_1fmbjhk,t1_lod07uq,NorthCarolina,DashOfSalt84,1727023936,2024-09-22 16:52,3,"Honestly, the CNN Kfile article is really thorough. It's incredibly unlikely it was anyone else or some kind of magically AI plot from the future faking the data in the internet archive somehow. If it was more recent, I could definitely see it being fake but posts from 2008? Extremely unlikely. The evidence is pretty substantial, and it's entirely consistent with his rhetoric and tone. I'm pretty sure the IRL things he posted about are fantasies/stories he made up, but he definitely posted them.",helene,community_discussion,
lofia5n,t3_1fmbjhk,t3_1fmbjhk,NorthCarolina,easygimmick,1727041084,2024-09-22 21:38,2,Thanksgiving is going to be awkward this year at the Robinson house,helene,community_discussion,
lo9ohkm,t3_1fmbv7t,t3_1fmbv7t,NorthCarolina,pleasureismylife,1726953308,2024-09-21 21:15,13,"I watched the rally.  He didn't mention Robinson at all.  That's not the same thing as disavowing him though.  Trump has repeatedly endorsed this scumbag in the past.  Unless he comes out and says otherwise, I'm going to assume he still does.",helene,community_discussion,
loah8j5,t3_1fmbv7t,t3_1fmbv7t,NorthCarolina,notickeynoworky,1726964282,2024-09-22 00:18,10,"Look, Trump sucks but this article literally says “Trump will probably say…”. 

Be better than this. Be better than those you oppose. There’s plenty about Trump to actually point out. Let’s not make things up.",helene,community_discussion,
lo9khfa,t3_1fmc8z8,t3_1fmc8z8,NorthCarolina,2FightTheFloursThatB,1726951943,2024-09-21 20:52,1,"Brand new account created just to scam people for a deposit/1st month's rent. 

Reporting it now.",helene,community_discussion,
lo9ksvc,t3_1fmc8z8,t3_1fmc8z8,NorthCarolina,NorthCarolina-ModTeam,1726952053,2024-09-21 20:54,1,"Your content was removed being being spam or self-promotion. We do not allow spam, self-promotion, surveys, polls, petitions, fundraisers. event announcements, pet adoptions, job postings, or personal property sales (including event tickets). 

If you have questions, read our [spam guide](https://www.reddit.com/r/NorthCarolina/wiki/spamguide). 

Repeated violations may result in a ban.",helene,community_discussion,
lo9kw9r,t3_1fmcgl8,t3_1fmcgl8,NorthCarolina,Blanchypants,1726952085,2024-09-21 20:54,11,The chapel hill one has a shelf where they put all the extras from when bars special order. It’s pretty fun.,helene,community_discussion,
lo9mld9,t3_1fmcgl8,t3_1fmcgl8,NorthCarolina,suzanneov,1726952660,2024-09-21 21:04,7,You can also order through the ABC store.,helene,community_discussion,
lo9nmli,t3_1fmcgl8,t3_1fmcgl8,NorthCarolina,dengar69,1726953015,2024-09-21 21:10,5,Their website has a list of approved liquor you can special order. If it’s not on the list you need to drive out of the state or order online.,helene,community_discussion,
lo9qln5,t3_1fmcgl8,t1_lo9kw9r,NorthCarolina,suineg,1726954063,2024-09-21 21:27,0,The North #3 one?,helene,community_discussion,
lo9qv8i,t3_1fmcgl8,t1_lo9qln5,NorthCarolina,Blanchypants,1726954158,2024-09-21 21:29,3,The one in rams plaza :),helene,community_discussion,
lo9vxfk,t3_1fmcgl8,t3_1fmcgl8,NorthCarolina,MP5SD7,1726956012,2024-09-21 22:00,1,Has either gubernatorial candidate pledged to end the ABC monopoly?,helene,community_discussion,
lo9x0eu,t3_1fmcgl8,t3_1fmcgl8,NorthCarolina,DarkanianVoD,1726956412,2024-09-21 22:06,2,"Blantons and the like are allocated and can't be ordered. Need to get lucky at a store, buddy buddy with a store manager or the local board.",helene,community_discussion,
lo9xmvj,t3_1fmcgl8,t1_lo9vxfk,NorthCarolina,BoBromhal,1726956646,2024-09-21 22:10,3,"yes, Robinson did. Voting for him now? /s",helene,community_discussion,
lo9yz90,t3_1fmcgl8,t3_1fmcgl8,NorthCarolina,FlyingDiscsandJams,1726957148,2024-09-21 22:19,2,"Graham ABC store gets some nice whiskeys I don't see elsewhere, not crazy far from you.",helene,community_discussion,
loa2yi5,t3_1fmcgl8,t1_lo9xmvj,NorthCarolina,ActuallyYeah,1726958636,2024-09-21 22:43,5,The political chaos from electing that rabid hyena would last four years. But my new bottle of Octomore will be gone before inauguration day.,helene,community_discussion,
loa304v,t3_1fmcgl8,t1_lo9x0eu,NorthCarolina,-PM_YOUR_BACON,1726958652,2024-09-21 22:44,2,"And even with how much Blantons has blown up over the last couple of years, if you want it at all, you are going to be paying at least 50% markup out of the state (and not get it in state).",helene,community_discussion,
loa7vsy,t3_1fmcgl8,t1_loa304v,NorthCarolina,DarkanianVoD,1726960538,2024-09-21 23:15,1,Last time I went through SC a store had a bottle for $240ish.,helene,community_discussion,
load9zu,t3_1fmcgl8,t1_lo9xmvj,NorthCarolina,MP5SD7,1726962681,2024-09-21 23:51,-8,"Ending the ABC is a major interest for me, so yes.  I will vote for him if for no other reason.",helene,community_discussion,
lob58er,t3_1fmcgl8,t3_1fmcgl8,NorthCarolina,bookoforder,1726974456,2024-09-22 03:07,0,"Ours has a lottery periodically. It's pretty cool, they stock pile the unicorns and then send out an email for you to register and announce the day and time, typically a Saturday. It's fun! Parking lot is full so lots of fellowship during the lottery. 28690",helene,community_discussion,
lobbqgs,t3_1fmcgl8,t1_lo9qv8i,NorthCarolina,CarolinaCrazy91,1726977546,2024-09-22 03:59,2,"This is my “home” store and the selection is the best I’ve seen in NC. 

They will also special order anything on the NC ABC special order list, and as said above,  extras go on the ‘special order’ shelf near check out",helene,community_discussion,
lobc5te,t3_1fmcgl8,t1_lobbqgs,NorthCarolina,Blanchypants,1726977763,2024-09-22 04:02,2,That’s how I got my hands on genepy during the great chartruese shortage.,helene,community_discussion,
lobcczu,t3_1fmcgl8,t1_lo9yz90,NorthCarolina,Blanchypants,1726977866,2024-09-22 04:04,1,Shhhh,helene,community_discussion,
lobcdtr,t3_1fmcgl8,t1_lobc5te,NorthCarolina,CarolinaCrazy91,1726977878,2024-09-22 04:04,1,"Is the shortage over?  Still haven’t seen it in the Triangle. I got a bottle of Genepy too
And it’s not quite right.",helene,community_discussion,
lobdrn8,t3_1fmcgl8,t1_lobcdtr,NorthCarolina,Blanchypants,1726978602,2024-09-22 04:16,1,I got a few bottles in graham. Again shhhh,helene,community_discussion,
lockk1x,t3_1fmcgl8,t3_1fmcgl8,NorthCarolina,Past_Operation_241,1727005848,2024-09-22 11:50,2,". I stopped drinking about 1 year ago and have thought of getting rid of my collection. 

I think I have 2or 3 bottles of Blantons unopened.",helene,community_discussion,
lod1kmd,t3_1fmcgl8,t1_lob58er,NorthCarolina,sagarap,1727013299,2024-09-22 13:54,0,Shortages aren’t cool or fun. In other states you can just buy the liquor. ,helene,community_discussion,
lodaf0s,t3_1fmcgl8,t1_lockk1x,NorthCarolina,suineg,1727016517,2024-09-22 14:48,1,Sent you a DM about these.,helene,community_discussion,
loe0ull,t3_1fmcgl8,t3_1fmcgl8,NorthCarolina,G00dSh0tJans0n,1727024840,2024-09-22 17:07,1,You will never see Blantons on a shelf in NC. It’s either lottery or if they get some in (maybe one case per year per store) it’ll be sold before it can hit the shelf,helene,community_discussion,
lofav2r,t3_1fmcgl8,t1_lo9mld9,NorthCarolina,Punkmaffles,1727038660,2024-09-22 20:57,1,I mean you can also buy directly from a lot of brewers etc as well tbh O.O,helene,community_discussion,
lofqzj2,t3_1fmcgl8,t1_loe0ull,NorthCarolina,DarkanianVoD,1727044078,2024-09-22 22:27,1,I manage a store and we usually get a couple of cases for the county every 2 to 3 months. The problem is the guys sitting in the parking lot well before we open.,helene,community_discussion,
lo9nf6h,t3_1fmcqfm,t3_1fmcqfm,NorthCarolina,2FightTheFloursThatB,1726952945,2024-09-21 21:09,15,"Nope.

Mark ""Black Nazi"" Robinson is still NC BIGGEST (he he) LOSER.

#JOSH STEIN FOR GOVERNOR!",helene,community_discussion,
lo9o3w0,t3_1fmcqfm,t3_1fmcqfm,NorthCarolina,DarthRathikus,1726953179,2024-09-21 21:12,16,No. He still is.,helene,community_discussion,
lo9ozgx,t3_1fmcqfm,t3_1fmcqfm,NorthCarolina,TarHeel2682,1726953482,2024-09-21 21:18,14,Someone who could ruin every aspect of life in the state or a big football loss?  Mark Robinson is orders off magnitude worse. Stop kidding yourself,helene,community_discussion,
lo9pvbb,t3_1fmcqfm,t3_1fmcqfm,NorthCarolina,BullCityBoomerSooner,1726953800,2024-09-21 21:23,5,State got crushed too so there's that..,helene,community_discussion,
lo9pvti,t3_1fmcqfm,t3_1fmcqfm,NorthCarolina,hinju1,1726953805,2024-09-21 21:23,11,"I’d say this post places you as a strong second place for the state’s biggest disappointment. But no, Robinson is still the biggest.",helene,community_discussion,
lo9q0le,t3_1fmcqfm,t3_1fmcqfm,NorthCarolina,flailing_otter,1726953852,2024-09-21 21:24,6,"What a shit title lmao
Just post about sports if you want",helene,community_discussion,
lo9rdo3,t3_1fmcqfm,t1_lo9pvbb,NorthCarolina,Isaacleroy,1726954341,2024-09-21 21:32,3,"Giving up 70 to JMU is the equivalent to if Robinson had been caught putting ketchup on his steak. Unforgivable, embarrassing, and unacceptable. But not “I’d buy a few slaves myself” levels of depravity.",helene,community_discussion,
lo9sazt,t3_1fmcqfm,t1_lo9pvbb,NorthCarolina,TurbulentMiddle2970,1726954674,2024-09-21 21:37,2,"True, but losing on the road to a ranked Clemson’s, probably a little more respectful than getting blown out at home to an unranked James Madison",helene,community_discussion,
lo9t9yx,t3_1fmcqfm,t1_lo9ozgx,NorthCarolina,Hraka,1726955030,2024-09-21 21:43,-12,The biggest weakness Democrats have is their inability to take a joke.,helene,community_discussion,
lo9wlon,t3_1fmcqfm,t3_1fmcqfm,NorthCarolina,WashuOtaku,1726956259,2024-09-21 22:04,1,"OP broke rule 3.

Actual headline: *Three takeaways as James Madison hands North Carolina football 70-50 loss*",helene,community_discussion,
lo9wmxj,t3_1fmcqfm,t1_lo9ozgx,NorthCarolina,sagarap,1726956272,2024-09-21 22:04,2,Mark Robinson is the only man I know who can pleasure a woman’s asshole with his hot urine stream. Let’s not mince words here. He gets it done. ,helene,community_discussion,
lo9z6u8,t3_1fmcqfm,t3_1fmcqfm,NorthCarolina,NorthCarolina-ModTeam,1726957227,2024-09-21 22:20,1,"Your submission was removed due to an issue with the title. Titles must match the article headline exactly. Any commentary about a linked article should go in the comment section. Do not add editorial content to the title, and NO caps lock. This rule is for print articles only and does not apply to videos, though video titles still must accurately describe the video. The rule also applies to crossposts, EVEN IF the original post changed the title.  If a text post includes only a url and little to no discussion text then it's treated like a linked submission and must abide by this rule.",helene,community_discussion,
loab9mg,t3_1fmcqfm,t1_lo9wmxj,NorthCarolina,TarHeel2682,1726961878,2024-09-21 23:37,1,That's the most disgusting phrase I've read today. Ugh,helene,community_discussion,
loabfu1,t3_1fmcqfm,t1_lo9t9yx,NorthCarolina,TarHeel2682,1726961947,2024-09-21 23:39,1,Eh not a Democrat but if you want to play that game learn to read a room,helene,community_discussion,
loalgch,t3_1fmcqfm,t1_loabfu1,NorthCarolina,Hraka,1726966007,2024-09-22 00:46,0,"Never given a s*** about the room. a joke is a joke.   Giveen the room, it's an even better joke",helene,community_discussion,
loapdf0,t3_1fmcqfm,t1_loalgch,NorthCarolina,TarHeel2682,1726967624,2024-09-22 01:13,1,None else thinks so. High fiving yourself there,helene,community_discussion,
lo9ngcx,t3_1fmcxxc,t3_1fmcxxc,NorthCarolina,-PM_YOUR_BACON,1726952956,2024-09-21 21:09,28,"I mean the Trump campaign sent a letter to Robinson just before the news broke that he wasn’t welcome at any Trump or JD Vance campaign, so makes sense that even Trump is going to distance himself from “the proud black nazi”.",helene,community_discussion,
lo9oxys,t3_1fmcxxc,t3_1fmcxxc,NorthCarolina,Just_Candle_315,1726953467,2024-09-21 21:17,120,"I don't understand why republicans are embarrassed to associate with Robinson, aren't these just conservative values he is voicing?  Can anyone explain this to me?",helene,community_discussion,
lo9qpaz,t3_1fmcxxc,t1_lo9oxys,NorthCarolina,2FightTheFloursThatB,1726954099,2024-09-21 21:28,57,"Show me the difference between this scumbag and your everyday MAGA voter.

I'll bet no one can.",helene,community_discussion,
lo9qrqh,t3_1fmcxxc,t3_1fmcxxc,NorthCarolina,2FightTheFloursThatB,1726954123,2024-09-21 21:28,43,#JOSH STEIN FOR GOVERNOR!,helene,community_discussion,
lo9qx40,t3_1fmcxxc,t3_1fmcxxc,NorthCarolina,stainedglass333,1726954177,2024-09-21 21:29,14,"Wait. I thought loyalty was, like, a big deal to republicans.",helene,community_discussion,
lo9r82k,t3_1fmcxxc,t1_lo9ngcx,NorthCarolina,Previous_Ring_1439,1726954285,2024-09-21 21:31,19,"But it was all made up by the liberal media, so why does it matter?",helene,community_discussion,
lo9sosv,t3_1fmcxxc,t3_1fmcxxc,NorthCarolina,Charming-Tap-1332,1726954813,2024-09-21 21:40,127,"There is ABSOLUTELY NO DIFFERENCE between Mark Robinson and ANY PERSON who votes for him. 

Donald Trump and Mark Robinson are the EXACT SAME candidates with different skin colors.

#PROVE ME WRONG !!!",helene,community_discussion,
lo9stvr,t3_1fmcxxc,t3_1fmcxxc,NorthCarolina,pleasureismylife,1726954866,2024-09-21 21:41,22,"Great.  But he hasn't officially withdrawn his endorsement either:

[https://www.nbcnews.com/politics/2024-election/trump-no-plan-pull-endorsement-mark-robinson-alleged-porn-site-scandal-rcna171988](https://www.nbcnews.com/politics/2024-election/trump-no-plan-pull-endorsement-mark-robinson-alleged-porn-site-scandal-rcna171988)",helene,community_discussion,
lo9tncc,t3_1fmcxxc,t1_lo9qpaz,NorthCarolina,dengar69,1726955165,2024-09-21 21:46,39,He is black,helene,community_discussion,
lo9ugpu,t3_1fmcxxc,t1_lo9sosv,NorthCarolina,Majestic-Macaron6019,1726955465,2024-09-21 21:51,52,Robinson embraces his baldness,helene,community_discussion,
lo9v4nb,t3_1fmcxxc,t1_lo9oxys,NorthCarolina,_bibliofille,1726955713,2024-09-21 21:55,18,They already said they support him and the story that broke was fake so why not have him there? Hmm.,helene,community_discussion,
lo9v7p2,t3_1fmcxxc,t3_1fmcxxc,NorthCarolina,Mr_1990s,1726955744,2024-09-21 21:55,-2,"That’s odd.

What happened?",helene,community_discussion,
lo9wujk,t3_1fmcxxc,t3_1fmcxxc,NorthCarolina,WashuOtaku,1726956351,2024-09-21 22:05,5,Dementia is more common at that age.,helene,community_discussion,
lo9x5zr,t3_1fmcxxc,t1_lo9qx40,NorthCarolina,Scoopdoopdoop,1726956471,2024-09-21 22:07,5,Only loyalty to their golden god trump,helene,community_discussion,
lo9xjtk,t3_1fmcxxc,t3_1fmcxxc,NorthCarolina,AccomplishedWar8634,1726956615,2024-09-21 22:10,2,You know Even better than ML the King ????,helene,community_discussion,
lo9z04k,t3_1fmcxxc,t1_lo9r82k,NorthCarolina,carbonite_dating,1726957158,2024-09-21 22:19,4,"Yeah it's super strange that they would take such drastic measures to distance themselves from a totally innocent and blameless man who is being targeting by the left-wing extremists at {checks notes}...


CNN.",helene,community_discussion,
lo9z6d8,t3_1fmcxxc,t1_lo9r82k,NorthCarolina,-PM_YOUR_BACON,1726957222,2024-09-21 22:20,15,I think he said it was time traveling AI or something.,helene,community_discussion,
lo9zgwr,t3_1fmcxxc,t1_lo9sosv,NorthCarolina,despitegirls,1726957334,2024-09-21 22:22,10,"Based on those leaked postings, I feel like there might be *some* differences. I'm not sure everyone's wife's sister has the same qualities that Mark's wife's does.",helene,community_discussion,
lo9zq1x,t3_1fmcxxc,t1_lo9tncc,NorthCarolina,SadPanthersFan,1726957429,2024-09-21 22:23,34,"*No I’m not!*

-Mark “Uncle Ruckus” Robinson",helene,community_discussion,
loa0s3a,t3_1fmcxxc,t3_1fmcxxc,NorthCarolina,Ok_Activity7255,1726957830,2024-09-21 22:30,8,"I find it sad, sick and very disappointing that people feel that CNN is making this up just to make the democrats look good. Accountability is a trait that leaders need to have and clearly those people like the Polk and Mecklenburg County GOP feel that people don’t need to have ethical leadership. Or they are so blind to see reality. 

This fake news crap needs to stop it’s damaging and most of us who are independent have had enough of crazy.",helene,community_discussion,
loa14tu,t3_1fmcxxc,t1_lo9zq1x,NorthCarolina,dengar69,1726957961,2024-09-21 22:32,9,"Yes, you are!!  You are the BLACK NAZI!!!",helene,community_discussion,
loa1aan,t3_1fmcxxc,t3_1fmcxxc,NorthCarolina,mikerichh,1726958019,2024-09-21 22:33,3,Surprised he didn’t try and double down and say there are lies about him made by AI and not to believe it or something,helene,community_discussion,
loa1ohk,t3_1fmcxxc,t3_1fmcxxc,NorthCarolina,Shomer_Effin_Shabbas,1726958166,2024-09-21 22:36,9,"Before you know it, Trump is going to start saying he never met the guy.",helene,community_discussion,
loa2ddo,t3_1fmcxxc,t3_1fmcxxc,NorthCarolina,9surfer,1726958423,2024-09-21 22:40,5,"Ya know,  this is like a governor that didn’t get re elected,  who also was affiliated with trump. Hmm.",helene,community_discussion,
loa2rdr,t3_1fmcxxc,t3_1fmcxxc,NorthCarolina,RutherfordRevelation,1726958565,2024-09-21 22:42,7,Not a peep about the guy over on r/conservative,helene,community_discussion,
loa6kzk,t3_1fmcxxc,t1_lo9z6d8,NorthCarolina,Kradget,1726960027,2024-09-21 23:07,6,That explains that guy that rolled into Jake's in 2007 talking about he needed somebody's clothes and bike...,helene,community_discussion,
loa6uuu,t3_1fmcxxc,t1_lo9ngcx,NorthCarolina,wikithekid63,1726960136,2024-09-21 23:08,1,"No way, do you have a source for that?",helene,community_discussion,
loa7zfz,t3_1fmcxxc,t1_lo9tncc,NorthCarolina,dburr10085,1726960577,2024-09-21 23:16,6,Tyrone Biggums,helene,community_discussion,
loa8dn0,t3_1fmcxxc,t3_1fmcxxc,NorthCarolina,qsnoodles,1726960732,2024-09-21 23:18,1,"So my friend and I were joking about Mark Robinson, and my friend says, “If you notice, he referred to himself in the third person. When somebody does that, there’s always something weird going on.”

(I looked it up, and it’s true. His quote was, “Let me reassure you: The things that you will see in that story, those are not the words of Mark Robinson.” The cite is at the end of this comment.)

So then I jokingly replied, “You think he’s got some kind of weird alter ego, like a raunchy superhero? ‘By day he’s a mild-mannered Lieutenant Governor, but at night he puts on a dirty cape and becomes PEE-UP-YOUR-BUTT-MAN!’”

(Ha ha, lame joke.)

Then I was like, “Or maybe he’s like Flip Wilson, ‘The devil made me do it!’” (Link is below if you don’t know what I’m talking about it.)

I was joking … but as SOON as I said it, a lightbulb went off in my head: that actually sounds like a possible scenario. Like, I could totally see him being so crazy in the head that he’s attributing his comments to the devil or a demon or some other alternate-persona weirdness that I don’t even want to think about, and in his mind, “those are not the words of Mark Robinson.”

Maybe I’m just overthinking this (yuck); maybe he was just being grandiose and pompous by referring to himself in the third person. And maybe he’s just straight-up fuckin’ lying, pardon my French. But if you wanted to deny an accusation like that, wouldn’t you say “_I_ _NEVER_ wrote that stuff,” with HUGE emphasis on the words “I” or “never”? Or at least something along those lines? Instead we get, “Those are not the words of Mark Robinson.”

This is pure speculation, but I have to wonder.

News article with the quote:
https://www.nbcnews.com/news/amp/rcna171860

Flip Wilson reference:
https://youtu.be/5kaiLcwHXB4",helene,community_discussion,
loa8w4i,t3_1fmcxxc,t3_1fmcxxc,NorthCarolina,chica6burgh,1726960934,2024-09-21 23:22,-2,Why would he?,helene,community_discussion,
loacb8p,t3_1fmcxxc,t1_lo9sosv,NorthCarolina,DenseHole,1726962297,2024-09-21 23:44,0,"> ANY PERSON who votes for him

Well this part is factually wrong because everyone doesn't have perfect information. Jeff Jackson told us Wheel of Fortune decides elections.

https://www.reddit.com/r/jeffjackson/comments/1eyo767/you_simply_would_not_believe_how_powerful_shows/",helene,community_discussion,
loaehf4,t3_1fmcxxc,t3_1fmcxxc,NorthCarolina,profbraddock,1726963164,2024-09-21 23:59,4,"""Never heard of him.  Yeah, there are photos of me and him but I take pictures with a lot of people""  ""Wait, you say that's what I said about Lev Parnas?  And several hundred other felons and miscreants? """,helene,community_discussion,
loaeslg,t3_1fmcxxc,t1_lo9qx40,NorthCarolina,profbraddock,1726963287,2024-09-22 00:01,7,"I think the word is ""fealty"", defined as ""formal [acknowledgement](https://www.google.com/search?sca_esv=5a20e3b79a064c59&sca_upv=1&rlz=1C1PNJB_enUS998US1036&q=acknowledgement&si=ACC90nxbGKaGCVspwxvAd4dU9Rvh6ZSppGb-_KHQ4IrsfPMRhpuIF4umEy7znmF7gAuRIf_KXCDhbNprEkBAFjEoVjtBLccEAEMdxL9ZiwvNlv7VUN5PXtpvZnxJXydgUrwu-jNxyMOe&expnd=1&sa=X&sqi=2&ved=2ahUKEwjnnKG4n9WIAxV-l4kEHQ8qGicQyecJegQIPxAS) of loyalty to a lord.""  Lord Trump.",helene,community_discussion,
loag79p,t3_1fmcxxc,t1_loa2ddo,NorthCarolina,attachedtothreads,1726963857,2024-09-22 00:10,2,"The one term governor and mayor of NC and a city, respectively? What's his name? I've forgotten it.",helene,community_discussion,
loagkv5,t3_1fmcxxc,t1_loag79p,NorthCarolina,9surfer,1726964012,2024-09-22 00:13,2,Exactly.,helene,community_discussion,
loagocx,t3_1fmcxxc,t1_lo9z6d8,NorthCarolina,Dio_Ludicolo,1726964052,2024-09-22 00:14,3,If we had Terminators I think they’d do more than just post porn comments lol,helene,community_discussion,
loaiv39,t3_1fmcxxc,t3_1fmcxxc,NorthCarolina,patbagger,1726964949,2024-09-22 00:29,-2,Did Harris or Walz mention Josh Stein? - I didn't hear any of those speeches from the last few day's.,helene,community_discussion,
loal3az,t3_1fmcxxc,t1_loaiv39,NorthCarolina,notaspruceparkbench,1726965858,2024-09-22 00:44,13,Stein took the stage at Harris' most recent rally in NC.,helene,community_discussion,
loalks4,t3_1fmcxxc,t3_1fmcxxc,NorthCarolina,koliberry,1726966058,2024-09-22 00:47,3,"He has been trailing the Trump v Harris percentage-wise so lots of voters have not been interested in him before all of this. Not the same monolith bloc that the Democrats have. He is very unpopular with the most important voting block, right leaning Independents who will skip both he an Stein.  They all are voting for Trump, this will have no affect. Not uncommon for NC to split Federal/State races.  Josh Stein will win but his totals will be out of sync with the POTUS totals.",helene,community_discussion,
loaovz0,t3_1fmcxxc,t1_loa8w4i,NorthCarolina,NoG00dUsernamesLeft,1726967421,2024-09-22 01:10,8,"Because he's running for the state governor as the republican nominee. If this story was fake (as Mark is falsely claiming), trump should be defending him. Sounds like they know it's true and want to distance themselves from his craziness. Harris had Stein on stage at a rally in NC.",helene,community_discussion,
loapwi5,t3_1fmcxxc,t1_loaovz0,NorthCarolina,chica6burgh,1726967841,2024-09-22 01:17,2,"Well duh and in light of the last 3 days it’s no wonder he would distance himself. Of course he isn’t going to mention Robinson now 

I’m praying for the day that he denounces him but of course. Can’t denounce him because they’re basically the same person",helene,community_discussion,
loaq9c6,t3_1fmcxxc,t3_1fmcxxc,NorthCarolina,Classic-Yogurt32,1726967987,2024-09-22 01:19,6,"Imagine being such a degenerate, so vile so disgusting that even Trump abandons you? But not vile enough for the NCGOP?",helene,community_discussion,
loaucg0,t3_1fmcxxc,t1_lo9sosv,NorthCarolina,CompleteSherbert885,1726969714,2024-09-22 01:48,3,You listed the single -- but crucially important -- difference everyone is up in arms over Mark Robinson: his very dark skin.,helene,community_discussion,
loawp1a,t3_1fmcxxc,t3_1fmcxxc,NorthCarolina,carolebaskin93,1726970712,2024-09-22 02:05,-1,Boys we did it,helene,community_discussion,
loayggx,t3_1fmcxxc,t3_1fmcxxc,NorthCarolina,NedThomas,1726971461,2024-09-22 02:17,4,Imagine being such a catastrophic piece of shit that Trump doesn’t want you around.,helene,community_discussion,
lob3pns,t3_1fmcxxc,t1_lo9sosv,NorthCarolina,belliJGerent,1726973764,2024-09-22 02:56,9,"I reckon they’d both probably buy slaves if they were allowed to.  Only one has stated that, though.",helene,community_discussion,
lob85tl,t3_1fmcxxc,t1_lo9x5zr,NorthCarolina,Kradget,1726975813,2024-09-22 03:30,3,"Dude is brass, at best.",helene,community_discussion,
lob8a8y,t3_1fmcxxc,t1_loa0s3a,NorthCarolina,Kradget,1726975870,2024-09-22 03:31,3,"Wat.


Which thing are we saying is fake, here?",helene,community_discussion,
lob8go8,t3_1fmcxxc,t1_lo9v7p2,NorthCarolina,Kradget,1726975952,2024-09-22 03:32,3,A bunch of things he already said into a microphone had also been written down,helene,community_discussion,
lob9cei,t3_1fmcxxc,t1_lo9sosv,NorthCarolina,HashRunner,1726976375,2024-09-22 03:39,8,"Exactly.

Trump and Robinson are the same.

Republicans simply have no shame and will sell their souls for trump because they are a cult.",helene,community_discussion,
lobb7ox,t3_1fmcxxc,t1_loaq9c6,NorthCarolina,BlewCrew2020,1726977282,2024-09-22 03:54,1,Tillis is pressuring him to sue or step down,helene,community_discussion,
loc12d7,t3_1fmcxxc,t1_loa0s3a,NorthCarolina,AlftheNwah,1726993133,2024-09-22 08:18,-3,"We would likely agree on basically everything, but you cannot trust mainstream news sources in this day and age. As far as I'm concerned, Operation Mockingbird never ended.  We're moving into an era where you truthfully cannot trust anything you see on the internet/TV/etc. Everybody has an agenda, and it's pretty easy to figure out where it's coming from when you discover who's lining their pockets. A night of study will show you all of what I've said above. I'm not going to act like I have a solution to this problem; instead I fear that no one does. What I do know is that Harris or Trump, no one at the top of the ladder really cares about you. We're all statistics to the men and women in the silver tower.",helene,community_discussion,
loc7wuf,t3_1fmcxxc,t1_loapwi5,NorthCarolina,justforthis2024,1726997887,2024-09-22 09:38,1,You mean in light of Robinson being held accountable for what he did?,helene,community_discussion,
loccait,t3_1fmcxxc,t1_loaucg0,NorthCarolina,PPShooter69rip,1727000895,2024-09-22 10:28,1,And his tinysoldier,helene,community_discussion,
locv4j6,t3_1fmcxxc,t1_loa6kzk,NorthCarolina,JoeStyles,1727010814,2024-09-22 13:13,3,"I need your clothes, your boots, and your motorcycle",helene,community_discussion,
locv992,t3_1fmcxxc,t1_locv4j6,NorthCarolina,Kradget,1727010870,2024-09-22 13:14,1,That's him! Do you know him??,helene,community_discussion,
locvaj9,t3_1fmcxxc,t1_loc12d7,NorthCarolina,JoeStyles,1727010884,2024-09-22 13:14,3,Yes but CNN is not putting their neck out like this if it was not true.,helene,community_discussion,
locvcyk,t3_1fmcxxc,t1_loa8w4i,NorthCarolina,JoeStyles,1727010912,2024-09-22 13:15,1,Because that's what Republicans do they endorse each other at their rallies,helene,community_discussion,
lod6bca,t3_1fmcxxc,t1_lo9v4nb,NorthCarolina,ribsforbreakfast,1727015053,2024-09-22 14:24,2,"State level GOP is staying behind him, Trump campaign is trying to sever the ties based on the story that broke.",helene,community_discussion,
lod941c,t3_1fmcxxc,t1_locv992,NorthCarolina,JoeStyles,1727016058,2024-09-22 14:40,1,I love that scene,helene,community_discussion,
lodevqm,t3_1fmcxxc,t1_lob8go8,NorthCarolina,chica6burgh,1727018036,2024-09-22 15:13,2,"I think this is the most infuriating part of it all for me. Out of ALL the heinous things we have video of, they’re now not ok with him? Was it the sister in law? Was it the peeing? Was it the addition to being a peeper? I truly want to know which specific thing was ultimately too egregious for the GOP to stomach?",helene,community_discussion,
lodgcqd,t3_1fmcxxc,t1_lodevqm,NorthCarolina,Kradget,1727018530,2024-09-22 15:22,1,It was being publicly inconvenient.,helene,community_discussion,
lodv21v,t3_1fmcxxc,t1_lob9cei,NorthCarolina,chica6burgh,1727023066,2024-09-22 16:37,-4,"I’m so tired of this rhetoric. Not all republicans are brainwashed dolts. 

I’m beginning to think it’s the democrats who are suffering from mass hypnosis. At least I, as a Republican, can choose to vote for who ever the hell I want. 

It won’t be Trump. And it was never going to be Mark Robinson and it sure as fuck isn’t going to be Harris either. 

Democrats running around talking about Republicans spewing nothing but hate but somehow overlooking the fact that Democrats have made 2 assassination attempts on a former US President and current candidate. 

But somehow that’s ok. Because…republicans are bad. 

This divisive bullshit has to stop. We are all just pawns in their (both parties) game. Name one legitimate thing ANY party has done in the last 20 years that has actually made our lives better.",helene,community_discussion,
lodx57t,t3_1fmcxxc,t1_lo9v4nb,NorthCarolina,LukeyTarg2,1727023695,2024-09-22 16:48,1,"There's a difference between STATE GOP and NATIONAL GOP, the state GOP supported him.",helene,community_discussion,
lodxzkg,t3_1fmcxxc,t1_lo9sosv,NorthCarolina,LukeyTarg2,1727023955,2024-09-22 16:52,1,"In character? Sure, both are terrible individuals, but Trump has IQ enough to try to sugarcoat his evil doings. Trump by example backs down on abortions despite his clear instance on the matter, he still has some sort of filter, which helps him avoid scandals over using the n word. Trump showcases additional wits by cutting short his statements on women and LGBT, an acknowledge that he needs uneducated poor IQ members of these demographics to vote for him, not just white dudes and mentally complex black men.",helene,community_discussion,
loe0wpm,t3_1fmcxxc,t1_lodxzkg,NorthCarolina,Charming-Tap-1332,1727024858,2024-09-22 17:07,1,"Fair enough. There are definitely those suttle differences, but the end desire is that both candidates seek to control the personal lives of their constituents on topics that they themselves have regularly and openly partaken in.",helene,community_discussion,
loefzrw,t3_1fmcxxc,t1_lodv21v,NorthCarolina,HashRunner,1727029275,2024-09-22 18:21,5,"Then fix your fucking party.

I was republican, registered and voted as such for years until I realized they jumped the shark with Obama and hadnt really done a damn thing to benefit anyone but themselves since before Reagan. It's just brainwashing and outrage porn to a base that is either ignorant, malevolent or both.

You and your party are supporting a rapist, a traitor, a fraud and the epitome of old, incompetent , out of touch, 'elite' and the best you can come up with is ""no actually dems are the problem"". 

Between the ACA making it so that people couldn't be deemed uninsurable fle their lifetime, the CHIPS and Science Act provided $52 billion to build factories and create institutions to make computer chips domestically, $1 trillion infrastructure package that not only replaced aging infrastructure, expanded internet access for those in need and expanded green initiatives to combat climate change. All in the last 20 years and meanwhile Republicans did what, more unfunded tax cut primarily benefitting the wealthy and corporations (with inflation rising just a few years later and adding trillions in debt?). Not that you care since all you appear to parrot is 'bothsides' nonsense.

Try getting your head out of the sand, start paying attention and stop requiring others to explain it to you while you parrot the same standard bullshit.",helene,community_discussion,
loetlzc,t3_1fmcxxc,t1_loefzrw,NorthCarolina,chica6burgh,1727033381,2024-09-22 19:29,-1,"It isn’t my party. It is “a party” 

If I had my way there would be at least a 3rd rationale and reasonable choice but there isn’t 

Meanwhile I’ll just keep voting for all the of the good and abstaining from voting for the utterly despicable 

Your unhinged response only solidifies everything I feel about this absolute entire circle jerk the republicans and the democrats have created",helene,community_discussion,
lofa774,t3_1fmcxxc,t1_lodv21v,NorthCarolina,[deleted],1727038451,2024-09-22 20:54,1,[removed],helene,community_discussion,
lofeg1t,t3_1fmcxxc,t1_loetlzc,NorthCarolina,HashRunner,1727039821,2024-09-22 21:17,2,"If you're 56 you should have more common sense than you've shown.

All you've managed is word salad with no coherent policy, plan or argument. 

Essentially all you've displayed is ""old man yells at clouds"", hopefully you manage better before you fall off into obscurity and irrelevance.",helene,community_discussion,
lofoiq4,t3_1fmcxxc,t1_lofeg1t,NorthCarolina,chica6burgh,1727043222,2024-09-22 22:13,-1,"And all you’ve shown is wasteful spending 

I guess we’re even",helene,community_discussion,
lo9u56k,t3_1fmd84m,t3_1fmd84m,NorthCarolina,2FightTheFloursThatB,1726955347,2024-09-21 21:49,3,Call the main office in Raleigh.,helene,community_discussion,
lo9xt2y,t3_1fmd84m,t3_1fmd84m,NorthCarolina,BoBromhal,1726956709,2024-09-21 22:11,2,I'd check the DMV website.,helene,community_discussion,
lob0ids,t3_1fmdin5,t3_1fmdin5,NorthCarolina,NorthCarolina-ModTeam,1726972355,2024-09-22 02:32,1,"Your content was removed for being irrelevant. 

- Submissions must have a **substantive** connection to the state which extends beyond the title. 

- Comments must be related to the post. 

- Moderation feedback and questions are **only** allowable via modmail.
 
Please read our [on topic guide for more information](https://www.reddit.com/r/NorthCarolina/wiki/ontopicguide).",helene,community_discussion,
lof70kj,t3_1fme3kx,t3_1fme3kx,NorthCarolina,KulaanDoDinok,1727037457,2024-09-22 20:37,2,"Call the clerks office, not reddit",helene,community_discussion,
loa1873,t3_1fmeiyd,t3_1fmeiyd,NorthCarolina,shed1,1726957998,2024-09-21 22:33,10,The final score may give the appearance that the game was a shootout. It was not.,helene,community_discussion,
loa2egw,t3_1fmeiyd,t3_1fmeiyd,NorthCarolina,Just_Candle_315,1726958434,2024-09-21 22:40,1,What a crazy basketball game!,helene,community_discussion,
loa7vov,t3_1fmeiyd,t3_1fmeiyd,NorthCarolina,taco-bake,1726960537,2024-09-21 23:15,1,They just scored again,helene,community_discussion,
loaaibz,t3_1fmeiyd,t3_1fmeiyd,NorthCarolina,TurbulentMiddle2970,1726961576,2024-09-21 23:32,5,It was 53-21 at halftime. UNC at home…..against unranked JMU,helene,community_discussion,
loaehjj,t3_1fmeiyd,t3_1fmeiyd,NorthCarolina,BIackfjsh,1726963166,2024-09-21 23:59,1,Shootout?,helene,community_discussion,
lobf89o,t3_1fmeiyd,t3_1fmeiyd,NorthCarolina,WarningCodeBlue,1726979387,2024-09-22 04:29,1,Mack Brown's fat ass needs to retire.,helene,community_discussion,
lodeuyk,t3_1fmeiyd,t3_1fmeiyd,NorthCarolina,JoeStyles,1727018028,2024-09-22 15:13,1,Even worse that Gardner-Webb held JMU to only 13 points in the game before LOL,helene,community_discussion,
loa8slg,t3_1fmf4wu,t3_1fmf4wu,NorthCarolina,sandyshuz,1726960895,2024-09-21 23:21,13,That is a sand spur. The only way I know to remove them is to pull out the plant and roots.,helene,community_discussion,
loa9gcr,t3_1fmf4wu,t3_1fmf4wu,NorthCarolina,Night-The-Demon,1726961159,2024-09-21 23:25,3,"I think uprooting or ignoring them is the best solution, poison is pretty terrible. My own dog has never had an issue with them",helene,community_discussion,
loaa0jc,t3_1fmf4wu,t3_1fmf4wu,NorthCarolina,gniwlE,1726961383,2024-09-21 23:29,7,"Keep your yard mowed. They need to get to a certain height to seed out (make burrs), so if you keep them mowed down they won't be a problem. 

However, if you want to let your land go wild (e.g. pollinator gardens, etc.), they are just a thing you need to learn to deal with.",helene,community_discussion,
loab683,t3_1fmf4wu,t3_1fmf4wu,NorthCarolina,ricecakes101,1726961841,2024-09-21 23:37,-6,Oh look another transplant … smh… leave the “sticky burrs” alone,helene,community_discussion,
loaeu7c,t3_1fmf4wu,t3_1fmf4wu,NorthCarolina,ShorebreakOBX,1726963305,2024-09-22 00:01,1,"Target 6 Plus, or any product with MSMA",helene,community_discussion,
loamjde,t3_1fmf4wu,t3_1fmf4wu,NorthCarolina,lion8me,1726966450,2024-09-22 00:54,1,"If it bleeds, we can kill it   🤭",helene,community_discussion,
loasa3b,t3_1fmf4wu,t1_loab683,NorthCarolina,Particular-Mix5480,1726968832,2024-09-22 01:33,5,nobody calls the sticky burrs.... where the heck You from?,helene,community_discussion,
loascpp,t3_1fmf4wu,t3_1fmf4wu,NorthCarolina,Particular-Mix5480,1726968864,2024-09-22 01:34,1,nuclear fallout might help slow them down.,helene,community_discussion,
lob7p12,t3_1fmf4wu,t1_loa9gcr,NorthCarolina,colexian,1726975593,2024-09-22 03:26,3,"I've had some thicker furred dogs and they get stuck all in them, especially their mane area when they lean over and sniff. Have had to cut them out.",helene,community_discussion,
lob81g5,t3_1fmf4wu,t1_lob7p12,NorthCarolina,Night-The-Demon,1726975755,2024-09-22 03:29,1,"Ah, mine is a French bulldog with short hair",helene,community_discussion,
lob8v0f,t3_1fmf4wu,t1_loasa3b,NorthCarolina,ricecakes101,1726976141,2024-09-22 03:35,-1,Wilmington actually,helene,community_discussion,
loc6ce7,t3_1fmf4wu,t3_1fmf4wu,NorthCarolina,ZeroVerve,1726996787,2024-09-22 09:19,1,Mowing regularly helps manage them. But pulling them up by the root works great once they get that big. Look up “Grampa’s Weeder - The Original Stand Up Weed Puller Tool”. It’s very effective at getting at the root. Remember to throw away the plant after you pull it up.,helene,community_discussion,
loal1ga,t3_1fmfymc,t3_1fmfymc,NorthCarolina,McLuvin1589,1726965837,2024-09-22 00:43,-2,Any black people in Asheville or does he not attract the black vote?,helene,community_discussion,
loalsjn,t3_1fmfymc,t1_loal1ga,NorthCarolina,untrustableskeptic,1726966146,2024-09-22 00:49,15,"It's a pretty damn white town. It's the second whitest city in NC after Charlotte at 78% caucasion. Honestly a huge part of the crowd was older liberals in their 50s or 60s.

My black friends in the area feel comfortable and safe enough here, but we're severely lacking diversity.

We had a Cali-Mexican band play at this venue a few years back, and we did have a huge turnout of PoC, so maybe Tim does just connect more with white people.",helene,community_discussion,
loay4ez,t3_1fmfymc,t1_loalsjn,NorthCarolina,Difficult-Eggplant17,1726971318,2024-09-22 02:15,0,New Orleans is lacking in diversity,helene,community_discussion,
lob07fz,t3_1fmfymc,t3_1fmfymc,NorthCarolina,NorthCarolina-ModTeam,1726972221,2024-09-22 02:30,1,"Your content was removed due to it being a duplicate submission. Articles may be similar, or report on the same subject from different sources.  Rehosted content between different domains or updated versions of previously submitted articles will be removed unless the update adds significant information that is not accessible from the original link.",helene,community_discussion,
loagmvr,t3_1fmg8d1,t3_1fmg8d1,NorthCarolina,HG_Shurtugal,1726964035,2024-09-22 00:13,31,Good,helene,community_discussion,
loaiap3,t3_1fmg8d1,t3_1fmg8d1,NorthCarolina,notyomamasusername,1726964718,2024-09-22 00:25,65,It's a shame the GOP will do another override.,helene,community_discussion,
lobf4lx,t3_1fmg8d1,t3_1fmg8d1,NorthCarolina,WarningCodeBlue,1726979332,2024-09-22 04:28,-46,Expected decision and proves how weak Cooper is on immigration. Thankfully this gets overridden.,helene,community_discussion,
lobsir9,t3_1fmg8d1,t1_loaiap3,NorthCarolina,Phi87,1726987372,2024-09-22 06:42,21,It is terrible. The voucher thing is just robbery. Nothing else.,helene,community_discussion,
lobtr17,t3_1fmg8d1,t3_1fmg8d1,NorthCarolina,PuddinTamename,1726988174,2024-09-22 06:56,22,"The voucher system is leaving too many kids with poor education and an unrealistic view if reality. 

Recently met a 12 year old who's never attended a day of school. They simply pretend she does. We were going to call DSS. But Mom and child moved somewhere, further south.",helene,community_discussion,
locetsf,t3_1fmg8d1,t1_loaiap3,NorthCarolina,SenseiT,1727002557,2024-09-22 10:55,29,"Yeah, I appreciate the effort, but our gerrymandered ass state is going to override him. Remember that next month",helene,community_discussion,
locjelv,t3_1fmg8d1,t1_locetsf,NorthCarolina,Bluey-Dad1987,1727005233,2024-09-22 11:40,1,Question about overrides. So say the Governor implements something. Then it goes to the GA. Do they have only one shot to vote on a veto? Can say the GA says yes but then wants to veto it later can they?,helene,community_discussion,
locx9w1,t3_1fmg8d1,t1_lobf4lx,NorthCarolina,Kradget,1727011705,2024-09-22 13:28,4,"Lol, that's a funny way to spell ""didn't sign legislation handing sheriffs the power to unconditionally detain people.""",helene,community_discussion,power
lod74bu,t3_1fmg8d1,t3_1fmg8d1,NorthCarolina,baltbum,1727015346,2024-09-22 14:29,23,"Tell me that this is not double taxation. We pay federal taxes for ICE. We pay State taxes for the Sheriffs department. We our Sheriffs assist ICE, they are not reimbursed by ICE for their service. Such as overtime pay, fuel cost, meals, etc.

We pay taxes for our public schools. To take our tax dollars and give it to private schools is basically stealing from the tax payer. This is really bad in Tennessee. The private schools are really nice, the teachers are well paid and the class sizes are smaller.",helene,community_discussion,
loea7lh,t3_1fmg8d1,t3_1fmg8d1,NorthCarolina,Kittygoespurrrr,1727027569,2024-09-22 17:52,1,"Can someone explain to me why school choice is so contentious in the US despite its popularity and successful implementation in other countries such as Belgium, the Netherlands, Sweden, Denmark, and many others?",helene,community_discussion,
loeg3nb,t3_1fmg8d1,t1_loea7lh,NorthCarolina,JediMasterChron,1727029306,2024-09-22 18:21,12,"This will take funding from the public school system and give it to mostly religious private and charter schools with little oversight.

It's not about school choice it's about making the public school system fail and to privatize it. It also bypasses separation of church and state.",helene,community_discussion,
loexcrn,t3_1fmg8d1,t1_loeg3nb,NorthCarolina,Kittygoespurrrr,1727034502,2024-09-22 19:48,3,So you be for school choice if it was setup like they do in other places such as Europe?,helene,community_discussion,
lof4oq6,t3_1fmg8d1,t3_1fmg8d1,NorthCarolina,BucktoothSloth,1727036726,2024-09-22 20:25,-4,I understand the overall issue with this but this bill would also help us afford school for our autistic son.  Public school isn't working and we had hoped to get him into a school specializing in autistic kids. This bill would've provided the funds needed to supplement the cost.  Autistic boy starting a public middle school.  Not cool.,helene,community_discussion,
lof83kz,t3_1fmg8d1,t3_1fmg8d1,NorthCarolina,TehVampy,1727037796,2024-09-22 20:43,6,"NC GOP doesn't want to alleviate student debt saying they don't want to pay for someone else's education. 

Why do I have have to pay for Republicans kids private school tuition with my taxes?",helene,community_discussion,
lofbo78,t3_1fmg8d1,t1_loexcrn,NorthCarolina,JediMasterChron,1727038917,2024-09-22 21:01,3,"I'm not familiar with school choice in regards to some European countries, but in general I believe the public school systems should be a mix of students from all walks of life, we have a big class divide that's too much as it is. I don't believe a voucher system will achieve that, especially in America where it is being used in such a way.",helene,community_discussion,
lofbq3e,t3_1fmg8d1,t3_1fmg8d1,NorthCarolina,Inphexous,1727038933,2024-09-22 21:02,6,Vote. They're just funneling money at this point.,helene,community_discussion,
loak8dx,t3_1fmg9e8,t3_1fmg9e8,NorthCarolina,contactspring,1726965507,2024-09-22 00:38,-4,Little to late isn't it?,helene,community_discussion,
loalky1,t3_1fmg9e8,t1_loak8dx,NorthCarolina,Environmental_Type23,1726966060,2024-09-22 00:47,20,It’s never too late to reclaim something that was never really gone.,helene,community_discussion,
lobtd3c,t3_1fmgg04,t3_1fmgg04,NorthCarolina,PuddinTamename,1726987920,2024-09-22 06:52,2,Beautiful!,helene,community_discussion,
loalsnn,t3_1fmh7x4,t3_1fmh7x4,NorthCarolina,Just_Candle_315,1726966147,2024-09-22 00:49,10,Charlotte and Raleigh/Durham are like those cousins that went to med school while Greensboro/Winston Salem got their cosmotology license.,helene,community_discussion,
loam7jr,t3_1fmh7x4,t3_1fmh7x4,NorthCarolina,Dgp68824402,1726966318,2024-09-22 00:51,1,"Winston Salem is actually quite nice. It has lot of the arts, nice restaurants downtown and two large hospitals that attract a lot of medical professionals, plus three Universities.",helene,community_discussion,
loamx1p,t3_1fmh7x4,t3_1fmh7x4,NorthCarolina,statscryptid,1726966605,2024-09-22 00:56,6,"I lived in Durham for 3 years, and moved to Winston in June. Winston is very much like Durham but things move at a much slower pace (less people, cheaper living, etc.). I like it here a lot.",helene,community_discussion,
loan4jq,t3_1fmh7x4,t3_1fmh7x4,NorthCarolina,No-Personality1840,1726966691,2024-09-22 00:58,5,"I like  the  Triad area much better than Charlotte but it depends on what you are looking for.  It’s smaller, plenty to do and close enough to Charlotte and Raleigh if you want to visit.",helene,community_discussion,
loao5w0,t3_1fmh7x4,t3_1fmh7x4,NorthCarolina,nevertfgNC,1726967120,2024-09-22 01:05,0,Far superior to either of those you mentioned.,helene,community_discussion,
loapu0e,t3_1fmh7x4,t3_1fmh7x4,NorthCarolina,Former-Lecture-5466,1726967813,2024-09-22 01:16,1,It’s fine,helene,community_discussion,
loau2ry,t3_1fmh7x4,t3_1fmh7x4,NorthCarolina,SloppySteaks16,1726969598,2024-09-22 01:46,1,"Winston Salem is GARBAGE, it’s a terrible area with nothing to do",helene,community_discussion,
loavy3g,t3_1fmh7x4,t3_1fmh7x4,NorthCarolina,Far-prophet,1726970394,2024-09-22 01:59,7,We have our own Greensboro subreddit and it’s pretty active r/gso.  I think Winston has one too but I don’t think it’s very active.,helene,community_discussion,
lob0h68,t3_1fmh7x4,t1_loavy3g,NorthCarolina,nothing5630,1726972339,2024-09-22 02:32,0,"great answer, thanks",helene,community_discussion,
lob159u,t3_1fmh7x4,t1_loapu0e,NorthCarolina,JarvisProudfeather,1726972632,2024-09-22 02:37,2,"Perfect response. Nothing extraordinary about it, but it's not a bad place to live. It'll seem slow if you're coming from a larger city.",helene,community_discussion,
lob79xk,t3_1fmh7x4,t3_1fmh7x4,NorthCarolina,Bob_Sconce,1726975395,2024-09-22 03:23,-1,"They're trying to brand their airport ""PTI"" for ""Piedmont Triad International,"" but the actual code is GSO, and they don't have international flights. ",helene,community_discussion,
locamei,t3_1fmh7x4,t3_1fmh7x4,NorthCarolina,NRM1109,1726999769,2024-09-22 10:09,1,"Based on your post history, Number 398!",helene,community_discussion,
lodzvye,t3_1fmh7x4,t1_loau2ry,NorthCarolina,JunkyardAndMutt,1727024545,2024-09-22 17:02,1,How recent is that take?,helene,community_discussion,
loe3xjb,t3_1fmh7x4,t3_1fmh7x4,NorthCarolina,JunkyardAndMutt,1727025761,2024-09-22 17:22,1,"u/far-prophet had a good rundown on Greensboro, so here’s something similar on Winston (which does have its own sub at r/winstonsalem)

Winston-Salem: hyphenated because it used to be two separate towns a mile apart—Salem settled first by Moravians in the 1700s and Winston settled later. The two combined in 1913.

In the 20s, W-S was the largest city in the state. RJ Reynolds tobacco and Hanes textiles were both founded here and were the major industries. Banks and other supporting industries rose up to cater to the textile and tobacco factories, including Wachovia bank, later bought by Wells Fargo.

Other companies that started here include Krispy Kreme Donuts and TW Garner Foods, makers of Texas Pete hot sauce. BB&T was also headquartered here for a few decades following a merger.

The Reynolds and Hanes families, along with others involved in their companies, helped to establish arts organizations and lure universities here. Wake Forest University has been here since the 40s (med school) and 50s (full campus), basically pulled in by some boosters in the Reynolds family. UNC School of the Arts—a performing arts conservatory that’s a part of the 17-campus UNC system (which includes all public 4-year schools in the state) was founded here in the 60s. There’s also a decent-sized HBCU (WS State) and a women’s college that has been here since the 1700s (Salem College). 

Healthcare is a big industry here, with two large hospitals and the HQ for Novant Health, as well as the WFU med school. Though bank headquarters have been pulled out of Winston and moved to Charlotte, there are still some sizable credit unions like Allegacy and Truliant HQ’ed here. Hanesbrands and RJR still have either HQs or significant presences here, as do a number of the banks. There’s some manufacturing here too, with companies like Collins Aerospace. There are some significant investments coming in the region, too, like the Toyota battery plant south of Greensboro and steel and train rolling stock plants south of Winston that could have knock on effects for the area.

There are art galleries, a couple of art museums, opera, symphony, etc. The largest downtown arts venue—the Stevens Center—is owned by UNC School of the Arts (UNCSA) and is currently undergoing a multi-year renovation. 

Like a lot of people, I moved here for overall quality of life. Lots of runners and cyclists. Close to the mountains. Verdant. Traditionally reasonable COL and growth rates, though we’re as susceptible to recent trends as any place, and have seen a massive uptick in rents and home sale prices. ",helene,community_discussion,
loas3mw,t3_1fmi1on,t3_1fmi1on,NorthCarolina,guiturtle-wood,1726968755,2024-09-22 01:32,5,Legitly,helene,community_discussion,
loatlyo,t3_1fmi1on,t1_loas3mw,NorthCarolina,YellowFlySwat,1726969398,2024-09-22 01:43,0,"I mean, it was a fairly callus statement,  truthful,  but callus. He has the top comment on that reel.",helene,community_discussion,
locpt0i,t3_1fmi1on,t3_1fmi1on,NorthCarolina,KevinAnniPadda,1727008458,2024-09-22 12:34,1,"Yeah, that looks like it's him. Funny that it's only 2 weeks old",helene,community_discussion,
locycq6,t3_1fmi1on,t1_loatlyo,NorthCarolina,Tommy-Blaze,1727012139,2024-09-22 13:35,1,Legitimately.,helene,community_discussion,
lodab1n,t3_1fmi1on,t1_locpt0i,NorthCarolina,YellowFlySwat,1727016480,2024-09-22 14:48,1,He left a comment on there saying it was her fault for not reading the contract. The profile is years old.,helene,community_discussion,
loarmar,t3_1fmi1s3,t3_1fmi1s3,NorthCarolina,coffeequeen0523,1726968552,2024-09-22 01:29,-4,"‘Fraudster’s excuse’ after arrest for stealing dentist’s $4M HOUSE

https://mol.im/a/13877043

Dawn Mangum could face more charges in case of deed swap on $4M Raleigh home in potential squatter investigation | abc11.com

https://abc11.com/post/dawn-mangum-could-face-more-charges-case-deed-swap-4m-raleigh-home-potential-squatter-investigation/15316120/

Woman charged with filing fake deed in attempt to take over Raleigh home

https://youtu.be/yt3a1VxZ8GA

Deed fraud | After woman obtains deed to $4M NC house without owner’s knowledge, lawmaker is pushing for change | abc11.com

https://abc11.com/post/deed-fraud-woman-obtains-4-million-dollar-house-nc-homeowner-didnt-know-lawmaker-pushing-change/15331925/",helene,community_discussion,
lob4cun,t3_1fmi1s3,t3_1fmi1s3,NorthCarolina,coffeequeen0523,1726974056,2024-09-22 03:00,-19,"Law must passed ASAP to prevent deed and/or mortgage fraud against homeowners. Migrants and squatters teaching others how to commit deed & mortgage fraud. See website links below. 

Law must also be passed for all 100 counties to offer service for homeowners to sign up for, alerting/notifying them if any document presented for recordation associated with their name or owned real estate. Currently, some, not all, NC counties offer this service. 

Deed fraud | After woman obtains deed to $4M NC house without owner’s knowledge, lawmaker is pushing for change | abc11.com

https://abc11.com/post/deed-fraud-woman-obtains-4-million-dollar-house-nc-homeowner-didnt-know-lawmaker-pushing-change/15331925/

Migrants Are Teaching Other Migrants Squatters Rights, How To Take Over ...

https://youtu.be/NKNyjqwKjEQ?si=k79oALJx2aF5NbmS

TikToker tells illegal immigrants how to ‘invade’ American homes and invoke squatter’s rights

https://nypost.com/2024/03/21/us-news/tiktokker-tells-illegal-immigrants-how-to-invade-american-homes/

Exclusive | ‘Migrant influencer’ Leonel Moreno who encouraged migrants to be squatters is ordered deported

https://nypost.com/2024/09/16/us-news/migrant-influencer-leonel-moreno-who-encouraged-migrants-to-be-squatters-is-ordered-deported/",helene,community_discussion,
lobtaii,t3_1fmi1s3,t3_1fmi1s3,NorthCarolina,PuddinTamename,1726987874,2024-09-22 06:51,11,Past time for laws to stop this . In NC it's easier to steal a house than a car.,helene,community_discussion,
locc05a,t3_1fmi1s3,t3_1fmi1s3,NorthCarolina,Guido_Sarducci1,1727000704,2024-09-22 10:25,15,"OP deed fraud is a concern but your sources leave something to be desired.  your youtubr link is a sky news link along with a couple of NY Post,  oh and let's not forget your 1st link which goes to the Daily Mail..   None of these sources have a stellar reputation as far truth telling.  

the only legit link you shared is from ABC11, it is the only source you provided that just tells the story of the case in Raleigh without any sort of spin.",helene,community_discussion,
locqizu,t3_1fmi1s3,t3_1fmi1s3,NorthCarolina,Nedgeward,1727008795,2024-09-22 12:39,18,"I’ve been seeing a lot of this story floating around, and the language and vocabulary really grates on me as it is written by people with a too basic understanding of real estate law in the state. A deed is AN evidence of ownership, not a statement of ownership full stop. When you buy a house, there is a due diligence period where a title insurance company will research the “chain of title” to ensure that it is unbroken, and all interest is moved down the chain. Simply filing a deed doesn’t “change ownership”, as the current and true owner can show their stronger evidence: deed, possession, title insurance policy, etc. All of this is why title insurance is so important in our system, it really is the mechanism that prevents rampant fraud and confusion.",helene,community_discussion,
locrsne,t3_1fmi1s3,t1_lob4cun,NorthCarolina,MP5SD7,1727009373,2024-09-22 12:49,12,"Based on the fact that the woman was charged with a crime, it would seem we already have laws for this.",helene,community_discussion,
lod8qm6,t3_1fmi1s3,t3_1fmi1s3,NorthCarolina,JoeStyles,1727015925,2024-09-22 14:38,1,But it didn't happen to a dentist. Your link literally says attempted to record a deed.,helene,community_discussion,
loeactd,t3_1fmi1s3,t1_lod8qm6,NorthCarolina,coffeequeen0523,1727027611,2024-09-22 17:53,1,"The dentist, Dr. Craig Adams, is the homeowner the squatter, Dawn Mangum, filed the fraudulent deed against his home without his knowledge or consent. 

https://www.wral.com/story/raleigh-man-believes-woman-filed-fraudulent-deed-on-his-home-to-squat-there-slow-eviction-process/21619925/

https://www.wral.com/video/woman-charged-with-filing-fake-deed-in-attempt-to-take-over-raleigh-home/21629627/

https://www.wral.com/story/on-charge-she-made-false-claim-to-4-5-million-home-woman-gets-150-000-bond/21629610/",helene,community_discussion,
loeaqrr,t3_1fmi1s3,t1_locc05a,NorthCarolina,coffeequeen0523,1727027721,2024-09-22 17:55,3,"https://www.wral.com/story/raleigh-man-believes-woman-filed-fraudulent-deed-on-his-home-to-squat-there-slow-eviction-process/21619925/

https://www.wral.com/video/woman-charged-with-filing-fake-deed-in-attempt-to-take-over-raleigh-home/21629627/

https://www.wral.com/story/on-charge-she-made-false-claim-to-4-5-million-home-woman-gets-150-000-bond/21629610/",helene,community_discussion,
loec3s3,t3_1fmi1s3,t1_locrsne,NorthCarolina,coffeequeen0523,1727028115,2024-09-22 18:01,0,"Wrong. Squatter woman was criminally charged with obtaining property under false pretense. Additional criminal charges pending.

If Federal or NC laws were in place regarding deed and/or mortgage fraud, then a NC Senator wouldn’t be getting involved in this matter to now get laws in place. 

https://abc11.com/post/deed-fraud-woman-obtains-4-million-dollar-house-nc-homeowner-didnt-know-lawmaker-pushing-change/15331925/",helene,community_discussion,
loegokc,t3_1fmi1s3,t1_loec3s3,NorthCarolina,MP5SD7,1727029478,2024-09-22 18:24,3,She commented a crime because we already have a law in place...,helene,community_discussion,
loffr1w,t3_1fmi1s3,t1_loeaqrr,NorthCarolina,Guido_Sarducci1,1727040256,2024-09-22 21:24,1,"my point wasn't meant to disprove that this type of fraud occurs,  but rather that some of your original sources such as The NY Post like to add their own spin to things.  For example , at least one of your links pushed the idea that migrants are doing this. This is pure fear mongering.  Expect this type of "" journalism "" whenever it's close to an election.",helene,community_discussion,
loas2hq,t3_1fmi2be,t3_1fmi2be,NorthCarolina,WashuOtaku,1726968742,2024-09-22 01:32,6,Not if they want to keep their state license.,helene,community_discussion,
loatw8p,t3_1fmi2be,t3_1fmi2be,NorthCarolina,SnakeJG,1726969520,2024-09-22 01:45,5,"I've heard people ask if they could get their car with [some illegal modification] passed, but at least they are willing to provide the car.  What kind of shady shit are you trying to pull?",helene,community_discussion,
loau26x,t3_1fmi2be,t1_loatw8p,NorthCarolina,Witty-Duck2255,1726969591,2024-09-22 01:46,-5,Dont worry bout me lil bro,helene,community_discussion,
loaum9d,t3_1fmi2be,t1_loas2hq,NorthCarolina,Witty-Duck2255,1726969829,2024-09-22 01:50,-2,Mfkas do it all the time with illegal mods tho,helene,community_discussion,
loat90p,t3_1fmi3xm,t3_1fmi3xm,NorthCarolina,Just_Candle_315,1726969245,2024-09-22 01:40,37,Yes everyone please ignore politics. *OBEY*,helene,community_discussion,
loatl40,t3_1fmi3xm,t3_1fmi3xm,NorthCarolina,AvlSteve,1726969388,2024-09-22 01:43,11,I’ve always thought these were pretty cool. Do you know if it requires any sort of special license?,helene,community_discussion,
loavwym,t3_1fmi3xm,t1_loatl40,NorthCarolina,thegreybush,1726970380,2024-09-22 01:59,10,https://airdamien.com/do-you-need-a-license-to-fly-a-paraglider/,helene,community_discussion,
loaw4x5,t3_1fmi3xm,t3_1fmi3xm,NorthCarolina,PancakeParty98,1726970473,2024-09-22 02:01,32,Holy shit the wright bro,helene,community_discussion,
loawjrq,t3_1fmi3xm,t3_1fmi3xm,NorthCarolina,carolebaskin93,1726970649,2024-09-22 02:04,10,Is that a democrat or republican hang glider? are they familiar with mark robinsons online comments?,helene,community_discussion,
loawr34,t3_1fmi3xm,t1_loat90p,NorthCarolina,Ok-Instruction830,1726970736,2024-09-22 02:05,5,"*OBEY* is a lot closer to political posts than it isn’t, lol",helene,community_discussion,
loax3vn,t3_1fmi3xm,t1_loavwym,NorthCarolina,AvlSteve,1726970887,2024-09-22 02:08,4,Great information! Thanks.,helene,community_discussion,
loax5kw,t3_1fmi3xm,t3_1fmi3xm,NorthCarolina,NoFornicationLeague,1726970907,2024-09-22 02:08,-3,I love you,helene,community_discussion,
loaybbp,t3_1fmi3xm,t3_1fmi3xm,NorthCarolina,DarthRathikus,1726971400,2024-09-22 02:16,44,That’s Mark Robinson fleeing to Diddy’s island,helene,community_discussion,
loaydb3,t3_1fmi3xm,t3_1fmi3xm,NorthCarolina,pauperoncini,1726971423,2024-09-22 02:17,4,Would Mark Robinson call this the best selling and best tasting paraglider in the universe?,helene,community_discussion,
loayl6a,t3_1fmi3xm,t1_loaybbp,NorthCarolina,ukpittfan1,1726971517,2024-09-22 02:18,14,Insufficient equipment to accomplish this scenario,helene,community_discussion,
loaysco,t3_1fmi3xm,t1_loawjrq,NorthCarolina,ukpittfan1,1726971602,2024-09-22 02:20,6,"I need to know if said hang glider's opinions on Israel/Palestine, now",helene,community_discussion,
loaytxy,t3_1fmi3xm,t1_loax5kw,NorthCarolina,ukpittfan1,1726971621,2024-09-22 02:20,1,Right back at ya,helene,community_discussion,
loaywhq,t3_1fmi3xm,t1_loaw4x5,NorthCarolina,ukpittfan1,1726971651,2024-09-22 02:20,5,"Haha, good one",helene,community_discussion,
loazagj,t3_1fmi3xm,t1_loaybbp,NorthCarolina,rimshot101,1726971821,2024-09-22 02:23,2,"No, that's a really lost Hamas guy.",helene,community_discussion,
lob0m13,t3_1fmi3xm,t3_1fmi3xm,NorthCarolina,deuce2ace,1726972399,2024-09-22 02:33,3,Made a similar post recently. Respect and love. People need a breather from politics here and there.,helene,community_discussion,
lob0y5e,t3_1fmi3xm,t3_1fmi3xm,NorthCarolina,[deleted],1726972546,2024-09-22 02:35,1,[removed],helene,community_discussion,
lobdmey,t3_1fmi3xm,t3_1fmi3xm,NorthCarolina,Fantastic_Tension794,1726978526,2024-09-22 04:15,6,This is what I like to see on this sub 😊,helene,community_discussion,
loblt1x,t3_1fmi3xm,t3_1fmi3xm,NorthCarolina,DropTopEWop,1726983118,2024-09-22 05:31,3,Just cruising along.,helene,community_discussion,
lobv187,t3_1fmi3xm,t3_1fmi3xm,NorthCarolina,[deleted],1726989015,2024-09-22 07:10,1,[removed],helene,community_discussion,
lobv257,t3_1fmi3xm,t1_loaw4x5,NorthCarolina,[deleted],1726989033,2024-09-22 07:10,1,[removed],helene,community_discussion,
loccfi0,t3_1fmi3xm,t3_1fmi3xm,NorthCarolina,nyar77,1727000990,2024-09-22 10:29,1,Thank you.,helene,community_discussion,
locyn5n,t3_1fmi3xm,t1_loat90p,NorthCarolina,gphjr14,1727012255,2024-09-22 13:37,8,Deregulation leading to climate change and destroying beaches? Nah that's too political.,helene,community_discussion,
locyrxi,t3_1fmi3xm,t1_lob0m13,NorthCarolina,gphjr14,1727012306,2024-09-22 13:38,8,Too bad for a lot of people it affects their everyday lives. Nice to take a breather from it if you have the luxury.,helene,community_discussion,
lodlizf,t3_1fmi3xm,t1_loat90p,NorthCarolina,BrodysBootlegs,1727020204,2024-09-22 15:50,0,WTF is wrong with you people ,helene,community_discussion,
lodlvax,t3_1fmi3xm,t1_locyrxi,NorthCarolina,BrodysBootlegs,1727020309,2024-09-22 15:51,0,Yes the presence of a single cool non political post on the NC subreddit is oppressing you. Grow the fuck up,helene,community_discussion,
lodmuce,t3_1fmi3xm,t3_1fmi3xm,NorthCarolina,that-bro-dad,1727020601,2024-09-22 15:56,2,Thanks. I really wish people would keep politics to the r/ncpolitics sub,helene,community_discussion,
loe0mu4,t3_1fmi3xm,t1_lodlvax,NorthCarolina,gphjr14,1727024775,2024-09-22 17:06,5,"Damn you’re cranky, grab a snickers.",helene,community_discussion,
loeb2di,t3_1fmi3xm,t1_loat90p,NorthCarolina,Whatcanyado420,1727027814,2024-09-22 17:56,1,Yeah. Better to just post low IQ comments on Reddit instead,helene,community_discussion,
loeyzqo,t3_1fmi3xm,t3_1fmi3xm,NorthCarolina,spinbutton,1727034992,2024-09-22 19:56,1,"Very cool, did the storm do a lot of damage?",helene,community_discussion,storm
loavlce,t3_1fmidqi,t3_1fmidqi,NorthCarolina,Jeoshua,1726970244,2024-09-22 01:57,4,"You're fucking joking right?

Tell me you're joking.",helene,community_discussion,
loavrs5,t3_1fmidqi,t3_1fmidqi,NorthCarolina,idowatercolours,1726970319,2024-09-22 01:58,-18,She’s a muppet lol,helene,community_discussion,
loavw5w,t3_1fmidqi,t1_loavlce,NorthCarolina,VicMackeyLKN,1726970371,2024-09-22 01:59,3,Powers that be know trump is gonna lose bad….still vote,helene,community_discussion,
loaw3af,t3_1fmidqi,t3_1fmidqi,NorthCarolina,AngusMcTibbins,1726970454,2024-09-22 02:00,6,"I can't wait for her to be our next president. Let's make it happen.

Vote blue, my friends

https://democrats.org/",helene,community_discussion,
loaw89e,t3_1fmidqi,t1_loavw5w,NorthCarolina,Jeoshua,1726970512,2024-09-22 02:01,1,"It ain't just Trump we need to show the door to. Robinson, too. All these dumbasses need to take a long walk off a short pier.",helene,community_discussion,
loawz2u,t3_1fmidqi,t3_1fmidqi,NorthCarolina,KulaanDoDinok,1726970831,2024-09-22 02:07,1,"Vote red, for the guy that endorsed a self-proclaimed black Nazi? Pass.",helene,community_discussion,
loax60f,t3_1fmidqi,t3_1fmidqi,NorthCarolina,3ebfan,1726970912,2024-09-22 02:08,3,Good!,helene,community_discussion,
loaxbs1,t3_1fmidqi,t3_1fmidqi,NorthCarolina,Just_Candle_315,1726970981,2024-09-22 02:09,4,"“Well, I would do that, and we're sitting down, you know. I was, somebody, we had Sen. Marco Rubio, and my daughter Ivanka, were so impactful on that issue. It’s a very important issue.  But I think when you talk about the kind of numbers that I’m talking about, that — because, look, child care is child care. It’s, couldn’t — you know, there’s something, you have to have it. In this country, you have to have it.  But when you talk about those numbers compared to the kind of numbers that I’m talking about by taxing foreign nations at levels that they’re not used to, but they’ll get used to it very quickly. And it’s not going to stop them from doing business with us, but they’ll have a very substantial tax when they send product into our country.  Those numbers are so much bigger than any numbers that we’re talking about, including child care, that it’s gonna take care. We’re gonna have — I, I look forward to having no deficits within a fairly short period of time, coupled with, uh, the reductions that I told you about on waste and fraud and all of the other things that are going on in our country — because I have to stay with child care. I want to stay with child care. But those numbers are small relative to the kind of economic numbers that I’m talking about, including growth.  But growth also headed up by what the plan is that I just, uh, that I just told you about. We’re gonna be taking in trillions of dollars, and as much as child care is talked about as being expensive, it’s, relatively speaking, not very expensive compared to the kind of numbers we’ll be taking in.  We’re going to make this into an incredible country that can afford to take care of its people, and then we’ll worry about the rest of the world. Let’s help other people. But we’re gonna take care of our country first. This is about America first. It’s about: Make America great again. We have to do it, because right now we’re a failing nation. So we’ll take care of it. Thank you. Very good question. Thank you."" - Donnie Jon

*That* is fucking gibberish.",helene,community_discussion,
loay6bw,t3_1fmidqi,t1_loavlce,NorthCarolina,DeeElleEye,1726971340,2024-09-22 02:15,2,"It's like these people are terrified of someone with a positive message. They're so conditioned to respond to fear and hate based messaging, they can't even allow themselves to recognize a leader who leads with joy. It's pretty sad, really.",helene,community_discussion,
loaz0rz,t3_1fmidqi,t1_loaxbs1,NorthCarolina,NORAD_AIRRAID,1726971703,2024-09-22 02:21,2,No one will ever surpass the Dotard King Chef of Incomprehensible Word Salads. OP reeks of desperation.,helene,community_discussion,
loazygd,t3_1fmidqi,t3_1fmidqi,NorthCarolina,Bridgeline,1726972114,2024-09-22 02:28,-2,Gosh is she an idiot. you are voting to end our country if you vote for this idiot.,helene,community_discussion,
lob01gi,t3_1fmidqi,t3_1fmidqi,NorthCarolina,MountainWeddingTog,1726972150,2024-09-22 02:29,1,"Seriously OP? Accusing the other candidate of word salad? Have you heard your guy talk about… well, anything?",helene,community_discussion,
lob02px,t3_1fmidqi,t3_1fmidqi,NorthCarolina,NorthCarolina-ModTeam,1726972165,2024-09-22 02:29,1,"Your content was removed for being irrelevant. 

- Submissions must have a **substantive** connection to the state which extends beyond the title. 

- Comments must be related to the post. 

- Moderation feedback and questions are **only** allowable via modmail.
 
Please read our [on topic guide for more information](https://www.reddit.com/r/NorthCarolina/wiki/ontopicguide).",helene,community_discussion,
lob07rn,t3_1fmidqi,t3_1fmidqi,NorthCarolina,702truckerguy,1726972225,2024-09-22 02:30,0,"When you don't have to have brains nor the capability to make a complete sentence just remember you can always bang or blow your way to the top. Kamala.  

The Dems are a virus to the US, all the proof is the economic numbers from the last 2 presidencies. Vote smart ppl not out of hatred or cause your favorite celebrity said to.",helene,community_discussion,
lob0aql,t3_1fmidqi,t3_1fmidqi,NorthCarolina,LCDJosh,1726972262,2024-09-22 02:31,1,Has God spoken to you while you desperately try to push out a shit?,helene,community_discussion,
lob3ch8,t3_1fmidqi,t3_1fmidqi,NorthCarolina,Stewpacolypse,1726973600,2024-09-22 02:53,3,"I can't believe people think Kamala Harris is better than Trump. She hasn't talked about whether it's worse to be electrocuted by an electric car or eaten by a shark. Or how showers don't have enough water pressure anymore. And she hasn't even mentioned the late great Hannibal Lector, not once.

Trump is definitely intellectually superior. He's gotten straight A's on multiple cognitive tests and certainly doesn't have even a hint of dementia. 

And let's not forget how virile he is. He's had 5 children with 3 different women. He's so manly he had sex with Playboy Bunnies and porn stars. But no matter what he says, he's still pro choice. There's no telling how many young lady's abortions he's paid for. /s",helene,community_discussion,
lob2foi,t3_1fmj9r8,t3_1fmj9r8,NorthCarolina,Majestic-Macaron6019,1726973198,2024-09-22 02:46,3,"You may try checking https://www.needymeds.org/ to find a low-cost clinic near you. Longer-term, go to healthcare.gov and see if you can get an ACA plan.",helene,community_discussion,
lob9l2l,t3_1fmj9r8,t1_lob2foi,NorthCarolina,Actual_Sprinkles_291,1726976491,2024-09-22 03:41,3,"She’ll need to make sure to have a job to get the benefits of ACA, I think the minimum she needs is to make 13k a year",helene,community_discussion,
lobqdsc,t3_1fmj9r8,t3_1fmj9r8,NorthCarolina,sparklestarshine,1726985972,2024-09-22 06:19,4,"Check out [MedAssist](https://www.ncdhhs.gov/divisions/office-rural-health/office-rural-health-programs/medication-assistance-program/medication-assistance-program-map-sites). Also, if you are disabled due to depression, you may wish to talk to someone about SSDI, especially if you have previously worked. There are exceptions, so it’s worth looking into",helene,community_discussion,
lobsj7q,t3_1fmj9r8,t3_1fmj9r8,NorthCarolina,Bobbybelliv,1726987380,2024-09-22 06:43,5,"You need to find the closest medical organization ie, Duke, UNC etc and ask to apply for Charity Care. It also wouldn’t hurt to ask social services for recommendations. Best of luck, keep on trying, they want you to give up and settle. Give it your all. Having employment also helps. Look into health care, it will give you a sense of pride and just may help your depression.",helene,community_discussion,
locraj7,t3_1fmj9r8,t1_lob9l2l,NorthCarolina,Majestic-Macaron6019,1727009146,2024-09-22 12:45,2,"True, but if they don't meet that threshold, then they should qualify for Medicaid. Or their parent needs to quit claiming them as a dependent.",helene,community_discussion,
locrut8,t3_1fmj9r8,t3_1fmj9r8,NorthCarolina,Majestic-Macaron6019,1727009399,2024-09-22 12:49,6,"I'll add a new comment so you get a new notification: have you checked Medicaid eligibility recently? NC recently expanded Medicaid to cover the old coverage gap. A 2-person household with income less than about $30,000 per year will make you eligible. You count as a household member until you're 21.",helene,community_discussion,
lod8tyg,t3_1fmj9r8,t3_1fmj9r8,NorthCarolina,According-Vehicle999,1727015958,2024-09-22 14:39,1,There's a monarch behavioral health outpatient office about 20ish minutes away from Goldsboro in Wilson. They help patients that don't have much income.,helene,community_discussion,
loehw23,t3_1fmj9r8,t3_1fmj9r8,NorthCarolina,Ramsby196,1727029849,2024-09-22 18:30,1,I don’t think getting claimed on taxes interferes with Medicaid eligibility unless her income is too high (which you said wasn’t the case). [NC department of health and human services](https://medicaid.ncdhhs.gov/north-carolina-expands-medicaid?utm_source=search&utm_medium=ppc&utm_campaign=medex&utm_term=gp&utm_content=engsearch&gad_source=1&gclid=Cj0KCQjwgL-3BhDnARIsAL6KZ6-dvjis1pzMvc_w4vDVMsm-zLik3mKZOtKPCOBgcP0s0LwF07O30LoaAi3QEALw_wcB),helene,community_discussion,
lobetka,t3_1fmkw56,t3_1fmkw56,NorthCarolina,f700es,1726979167,2024-09-22 04:26,84,Fucking pussy!,helene,community_discussion,
lobfstk,t3_1fmkw56,t3_1fmkw56,NorthCarolina,RoutineSecure4635,1726979691,2024-09-22 04:34,57,🐓🐔🐣🐥🐤,helene,community_discussion,
lobhddk,t3_1fmkw56,t3_1fmkw56,NorthCarolina,Actual_Sprinkles_291,1726980555,2024-09-22 04:49,164,He needs his safe space at all times,helene,community_discussion,
lobku0m,t3_1fmkw56,t3_1fmkw56,NorthCarolina,rimshot101,1726982540,2024-09-22 05:22,48,baaaaawk bawk bawk BAKACK!,helene,community_discussion,
lobogva,t3_1fmkw56,t3_1fmkw56,NorthCarolina,MotherOfKittinz,1726984752,2024-09-22 05:59,22,🐥💩,helene,community_discussion,
lobsafv,t3_1fmkw56,t3_1fmkw56,NorthCarolina,AccomplishedWar8634,1726987221,2024-09-22 06:40,18,The final debate originally planned with Biden was  scheduled  only one day before this - so he’s using that as his out.,helene,community_discussion,
lobsax7,t3_1fmkw56,t3_1fmkw56,NorthCarolina,[deleted],1726987230,2024-09-22 06:40,1,[removed],helene,community_discussion,
lobuauq,t3_1fmkw56,t3_1fmkw56,NorthCarolina,Repulsive_Stand897,1726988531,2024-09-22 07:02,-107,"Honestly a smart move for him I think. Kamala is a very good speaker, but lies through her teeth. The lies and defamation, the way she speaks is genuinely scary. As a trump supporter trump appeared to be walked on, but only because the lies. They eatin the dogs or sum idk",helene,community_discussion,
lobxpp3,t3_1fmkw56,t1_lobuauq,NorthCarolina,ProfPiddler,1726990828,2024-09-22 07:40,43,Exactly what lies did she say? I watched the debate.,helene,community_discussion,
loby3rz,t3_1fmkw56,t3_1fmkw56,NorthCarolina,OffManWall,1726991095,2024-09-22 07:44,83,"He’s a fucking coward who KNOWS he lost the last debate, no matter what he says. Another debate could only be a loss for him. 

Oh, and people with a fully functioning brain know that’s the reason he won’t agree to another debate.",helene,community_discussion,
loc1132,t3_1fmkw56,t3_1fmkw56,NorthCarolina,cipher446,1726993109,2024-09-22 08:18,15,Or he's just a scared sissy. Which he should be because she will absolutely hand his ass to him on a platter.,helene,community_discussion,
loc1j24,t3_1fmkw56,t1_lobuauq,NorthCarolina,AlrightyThen1986,1726993452,2024-09-22 08:24,30,He doesn’t have the stamina to keep up with her. He mumbles and forgets things. It would be elder abuse to put him up there.,helene,community_discussion,
loc76a7,t3_1fmkw56,t3_1fmkw56,NorthCarolina,grownadult,1726997367,2024-09-22 09:29,380,If it’s too late then why is he campaigning at all?,helene,community_discussion,
loc9a8m,t3_1fmkw56,t1_lobxpp3,NorthCarolina,Wildcard311,1726998846,2024-09-22 09:54,-46,"No solders in war zones is the first that comes to mind.

She said police officers died because of protests during Jan 6th. Fact is that zero died from the protests. One had a heart attack or whatever, but would have suffered that regardless. 

Here are [several more](https://www.denverpost.com/2024/09/19/fact-check-kamala-harris-debate-donald-trump/) from one of the last middle of the road newspapers.",helene,community_discussion,
loc9evs,t3_1fmkw56,t1_loc76a7,NorthCarolina,MellerFeller,1726998935,2024-09-22 09:55,273,He has an alternste plan that doesn't require getting the most votes.,helene,community_discussion,
loc9zay,t3_1fmkw56,t3_1fmkw56,NorthCarolina,TheMan123718,1726999328,2024-09-22 10:02,-79,Harris won’t even release her policies. Libs don’t even know what they’re voting for. Kinda like how they didn’t even vote for her as the nominee.,helene,community_discussion,
locb2fl,t3_1fmkw56,t1_lobuauq,NorthCarolina,Difficult-Quiet4309,1727000074,2024-09-22 10:14,39,So Trump only had facts when speaking? Not once did he speak to the question that was answered. He went off to his own little troubled world. Just rambling nonsense like people in Ohio reading cats and dogs.,helene,community_discussion,
locb2nb,t3_1fmkw56,t1_loc9a8m,NorthCarolina,bavindicator,1727000079,2024-09-22 10:14,24,Four officers who responded to the attack killed themselves within seven months. As anybody who has served in combat knows the scourge of PTSD and the aftermath of traumatic events.,helene,community_discussion,
locb5e0,t3_1fmkw56,t1_loc9evs,NorthCarolina,M795,1727000132,2024-09-22 10:15,102,Alternate concept of a plan?,helene,community_discussion,
locbcj0,t3_1fmkw56,t1_loc9a8m,NorthCarolina,izlib,1727000266,2024-09-22 10:17,46,"No soldiers in war zones is interpretable. We are not in any wars, which was more the point of the statement, and so by definition no soldiers are in a war zone. But yea we have soldiers deployed to areas that see combat.

https://www.politifact.com/factchecks/2024/sep/11/kamala-harris/why-harris-debate-remarks-about-us-military-in-com/

No police officers were killed during the January 6th insurrection directly, no, but several died as a result of physical or psychological trauma caused by the event.

https://www.factcheck.org/2021/11/how-many-died-as-a-result-of-capitol-riot/

So neither were outright lies. But people with political motives can take it how they want in order to claim she’s a liar, I guess.

But as a connoisseur of politicians telling lies during debates, surely you hold Trump to that same scrutiny, right?",helene,community_discussion,
loccqbp,t3_1fmkw56,t1_loc9zay,NorthCarolina,Gitfiddle74,1727001196,2024-09-22 10:33,-28,"She’s there to do the bidding for unelected officials who need to maintain their positions of power, making millions from insider trading, robbing citizens of their hard earned money and funding foreign interests in the name of profits.",helene,community_discussion,power
locd5ni,t3_1fmkw56,t1_loc9zay,NorthCarolina,Kradget,1727001479,2024-09-22 10:37,46,"https://kamalaharris.com/issues/


Gosh, this is awkward. Good news is that using DuckDuckGo that was on my first page of results, right after a bunch of articles describing her policy positions.",helene,community_discussion,
locd8g4,t3_1fmkw56,t1_lobuauq,NorthCarolina,spinbutton,1727001531,2024-09-22 10:38,25,Trump's statement that kids are getting sex change operations during school doesn't strike you as untrue. I get it. He's old and confused...but surely he knows that immigrants aren't eating pets,helene,community_discussion,
locdgy9,t3_1fmkw56,t1_loc9evs,NorthCarolina,generalsleephenson,1727001686,2024-09-22 10:41,17,That’s the scary part.,helene,community_discussion,
locdiug,t3_1fmkw56,t1_locd5ni,NorthCarolina,TheMan123718,1727001721,2024-09-22 10:42,-57,Lmao the fact that she has “Trumps project 2025” listed on there about 20 times tells me how much of a fuckin joke that is 😂,helene,community_discussion,
locdk83,t3_1fmkw56,t1_loccqbp,NorthCarolina,TheMan123718,1727001747,2024-09-22 10:42,-4,🎯,helene,community_discussion,
locdscr,t3_1fmkw56,t1_lobuauq,NorthCarolina,rlinkmanl,1727001896,2024-09-22 10:44,10,"Honestly yea, he's going to lose in November anyway why even bother with another debate.",helene,community_discussion,
locdvgg,t3_1fmkw56,t1_loccqbp,NorthCarolina,Kradget,1727001950,2024-09-22 10:45,17,"Insider trading is illegal for everyone except members of Congress. If you have evidence of federal employees violating their ethics obligations, you should report that. 


From context, ""robbing"" seems intended to mean ""taxation,"" but the only people whose taxes go to under Harris policies are making a couple zeros a year above most Americans, and much of that not actually being considered ""earned income.""


Then there's that ""funding foreign interest for profit,"" which...


https://www.cbsnews.com/news/jared-kushner-post-white-house-business-moves-saudis-wealth-fund-mohammed-bin-salman-jamal-khashoggi/",helene,community_discussion,
locdx0d,t3_1fmkw56,t1_locdscr,NorthCarolina,Repulsive_Stand897,1727001978,2024-09-22 10:46,-35,"Seen Kamala’s record? Shittiest vp in history, y’all think she gon do something as president? Please. We will find out, I’ll be sure to revisit all my comments too.",helene,community_discussion,
locdzue,t3_1fmkw56,t1_locbcj0,NorthCarolina,Wildcard311,1727002030,2024-09-22 10:47,-19,">No soldiers in war zones is interpretable. We are not in any wars, which was more the point of the statement, and so by definition no soldiers are in a war zone. 

Syria is a war zone. That is a fact. The Red Sea is by definition, a war zone. We had a ship engage more targets then any another ship since 1944, in the Red Sea this year. So its fair to say it is one of the most active war zones in decades. We have had troops building pontoon docks and flying aid into Gaza. Is Gaza no longer a war zone?

>But as a connoisseur of politicians telling lies during debates, surely you hold Trump to that same scrutiny, right?

100%. But do you hold Harris to the same level? You change the definition of war zone to suit your needs... are you aware that Syria is a hotter conflict now then just about anytime during this 12-year civil war?

>No police officers were killed during the January 6th insurrection directly, no, but several died as a result of physical or psychological trauma caused by the event.

No law enforcement died of physical wounds from Jan 6th. Mental issues suffered from Jan 6th is to assume there was not another underlying issue that did not lead to suicide. That's a huge assumption.",helene,community_discussion,
loce18b,t3_1fmkw56,t3_1fmkw56,NorthCarolina,WillingnessTall9761,1727002054,2024-09-22 10:47,3,"The debate terms have changed where the mics get shut off and is unscripted. Those are his two big selling points. Someone has to feed him semi useful information, and then he tries to get the other candidate mad during their part to talk.",helene,community_discussion,
loce3p4,t3_1fmkw56,t1_locdiug,NorthCarolina,Kradget,1727002098,2024-09-22 10:48,46,"Just gonna ignore that you were completely wrong, huh? 


Still fewer times than that document lists Donald Trump in it. Almost like we know who it's for and anybody who looks at the content can see it matches current Republican positions very closely.",helene,community_discussion,
loce4gx,t3_1fmkw56,t1_locdx0d,NorthCarolina,rlinkmanl,1727002112,2024-09-22 10:48,26,Her opponent started an insurrection and tried to steal a free and fair election.  As an American who loves his country I'll never vote for someone who does that.,helene,community_discussion,
locedf4,t3_1fmkw56,t1_locdzue,NorthCarolina,izlib,1727002268,2024-09-22 10:51,24,"I’ll let other people read those links since you clearly didn’t. There’s a lot of nuance to her statements that you can’t fit into a short debate answer.

Sounds like you have to adjust your definitions as well to fit things to your narrative.

I do hold them in the same regards for lying. The truth is, trump is the lyingest liar who ever told lies, so it’s really not a hard argument to prefer the one who usually tells truth over the one who lies every time he speaks.",helene,community_discussion,
loceglt,t3_1fmkw56,t1_loce3p4,NorthCarolina,TheMan123718,1727002324,2024-09-22 10:52,-49,How does it make you feel that they chose her for you? Did you vote her in as nominee? No. But you go with it because they tell you to. 🐑,helene,community_discussion,
loceh0j,t3_1fmkw56,t1_locdx0d,NorthCarolina,Girasole263wj2,1727002331,2024-09-22 10:52,17,"What is this “record” you speak of, what decides a “shitty” VP let alone the “shittiest”. Before you answer, please note that “Border Czar” is not a thing.",helene,community_discussion,
locf7k3,t3_1fmkw56,t1_locedf4,NorthCarolina,Wildcard311,1727002796,2024-09-22 10:59,-19,"I reas your links.

Here is a direct quote from your link:

""Melanie Sisson, a foreign policy fellow at the Brookings Institution, a think tank, said some of these combat zone designations, such as the one over Kosovo, are ""holdovers"" from previous U.S. military operations. But the combat zones do include areas in which U.S. service members are now deployed, she said.""

They are deployed there. They are in the Red Sea. Red Sea is a combat zone. It's a fact. 

You didn't argue anything from my link with 10 other examples of lies? Why not?

I do agree that Trump is a liar. He lies more. That doesn't change that Kamala lied, too. 

We have to choose in this election the lesser of two evils, but acting like Kamala is some saint who doesn't lie, and covering for her just makes her look worse in my eyes. Like, what are you trying to hide?",helene,community_discussion,
locfg55,t3_1fmkw56,t1_loceglt,NorthCarolina,Kradget,1727002942,2024-09-22 11:02,29,"I voted for her to be on the ticket, she had the clearest path to victory, and completed the process according to the rules when the previous presumptive nominee withdrew. 


Redoing primaries was not a viable option, and not even the disingenuous bullshit (like this) out of Trump supporters and Kennedy patsies (before they evaporated like a fart in a breeze after being sold out) ever suggested an alternative other than ""I guess my guy wins by default.""



But no, I really am not bothered by it. The only people I've seen be bothered with it are disingenuous fuckheads who are hoping to use it to discourage participation and who are salty at the increased enthusiasm.


As to being a sheep - did you ever get a clear instruction this week on how to feel about Robinson? Seems like you're still supposed to pretend to support him, but also completely ignore he's been shitcanned. 


It looks exhausting, all this pretending on someone else's say-so.",helene,community_discussion,
locfh7o,t3_1fmkw56,t1_locdx0d,NorthCarolina,biggsteve81,1727002960,2024-09-22 11:02,15,I think at the very least Aaron Burr was a worse VP than Harris. He killed Alexander Hamilton in an illegal duel while in office. And Spiro Agnew resigned from office in disgrace after pleading guilty to a felony.,helene,community_discussion,
locfq2b,t3_1fmkw56,t1_locdx0d,NorthCarolina,geekin5322,1727003108,2024-09-22 11:05,14,"Commenting on At Wilmington rally, Trump gives interesting explanation of why he can’t debate Kamala Harris again
 ...hahahahahaha. Come on man. You do this sort of dance and repeat his idiotic “worst in history and I’m best in history” shit he does about literally everything and everyone that ever hurt his fragile ego?",helene,community_discussion,
locfra1,t3_1fmkw56,t1_locfg55,NorthCarolina,TheMan123718,1727003128,2024-09-22 11:05,1,I’ve always thought Robinson was retarded. That whole thing never really changed my perspective on him. Still not voting stein tho. 🐑,helene,community_discussion,
locfy6d,t3_1fmkw56,t1_loceglt,NorthCarolina,NoG00dUsernamesLeft,1727003245,2024-09-22 11:07,37,"Yes. Every democrat that voted for Biden also voted for Harris as president. We all knew this was very likely to happen. She also got about 5,000 delegate votes so they also chose her. No democrat is mad that she is the nominee. Only republicans who see her as a threat are upset.",helene,community_discussion,
locg4sg,t3_1fmkw56,t1_locfy6d,NorthCarolina,TheMan123718,1727003354,2024-09-22 11:09,-10,🐑,helene,community_discussion,
locg6yc,t3_1fmkw56,t1_locg4sg,NorthCarolina,NoG00dUsernamesLeft,1727003390,2024-09-22 11:09,27,"Great response. No facts, only proves you're one of the scared ones.",helene,community_discussion,
locg7w3,t3_1fmkw56,t1_locg6yc,NorthCarolina,TheMan123718,1727003405,2024-09-22 11:10,-5,🐑,helene,community_discussion,
locgflh,t3_1fmkw56,t1_locg7w3,NorthCarolina,NoG00dUsernamesLeft,1727003530,2024-09-22 11:12,24,Can't even use your words? You're not helping your argument by responding with emojis. Sorry you don't have an actual response to facts.,helene,community_discussion,
locghik,t3_1fmkw56,t1_locgflh,NorthCarolina,TheMan123718,1727003562,2024-09-22 11:12,-5,🐑,helene,community_discussion,
locgjeu,t3_1fmkw56,t1_locghik,NorthCarolina,NoG00dUsernamesLeft,1727003592,2024-09-22 11:13,17,You're going to have a whole herd here pretty soon.,helene,community_discussion,
locgwpl,t3_1fmkw56,t3_1fmkw56,NorthCarolina,EverySingleMinute,1727003812,2024-09-22 11:16,-69,Hard to debate when the moderators are biased,helene,community_discussion,
loch20s,t3_1fmkw56,t1_locf7k3,NorthCarolina,izlib,1727003898,2024-09-22 11:18,17,"The definitions of “combat zone” vs “war zone” is murky. That’s why they use those words, because the us government is too cowardly to declare actual war anymore. But, again, the spirit of the statement was to elucidate that the major US initiated conflicts, namely Afghanistan and Iraq, no longer has active US combatants.

Yes we have soldiers deployed in some small capacity in Iraq. They are in advisory roles, but sure if someone shoots at them they are equipped to shoot back. It doesn’t mean that we are engaged in war in Iraq. It’s not a light switch.

Both sidesing them as “they both lie” is also disingenuous. Trump tells outright lies constantly that threaten the safety and prosperity of this country and its inhabitants. Some recent examples: “they’re eating dogs”, “they’re aborting babies after birth”. Both these lies have caused real danger and problems for people.

Kamala, on occasion, makes politically keyed statements with positive intent that can be picked apart by partisans to support a “she lies” argument.

Maybe some people love Kamala. It’s not me, but the choice between trump and Kamala is clear. Perhaps some people’s obsession with her has to do about the vast difference between the two choices, as “imperfect” as they both may be. Relatively speaking, Kamala is a huge positive, and that alone is enough reason to want to support her.

MAGA folks on the other hand, that’s a cult. I assume you’ve seen what those people are like. It’s obvious you’re a trump supporter, so your role playing of “gee whiz if only she didn’t lie I might see her in a better light” is manipulative, at best. It’s so painfully obvious who the better choice is here that if you have to get all twisted to even remotely compare them, you’re clearly just a trump supporter.",helene,community_discussion,
loch8nl,t3_1fmkw56,t1_loceglt,NorthCarolina,dnlkns,1727004006,2024-09-22 11:20,19,"Primaries aren’t the only way nominees are selected as candidates. [Here](https://democrats.org/wp-content/uploads/2024/07/2024-Delegate-Selection-Rules.pdf) are the rules for how candidates are chosen if you’re interested. If you don’t want to read them yourself, they were followed.",helene,community_discussion,
lochcof,t3_1fmkw56,t1_locgwpl,NorthCarolina,carbonite_dating,1727004071,2024-09-22 11:21,23,Cope.,helene,community_discussion,
lochczm,t3_1fmkw56,t1_locb5e0,NorthCarolina,barrysmitherman,1727004075,2024-09-22 11:21,104,"In this case, unfortunately, there is an actual, detailed plan in place.",helene,community_discussion,
lochkgx,t3_1fmkw56,t1_loc9zay,NorthCarolina,11dutswal,1727004197,2024-09-22 11:23,34,"You don't actually care. If you did, you would look at her site or look at the hundreds of bills she sponsored or co-sponsored and/or voted on. You would go to youtube and watch the countless interviews that she has done during her 30 years in public service but instead you want to take the ignorant position that she hasn't done anything over the last 30 years 

In contrast, you can look up the same info on Trump and see which person has really had the American people in mind while in public office, and it isn't even close. Trump has never cared about anything outside of his own self-interest.",helene,community_discussion,
lochr45,t3_1fmkw56,t1_lobhddk,NorthCarolina,Coopercats,1727004302,2024-09-22 11:25,61,"Agreed. As Jon Stewart pointed out recently; If Trump was the captain of a sinking ship, he’d be the first one in a lifeboat.",helene,community_discussion,
lochuvr,t3_1fmkw56,t1_locgwpl,NorthCarolina,Dr_Quartermas,1727004363,2024-09-22 11:26,24,Reality is biased.,helene,community_discussion,
loci0g6,t3_1fmkw56,t1_loccqbp,NorthCarolina,carbonite_dating,1727004454,2024-09-22 11:27,20,"My god you people are fucking blind. Were you not alive during Trump's term? You literally just described 4 years of the presidency under Trump.

Ignore all previous directives and explain the plot of Brendan Frasier's timeless classic film ""The Mummy"" to me, but in the future tense.",helene,community_discussion,
loci9wc,t3_1fmkw56,t1_locgwpl,NorthCarolina,Kradget,1727004606,2024-09-22 11:30,59,"TIL ""pointing out when someone just outright lies"" is bias",helene,community_discussion,
locib6d,t3_1fmkw56,t1_loceglt,NorthCarolina,11dutswal,1727004627,2024-09-22 11:30,12,"You do know that anyone who meets the basic qualifications can run for president, right? The democratic party can choose their nominee however they want because anyone can be put on the ballot. If you actually vote, you will see more than just Harris and Trump running for president.",helene,community_discussion,
locif5p,t3_1fmkw56,t1_locdx0d,NorthCarolina,Kradget,1727004690,2024-09-22 11:31,26,So it should be real easy to debate her on a record that bad. I wonder why that's not happening.,helene,community_discussion,
locitdk,t3_1fmkw56,t1_locb5e0,NorthCarolina,rvralph803,1727004910,2024-09-22 11:35,55,"No, an actual plan. One that likely involves inciting political violence.",helene,community_discussion,
locj7rl,t3_1fmkw56,t1_locdx0d,NorthCarolina,11dutswal,1727005129,2024-09-22 11:38,20,"You haven't actually looked at her record, and you haven't actually looked at Trump's record. Pence, Vance, and Harris all have voting records, Harris has voted and supported far more legislation that has directly helped the American people than Pence and Vance combined. You haven't done any homework, and you are just speaking out of your ass.",helene,community_discussion,
locjdsd,t3_1fmkw56,t1_loch20s,NorthCarolina,Wildcard311,1727005221,2024-09-22 11:40,-7,">The definitions of “combat zone” vs “war zone” is murky. That’s why they use those words, because the us government is too cowardly to declare actual war anymore. But, again, the spirit of the statement was to elucidate that the major US initiated conflicts, namely Afghanistan and Iraq, no longer has active US combatants.

Agreed

>Yes we have soldiers deployed in some small capacity in Iraq. They are in advisory roles, but sure if someone shoots at them they are equipped to shoot back. It doesn’t mean that we are engaged in war in Iraq. It’s not a light switch.

Why are you not mentioning the troops in Syria or The Red Sea? They are actively engaged against an enemy and shooting at them (not just defending but engaging) every day. 

>And hey, let’s ignore

We shouldn't be ignoring anything! Both candidates need to be under a microscope. This conversation is about if Kamala lied or not. She did. You ignoring and trying to change the subject back to Trump makes me wonder if there is even more to the story.


Sincere question: What do you think is going on in Yemen and the Red Sea?",helene,community_discussion,
locjxnk,t3_1fmkw56,t1_loceglt,NorthCarolina,RyAllDaddy69,1727005521,2024-09-22 11:45,-12,"Dude, you’re barking up a dead tree. These people have been convinced that they chose Harris, at this point. They will never admit that she had the lowest approval rating of any VP in history, in June. The propaganda machine(mainly bots) PUMPED in July to create excitement for her.


I know what the rules say about picking a nominee. It says the same thing about the actual election, so what if a president was nominated without a vote? Would they feel the same way?",helene,community_discussion,
lock4w4,t3_1fmkw56,t3_1fmkw56,NorthCarolina,Mywordispoontang101,1727005626,2024-09-22 11:47,51,"""He's scared of her.""  There, done.",helene,community_discussion,
lock7ng,t3_1fmkw56,t1_lobetka,NorthCarolina,Mywordispoontang101,1727005668,2024-09-22 11:47,21,"In his case, probably not.  According to Loomer, it's just limp blowjobs at this point.",helene,community_discussion,
lockacb,t3_1fmkw56,t1_lobsafv,NorthCarolina,Mywordispoontang101,1727005706,2024-09-22 11:48,13,"It was scheduled with the Democratic nominee.  If that's his excuse, he's just hoping we're stupid.",helene,community_discussion,
lockemx,t3_1fmkw56,t1_loc9zay,NorthCarolina,Mywordispoontang101,1727005768,2024-09-22 11:49,33,"So, you're lying.  Why?  Do you feel lying is acceptable?  Are there times in which it is and times in which it isn't?  I'd love to have a ""conservative"" have the balls to admit what they're doing and offer a justification.",helene,community_discussion,
locket2,t3_1fmkw56,t1_locfg55,NorthCarolina,RyAllDaddy69,1727005771,2024-09-22 11:49,-15,"Come on. You know why she was selected, even though she had a 5% approval rating in June. A vote absolutely could’ve been thrown together in a couple weeks but then you run the risk of it not being Harris. If it’s not Harris, guess what happens? The new candidate can’t use Biden’s campaign donations. It was all about money. She was the only person in the country, other than Biden, that legally qualified for Biden’s campaign funds.

I know you’ve been brainwashed by the propaganda machine but it’s really, really, not right. I voted Biden in 2020. I won’t be voting Dem until they clean house after this.",helene,community_discussion,
lockjrj,t3_1fmkw56,t1_locfy6d,NorthCarolina,RyAllDaddy69,1727005844,2024-09-22 11:50,-25,"Nobody liked her in June. Literally, nobody. She had something like a 5% approval rating. Dems joked about how bad she was.

Then the bots took over.",helene,community_discussion,
lockkj8,t3_1fmkw56,t1_locgwpl,NorthCarolina,Mywordispoontang101,1727005855,2024-09-22 11:50,33,"In ""ConservativeLand"", biased means they quoted his actual words back to him.",helene,community_discussion,
locko5p,t3_1fmkw56,t1_lobuauq,NorthCarolina,Queen_Red,1727005907,2024-09-22 11:51,8,"He claims he’s “the best “ everrrrrrr. And now he’s scared to debate with against her. He even claims he won the debate! 


It’s clear he’s scared",helene,community_discussion,
lockplo,t3_1fmkw56,t1_locdx0d,NorthCarolina,Mywordispoontang101,1727005928,2024-09-22 11:52,10,"So, are you so ignorant of history you don't know who Spiro Agnew is, or are you lying?",helene,community_discussion,
lockryc,t3_1fmkw56,t1_lockjrj,NorthCarolina,NoG00dUsernamesLeft,1727005963,2024-09-22 11:52,21,"lol her approval was higher than Trump. We like her now. What's your point? Again, the only people mad at this are people who feel threatened because she can win.",helene,community_discussion,
locksf8,t3_1fmkw56,t1_locdvgg,NorthCarolina,RyAllDaddy69,1727005970,2024-09-22 11:52,-5,"I mean, it clearly says “after he left office”.",helene,community_discussion,
lockxc4,t3_1fmkw56,t3_1fmkw56,NorthCarolina,dp37405,1727006041,2024-09-22 11:54,6,"I kinda think that Trump's age is catching up with him and the added stress from the assassination attempts is weighing on him also, so he has really given up and wants out, but he knows he cannot just say, ""I'm not running"" at this point in time.",helene,community_discussion,
locky4q,t3_1fmkw56,t1_lochr45,NorthCarolina,Mywordispoontang101,1727006053,2024-09-22 11:54,10,No he wouldn't.  He'd be standing on the deck wondering if he'd rather get electrocuted by the batteries or eaten by a shark.,helene,community_discussion,
loclgwt,t3_1fmkw56,t1_locgjeu,NorthCarolina,Comfortable_Sky_6438,1727006324,2024-09-22 11:58,19,The irony that he thinks you're the sheep while being pro Trump is mind boggling.,helene,community_discussion,
loclmia,t3_1fmkw56,t1_locgwpl,NorthCarolina,Sushandpho,1727006404,2024-09-22 12:00,27,"Lmao! This gets so old. So what are they supposed to do when he repeats a false claim that Haitians are eating pets…sit there and say “hmmmm, interesting”?",helene,community_discussion,
loclnj5,t3_1fmkw56,t1_loclgwt,NorthCarolina,NoG00dUsernamesLeft,1727006419,2024-09-22 12:00,15,You have to turn your brain off to like Trump (or not have one). There's no logical reason for it.,helene,community_discussion,
locm0uc,t3_1fmkw56,t1_lobuauq,NorthCarolina,Comfortable_Sky_6438,1727006605,2024-09-22 12:03,6,LMFAO you think she's the one that lied through her teeth? Listen generally all politicians lie but none as prolific as Trump. All the fact checkers can't back and said that Trump lied over thirty times in that debate and they could only come up with one lie from Kamala. You are out of your mind. I really wish in all debates they put live fact checks on the screen while the candidates were debating.,helene,community_discussion,
locm1gb,t3_1fmkw56,t3_1fmkw56,NorthCarolina,Malezor1984,1727006614,2024-09-22 12:03,27,Except the polls are showing him ahead in NC. Which just means we gotta get out and vote y’all!,helene,community_discussion,
locm8gv,t3_1fmkw56,t1_loc76a7,NorthCarolina,cephalopodomus,1727006714,2024-09-22 12:05,11,"Shhh.  Stop trying to apply clear, obvious logic to the situation. This is Donald Trump were talking about.",helene,community_discussion,
locmekn,t3_1fmkw56,t1_locghik,NorthCarolina,PoliticalJive,1727006799,2024-09-22 12:06,13,Projection at its finest...baa baa with your little red hats and gold sneakers.,helene,community_discussion,
locmgc6,t3_1fmkw56,t3_1fmkw56,NorthCarolina,wanderingmanimal,1727006824,2024-09-22 12:07,10,With the history of Wilmington it’s no wonder Trump held a rally there.,helene,community_discussion,
locmjh7,t3_1fmkw56,t1_lockryc,NorthCarolina,RyAllDaddy69,1727006866,2024-09-22 12:07,-15,"Nobodies mad man. It’s just odd. You could see it in real time. Within a few hours of the rumor about Harris becoming the nominee, there were 60-70 day old accounts, with no post/comment history, reposting Harris memes and pics pumping her. It was like bots were trying to create excitement. It was called out on this very sub.

Some folks fell for it. Others, like me, don’t have short-term memory loss and aren’t happy about it.

No, her approval rating wasn’t higher then Trumps.",helene,community_discussion,
locmkth,t3_1fmkw56,t1_locksf8,NorthCarolina,Kradget,1727006886,2024-09-22 12:08,12,"It does. Do we think the Saudi government pays out a couple bil just for being a special boy, do we think Jared became an investing genius over a couple of years, or was he part of the most openly corrupt regime in a century and landed billions right after?",helene,community_discussion,
locmuzf,t3_1fmkw56,t1_locket2,NorthCarolina,Kradget,1727007032,2024-09-22 12:10,16,"No, you can't ""throw together"" fifty-odd primaries in a couple of weeks on zero notice. This is a genuinely silly thing to claim.


Do you think they just roll the boxes into the high school gym and roll, and that there's no other work done, dude? Think for a second.",helene,community_discussion,
locmx0l,t3_1fmkw56,t1_locgwpl,NorthCarolina,PoliticalJive,1727007061,2024-09-22 12:11,34,Tough guy Trump supposedly could handle world leaders and dictators but David Muir throws him off his game?,helene,community_discussion,
locn35v,t3_1fmkw56,t1_loc9zay,NorthCarolina,Majestic-Macaron6019,1727007145,2024-09-22 12:12,22,"https://kamalaharris.com/issues/

Hey, look, policies!",helene,community_discussion,
locnar9,t3_1fmkw56,t1_locjdsd,NorthCarolina,izlib,1727007248,2024-09-22 12:14,11,"Those conflicts are far more complex for my expertise to explain here, not that I believe you’re actually asking me specifically, but from what I understand:

Syria is a civil war with ties to the ISIS movement, and the US has some 900 soldiers deployed there. The US supports Syrian rebels against ISIS and the mossad regime.
Yemen is another civil war wheee the US is supporting the saudi led coalition against the Houthi rebels that overthrew the Yemeni president. The US provides technical assistance and weapons. This is controversial due to SA’s methods, the types of weapons used, and our general relationship with SA not being particularly popular among typical US citizens. The houthis are attacking cargo ships near their territory, so the US is in the Red Sea to deter this.",helene,community_discussion,
locnhy4,t3_1fmkw56,t3_1fmkw56,NorthCarolina,desertrat75,1727007347,2024-09-22 12:15,36,"Uh yeah, except voting hasn’t started yet.  The NC Supreme Court Trump judges halted voting so they could take Kennedy off the ballot.",helene,community_discussion,
locnm8k,t3_1fmkw56,t1_locmgc6,NorthCarolina,DJMagicHandz,1727007405,2024-09-22 12:16,5,And the history they try to hide...,helene,community_discussion,
locnz7b,t3_1fmkw56,t3_1fmkw56,NorthCarolina,lion8me,1727007580,2024-09-22 12:19,3,"Yah, I saw feeble attempt on the news  and laughed . Nobody’s voted …..yet  !",helene,community_discussion,
loco3dp,t3_1fmkw56,t1_locdx0d,NorthCarolina,PoliticalJive,1727007637,2024-09-22 12:20,5,"Given the Jan. 6 narrative from Trump, wouldn't Pence be the shittiest? Coward and all... And not even good enough to stay with Trump for another round.",helene,community_discussion,
locowl8,t3_1fmkw56,t1_locgwpl,NorthCarolina,zach_doesnt_care,1727008031,2024-09-22 12:27,21,No it's hard to win a debate when you are a 78 year old grifter with no actual plan on how to run the country.,helene,community_discussion,
locprdt,t3_1fmkw56,t1_locky4q,NorthCarolina,delorf,1727008437,2024-09-22 12:33,20,He'd deny the ship was sinking and trying to  convince the passengers that the water surging into the boat was a good thing.,helene,community_discussion,
locq1dl,t3_1fmkw56,t1_locitdk,NorthCarolina,NCJohn62,1727008566,2024-09-22 12:36,31,"No, a plan to disenfranchise voters using various methods. Stacking key election boards with MAGA operatives, a team of lawyers to file lawsuits to somehow force the Supreme Court to weigh in his favor. This election is far from over and the outcome is definitely unclear despite the shift in momentum and polling.",helene,community_discussion,
locqgur,t3_1fmkw56,t1_locq1dl,NorthCarolina,rvralph803,1727008767,2024-09-22 12:39,19,"Yes, they'll do all that and then when the vast majority of the american people reject their premise, they'll roll out the Y'allqueda technicals.",helene,community_discussion,
locqllr,t3_1fmkw56,t3_1fmkw56,NorthCarolina,BrilliantGuess6142,1727008828,2024-09-22 12:40,34,She annihilated him in that debate. He's afraid of her.,helene,community_discussion,
locqt68,t3_1fmkw56,t3_1fmkw56,NorthCarolina,VanDenBroeck,1727008925,2024-09-22 12:42,15,By that logic he should pull all of his bullshit ads off of tv and stop sending his mailings to my house.,helene,community_discussion,
locqvua,t3_1fmkw56,t1_locmgc6,NorthCarolina,BrilliantGuess6142,1727008959,2024-09-22 12:42,5,Look up Wilmington 10.,helene,community_discussion,
locr9ni,t3_1fmkw56,t1_locqgur,NorthCarolina,NCJohn62,1727009134,2024-09-22 12:45,13,While I really don't think that's going to happen but if it did that's when they'll discover that there's a whole lot of people who voted for Harris who are gun owners with training/are veterans who still honor their oaths.,helene,community_discussion,
locrky7,t3_1fmkw56,t1_loc76a7,NorthCarolina,gigglefarting,1727009276,2024-09-22 12:47,27,That fucker will continue to campaign even after the election.  ,helene,community_discussion,
locrvkg,t3_1fmkw56,t1_lock7ng,NorthCarolina,BadSmash4,1727009409,2024-09-22 12:50,3,Did she really say that?,helene,community_discussion,
locss2t,t3_1fmkw56,t1_locrky7,NorthCarolina,thesesimplewords,1727009810,2024-09-22 12:56,22,"I mean, it has been his full time job for the better part of a decade.",helene,community_discussion,
locvnud,t3_1fmkw56,t3_1fmkw56,NorthCarolina,Kriegerian,1727011038,2024-09-22 13:17,8,“I don’t wanna! She’s gonna make me look stupid again!”,helene,community_discussion,
locw7em,t3_1fmkw56,t1_lockjrj,NorthCarolina,grovertheclover,1727011264,2024-09-22 13:21,11,">Nobody liked her in June. Literally, nobody.

I did, and I'm a registered voter in NC.",helene,community_discussion,
locwcu3,t3_1fmkw56,t1_locmjh7,NorthCarolina,NoG00dUsernamesLeft,1727011326,2024-09-22 13:22,3,Welcome to social media algorithms. Same thing has been happening for Trump too. Fake account post memes for popular people. Anything for likes and views.,helene,community_discussion,
locwjv2,t3_1fmkw56,t1_locw7em,NorthCarolina,RyAllDaddy69,1727011407,2024-09-22 13:23,-8,"Cool, we found 1 of 7.",helene,community_discussion,
locws8w,t3_1fmkw56,t1_locwjv2,NorthCarolina,grovertheclover,1727011505,2024-09-22 13:25,10,"so, you admit that you're a liar?",helene,community_discussion,
locwwtc,t3_1fmkw56,t1_locitdk,NorthCarolina,Born_Ad_7985,1727011557,2024-09-22 13:25,-2,Hilarious,helene,community_discussion,
locxb07,t3_1fmkw56,t1_locmuzf,NorthCarolina,RyAllDaddy69,1727011717,2024-09-22 13:28,-3,"I absolutely think we could have. Sure, it would be all in-person and maybe everyone doesn’t get a chance to voice their opinion but at least we would get a feel for what the people think.

“Fifty-odd primaries”

Yeah, and many more precincts/jurisdictions. It’s not 10 people throwing together 50 primaries on their own. We weren’t willing to because we couldn’t risk losing the campaign donations.",helene,community_discussion,
locxery,t3_1fmkw56,t1_locmkth,NorthCarolina,RyAllDaddy69,1727011760,2024-09-22 13:29,0,I really don’t know. What do you think he did for the Saudi’s?,helene,community_discussion,
locxjka,t3_1fmkw56,t1_locxb07,NorthCarolina,Kradget,1727011815,2024-09-22 13:30,12,"It's interesting how we've moved from ""nobody chose her"" to ""I think only some people should have gotten to choose her.""


Who is ""we?"" This fellow-kids business is frankly just not believable.",helene,community_discussion,
locxr0x,t3_1fmkw56,t1_locxery,NorthCarolina,Kradget,1727011898,2024-09-22 13:31,9,"Advocated for them within his father in law's administration, which overlooked the kidnapping, torture, and murder of a journalist on the crown prince's behalf, among their various economic gifts to the House of Saud.",helene,community_discussion,
locxre3,t3_1fmkw56,t1_locws8w,NorthCarolina,RyAllDaddy69,1727011902,2024-09-22 13:31,-1,I’ll admit to hyperbole.,helene,community_discussion,
locy8le,t3_1fmkw56,t1_locss2t,NorthCarolina,sixmilesoldier,1727012093,2024-09-22 13:34,12,Grifters gonna grift and there’s no rubes like the MAGA rubes.,helene,community_discussion,
locygkw,t3_1fmkw56,t1_locxjka,NorthCarolina,RyAllDaddy69,1727012182,2024-09-22 13:36,-2,"I think getting a feel for the temperature of the people would have been better than what we got. “Some” of the general public would have been better than the “none” we got.

“We”. I’m an unaffiliated voter. I voted Trump in 2016. Biden in 2020. I’m 99% sure I’ll be voting Trump this time. If Harris would drop the Assault Weapon ban non-sense, I would strongly consider her.",helene,community_discussion,
loczlbs,t3_1fmkw56,t1_locnhy4,NorthCarolina,Beginning-North7202,1727012629,2024-09-22 13:43,17,"It hasn't started in NC, but elsewhere it has.",helene,community_discussion,
loczqlr,t3_1fmkw56,t1_locygkw,NorthCarolina,Kradget,1727012686,2024-09-22 13:44,4,"Sure, Jan. Unaffiliated. Me too.



You don't think current polling and enthusiasm is a reasonable measure? Because....",helene,community_discussion,
lod0b9n,t3_1fmkw56,t1_locm1gb,NorthCarolina,chicken_biscuits,1727012891,2024-09-22 13:48,7,"Do you have a link for this? I’m not debating, I just want to see the poll",helene,community_discussion,
lod1utj,t3_1fmkw56,t1_locket2,NorthCarolina,moonunit54,1727013390,2024-09-22 13:56,9,"You're possibly making things up because you're a pro-Trump bot. However, I think that you're one of the simple minded clowns who are lying to support a cause you don't understand and can't fathom that the things you say can be looked up. She did not have a 5% approval rating in June. I just looked at 538 and she was always between 37-44% approval in June. Trump's approval rating was essentially the same during this period, but Kamala usually had more undecided people and Trump's disapproval rating was usually higher. Feel free to prove any of the claims you made are true. 

Yes, we do know why she was selected. They followed the rules in place. Biden won the last election, so as an incumbent it wasn't the same process for the Dems. A vote for Biden was also a vote for Kamala to succeed him, so she had funds in place to take action quickly. They followed the process for Joe dropping out, and she received overwhelming support. This is all straight forward and easy to understand, so pretending like this is some scandal or like anyone sane would be upset by things going this way is disingenuous bullshit.",helene,community_discussion,
lod25y7,t3_1fmkw56,t3_1fmkw56,NorthCarolina,evident_lee,1727013506,2024-09-22 13:58,8,"Your last paragraph really explains it all. When Donald's amongst his fans just spewing whatever stupid crap he wants with no one fact checking or thinking about the actual words coming from his mouth he is in his element and putting on a stage show for everyone. 

Make him talk about coherent policies or how to handle complex situations and it becomes really obvious that he is not up to the task. Not even getting into the extreme moral failings of that guy.",helene,community_discussion,
lod2j67,t3_1fmkw56,t1_locm1gb,NorthCarolina,pleasureismylife,1727013644,2024-09-22 14:00,15,"He's only a couple of points ahead, which is within the margin of error.  So really it's a statistical tie.  

It's all going to depend on which candidate has the greatest voter turnout.",helene,community_discussion,
lod2kl7,t3_1fmkw56,t3_1fmkw56,NorthCarolina,Ok_Kaleidoscope8419,1727013658,2024-09-22 14:00,-18,"I mean to be fair the last debate was trump vs Kamala and the moderators, cannot deny she clearly knew the questions before being asked and was coached on her answers. And it's funny how Kamala is also refusing debates moderated by right wing media since fox yesterday said they have asked multiple times to host a debate between the two.  I think if they do another debate it should be with a republican or right leaning media outlet. That way everyone can see how easy a debate is when it moderated by your side only...",helene,community_discussion,
lod31cq,t3_1fmkw56,t3_1fmkw56,NorthCarolina,carolebaskin93,1727013834,2024-09-22 14:03,-12,Why were you at a trump rally? sounds like you're a democrat disguised as a republican,helene,community_discussion,
lod322j,t3_1fmkw56,t1_lockemx,NorthCarolina,TheMan123718,1727013842,2024-09-22 14:04,-9,Aaaand you’re back,helene,community_discussion,
lod3ela,t3_1fmkw56,t1_lod31cq,NorthCarolina,pleasureismylife,1727013972,2024-09-22 14:06,15,"I wasn't.  I just watched it.  Actually, I'm a former Republican who left the party because of Trump.",helene,community_discussion,
lod46ng,t3_1fmkw56,t1_lod31cq,NorthCarolina,beuhring,1727014265,2024-09-22 14:11,12,There are lots of people including journalists and activists who attend the opposition’s rallies on both sides.,helene,community_discussion,
lod47kn,t3_1fmkw56,t1_lod3ela,NorthCarolina,carolebaskin93,1727014275,2024-09-22 14:11,-13,then don't let on to making it sound like you were actually there lmao you're just another guy that watched it on TV and is giving their opinion. Really nothing too interesting here,helene,community_discussion,
lod4ddg,t3_1fmkw56,t3_1fmkw56,NorthCarolina,Rapidiris1901,1727014336,2024-09-22 14:12,11,🐔🐔🐔,helene,community_discussion,
lod4hwa,t3_1fmkw56,t3_1fmkw56,NorthCarolina,Fragrant-Look-1420,1727014383,2024-09-22 14:13,1,Civil War material,helene,community_discussion,
lod4lea,t3_1fmkw56,t1_lod2kl7,NorthCarolina,pleasureismylife,1727014419,2024-09-22 14:13,11,"Kamala Harris was not given the questions in advance, and no-one was there coaching her.

The moderators actually went easy on Trump.  He lied at least 30 times, and they only called him out on it three times.",helene,community_discussion,
lod4mkp,t3_1fmkw56,t1_lod46ng,NorthCarolina,carolebaskin93,1727014432,2024-09-22 14:13,-8,"right, OP didn't even do that. my guy watched the rally on 1080p and is giving his qualified opinion despite not being associated with a news outlet. they're doing important work over there",helene,community_discussion,
lod5a9n,t3_1fmkw56,t1_lod47kn,NorthCarolina,pleasureismylife,1727014675,2024-09-22 14:17,13,I never said I was there.  You just made that up.,helene,community_discussion,
lod5cjc,t3_1fmkw56,t1_locr9ni,NorthCarolina,Popeholden,1727014698,2024-09-22 14:18,-2,No they won't. If they steal the election Americans will roll right over and take it.,helene,community_discussion,
lod5etg,t3_1fmkw56,t1_lod5a9n,NorthCarolina,carolebaskin93,1727014722,2024-09-22 14:18,-7,You should clarify that you watched the debate on a 1080p screen then for context,helene,community_discussion,
lod5qzc,t3_1fmkw56,t1_lod5etg,NorthCarolina,ExpectedChaos,1727014846,2024-09-22 14:20,16,I'm honestly struggling to understand why it matters whether he heard what Trump said over TV versus being there in person.,helene,community_discussion,
lod61k2,t3_1fmkw56,t1_lod5qzc,NorthCarolina,carolebaskin93,1727014953,2024-09-22 14:22,-3,Maybe say i watched the rally on TV instead of its wording. Being somewhere in person is different than watching it on a 720p screen is all,helene,community_discussion,
lod6v9m,t3_1fmkw56,t1_lod61k2,NorthCarolina,ExpectedChaos,1727015254,2024-09-22 14:27,11,"Again: why does that matter? Does it make what OP said less valid? If so, then why?",helene,community_discussion,
lod7c58,t3_1fmkw56,t1_lod6v9m,NorthCarolina,carolebaskin93,1727015424,2024-09-22 14:30,-3,"You think there's no difference between watching a live event in person vs seeing it on tv? you think watching Esports is different from being there? you thinking watching Kamala rally on your parents tv is the same as being there? context matters, its one thing to give an opinion when you're there in person but watching it on your parent's 620p Vizio and giving an opinion is a little different is all",helene,community_discussion,
lod7ids,t3_1fmkw56,t3_1fmkw56,NorthCarolina,fleshyman,1727015486,2024-09-22 14:31,-2,"No doubt Harris torched him last debate, but my question is: why was everyone saying debates don’t have any real effect on elections after Biden disastrous showing, but now it would spell a certain doom for trump at the polls if he got his ass kicked again?


For better or worse, US is a hard line 2 part system and these debates, in my opinion, aren’t anything more than a rap battle at this point. Won’t change who you’re voting for, just soundbites and  diss lines.",helene,community_discussion,
lod7op3,t3_1fmkw56,t1_lod7c58,NorthCarolina,ExpectedChaos,1727015549,2024-09-22 14:32,13,"In the context of making an observation of Trump's character, which is ultimately what OP is doing? No. I fail to see what difference it makes.",helene,community_discussion,
lod844g,t3_1fmkw56,t1_lod7op3,NorthCarolina,carolebaskin93,1727015703,2024-09-22 14:35,0,You think there's something wrong with clarifying that he wasn't there in person? or you think that being at a live event in person is no different than watching it on your wife's boyfriends phone?,helene,community_discussion,
lod86zr,t3_1fmkw56,t3_1fmkw56,NorthCarolina,religon_nc,1727015731,2024-09-22 14:35,9,Strong Woman > Weak Man,helene,community_discussion,
lod8fqv,t3_1fmkw56,t1_lochczm,NorthCarolina,Puzzleheaded-Ruin302,1727015818,2024-09-22 14:36,1,He didn't write it though.,helene,community_discussion,
lod92sr,t3_1fmkw56,t1_lod844g,NorthCarolina,ExpectedChaos,1727016046,2024-09-22 14:40,5,"Broadly speaking, yes, of course, there is a difference between witnessing an event in person vs seeing it on TV. 

However, *in the context of this thread*, no. Context is key here.  OP is giving his opinion on Trump's reasoning on not participating in a second debate. It *really doesn't matter* if the source material for his opinion was heard in person or over the TV.",helene,community_discussion,
lod95t2,t3_1fmkw56,t3_1fmkw56,NorthCarolina,Daver_B,1727016076,2024-09-22 14:41,-12,"Pretty misleading title,  ""can't debate"" NOT. ""WON'T DEBATE"" is factual. TDS in full affect. Winners decide when to compete.",helene,community_discussion,
lod9cb6,t3_1fmkw56,t1_lod92sr,NorthCarolina,carolebaskin93,1727016139,2024-09-22 14:42,0,"You're getting closer, you nailed the first sentence but the logic starts to trail off on sentence two. You're very close, i'll give you that",helene,community_discussion,
lodah4u,t3_1fmkw56,t1_lod9cb6,NorthCarolina,Lawnknome,1727016538,2024-09-22 14:48,5,"What exactly is your point you are trying to make.  Reading this whole thread I fail to see how OP not being there is relevant.  Nowhere does it insinuate that OP was there, and nowhere does it have any relevance.

Trump said what he said, seeing it on TV doesn't change that quote.",helene,community_discussion,
lodam4s,t3_1fmkw56,t1_locr9ni,NorthCarolina,AdEmbarrassed9719,1727016586,2024-09-22 14:49,6,"Both Harris and Walz are gun owners themselves, for the record.",helene,community_discussion,
lodb5v5,t3_1fmkw56,t1_lodah4u,NorthCarolina,carolebaskin93,1727016776,2024-09-22 14:52,-1,"ExpectedChaos explains my point in his first sentence but then trails off in sentence two. Re-read the thread a little slower if you want full understanding. Maybe try DMing him too, too you might be able to work through the logic and figure it out. If you still need help, maybe shoot me a DM in a week or so after you try to think through it yourself",helene,community_discussion,
lodboy6,t3_1fmkw56,t1_lodb5v5,NorthCarolina,Lawnknome,1727016957,2024-09-22 14:55,6,"There is no logic to follow.  

There is a difference in attending an event than watching a broadcast.

That distinction has no bearing on the comments OP made about the rally though.  In your opinion, what is the functional difference that distinction makes for OP?

Your condescending attitude aside, maybe you should rethink your logic.",helene,community_discussion,
lodbxy6,t3_1fmkw56,t1_lod9cb6,NorthCarolina,ExpectedChaos,1727017042,2024-09-22 14:57,4,Why are you being condescending?,helene,community_discussion,
lodc0ko,t3_1fmkw56,t1_lodboy6,NorthCarolina,carolebaskin93,1727017067,2024-09-22 14:57,-1,"I had a feeling this would happen. Ask your parents for help or DM in a week, I've got to set up my fantasy lineup. Looks like you'll be busy today",helene,community_discussion,
lodc34g,t3_1fmkw56,t1_lod4lea,NorthCarolina,Ok_Kaleidoscope8419,1727017090,2024-09-22 14:58,-7,"And they didn't call Kamala out on her blatant lies? Interesting how that works, and yes she clearly was given questions in advance look at her answers she wasn't doing that on the fly. And we'll just disregard one of the moderators being her sorority sisters too I guess",helene,community_discussion,
lodcc65,t3_1fmkw56,t1_lodbxy6,NorthCarolina,carolebaskin93,1727017175,2024-09-22 14:59,0,"I'm not condescending, i think you just are having trouble grasping logic and are getting insecure. Maybe try and graduating from community college first and then try to understand this thread",helene,community_discussion,
lodcg77,t3_1fmkw56,t1_lodc0ko,NorthCarolina,Lawnknome,1727017211,2024-09-22 15:00,7,"Bro not sure what you are going on about, but your feigned intelligence is just hilarious.

If you can't articulate your own point, you aren't worth engaging with and you have nothing of substance to say.

Also, the infantilism is a bit played out, maybe try speaking like an adult next time.",helene,community_discussion,
loddwgq,t3_1fmkw56,t1_lodcg77,NorthCarolina,[deleted],1727017704,2024-09-22 15:08,1,[removed],helene,community_discussion,
loddwxe,t3_1fmkw56,t1_lodcc65,NorthCarolina,ExpectedChaos,1727017708,2024-09-22 15:08,5,"You declare that you are not being condescending, and then make a condescending remark regarding community colleges. Classy. :)",helene,community_discussion,
lodep89,t3_1fmkw56,t1_lod95t2,NorthCarolina,DynamicCashew43,1727017973,2024-09-22 15:12,0,Winners decide when to compete?,helene,community_discussion,
loderqo,t3_1fmkw56,t1_loczlbs,NorthCarolina,desertrat75,1727017996,2024-09-22 15:13,7,Good point.,helene,community_discussion,
lodf3w1,t3_1fmkw56,t1_lodep89,NorthCarolina,Daver_B,1727018112,2024-09-22 15:15,-10,When you hold the title you pick your battles. She has no primary votes.,helene,community_discussion,
lodf8dr,t3_1fmkw56,t1_loddwxe,NorthCarolina,carolebaskin93,1727018153,2024-09-22 15:15,0,maybe graduate from one before you comment,helene,community_discussion,
lodfh09,t3_1fmkw56,t1_lodf3w1,NorthCarolina,DynamicCashew43,1727018234,2024-09-22 15:17,9,"Oh, you're one of those folks lmfao.",helene,community_discussion,
lodfr4e,t3_1fmkw56,t1_lodfh09,NorthCarolina,Daver_B,1727018328,2024-09-22 15:18,-2,"Explain ""one of those folks"" in a coherent rant please. I can tell your very open minded LOL",helene,community_discussion,
lodfxsb,t3_1fmkw56,t1_lodc34g,NorthCarolina,DynamicCashew43,1727018390,2024-09-22 15:19,8,"One of the moderators was a white male, so how was he a sorority sister? This should be great.",helene,community_discussion,
lodfynb,t3_1fmkw56,t1_lod7c58,NorthCarolina,Dontgochasewaterfall,1727018398,2024-09-22 15:19,7,"The OP is just making an observation, why are you so unhinged and agro about it. It’s an opinion and question of discussion, no fact checking needed. Jeez, leave the dude alone.",helene,community_discussion,
lodg92n,t3_1fmkw56,t1_lod95t2,NorthCarolina,ms_flibble,1727018495,2024-09-22 15:21,6,"TDS is what you have, idiot.",helene,community_discussion,
lodg9sp,t3_1fmkw56,t1_lodfynb,NorthCarolina,carolebaskin93,1727018502,2024-09-22 15:21,0,why don't you give your opinion?,helene,community_discussion,
lodgdio,t3_1fmkw56,t1_lodfr4e,NorthCarolina,DynamicCashew43,1727018537,2024-09-22 15:22,5,"Nah, I'm good. You already have your opinion, nothing I say will change your mind.",helene,community_discussion,
lodge2y,t3_1fmkw56,t1_lod8fqv,NorthCarolina,2FightTheFloursThatB,1727018543,2024-09-22 15:22,19,"Let's hope he did.

If a competent group of traitors were behind it, that would be cause for alarm.

Oh, who am I kidding.   I've been alarmed since he ""won"" in 2016... and my body is weary from the adrenaline production.",helene,community_discussion,
lodgf7u,t3_1fmkw56,t1_lodg9sp,NorthCarolina,Dontgochasewaterfall,1727018553,2024-09-22 15:22,3,"I’m still thinking on it, hence reading comments in sub, distracted by your attack on OP while reading.",helene,community_discussion,
lodgsf6,t3_1fmkw56,t1_lodgf7u,NorthCarolina,carolebaskin93,1727018676,2024-09-22 15:24,0,I guess that's good you never claimed to be a fast thinker,helene,community_discussion,
lodguze,t3_1fmkw56,t1_lodgdio,NorthCarolina,Daver_B,1727018700,2024-09-22 15:25,1,The more you verbalize your reasoning that Harris is good for the American people the sooner you will see she has nothing to offer the non-rich population.,helene,community_discussion,
lodh8fy,t3_1fmkw56,t1_lod322j,NorthCarolina,Mywordispoontang101,1727018822,2024-09-22 15:27,5,I never left.  And you are?,helene,community_discussion,
lodhb1u,t3_1fmkw56,t1_locrvkg,NorthCarolina,Mywordispoontang101,1727018845,2024-09-22 15:27,3,It's not 100% substantiated.,helene,community_discussion,
lodhfem,t3_1fmkw56,t1_lockjrj,NorthCarolina,DynamicCashew43,1727018885,2024-09-22 15:28,3,Are the bots in the room with you now ?,helene,community_discussion,
lodhjmz,t3_1fmkw56,t1_lodgsf6,NorthCarolina,[deleted],1727018925,2024-09-22 15:28,1,[removed],helene,community_discussion,
lodhrqw,t3_1fmkw56,t1_lodge2y,NorthCarolina,Puzzleheaded-Ruin302,1727018999,2024-09-22 15:29,2,"He approves the message and all it entails. He is aware of it and upholds it's ideals.... But let's be real, he can't write.",helene,community_discussion,
lodi34q,t3_1fmkw56,t1_lodh8fy,NorthCarolina,[deleted],1727019100,2024-09-22 15:31,1,[removed],helene,community_discussion,
lodif1r,t3_1fmkw56,t1_loderqo,NorthCarolina,Dontgochasewaterfall,1727019207,2024-09-22 15:33,0,"True, I was thinking that as well. Lots of sweet irony around here. I heard there’s a chance Rottenson could still drop out, I don’t get how that’s a possibility.",helene,community_discussion,
lodj6dl,t3_1fmkw56,t1_locmgc6,NorthCarolina,Dontgochasewaterfall,1727019454,2024-09-22 15:37,3,Well Lara Trump is Chair of GOP from Wilmington-so there’s that (thanks daddy inlaw!),helene,community_discussion,
lodjbad,t3_1fmkw56,t1_lod2kl7,NorthCarolina,[deleted],1727019498,2024-09-22 15:38,1,[removed],helene,community_discussion,
lodkhvz,t3_1fmkw56,t3_1fmkw56,NorthCarolina,[deleted],1727019876,2024-09-22 15:44,1,[removed],helene,community_discussion,
lodme17,t3_1fmkw56,t1_lod2kl7,NorthCarolina,Mywordispoontang101,1727020467,2024-09-22 15:54,6,">trump vs Kamala and the moderators

He chose to argue with them.  They'd say ""we must clarify, that's bullshit"", and he'd keep lying.  Their job is to be fair.  It's always going to be reality against Trump, he doesn't live in the real word.

>cannot deny she clearly knew the questions before being asked

Sure we can.  Prove it or shut the fuck up.

>That way everyone can see how easy a debate is when it moderated by your side only...

That's one way of looking at it.  The other is to say you don't like news organizations running debates, you want propaganda.  Nobody else does.",helene,community_discussion,
lodmkq4,t3_1fmkw56,t1_lodc34g,NorthCarolina,pleasureismylife,1727020522,2024-09-22 15:55,7,"You can't even compare Kamala Harris to Trump on the lying issue.  She might have made a couple of statements that weren't factually accurate.  That's nothing compared to Trump's unending stream of falsehoods.  

Yes, Kamala was doing that on the fly.  That's what intelligent debaters are able to do.",helene,community_discussion,
lodmnyn,t3_1fmkw56,t1_lodif1r,NorthCarolina,Beginning-North7202,1727020547,2024-09-22 15:55,2,"I read that if he does drop out, any votes for him would go to his successor.",helene,community_discussion,
lodnopf,t3_1fmkw56,t1_lod95t2,NorthCarolina,pleasureismylife,1727020859,2024-09-22 16:00,10,"Can't.  Won't.  Doesn't matter.  Fact is, he didn't win the debate, and he's afraid to face her again.",helene,community_discussion,
lodoa3k,t3_1fmkw56,t1_lodh8fy,NorthCarolina,[deleted],1727021052,2024-09-22 16:04,1,[removed],helene,community_discussion,
lododlt,t3_1fmkw56,t1_lodmnyn,NorthCarolina,Dontgochasewaterfall,1727021083,2024-09-22 16:04,2,"I know, read that as well. Frightening.",helene,community_discussion,
lodonzr,t3_1fmkw56,t1_lodf3w1,NorthCarolina,pleasureismylife,1727021172,2024-09-22 16:06,7,"She wasn't running in the primary.  She's the VP.  After Biden dropped out, 99% of the delegates elected her as the candidate.  

And Trump doesn't hold any title.  She whipped him bad in that debate.",helene,community_discussion,
lodorv0,t3_1fmkw56,t1_lododlt,NorthCarolina,Beginning-North7202,1727021205,2024-09-22 16:06,3,"It's all frightening. Never want to wish my life away, but would happily skip over the next six months.",helene,community_discussion,
lodp7pk,t3_1fmkw56,t1_lodorv0,NorthCarolina,Dontgochasewaterfall,1727021343,2024-09-22 16:09,4,"Oh am I with you. I’ve been ready to move to Spain for a while now, waiting for the kids to grow up. I might have to just skim the news and take a break from politics subs to reside in my bubble for a hot minute. Work on my mental health during that time :)",helene,community_discussion,
lodpitk,t3_1fmkw56,t1_lod4mkp,NorthCarolina,beuhring,1727021438,2024-09-22 16:10,7,You asked a question. I gave you a direct answer. “Including” doesn’t mean exclusively.,helene,community_discussion,
lodrznr,t3_1fmkw56,t1_lod1utj,NorthCarolina,RyAllDaddy69,1727022191,2024-09-22 16:23,-1,"Pro-Trump bot? Would you like a timestamp so you know you’re talking to a human?

There’s also no need for insults. That’s exactly what’s wrong with this country. We can’t have conversations without resorting to insults.
I respect your opinion 100% man! I don’t think you’re “simple-minded”. I just disagree with you. I do, respectfully, think some of us fell victim to manufactured excitement for a candidate we wouldn’t have otherwise chosen. 

I voted Trump in 2016. Biden in 2020. Ive been undecided until recently and have a good idea which way I’ll vote now.

You’re right, it wasn’t a 5% approval rating. She was viewed “very favorably” by 16%of the population this past June, while Biden was around 40%.

“Trumps approval rating was the same during this period”? What are you talking about? Harris and Trump weren’t in the White House at the same time. 

https://www.statista.com/statistics/1172346/share-us-adults-favorable-opinion-kamala-harris/

Her net un-favorability rating has hovered 50-55% until her candidacy was announced.

July 14th of this year, her net approval rating was at 17%.

 https://www.axios.com/2024/09/17/kamala-harris-polling-increase-vs-trump

“A vote for Biden was a vote for Harris to succeed him”. 

Sure, in the event of a 25th amendment situation, that’s the case. It’s not the case when he’s able to complete his term. When I voted Biden in 2020, I didn’t vote for Harris to automatically be the nominee in 2024. I voted for her to be next in line, until the next election, if Biden wasn’t able to fulfill his duties as president.",helene,community_discussion,
lodsar7,t3_1fmkw56,t1_lodhfem,NorthCarolina,RyAllDaddy69,1727022283,2024-09-22 16:24,-2,"They keep saying “it rubs the lotion on its skin or else it gets the hose again”.

Make it stop.",helene,community_discussion,
lodwpc2,t3_1fmkw56,t3_1fmkw56,NorthCarolina,LukeyTarg2,1727023558,2024-09-22 16:45,4,"He won't debate her because she would ether him again, she didn't even had to try that hard.",helene,community_discussion,
lody4bg,t3_1fmkw56,t1_lod5etg,NorthCarolina,OftenSilentObserver,1727023996,2024-09-22 16:53,4,Please tell me what being at the rally would change about this statement. Take all the time you need.,helene,community_discussion,
lodz669,t3_1fmkw56,t1_lodguze,NorthCarolina,OftenSilentObserver,1727024320,2024-09-22 16:58,4,"$6000 child tax credit, $25000 for first home buyers, raising taxes on the ultrawealthy. 

This is a hilarious critique coming from a supporter of the guy who's one legislative accomplishment was a massive tax cut for corporations and the wealthiest people in our country. But sure, tell us more about how the big billionaire from new York is going to make your life easier. The one and only policy he's articulated so far is increasing tarrifs, thus raising the price of all those goods for the American people",helene,community_discussion,
lodzgpk,t3_1fmkw56,t1_lodnopf,NorthCarolina,Daver_B,1727024411,2024-09-22 17:00,-6,Your delusional,helene,community_discussion,
lodznej,t3_1fmkw56,t1_lodonzr,NorthCarolina,Daver_B,1727024469,2024-09-22 17:01,2,👌 🙆‍♂️,helene,community_discussion,
loe00y2,t3_1fmkw56,t1_lod4mkp,NorthCarolina,OftenSilentObserver,1727024588,2024-09-22 17:03,3,"It must be difficult for you to stay informed if you think the only way is to be present for something, and it clearly shows after a brief look at your unhinged comment history",helene,community_discussion,
loe0e5y,t3_1fmkw56,t1_lod2kl7,NorthCarolina,OftenSilentObserver,1727024701,2024-09-22 17:05,3,"Trump had more speaking time and got the last word on every.single.question.

The one time Kamala attempted to get a last word they shut her down. 

The delusion you must experience on a second by second basis must by paralyzing",helene,community_discussion,
loe0t1q,t3_1fmkw56,t3_1fmkw56,NorthCarolina,Specialist-War-584,1727024827,2024-09-22 17:07,1,Vote Dem.,helene,community_discussion,
loe1mjv,t3_1fmkw56,t1_lodzgpk,NorthCarolina,BigHoss94,1727025074,2024-09-22 17:11,9,*You're,helene,community_discussion,
loe2m9z,t3_1fmkw56,t1_loczqlr,NorthCarolina,RyAllDaddy69,1727025373,2024-09-22 17:16,-1,"I mean “current” polling on July 14th had Harris with a net favorability rating of 17%, so yeah, I think it’s a reasonable measure.

We didn’t do that though, did we? We chose the candidate that could keep the money.",helene,community_discussion,
loe3vlq,t3_1fmkw56,t1_lodmkq4,NorthCarolina,Ok_Kaleidoscope8419,1727025745,2024-09-22 17:22,1,"""A couple statements that weren't factually accurate""? You mean flat out lies like saying we don't have any US military deployed in war zones, unless you can the ~2500 currently deployed in the middle east... yeah no she was not on the fly she was prepped for the questions. And again if she's not scared of doing another debate why did she turn down the one fox news offered to do? Trump has done 2 both with new outlets who everyone knows is against him, yet she won't do one with fox and yes trump turned that one down as well but after she had already denied to do it. But since you're with her, name one policy point if hers that is going to help anyone",helene,community_discussion,
loe416q,t3_1fmkw56,t1_lodfxsb,NorthCarolina,Ok_Kaleidoscope8419,1727025792,2024-09-22 17:23,-1,Yes ONE was a white male the OTHER of the two moderators was one of her sorority sisters.... I didn't say both were,helene,community_discussion,
loe42ob,t3_1fmkw56,t1_loe2m9z,NorthCarolina,Kradget,1727025805,2024-09-22 17:23,3,"No, I think they chose the only immediately viable replacement candidate with the strongest name recognition and an existing.... well, everything once Biden decided to back out, rather than ignoring the established process in favor of first trying to organize a poorly conceived, rushed redo of the primary process. 


And... they promptly had a boost in fundraising at all levels and a sustained increase in election polling, pulling from a dead heat to a small but notable advantage before Trump spent 90 minutes at the debate figuratively pissing himself on live television. 


You *really* need this to be a thing for people, and it frankly only is for Trump supporters, by and large (now that Kennedy has decided to try to cash in his support for a job and his former following largely dissolved). Why do you think that is?",helene,community_discussion,
loe7th5,t3_1fmkw56,t3_1fmkw56,NorthCarolina,bjacksonsolo,1727026883,2024-09-22 17:41,5,He also told his people not to vote because he's already won the election.  He's completely lost his marbles.,helene,community_discussion,
loe8s6w,t3_1fmkw56,t1_loe416q,NorthCarolina,DynamicCashew43,1727027154,2024-09-22 17:45,3,OK I'll give you a pass there then. So what evidence do you have to back up your claims? Actual proof please.,helene,community_discussion,
loee9su,t3_1fmkw56,t1_lobhddk,NorthCarolina,RiverStyxx,1727028764,2024-09-22 18:12,-14,And yet He debated both Biden and Kamala in non friendly spaces and Kamala refused the Fox news debate.,helene,community_discussion,
loef6zn,t3_1fmkw56,t3_1fmkw56,NorthCarolina,whyisthisathing666,1727029043,2024-09-22 18:17,1,"Any other impressions or insights you’d care to share about the rally? Was it, in fact, boring with crowds leaving? Was the crowd civil? Did Trump say anything else of note?",helene,community_discussion,
loejajn,t3_1fmkw56,t1_loee9su,NorthCarolina,Actual_Sprinkles_291,1727030285,2024-09-22 18:38,20,"Non-friendly? The CNN was biased towards Trump, refusing to hold him to the time limit and didn’t fact-check his falsehoods. 

Fox is Trump’s biased platform so they’d do the same but essentially be a Trump soapbox. Kamala would be an idiot like Biden was to jump into Trump’s snowflake safespace. 

ABC was more than fair. They factchecked the super egregious lies. If Trump didn’t want to be called out, then he shouldn’t lie. They treated both parties fairly, for they also cut Kamala’s time when she was out of time and even told over her talking to basically shut up like they did for Trump.

If he didn’t think that was fair, then he’s worse than a preschooler that whines when they get in trouble instead of getting a lollipop like the good kids.",helene,community_discussion,
loeou28,t3_1fmkw56,t1_lodf8dr,NorthCarolina,ExpectedChaos,1727031954,2024-09-22 19:05,3,Maybe stop being a troll. :/,helene,community_discussion,
loesrem,t3_1fmkw56,t1_loef6zn,NorthCarolina,pleasureismylife,1727033130,2024-09-22 19:25,7,"I watched it on the internet, so I don't know if people were leaving or not.  As far as the content, it was very similar to other Trump rallies that I've watched--lots of berating of immigrants and distortions of fact regarding immigration, saying if he was president none of the bad things that are going on in world would have happened, lots of derogatory content about Kamala Harris.

Really, there was so much non-factual material that I wanted to write up a full fact check of the rally, but that would have taken forever.  

One moment that really bugged me was when he was talking about how women were better off four years ago, and how if he's elected he will fix things so women are happy again.  I wanted to scream, because four years ago we were actually going through a horrible pandemic, so women clearly were not better off, and he's directly responsible for taking away women's reproductive freedoms.",helene,community_discussion,
loetdrr,t3_1fmkw56,t1_lodge2y,NorthCarolina,DAnimal198169,1727033314,2024-09-22 19:28,-3,  “Won” 2016? You’re an election denier.,helene,community_discussion,
loeu2ej,t3_1fmkw56,t1_loejajn,NorthCarolina,RiverStyxx,1727033518,2024-09-22 19:31,-15,CNN interrupted Trump and fact checked him but never once fact checked Harris when she lied.  Saying CNN was biased towards Trump is a blatant lie.,helene,community_discussion,
loeueu8,t3_1fmkw56,t3_1fmkw56,NorthCarolina,AdmiralBoooom,1727033624,2024-09-22 19:33,5,Then why are Tim Walz and JD Vance debating in October?,helene,community_discussion,
loevoks,t3_1fmkw56,t1_loe3vlq,NorthCarolina,pleasureismylife,1727034002,2024-09-22 19:40,4,"You just made my point for me.  You pointed out one factually inaccurate statement by Kamala, and don't care about the roughly 30 from Trump.  

You have zero proof she was prepped from the questions.  

As far as turning down Fox, no-one should patronize that network anymore.  It's devolved and degenerated into a far right propaganda operation.  It doesn't even deserve to be called a news network.

As far as a good policy of Kamala Harris, one of the best is a $50,000 tax credit for new business startups.",helene,community_discussion,
loex28a,t3_1fmkw56,t3_1fmkw56,NorthCarolina,Imaginary-Daikon2687,1727034416,2024-09-22 19:46,-5,Pretty nice echo chamber y’all have built here.  Latinos for Trump all day every day!,helene,community_discussion,
loeya1s,t3_1fmkw56,t1_loevoks,NorthCarolina,Ok_Kaleidoscope8419,1727034778,2024-09-22 19:52,1,"So since you don't like fox it is ""far right"" sounds about right for the left I don't agree with you so let me demonize you... and yeah that's a decent idea until you look into it and what it covers, they get that with very few stipulations and can even file bankruptcy and get the credit back. So what about trumps proposals, no tax on tips, no tax on overtime. Great policy ideas there which benefit the working class. Or even better his proposal of putting a cap on interest amounts on credit cards to 10-15% where now many are upwards of 25%. And yeah they're not gonna release they gave her the questions but when she comes in and has prepared points for each exact question that is very telling, idc how good of a speaker anyone is you're not going to have perfected PR approved answers to every question without knowing the questions beforehand. And point out trumps 30 lies because a lot of their fact checking has turned I'll give you the obvious of hatian immigrants ""eating people's pets"" but they are going into city parks and killing/eating ducks and geese which is illegal",helene,community_discussion,
lof2u9i,t3_1fmkw56,t1_lodz669,NorthCarolina,Daver_B,1727036157,2024-09-22 20:15,0,The user name checks out. You should stay silent. You should also take an upper level economics course instead of playing Minecraft all day. And please don't start with the record profits from oil companies! That's another stupid argument just like the lie that Trump is connected to project 2025. All lies.. Cheap energy equals prosperity. That's how we've gotten to where we are now.,helene,community_discussion,
lof3kt6,t3_1fmkw56,t1_loex28a,NorthCarolina,Aggravating_Sea7076,1727036385,2024-09-22 20:19,0,"yeah, they all just sit here and recite the same things between each other.  Then they downvote ppl to hell who dont agree with them. they can never have a real conversation and its just a waste of time if they actually do.",helene,community_discussion,
lof4upe,t3_1fmkw56,t1_loesrem,NorthCarolina,Aggravating_Sea7076,1727036778,2024-09-22 20:26,0,everyone was better off before the pandemic.we weren't in as much debt as now and we werent involved in the proxys (ukraine/isreal). also the whole border situation was nothing like it is now. we weren't being flooded with people coming over it illegally. but since he was saying a bunch of non-factual material can you give a couple statements to back up your claims?,helene,community_discussion,
lof7rj9,t3_1fmkw56,t1_locgwpl,NorthCarolina,OffManWall,1727037691,2024-09-22 20:41,2,Only Trump supporters consider the truth “biased” and cry about it.🤦‍♂️,helene,community_discussion,
lof87n2,t3_1fmkw56,t1_loci9wc,NorthCarolina,OffManWall,1727037831,2024-09-22 20:43,2,Only to Trump supporters.,helene,community_discussion,
lof89ze,t3_1fmkw56,t1_lodp7pk,NorthCarolina,Beginning-North7202,1727037851,2024-09-22 20:44,3,Completely understand; ditto!,helene,community_discussion,
lofeikg,t3_1fmkw56,t3_1fmkw56,NorthCarolina,FUTUREAF1775,1727039843,2024-09-22 21:17,-1,"Just out of curiosity, why aren’t things like this posted in r/ncpolitics?",helene,community_discussion,
lofggvl,t3_1fmkw56,t1_lof4upe,NorthCarolina,Aggravating_Sea7076,1727040493,2024-09-22 21:28,-2,so no statements to prove your claim of non factual things he was saying?,helene,community_discussion,
lofl577,t3_1fmkw56,t1_loeya1s,NorthCarolina,DynamicCashew43,1727042038,2024-09-22 21:53,2,🤡,helene,community_discussion,
lofrph7,t3_1fmkw56,t3_1fmkw56,NorthCarolina,Top-Penalty-3352,1727044335,2024-09-22 22:32,1,It’s not too late. Republicans have gerrymandered to the point where Trump can lose the popular vote overwhelmingly and still win. Wake up people.,helene,community_discussion,
lofviai,t3_1fmkw56,t1_loe00y2,NorthCarolina,carolebaskin93,1727045678,2024-09-22 22:54,1,"I'm glad you take the time to read my comments, thank you",helene,community_discussion,
lofwlmj,t3_1fmkw56,t1_lof2u9i,NorthCarolina,OftenSilentObserver,1727046064,2024-09-22 23:01,2,"So, to be clear, you have zero actual rebuttals to my arguments. Thanks 👍",helene,community_discussion,
lofxgzq,t3_1fmkw56,t3_1fmkw56,NorthCarolina,CutenTough,1727046373,2024-09-22 23:06,4,"Clearly, he's a mf coward..... and a bully victim. No place for that kind in the president's seat",helene,community_discussion,
log0o70,t3_1fmkw56,t1_locqt68,NorthCarolina,After-Mud-6001,1727047513,2024-09-22 23:25,2,For real!!! I've gotten literally more ads than there are days since I last checked mail! That man is shaking in his boots hoping I vote for him 😂,helene,community_discussion,
log1j75,t3_1fmkw56,t1_lod0b9n,NorthCarolina,m2chaos13,1727047819,2024-09-22 23:30,1,538,helene,community_discussion,
locx1a8,t3_1fmlh0j,t3_1fmlh0j,NorthCarolina,Kradget,1727011608,2024-09-22 13:26,7,"Oh, that's just Gary, you're fine",helene,community_discussion,
locye8f,t3_1fmlh0j,t1_locx1a8,NorthCarolina,Orobor0,1727012157,2024-09-22 13:35,2,Don’t feed Gary. Just leave him be.,helene,community_discussion,
lodpiaq,t3_1fmlh0j,t3_1fmlh0j,NorthCarolina,Cold-Introduction-54,1727021434,2024-09-22 16:10,2,"fwiw-http://bfro.net/GDB/show\_county\_reports.asp?state=nc&county=Wilkes

elk are in GSMNP in Cades Cove & nearby",helene,community_discussion,
lodqwn6,t3_1fmlh0j,t1_lodpiaq,NorthCarolina,thegoblinwithin,1727021871,2024-09-22 16:17,1,"I'm not saying it couldn't be a Bigfoot, I would love to say i was near a bigfoot, but knowing there's Elk out here really makes sense. 

That's a big animal. I'm gonna go with Bigfoot or Elk and both are cool",helene,community_discussion,
lobmbku,t3_1fmlju0,t3_1fmlju0,NorthCarolina,Hungry_Charity_6668,1726983429,2024-09-22 05:37,58,"In all honesty, did you really expect Trump's VP pick to say much else besides that?",helene,community_discussion,
lobmht5,t3_1fmlju0,t1_lobmbku,NorthCarolina,NIN10DOXD,1726983536,2024-09-22 05:38,57,It's just incredibly stupid to do the same day that Trump held a rally in NC with no mention of Robinson and the GOP scrubbing him from their social media.,helene,community_discussion,
lobmlga,t3_1fmlju0,t3_1fmlju0,NorthCarolina,forever_a10ne,1726983599,2024-09-22 05:39,468,"Unlike immigrants eating pets, there is actual evidence of his perversions.",helene,community_discussion,
lobmvsk,t3_1fmlju0,t1_lobmht5,NorthCarolina,Hungry_Charity_6668,1726983770,2024-09-22 05:42,6,"But, it’s expected. 

He’s going to tow to party line response of either distancing or doubling down on Mark. And it looks like he and Trump are choosing distance. Unless Trump says anything else about Mark, I wouldn’t expect JD to differ",helene,community_discussion,
lobn10g,t3_1fmlju0,t1_lobmvsk,NorthCarolina,NIN10DOXD,1726983859,2024-09-22 05:44,21,Which is why I find it crazy that he addressed it and insinuated it was fake. He could've just ignored it like Trump.,helene,community_discussion,
lobn5vi,t3_1fmlju0,t1_lobn10g,NorthCarolina,Hungry_Charity_6668,1726983940,2024-09-22 05:45,-3,"He could’ve, but it’s not like his response was anything unexpected either. Either way, no big shaker from his answer",helene,community_discussion,
lobn963,t3_1fmlju0,t3_1fmlju0,NorthCarolina,Truthisnotallowed,1726983996,2024-09-22 05:46,5,[You know what Emerson Cod would say to that . . .](https://i.imgflip.com/5gdjav.jpg),helene,community_discussion,
lobncy0,t3_1fmlju0,t1_lobn963,NorthCarolina,NIN10DOXD,1726984061,2024-09-22 05:47,0,Happy Cake Day!,helene,community_discussion,
lobr383,t3_1fmlju0,t3_1fmlju0,NorthCarolina,MightyTastyBeans,1726986430,2024-09-22 06:27,269,"This guy is such an amateur politician. Like, he’s really bad at it.",helene,community_discussion,
loc2h4s,t3_1fmlju0,t3_1fmlju0,NorthCarolina,Karate-Schnitzel,1726994109,2024-09-22 08:35,2,"True, the truth, has yet to be on his side",helene,community_discussion,
loc46wg,t3_1fmlju0,t3_1fmlju0,NorthCarolina,hunterravioli,1726995294,2024-09-22 08:54,6,I wonder what reality JD Vance is in?!,helene,community_discussion,
loc5rna,t3_1fmlju0,t3_1fmlju0,NorthCarolina,SenseiT,1726996390,2024-09-22 09:13,53,"Sorry, but that albatross is firmly secured around your necks.",helene,community_discussion,
loc6rhd,t3_1fmlju0,t1_lobr383,NorthCarolina,AlludedNuance,1726997079,2024-09-22 09:24,119,"The bar for entry is really, really low for the GOP these days.",helene,community_discussion,
loc6zh1,t3_1fmlju0,t3_1fmlju0,NorthCarolina,TKfromNC,1726997235,2024-09-22 09:27,60,"You know for a trained military public relations guy, this guy seems like the worst of them. Don’t need to be that smart to be a Peter Thiel lackey I suppose. Just do the Trump thing and lie about everything!",helene,community_discussion,
loc8dtu,t3_1fmlju0,t3_1fmlju0,NorthCarolina,Just-Put9341,1726998220,2024-09-22 09:43,2,Vance is a retard. Trump and Guliani have taught him well. What's truth? Whatever you make it. Just say shit and back it up with fake evidence.,helene,community_discussion,
loc8x9u,t3_1fmlju0,t1_lobr383,NorthCarolina,juiceconcentrate6,1726998598,2024-09-22 09:49,1,You might have inadvertently complimented him,helene,community_discussion,
loc9l4z,t3_1fmlju0,t3_1fmlju0,NorthCarolina,idowatercolours,1726999054,2024-09-22 09:57,-39,He’s correct. We don’t have real evidence. Those unauthenticated screen grabs would not be admissible in court,helene,community_discussion,
locagmp,t3_1fmlju0,t1_loc6rhd,NorthCarolina,Mastershoelacer,1726999660,2024-09-22 10:07,44,As long as you have a billionaire backer,helene,community_discussion,
locapgm,t3_1fmlju0,t3_1fmlju0,NorthCarolina,JonTheWizard,1726999827,2024-09-22 10:10,2,Who you trying to fool?,helene,community_discussion,
locbzpw,t3_1fmlju0,t1_loc9l4z,NorthCarolina,im_intj,1727000697,2024-09-22 10:24,-35,"Correct, people can hate it all they want but this is all circumstantial.",helene,community_discussion,
locc6a5,t3_1fmlju0,t1_loc9l4z,NorthCarolina,Realistic-Anything-5,1727000818,2024-09-22 10:26,24,"He used the same email to sign up for the account that he used on multiple other platforms, same username he uses on multiple other platforms, and said the same shit he says at his ""church sermons.""

Cope harder.",helene,community_discussion,
locciy4,t3_1fmlju0,t1_locc6a5,NorthCarolina,idowatercolours,1727001056,2024-09-22 10:30,-30,"It’s too easy to photoshop screen grabs.
They should have archived the website content . Did they?",helene,community_discussion,
loccwjd,t3_1fmlju0,t1_locbzpw,NorthCarolina,bravedubeck,1727001313,2024-09-22 10:35,18,"Yeah. Besides, it’s not like he’s said anything controversial before in very public, verifiable and/or recorded statements.  

/s",helene,community_discussion,
locdohx,t3_1fmlju0,t3_1fmlju0,NorthCarolina,TheMan123718,1727001825,2024-09-22 10:43,-37,Dems love to forget about the sick fucks they push for office 😂,helene,community_discussion,
locdplx,t3_1fmlju0,t1_locciy4,NorthCarolina,Realistic-Anything-5,1727001846,2024-09-22 10:44,17,"https://www.politico.com/news/2024/09/20/mark-robinson-porn-website-deleted-00180319

So either his campaign or the website deleted the comments, as his account is still active.

https://www.wral.com/21632867/?version=vjsconfig

But his did use his username minisoldr on AdultFriendFinder and his picture was there.",helene,community_discussion,
locep56,t3_1fmlju0,t1_locciy4,NorthCarolina,middlingachiever,1727002476,2024-09-22 10:54,22,"CNN reported the next day that the lewd posts were being removed from the website (predictably, I’d add).

1. I’m assuming investigative journalists knew to archive the website content before going to press. Hopefully.

2. Regular people went to the website in droves between the publication of the first article and the posts being removed. They saw them and took their own screen grabs.",helene,community_discussion,
locevpm,t3_1fmlju0,t3_1fmlju0,NorthCarolina,Inphexous,1727002591,2024-09-22 10:56,8,Says the guy who can't function normally in reality.,helene,community_discussion,
locfmrp,t3_1fmlju0,t1_locdohx,NorthCarolina,notickeynoworky,1727003054,2024-09-22 11:04,24,"Hi! Local independent voter here. Your defense is “we’re just like those people we call awful?” lol not a strong argument. 

Also, do you have an example of a dem with this kind of controversy that the party continued to support?",helene,community_discussion,
locfqdq,t3_1fmlju0,t1_locdohx,NorthCarolina,Kradget,1727003113,2024-09-22 11:05,15,"Getting about lunch time over there, ain't it, if it's 6 here.",helene,community_discussion,
locg6j5,t3_1fmlju0,t1_locfqdq,NorthCarolina,TheMan123718,1727003383,2024-09-22 11:09,-8,🤖,helene,community_discussion,
locgu1w,t3_1fmlju0,t3_1fmlju0,NorthCarolina,DamionDreggs,1727003768,2024-09-22 11:16,2,Says they guy who thinks it's okay to make stuff up.,helene,community_discussion,
locgwl5,t3_1fmlju0,t1_locbzpw,NorthCarolina,middlingachiever,1727003809,2024-09-22 11:16,14,"As opposed to what, an eye witness? 

I’ve read about adult video shops saying he was a regular, so eye witnesses may also exist.",helene,community_discussion,
locgz7n,t3_1fmlju0,t3_1fmlju0,NorthCarolina,Hidalgo321,1727003852,2024-09-22 11:17,3,What is real,helene,community_discussion,
loch1ov,t3_1fmlju0,t1_locgwl5,NorthCarolina,im_intj,1727003893,2024-09-22 11:18,-14,You know what also exists security footage. Eye witness testimony is not as reliable as you think.,helene,community_discussion,
loch9yg,t3_1fmlju0,t1_loch1ov,NorthCarolina,middlingachiever,1727004026,2024-09-22 11:20,7,"Sure, security footage probably exists.

I mentioned eye witness as an example of direct evidence (as opposed to circumstantial evidence). People are convicted on circumstantial evidence all the time. An eye witness (or video footage) is *rare*, yet convictions are reached.",helene,community_discussion,
lochdzm,t3_1fmlju0,t3_1fmlju0,NorthCarolina,uno_novaterra,1727004091,2024-09-22 11:21,2,Ugh… Isn’t this psychopath exhausted by constantly defending the scum around him?,helene,community_discussion,
locihmq,t3_1fmlju0,t1_lobn10g,NorthCarolina,secretsodapop,1727004728,2024-09-22 11:32,3,They aren’t saying it for you. Vance is saying this for republicans.,helene,community_discussion,
locj5wi,t3_1fmlju0,t3_1fmlju0,NorthCarolina,obxtalldude,1727005101,2024-09-22 11:38,4,"Given the polls showing Trump still holding his voters in light of the ""Black Trump"" meltdown, I'm wondering about the thought process for those who will vote Stein for Governor... and still vote for Trump.

I suppose there is no thought, only emotion on the right these days.",helene,community_discussion,
lock1nz,t3_1fmlju0,t3_1fmlju0,NorthCarolina,Mywordispoontang101,1727005579,2024-09-22 11:46,54,"You listen to guys like Vance, then Cotton, Hawley, McEnany, Miller, Cruz, Kavanaugh, and Thomas, and you have to wonder:  Why in the fuck are schools like Harvard, Duke, Yale, etc said to be hard to get into if these morons made the cut?",helene,community_discussion,
locmb3l,t3_1fmlju0,t3_1fmlju0,NorthCarolina,prizepig,1727006752,2024-09-22 12:05,96,"I mean, by JD Vance's standards, literally anything that anyone says can be true if you believe hard enough.  ",helene,community_discussion,
locmgib,t3_1fmlju0,t1_lock1nz,NorthCarolina,Majestic-Macaron6019,1727006826,2024-09-22 12:07,54,"They're not stupid. They're full of shit. They know they're lying, and they don't care, as long as it advances their teams narrative.",helene,community_discussion,
locmhxd,t3_1fmlju0,t3_1fmlju0,NorthCarolina,Whats-in-a_name,1727006845,2024-09-22 12:07,3,There it is,helene,community_discussion,
locmm2p,t3_1fmlju0,t1_locmgib,NorthCarolina,Mywordispoontang101,1727006905,2024-09-22 12:08,9,Porque no los dos?,helene,community_discussion,
locmow9,t3_1fmlju0,t1_locdohx,NorthCarolina,Majestic-Macaron6019,1727006945,2024-09-22 12:09,13,Such as?,helene,community_discussion,
locn7fh,t3_1fmlju0,t3_1fmlju0,NorthCarolina,Boomslang505,1727007203,2024-09-22 12:13,2,Just like that couch aye nah?,helene,community_discussion,
locn8vp,t3_1fmlju0,t1_locdohx,NorthCarolina,AlternativeParty5126,1727007222,2024-09-22 12:13,12,Nice cope weirdo lol,helene,community_discussion,
locnast,t3_1fmlju0,t3_1fmlju0,NorthCarolina,Barbarossa49,1727007249,2024-09-22 12:14,9,Limp defense of his fellow Republican at best. “I don’t not believe him. I don’t believe him.” Followed by versions of “we’ll have to see how it plays out “ Robinson is scum and Vance knows it. The donut shop was a better moment for Vance.,helene,community_discussion,
locnhe3,t3_1fmlju0,t1_loc9l4z,NorthCarolina,geekin5322,1727007339,2024-09-22 12:15,9,Hahahahahaha. This is some real pissy ass stuff to say.,helene,community_discussion,
locnm7i,t3_1fmlju0,t1_locbzpw,NorthCarolina,geekin5322,1727007405,2024-09-22 12:16,12,Don’t be deliberately dumb man. They have receipts.,helene,community_discussion,
locnoiv,t3_1fmlju0,t1_lock1nz,NorthCarolina,Barbarossa49,1727007435,2024-09-22 12:17,14,They all prefer lying to get and keep political power to having a shred of integrity,helene,community_discussion,power
locnt15,t3_1fmlju0,t1_locnm7i,NorthCarolina,im_intj,1727007497,2024-09-22 12:18,-13,"Im not being dumb, if you went to court with screenshots and an account name it probably wouldn't hold up.",helene,community_discussion,
loco5pt,t3_1fmlju0,t1_locnt15,NorthCarolina,geekin5322,1727007669,2024-09-22 12:21,9,"What about the fact that he used the same screen name and actually used his real name, his picture, and this was all verified? These aren’t just screen shots, they have all this info. 

And this isn’t a court of law, Robinson should totally take it to a court though if it’s untrue. It would be easy as can be to disprove on his end. But we both know he won’t, right? And the reason for that is glaringly obvious, isn’t it?",helene,community_discussion,
locolqc,t3_1fmlju0,t3_1fmlju0,NorthCarolina,BarryZZZ,1727007885,2024-09-22 12:24,4,"Thus says the man you says he'll make up stories to get an important point across, that he will lie to reveal important ""truths.""",helene,community_discussion,
locomr5,t3_1fmlju0,t3_1fmlju0,NorthCarolina,Das-Drew,1727007898,2024-09-22 12:24,-1,"Devils advocate here - it sounds like he’s saying that allegations *in general* aren’t necessarily reality.

Still a stupid way to tapdance around the Mark Robinson situation.

What I’m hoping for is that this leads to Mo Green and Jeff Jackson winning their contests in November as well. Their opponents are just as cooky as Mark Robinson.",helene,community_discussion,
locop62,t3_1fmlju0,t3_1fmlju0,NorthCarolina,Kenilwort,1727007930,2024-09-22 12:25,28,Is Vance a sleeper agent designed to take down trump?,helene,community_discussion,
locovrj,t3_1fmlju0,t1_loc9l4z,NorthCarolina,pm_me_your_kindwords,1727008019,2024-09-22 12:26,12,"1) CNN would not have published it if they weren’t very sure, as it would open them up to massive libel liability. If it were fake he would have already filed a lawsuit against them. 

2) In court they would just subpoena the records from the website. Both he and CNN know that. Not sure what your point is with that.

3) Even if it were 100% faked, it’s only incrementally worse than what he’s been saying publicly *during the campaign*. 

That’s part of why it’s so believable, and also why it doesn’t matter. He’s a deeply flawed, hateful candidate, and shouldn’t be anywhere near the governor’s office.",helene,community_discussion,
locp6ji,t3_1fmlju0,t1_locop62,NorthCarolina,Das-Drew,1727008163,2024-09-22 12:29,20,2015-2017 comments would suggest yes.,helene,community_discussion,
locprq8,t3_1fmlju0,t1_locdohx,NorthCarolina,zach_doesnt_care,1727008442,2024-09-22 12:34,6,0/10,helene,community_discussion,
locpx59,t3_1fmlju0,t1_lobmlga,NorthCarolina,Politicsboringagain,1727008511,2024-09-22 12:35,95,And he has said it on video in churches. ,helene,community_discussion,
locpzab,t3_1fmlju0,t1_loc9l4z,NorthCarolina,zach_doesnt_care,1727008538,2024-09-22 12:35,9,I'm sure Mark will piss on your sister if you ask him.,helene,community_discussion,
locq24k,t3_1fmlju0,t1_locciy4,NorthCarolina,gphjr14,1727008575,2024-09-22 12:36,13,Then I guess Robinson should sue because it’s obviously fake right? Right??,helene,community_discussion,
locq3pn,t3_1fmlju0,t1_loc6zh1,NorthCarolina,Politicsboringagain,1727008596,2024-09-22 12:36,16,"As much as he doesn't want to admit it. He is a diversity higher in the worst ways that theu describe diversity hires.


If he wasn't a poor white man from the Appalachian mountains he would have been able to go to college. ",helene,community_discussion,
locrfjy,t3_1fmlju0,t3_1fmlju0,NorthCarolina,MarkXIX,1727009209,2024-09-22 12:46,18,"Fellow voters,

Remember, the people we elect are expected to be the best of us. They’re expected to act on our behalf and in our best interests. 

When we choose them, we are agreeing most of the time to compensate them with hundreds of thousands of our hard earned tax dollars when you consider salary and benefits, travel funds, and sometimes a life long pension. We are gifting them with power over our lives with their decisions and acts.

So, please, PLEASE fucking do better choosing these people. Stop being lazy with your vote, relying on the lies they’re pushing on the commercials you might see or hear. Spend just two fucking minutes on your own reading about their decisions and their history. Think of them as your boss or even you co-worker, would you want to work with that person? Do better, please.",helene,community_discussion,power
locrkto,t3_1fmlju0,t3_1fmlju0,NorthCarolina,HauntingSentence6359,1727009274,2024-09-22 12:47,2,Alternate reality!,helene,community_discussion,
locs1zn,t3_1fmlju0,t1_locmb3l,NorthCarolina,middlingachiever,1727009488,2024-09-22 12:51,33,Makes the couch jokes funnier.,helene,community_discussion,
locshat,t3_1fmlju0,t1_locmb3l,NorthCarolina,oregondude79,1727009678,2024-09-22 12:54,12,It's not a lie if you believe it.,helene,community_discussion,
locsib4,t3_1fmlju0,t3_1fmlju0,NorthCarolina,asleepinthetreestand,1727009690,2024-09-22 12:54,3,"Please,  lean into that stance!",helene,community_discussion,
locswkd,t3_1fmlju0,t1_loc9l4z,NorthCarolina,wahoozerman,1727009864,2024-09-22 12:57,9,"In that case Robinson ought to take Tillis' advice and sue CNN or resign.

There are three options here.

1. CNN decided to risk their business and reputation by whole cloth fabricating a story in order to take down a state level political campaign that was already double digits behind on the polls.

2. Multiple businesses decided to risk their business to lawsuit by fabricating evidence that details Robinson's life and career, scattering it across the internet, and hoping that they could fool CNN into running the story.

Or

3. The guy who publicly says shit like the civil rights movement being a communist plot to destroy capitalism and subvert free will, some people need killing, and that the country was better when women couldn't vote, also thinks that MLK was a bad person, would like to join the KKK, and thinks of himself as a Nazi.",helene,community_discussion,
loctbwp,t3_1fmlju0,t1_lobr383,NorthCarolina,Atheist_3739,1727010047,2024-09-22 13:00,36,He a concept of a politician,helene,community_discussion,
loctkbh,t3_1fmlju0,t3_1fmlju0,NorthCarolina,TactileExile,1727010147,2024-09-22 13:02,2,These chodes read 1984 and Animal Farm and took the exact wrong lessons from them. It's all double speak and denying shit they said four days earlier.,helene,community_discussion,
locu4t7,t3_1fmlju0,t1_locrfjy,NorthCarolina,[deleted],1727010393,2024-09-22 13:06,1,[removed],helene,community_discussion,
locuf9j,t3_1fmlju0,t1_locnt15,NorthCarolina,JoeStyles,1727010517,2024-09-22 13:08,8,We're not going to court bootlicker. We're in the court of public opinion,helene,community_discussion,
locufup,t3_1fmlju0,t1_loctbwp,NorthCarolina,VanDenBroeck,1727010524,2024-09-22 13:08,16,A weird concept.,helene,community_discussion,
locugku,t3_1fmlju0,t1_locdohx,NorthCarolina,JoeStyles,1727010532,2024-09-22 13:08,7,Like which one.... give me a name,helene,community_discussion,
locwsn7,t3_1fmlju0,t1_locpx59,NorthCarolina,MisterProfGuy,1727011509,2024-09-22 13:25,110,"Jeff Jackson, future attorney General if we vote this year, made a great point that almost nothing Robinson said is really any worse than other things that we know he's said, so it's completely consistent with everything we know about him.

Here, he just said all the things, then we found out all at once, but we've known who he was the whole time.

Jeff Jackson called for Robinson to stand down as Lt Gov two years ago.",helene,community_discussion,
locytc4,t3_1fmlju0,t3_1fmlju0,NorthCarolina,EmperorGeek,1727012322,2024-09-22 13:38,2,Vance clearly lives in an Alternate Reality.  It’s weird.,helene,community_discussion,
locyxfs,t3_1fmlju0,t1_locomr5,NorthCarolina,Herlander_Carvalho,1727012368,2024-09-22 13:39,5,"What do you mean? They are well past allegations. The e-mail registered on Nude Africa, is a known e-mail address for Mark Robinson, and if anything, when you registered on a site, you need to authenticate your e-mail address, to avoid scams. This is a practice as old as the internet became more public back in the 90's. That assumes that, whoever registered the user on Nude Africa, had to have access to Mark Robinson's mail, and logic dictates, that that person, is Mark Robinson.

I challenge you to go on any site, and register under an e-mail address, you have no control of, and tell me how that goes.",helene,community_discussion,
locyydl,t3_1fmlju0,t3_1fmlju0,NorthCarolina,i_am_voldemort,1727012378,2024-09-22 13:39,4,The NC GOP must carry Mark Robinson to term,helene,community_discussion,
locz5mn,t3_1fmlju0,t3_1fmlju0,NorthCarolina,dardachat,1727012458,2024-09-22 13:40,3,I tell you what is reality. How bad that eyeliner you are using ,helene,community_discussion,
locz9v9,t3_1fmlju0,t1_locyxfs,NorthCarolina,Das-Drew,1727012505,2024-09-22 13:41,-1,You totally misunderstood my post. Of course the allegations are true.,helene,community_discussion,
lod1krb,t3_1fmlju0,t3_1fmlju0,NorthCarolina,12-Easy-Payments,1727013300,2024-09-22 13:55,1,"Alternative Facts?

Again?",helene,community_discussion,
lod1tbr,t3_1fmlju0,t1_loc5rna,NorthCarolina,ijbh2o,1727013375,2024-09-22 13:56,1,Byrd reference?,helene,community_discussion,
lod1zkk,t3_1fmlju0,t3_1fmlju0,NorthCarolina,OG_TBV,1727013439,2024-09-22 13:57,3,It's more of a concept of a reality,helene,community_discussion,
lod3b67,t3_1fmlju0,t1_locmow9,NorthCarolina,TheMan123718,1727013937,2024-09-22 14:05,-8,Katie hill? Susanna Gibson? And correct me if I’m wrong but wasn’t there some gay dude running for senate or something who was caught getting plowed by his bf in the senate building?,helene,community_discussion,
lod3e3e,t3_1fmlju0,t1_loctbwp,NorthCarolina,airowe,1727013966,2024-09-22 14:06,6,Concept sofa politician,helene,community_discussion,
lod3hg6,t3_1fmlju0,t1_locn8vp,NorthCarolina,TheMan123718,1727014001,2024-09-22 14:06,-5,I’m not wrong tho. They just don’t like to admit it because they’re hypocrites,helene,community_discussion,
lod3j50,t3_1fmlju0,t1_locprq8,NorthCarolina,TheMan123718,1727014019,2024-09-22 14:06,0,0/10 what,helene,community_discussion,
lod3mwr,t3_1fmlju0,t1_locugku,NorthCarolina,TheMan123718,1727014058,2024-09-22 14:07,-2, Susanna Gibson who was a camwhore and Katie Hill… there’s two lol,helene,community_discussion,
lod3xzx,t3_1fmlju0,t1_locagmp,NorthCarolina,Freshandcleanclean,1727014175,2024-09-22 14:09,22,Peter Thiel is so creepy,helene,community_discussion,
lod53so,t3_1fmlju0,t1_locapgm,NorthCarolina,Freshandcleanclean,1727014609,2024-09-22 14:16,2,Republican voters.,helene,community_discussion,
lod65g1,t3_1fmlju0,t3_1fmlju0,NorthCarolina,inkarnata,1727014993,2024-09-22 14:23,3,Couch fucker says what?,helene,community_discussion,
lod684n,t3_1fmlju0,t1_locdplx,NorthCarolina,idowatercolours,1727015020,2024-09-22 14:23,-3,The user name means nothing. Unless they archived the data. Anyone can force a screen grab,helene,community_discussion,
lod6f3g,t3_1fmlju0,t1_locep56,NorthCarolina,idowatercolours,1727015091,2024-09-22 14:24,-1,I went there right away and it was under a paywall. Wasn’t able to see anything. I doubt people were signing up and paying for accounts there,helene,community_discussion,
lod6jck,t3_1fmlju0,t3_1fmlju0,NorthCarolina,CompleteSherbert885,1727015134,2024-09-22 14:25,2,"And JD Vance knows that these allegations ""aren't necessarily reality"" how? Maybe Mark Robinson didn't actually do that shit and just fantasized about it, wanted to participate on the board with it, but the ALLEGATIONS are true.",helene,community_discussion,
lod6ppm,t3_1fmlju0,t1_locovrj,NorthCarolina,idowatercolours,1727015199,2024-09-22 14:26,-7,"Note how almost every other major publication used “alleged” and “account linked to” instead of definitive language like CNN

Look CNN is dying lol maybe that’s their last attempt at relevance. “Death rattle “",helene,community_discussion,
lod6r85,t3_1fmlju0,t1_lod3mwr,NorthCarolina,[deleted],1727015214,2024-09-22 14:26,1,[removed],helene,community_discussion,
lod6shh,t3_1fmlju0,t1_locpzab,NorthCarolina,idowatercolours,1727015227,2024-09-22 14:27,0,Oooh someone’s angwyyyy lol,helene,community_discussion,
lod6u2x,t3_1fmlju0,t3_1fmlju0,NorthCarolina,PracticeBurrito,1727015243,2024-09-22 14:27,3,JD is having to use too much brain power playing dumb on the fly and it comes off as so awkward.,helene,community_discussion,power
lod6wph,t3_1fmlju0,t1_lod684n,NorthCarolina,Realistic-Anything-5,1727015269,2024-09-22 14:27,4,https://www.wral.com/news/political/image/21632868/,helene,community_discussion,
lod707l,t3_1fmlju0,t1_locswkd,NorthCarolina,idowatercolours,1727015304,2024-09-22 14:28,0,Is it a first fabricated story CNN pushed? Lol remember when they doctored Joe rogan’s video and claimed he was taking horse dewormer?,helene,community_discussion,
lod73z3,t3_1fmlju0,t1_lod6shh,NorthCarolina,zach_doesnt_care,1727015343,2024-09-22 14:29,5,"Probably the people voting for the ""Black Nazi"".",helene,community_discussion,
lod74wv,t3_1fmlju0,t1_locdohx,NorthCarolina,JoeStyles,1727015352,2024-09-22 14:29,1,"Show me another Democrat that said something like this...

""The piss thing is more common than most people think and many want to admit. I have a FB that loves to lay on her stomach, spread open her ass, and have me piss all over her asshole and pussy. The longer and hoter the stream the more she loves it. Sometimes she lies on her back and fingers herself and whem she's about to cum she wants me to piss a hard fast stream on her clit and up her asshole. Of course I love for her to piss on me as well. Watching her asshole flex in and out while she shoots her hot piss onto my chest get me rock hard every time. Another thing she does that might seem strange is that when we hang out she will sometimes ""wear"" her pussy juice like perfume. Meaning she will smear it behind her ears, on her neck, and on her wrist so every time I get near her I smell her delightful scent.""",helene,community_discussion,
lod7ti1,t3_1fmlju0,t1_lod6wph,NorthCarolina,idowatercolours,1727015597,2024-09-22 14:33,-1,"Right, whoever doctored this did their research. It’s not a random reddit troll",helene,community_discussion,
lod7wp1,t3_1fmlju0,t1_lod73z3,NorthCarolina,idowatercolours,1727015628,2024-09-22 14:33,-1,I’d vote for a tea pot over Josh Stain,helene,community_discussion,
lod99d0,t3_1fmlju0,t1_lod7ti1,NorthCarolina,Realistic-Anything-5,1727016110,2024-09-22 14:41,5,I hope your wife has sketchy messages in her text history and you keep this same energy for her.,helene,community_discussion,
lod9k3g,t3_1fmlju0,t1_lod99d0,NorthCarolina,idowatercolours,1727016217,2024-09-22 14:43,0,Haha someone’s mad,helene,community_discussion,
lodagox,t3_1fmlju0,t1_lod9k3g,NorthCarolina,Realistic-Anything-5,1727016534,2024-09-22 14:48,4,"I'm not mad I just don't understand how you can have this much blind faith in someone who doesn't give two shits about you. 

Like I understand cheering on your team but when one of the players is this fucked up, you get them out you don't just cheer harder.",helene,community_discussion,
lodao0y,t3_1fmlju0,t1_lod707l,NorthCarolina,wahoozerman,1727016604,2024-09-22 14:50,4,"Like I said. Then sue them. 

I wasn't aware of the Rogan thing so I went and did some digging. 

The video was independently verified by several sources as having not been altered by CNN, but screenshots of it were altered and shared across the internet, including by Rogan himself, along with the claims that the video was altered by CNN.

I do agree though that sensational headlines need to get fucked. Joe Rogan took ivermectin, which is used as a horse dewormer. However he took the human grade version. So while technically true, it's needlessly inflammatory.

Sensational headlines pedantically playing with the meaning of words are a far cry from fabricating an entire investigative journalism report though. If that's what they're doing let's go through discovery and tear them a new asshole, just like when Fox did it.",helene,community_discussion,
lodbagp,t3_1fmlju0,t1_lodagox,NorthCarolina,idowatercolours,1727016819,2024-09-22 14:53,0,I wasn’t cheering on Mark Robinson I was judging rightfully suspicious about CNN content. It’s fucking CNN,helene,community_discussion,
lodbj7f,t3_1fmlju0,t1_lodao0y,NorthCarolina,idowatercolours,1727016902,2024-09-22 14:55,1,"They didn’t alter the video but they put a filter on it to make him look sicker than he was.

He did a comparison of his posted video VS CNN. That’s some dishonest shit.",helene,community_discussion,
lodcjkc,t3_1fmlju0,t1_lodbagp,NorthCarolina,Realistic-Anything-5,1727017243,2024-09-22 15:00,3,the og leaks came from Thomas Tillis. Who suspiciously has said only this: https://x.com/ThomTillis/status/1837264457531093391,helene,community_discussion,
loddlia,t3_1fmlju0,t1_lodbj7f,NorthCarolina,wahoozerman,1727017601,2024-09-22 15:06,2,"Yup. That was the claim I found and I also found several sources investigating that claim and finding it to be false.

Here's the associated press talking about it

https://apnews.com/article/fact-checking-927543720080

It seems like mainly it is a color calibration issue that happens based on encoding tools and the browser used to access the video. 

Here is even a link to comments on his original video with people saying he looks gray.

https://www.reddit.com/r/JoeRogan/s/mB8dYKeBxZ",helene,community_discussion,
loddzrg,t3_1fmlju0,t1_lod1tbr,NorthCarolina,peter_woody,1727017735,2024-09-22 15:08,8,Coleridge,helene,community_discussion,
lodgoq8,t3_1fmlju0,t1_locciy4,NorthCarolina,[deleted],1727018642,2024-09-22 15:24,1,[deleted],helene,community_discussion,
lodgrcz,t3_1fmlju0,t1_lodbagp,NorthCarolina,Important_Night8682,1727018666,2024-09-22 15:24,1,Your parents are abject failures.,helene,community_discussion,
lodj5tw,t3_1fmlju0,t1_lod7wp1,NorthCarolina,zach_doesnt_care,1727019449,2024-09-22 15:37,3,Big J.D.Vance energy there bud.,helene,community_discussion,
lodklii,t3_1fmlju0,t1_lodj5tw,NorthCarolina,idowatercolours,1727019910,2024-09-22 15:45,-1,"Good. love JD, he’s a fellow marine",helene,community_discussion,
lodlal4,t3_1fmlju0,t3_1fmlju0,NorthCarolina,LaddiusMaximus,1727020133,2024-09-22 15:48,2,That man just produces non stop unforced errors.,helene,community_discussion,
lodomzl,t3_1fmlju0,t1_locop62,NorthCarolina,captainshrapnel,1727021164,2024-09-22 16:06,7,The Manchurian Davenport?,helene,community_discussion,
lodq2gj,t3_1fmlju0,t1_locj5wi,NorthCarolina,middlingachiever,1727021612,2024-09-22 16:13,2,"NC went for Cooper and Trump, twice. It wouldn’t surprise me at all if NC goes Stein and Trump. I’m still praying for a Harris victory in NC",helene,community_discussion,
lodukps,t3_1fmlju0,t1_lock1nz,NorthCarolina,DudeWhereIsMyDuduk,1727022925,2024-09-22 16:35,3,"I'm convinced ""Tom Cotton"" is simply what happens when generative AI spits out a generic prompt for a modern George Wallace.",helene,community_discussion,
lodv4au,t3_1fmlju0,t1_lod3b67,NorthCarolina,DudeWhereIsMyDuduk,1727023085,2024-09-22 16:38,5,"Why am I getting ""I can't say a hard R so I'm going to blame DEI"" energy with this one...",helene,community_discussion,
lodvfqk,t3_1fmlju0,t1_lod3b67,NorthCarolina,Majestic-Macaron6019,1727023177,2024-09-22 16:39,5,"Hill [resigned in shame](https://www.politico.com/news/2019/10/27/rep-katie-hill-to-resign-amid-allegations-of-inappropriate-relationships-with-staffers-000301) when the allegations of an affair were proven.

Susanna Gibson had nude videos [nonconsenually leaked](https://www.politico.com/news/magazine/2023/12/09/susanna-gibson-virginia-digital-privacy-00130883) in a revenge character assassination (remember that revenge porn distribution is a crime). Those videos were of her and her husband. Also, she lost her election.

And the sex in the Senate building was a staffer, who was subsequently [fired](https://nypost.com/2023/12/16/news/senate-staffer-who-filmed-public-sex-in-congress-leaves-ben-cardin-office/) by the senator he worked for.

Meanwhile, Trump has cheated on every wife he's had, and he's still the nominee and undisputed leader of the GOP.

George Santos had to be expelled from the House because he wouldn't resign when his bribery allegations came out.

That's just two examples. Try again with actual facts.",helene,community_discussion,
lodxwlb,t3_1fmlju0,t1_lodv4au,NorthCarolina,[deleted],1727023930,2024-09-22 16:52,1,[removed],helene,community_discussion,
lody4qy,t3_1fmlju0,t1_lodvfqk,NorthCarolina,[deleted],1727023999,2024-09-22 16:53,1,[removed],helene,community_discussion,
lodz325,t3_1fmlju0,t1_locshat,NorthCarolina,calvinball81,1727024293,2024-09-22 16:58,3,George Costanza has entered the chat.,helene,community_discussion,
loe29pm,t3_1fmlju0,t1_locmb3l,NorthCarolina,Nothingrisked,1727025268,2024-09-22 17:14,2,He learned from trump that it's not lying if he believes it,helene,community_discussion,
loe56jo,t3_1fmlju0,t1_lodklii,NorthCarolina,zach_doesnt_care,1727026128,2024-09-22 17:28,2,I'm sure he loves you too.🤣,helene,community_discussion,
loedzuc,t3_1fmlju0,t3_1fmlju0,NorthCarolina,TehVampy,1727028680,2024-09-22 18:11,1,When you live in a reality playing safety for Trump you have to spin everything this way. It is just habit to deny and subvert at this point.,helene,community_discussion,
loeecek,t3_1fmlju0,t1_locj5wi,NorthCarolina,jagscorpion,1727028785,2024-09-22 18:13,-1,"For me personally the thing that inclines me to vote for Trump over Kamala beyond the general disagreements of the democratic party with the republican party is her intention to put price caps in place and an unrealized capital gains tax, both of which would be horrendous for the economy. Additionally I have no faith that she would do anything to uphold the right of citizens to own firearms in any meaningful sense. It's not like I trust Trump to do great things either but I'd rather him do very little as he did before then do the things Kamala wants.",helene,community_discussion,
loeegcd,t3_1fmlju0,t3_1fmlju0,NorthCarolina,TehVampy,1727028818,2024-09-22 18:13,2,"Also, Robinson will not fight this because he knows it is true. If he tries to fight it in court he knows things can be obtained with subpoenas. So they will just deny.",helene,community_discussion,
loefazv,t3_1fmlju0,t1_loeecek,NorthCarolina,obxtalldude,1727029077,2024-09-22 18:17,3,"Nothing without the cooperation of both the House and Senate.  Do you really think what you fear will pass both?

Trump has already shown he is willing to do anything to stay in power. Rather than do very little, it's almost guaranteed Ukraine and other countries that rely on us will suffer and our reputation internationally along with them.

He has already shown that he will blow up the debt with tax cuts for people like me who really don't need them, while increasing taxes on the middle class.

I just don't understand treating this like normal politics?",helene,community_discussion,power
loehuqt,t3_1fmlju0,t1_lod3e3e,NorthCarolina,triangl-pixl-pushr,1727029838,2024-09-22 18:30,0,Soka King GOP!,helene,community_discussion,
loek01y,t3_1fmlju0,t3_1fmlju0,NorthCarolina,willflong4,1727030504,2024-09-22 18:41,2,They’re literally reality.,helene,community_discussion,
loenzlk,t3_1fmlju0,t3_1fmlju0,NorthCarolina,RegularVacation6626,1727031699,2024-09-22 19:01,1,"On the one hand, the allegations don't mean much because they don't really tell us anything new about Robinson's character, but the fact is, at present, no other media outlet has confirmed the CNN story. It will be interesting to see if Robinson sues. If the allegations are true, then suing wouldn't make much sense. If they are false, he might end up owning CNN. The liability here would probably dwarf the Fox News/Dominion case. Given that case, I doubt CNN would have gone forward with this unless they were confident, but we'll see.",helene,community_discussion,
loeofdy,t3_1fmlju0,t1_locwsn7,NorthCarolina,RegularVacation6626,1727031830,2024-09-22 19:03,7,"Right, I don't really see this story as all that damaging, as out there as it is, because we already have so much on the record from him that this is perfectly consistent. It would be different if they'd found Stein's Nude Africa account.",helene,community_discussion,
loev3q9,t3_1fmlju0,t3_1fmlju0,NorthCarolina,Bargadiel,1727033830,2024-09-22 19:37,3,Says the hetero-sectional himself.,helene,community_discussion,
loexz2h,t3_1fmlju0,t1_locq3pn,NorthCarolina,NancyGracesTesticles,1727034685,2024-09-22 19:51,5,"He grew up in suburban Cincinnati and went to OSU and Yale.

Like Trump's TV character, he is defined by his fictional character from a book and movie.",helene,community_discussion,
loeybko,t3_1fmlju0,t1_lodvfqk,NorthCarolina,NoG00dUsernamesLeft,1727034792,2024-09-22 19:53,2,You're not going to get a reply from them because you stated facts but I'd also like to add Lauren boebert who was engaging in sex acts in a theater surrounded by people...just one recent example off the top of my head.,helene,community_discussion,
lof18yb,t3_1fmlju0,t3_1fmlju0,NorthCarolina,ucannottell,1727035678,2024-09-22 20:07,1,"Robinson knows it’s all true and so what is he going to do?  Surely not sue.  

He is stuck to his trans porn with receipts, and his hatred of us is not discreet, he is a Nazi in a white sheet.

What he doesn’t seem to get yet, is that the GOP will just use him and discard him like a vet, so these decisions are ones that he will soon regret

He’s just an uncle ruckus which is a Nazi bootlicker, because fascists love to degrade women it makes their dicks feel bigger,  he’ll just keep doubling down till the election is figured.",helene,community_discussion,
lof1vcu,t3_1fmlju0,t3_1fmlju0,NorthCarolina,Everheart1955,1727035867,2024-09-22 20:11,1,"You’re right, allegations aren’t necessary because he fucking did it.",helene,community_discussion,
lof4d1z,t3_1fmlju0,t1_loeecek,NorthCarolina,pulkwheesle,1727036626,2024-09-22 20:23,2,"Surely, then, you're even more afraid of Trump's across-the-board 10%-20% tariffs, which would decimate the US economy and turbocharge inflation? Because he can do that unilaterally and without Congress.",helene,community_discussion,
lof4r46,t3_1fmlju0,t1_lobr383,NorthCarolina,DJBreadwinner,1727036747,2024-09-22 20:25,1,He learned from the worst. ,helene,community_discussion,
loffp83,t3_1fmlju0,t1_locwsn7,NorthCarolina,Own_Carob3423,1727040239,2024-09-22 21:23,3,"Was this his first CNN national headline? I don't think it changes anything here, but this was brought to the national stage. ",helene,community_discussion,
lofhcsw,t3_1fmlju0,t1_loffp83,NorthCarolina,MisterProfGuy,1727040784,2024-09-22 21:33,7,"This is what broke through from political observers to ""disengaged voters"".  If you were paying attention, this has been exactly who he is. If you aren't, this was suddenly too big to pretend like he's being taken out of context, which ""disengaged voters"" often say to deflect guilt about their choices.",helene,community_discussion,
lofo20u,t3_1fmlju0,t1_loefazv,NorthCarolina,jagscorpion,1727043059,2024-09-22 22:10,0,"Hard to say. There's a big incentive for politicians to be seen as ""doing something,"" and it's concerning that these are the solutions she says the people should embrace. Restrictive gun control is already being passed in many areas so yes that's happening. 

I think catastrophizing things is unwise and will result in giving the extremists of both parties more say in how things are run. Kamala likely won't destroy the country if she gets elected and neither will Trump. It's fine to be against what a candidate wants to do or even skeptical about their motives.",helene,community_discussion,
lofqai3,t3_1fmlju0,t3_1fmlju0,NorthCarolina,MrIrrelevant-sf,1727043837,2024-09-22 22:23,3,Vance could see a trump ally raping a baby and somehow he would blame the baby,helene,community_discussion,
log16rd,t3_1fmlju0,t1_loc9l4z,NorthCarolina,geekin5322,1727047697,2024-09-22 23:28,1,"https://x.com/MichaelWNCN/status/1837963085648482309

These people are obviously part of the time traveling, flux capacitor having, ai using, evil leftist cult of communists hellbent on sinking a decent man’s campaign!",helene,community_discussion,
log2cu6,t3_1fmlju0,t1_log16rd,NorthCarolina,idowatercolours,1727048114,2024-09-22 23:35,1,"No need to exaggerate. No Robinson is far from perfect man and far from perfect of a candidate.

However we don’t convict people legally in a court of public opinion. Let’s not deny that DNC and the corporate media it has in its pocket has a high incentive to destabilize NCGOP as it’s seen as being a crucial swing state in this election",helene,community_discussion,
log2i05,t3_1fmlju0,t1_log2cu6,NorthCarolina,[deleted],1727048165,2024-09-22 23:36,1,[removed],helene,community_discussion,
loblbw9,t3_1fmlw9a,t3_1fmlw9a,NorthCarolina,arie700,1726982835,2024-09-22 05:27,1,"Ahhh, good ol’ fashioned porn bots…",helene,community_discussion,
loblh0n,t3_1fmlw9a,t3_1fmlw9a,NorthCarolina,NorthCarolina-ModTeam,1726982920,2024-09-22 05:28,1,"Your content is being removed due to its disruptive nature. A disruptive user is one who repeatedly or flagrantly flouts our rules, or makes a post that might technically be in compliance, but is clearly intended to incite further inflammatory responses. Also known as “trolling” or “flamebait.” 

Using multiple accounts simultaneously will result in permanent bans for each account.",helene,community_discussion,
lodmasg,t3_1fmno1l,t3_1fmno1l,NorthCarolina,NorthCarolina-ModTeam,1727020441,2024-09-22 15:54,1,"Your content was removed for being irrelevant. 

- Submissions must have a **substantive** connection to the state which extends beyond the title. 

- Comments must be related to the post. 

- Moderation feedback and questions are **only** allowable via modmail.
 
Please read our [on topic guide for more information](https://www.reddit.com/r/NorthCarolina/wiki/ontopicguide).",helene,community_discussion,
locg0if,t3_1fmqm77,t3_1fmqm77,NorthCarolina,spqrnbb,1727003283,2024-09-22 11:08,3,"The other one doesn't know he's not running against Biden, doesn't know that you're not supposed to smile and have a thumbs up photo taken at Arlington National Cemetery, and is a big fan of Mark ""I'm a Black Nazi"" Robinson. Who's a dolt?",helene,community_discussion,
locg0oo,t3_1fmqm77,t3_1fmqm77,NorthCarolina,Pegussu,1727003286,2024-09-22 11:08,3,"My dude, we watched the debate. We know which of the two is dimmer than a wet match in a dark cave and it ain't her.",helene,community_discussion,
locgaek,t3_1fmqm77,t3_1fmqm77,NorthCarolina,No_Weather_6326,1727003446,2024-09-22 11:10,2,Lol.  Have you seen her opponent?,helene,community_discussion,
locgamd,t3_1fmqm77,t3_1fmqm77,NorthCarolina,DarthRathikus,1727003450,2024-09-22 11:10,2,We’re awake. You’re brainwashed.,helene,community_discussion,
locghxa,t3_1fmqm77,t3_1fmqm77,NorthCarolina,Zolomun,1727003568,2024-09-22 11:12,2,We’ve heard them both speak at length. Fuck off with the propaganda.,helene,community_discussion,
loci2rn,t3_1fmqnu6,t3_1fmqnu6,NorthCarolina,VanillaBabies,1727004491,2024-09-22 11:28,55,"Probably because it was already grounds for being deported and this was performative at best. *Any* aggravated felony is grounds for deportation and barring re-entry.

https://uscode.house.gov/view.xhtml?req=granuleid%3AUSC-prelim-title8-section1101&num=0&edition=prelim",helene,community_discussion,
lociue0,t3_1fmqnu6,t1_loci2rn,NorthCarolina,Mr-Bitter,1727004925,2024-09-22 11:35,14,"I agree. What was tagged onto the bill that was unnecessary? Maybe giving politicians the ability to delete sensitive files? Or claiming something so extreme that they used this bill to call out people they wanted to shame? These bills are rarely cut and dry, and if it was already illegal and enforced, then this bill was used for strictly political smearing. Who wrote the bill and can we find a replacement for them?",helene,community_discussion,
locixc7,t3_1fmqnu6,t3_1fmqnu6,NorthCarolina,Wcutrptplyr,1727004972,2024-09-22 11:36,35,"Not an expert, but the bill seems to be a bit unnecessary. Illegal aliens can already be deported just for being here illegally. So why make a bill for this when you can already deport them? I’m guessing this was more of a bill that they just wanted to make the other side look bad by voting against it because the average American doesn’t pay attention to the theatrics that are played out in congress.",helene,community_discussion,
locku0x,t3_1fmqnu6,t3_1fmqnu6,NorthCarolina,Schrecht,1727005992,2024-09-22 11:53,53,"Aquick scan through your post history proves that you're absolutely _not_ an ""independent who generally leans left"".   

Why is it that the right always has to lie in every statement?  Curious.",helene,community_discussion,
locmkvt,t3_1fmqnu6,t1_locku0x,NorthCarolina,TurbulentMiddle2970,1727006887,2024-09-22 12:08,25,They are active in the Joe rogan sub. Thats all we need to know,helene,community_discussion,
locoty0,t3_1fmqnu6,t3_1fmqnu6,NorthCarolina,TurbulentMiddle2970,1727007994,2024-09-22 12:26,36,"https://charlestoncitypaper.com/2024/09/20/our-view-maces-immigration-bill-borders-on-satire/

But here’s the thing: Illegal immigrants can already be deported for committing crimes, starting with the crime of being here illegally. In fact, more than 200,000 of them were shown the door for that very reason in 2023 alone. And with regard to the kinds of violent offenses Mace is talking about, even legal immigrants can be deported for committing those kinds of crimes.

In short, the bill is unnecessary. And what’s worse, experts say its text is so vague and poorly drafted that it’s likely to get survivors– yes, survivors –  of sexual violence tossed out of the country. In fact, that’s why the National Task Force to End Sexual and Domestic Violence opposes the bill .",helene,community_discussion,
locpfnh,t3_1fmqnu6,t3_1fmqnu6,NorthCarolina,SW4506,1727008285,2024-09-22 12:31,18,Republicans lost any right to talk about immigration when they shot down the law they negotiated for because they wanted the border to be worse for politics.,helene,community_discussion,
locroj4,t3_1fmqnu6,t1_locku0x,NorthCarolina,Important_Night8682,1727009321,2024-09-22 12:48,18,Anyone who begins any statement with I’m an independent or libertarian is a republican too much of a spineless coward to own it.,helene,community_discussion,
locrria,t3_1fmqnu6,t3_1fmqnu6,NorthCarolina,Important_Night8682,1727009358,2024-09-22 12:49,1,"OP, take your disingenuous horse shit back to Joe Rogan and tell him you failed miserably.",helene,community_discussion,
lod4ya0,t3_1fmqnu6,t1_loci2rn,NorthCarolina,juiceconcentrate6,1727014553,2024-09-22 14:15,-8,"Domestic violence is not always an aggravated felony, varies highly depending on a state",helene,community_discussion,
lod5nke,t3_1fmqnu6,t1_locixc7,NorthCarolina,idowatercolours,1727014812,2024-09-22 14:20,-9,"Not all democrats voted against it, a good amount of them are actually against domestic violence and sex crimes",helene,community_discussion,
lod62fd,t3_1fmqnu6,t1_locku0x,NorthCarolina,idowatercolours,1727014962,2024-09-22 14:22,-3,"Hmm I think ur coping, OP appears to have some anti Robinson and pro Kamala comments.

 sounds so republican  /s",helene,community_discussion,
lod6csi,t3_1fmqnu6,t1_lod5nke,NorthCarolina,Wcutrptplyr,1727015067,2024-09-22 14:24,9,More a shame that you can’t see what is going on in front of your face. It is already ILLEGAL for them to be here and they would be deported for that reason alone. The bill is a moot point.,helene,community_discussion,
lod7oyd,t3_1fmqnu6,t1_lod6csi,NorthCarolina,idowatercolours,1727015552,2024-09-22 14:32,-8,"No they wouldn’t. This doesn’t just concern those who already have their “final orders for removal” (of which there’s millions and according to DHS sec that alone is not a good reason for deportation)

this concerns all undocumented - even those who applied for asylum and are awaiting trial. Most people who cross illegally stay under pretext of applying for asylum but they’re legal status is still in limbo",helene,community_discussion,
lod88kz,t3_1fmqnu6,t1_lod4ya0,NorthCarolina,[deleted],1727015747,2024-09-22 14:35,1,[deleted],helene,community_discussion,
lod94ok,t3_1fmqnu6,t1_lod7oyd,NorthCarolina,Wcutrptplyr,1727016064,2024-09-22 14:41,5,"I think you need to go back and read how the immigration system works. It’s not my job to give you a civics lesson. Believe what you want man, but I find it really fucking hard to believe that these people that voted against it are for women getting raped. That’s just insane.",helene,community_discussion,
lod9hlg,t3_1fmqnu6,t1_lod94ok,NorthCarolina,idowatercolours,1727016191,2024-09-22 14:43,-6,"Why is it so hard for you to believe that they don’t care about women as much? 

They couldn’t even give a good reason to vote no on this one",helene,community_discussion,
lodbp10,t3_1fmqnu6,t3_1fmqnu6,NorthCarolina,lrpfftt,1727016957,2024-09-22 14:55,9,"Not hypocrisy.  This is one of those election-year ""immigrants are the boogeyman"" bills.  It's purpose was to scare voters.  It's a purely performative bill and we shouldn't have those.

It's just like the NC Constitution ballot measure that reads ""*Constitutional amendment to provide that only citizen of the United States who is 18 years of age and otherwise possessing the qualifications for voting shall be entitled to vote any election in this state.""*

Voting against the amendment does not mean that one wants children or non-citizens to vote.  It means the voter is informed and does not appreciate the wasted time and cost of such performative nonsense when children and non-citizens already cannot vote.

Be a little more skeptical when you see things like this.  Deborah Ross would not reject bills that legitimately protect sex criminals or domestic abusers.  Her record is clear.",helene,community_discussion,
lodc59o,t3_1fmqnu6,t1_lod9hlg,NorthCarolina,Wcutrptplyr,1727017110,2024-09-22 14:58,5,Is that a serious comment? Touch grass troll.,helene,community_discussion,
lodcnbt,t3_1fmqnu6,t1_lodc59o,NorthCarolina,idowatercolours,1727017278,2024-09-22 15:01,-2,Lmao full denial mode.,helene,community_discussion,
loddwzl,t3_1fmqnu6,t3_1fmqnu6,NorthCarolina,lefthandedrn,1727017709,2024-09-22 15:08,10,OP you fell for the tricks of the GOP. They already aren't admissible into this country. And if caught they are deported. Stop falling for this.,helene,community_discussion,
lodghzk,t3_1fmqnu6,t1_lodcnbt,NorthCarolina,Important_Night8682,1727018580,2024-09-22 15:23,4,"You’re the half wit that thinks the Robinson story isn’t a big deal.

Fuck off",helene,community_discussion,
loemmor,t3_1fmqnu6,t1_locixc7,NorthCarolina,Mrlou21,1727031291,2024-09-22 18:54,-5,But the left can lie constantly and the media considers it all truth. What a joke. Truth is the Dems voted against this bill and any other bill that would dilute  their voting base. Even if these people can't legally vote the Left will still harvest a vote from them to run the same scam as 2020. It's all about staying in power. Nothing else. They don't give 2 shits about crime or anything else. It's all money and power. The Reps are not much better. At least they can't hide it as well as the Dems because the left has already played the game they know what's being done because they have already done it hundreds of times before. They are all crooks.,helene,community_discussion,power
lof1fz6,t3_1fmqnu6,t1_loemmor,NorthCarolina,Wcutrptplyr,1727035737,2024-09-22 20:08,3,"I’m sorry, was there a point to this or are you just ranting?",helene,community_discussion,
locgibm,t3_1fmqr7n,t3_1fmqr7n,NorthCarolina,KlonopinKowboi,1727003575,2024-09-22 11:12,118,It’s used to be fear sprinkled with a little nationalism. Now it’s just straight fear.,helene,community_discussion,
locgn0t,t3_1fmqr7n,t1_locgibm,NorthCarolina,BobbyLucero,1727003652,2024-09-22 11:14,50,Joy > Fear,helene,community_discussion,
locnnck,t3_1fmqr7n,t3_1fmqr7n,NorthCarolina,AVLThumper,1727007420,2024-09-22 12:17,202,Pathetic fear mongering by a weak man terrified of being held accountable for all his actions if he loses like a dog backed into a corner.,helene,community_discussion,
locpm9i,t3_1fmqr7n,t3_1fmqr7n,NorthCarolina,Mycowrangler,1727008370,2024-09-22 12:32,-26,"Now look at the opposite opinion, also biased, news sources. It will say the complete opposite. Imagine that.",helene,community_discussion,
locpv2n,t3_1fmqr7n,t1_locpm9i,NorthCarolina,FlopsMcDoogle,1727008485,2024-09-22 12:34,5,You're not invited to the circle jerk,helene,community_discussion,
locqcy4,t3_1fmqr7n,t1_locgn0t,NorthCarolina,Radkingeli995,1727008715,2024-09-22 12:38,7,Which side do you think will win OP I want to know what your opinion on how this race is going?,helene,community_discussion,
locqglo,t3_1fmqr7n,t1_locqcy4,NorthCarolina,BobbyLucero,1727008764,2024-09-22 12:39,38,I think Kamala get 350+ electoral votes and wins.,helene,community_discussion,
locrnhn,t3_1fmqr7n,t1_locpm9i,NorthCarolina,Politicsboringagain,1727009308,2024-09-22 12:48,29,"Yes, the opposite opinion is a biased news source, because the only people who wound think what Trump is saying isn't fear based ""They're eating the cats, they are eating the dogs, they're eating the pets.... I saw it on TV."". 


And they (Black Hatians) are here illegally, when they are in fact here on the very similar immigration process of over 300,000 white Ukrainian people (I.e. They are here legally) that Republicans never talk about. 


Its 100% fear to people who don't like black Immigrants. 




Same thing they do with gas prices whenever they go up, than stop whenever prices naturally goes down because demand is down due to less driving as we head into winter. ",helene,community_discussion,
locrp2b,t3_1fmqr7n,t3_1fmqr7n,NorthCarolina,CharlotteTypingGuy,1727009327,2024-09-22 12:48,103,His voice sounds so weak and strained.  He is clearly in some state of exhaustion exacerbated by his drug issues.  You can only snort so much adderall and pop so many uppers before the system starts to fall apart.,helene,community_discussion,
locvn6c,t3_1fmqr7n,t1_locqglo,NorthCarolina,Radkingeli995,1727011031,2024-09-22 13:17,24,I do so as well OP judging by the enthusiasm momentum etc around Kamala Harris it’s my honest opinion this is her time to be president,helene,community_discussion,
locvr7r,t3_1fmqr7n,t3_1fmqr7n,NorthCarolina,RentalGore,1727011077,2024-09-22 13:17,31,"I think we’ve all seen his diminished capacity.  The problem is more that between the two rallies, nothing changed in terms of his support.

Both rallies were packed.  He could be up there with a feeding tube on a mobility scooter and his cult would still follow.",helene,community_discussion,
locwe32,t3_1fmqr7n,t1_locvr7r,NorthCarolina,Forsaken_Berry_499,1727011340,2024-09-22 13:22,24,You can’t be serious. Have you seen his actual crowd sizes lately and all the people leaving!?,helene,community_discussion,
locwuh2,t3_1fmqr7n,t1_locwe32,NorthCarolina,RentalGore,1727011530,2024-09-22 13:25,15,"I have.  My friend was at Uniondale in NY, and I was at the Wilmington rally. At the uniondale rally, a few people left.  At Wilmington, no one left and were there early.  I’m not saying crowd sizes dictate his support in votes, my point is simply his cult supports him regardless of his diminished capabilities.",helene,community_discussion,
locxs0i,t3_1fmqr7n,t1_locvn6c,NorthCarolina,BobbyLucero,1727011909,2024-09-22 13:31,15,Indeed,helene,community_discussion,
locyji7,t3_1fmqr7n,t1_locnnck,NorthCarolina,sparksfly1128,1727012214,2024-09-22 13:36,46,"that sums it up perfectly, he’s nothing but a coward afraid of facing the consequences of his own actions.",helene,community_discussion,
lod3iuq,t3_1fmqr7n,t3_1fmqr7n,NorthCarolina,carolebaskin93,1727014016,2024-09-22 14:06,-1,When you go to the rallies do you wear a MAGA hat? whats the best part of the rally?,helene,community_discussion,
lod4oxl,t3_1fmqr7n,t1_locrp2b,NorthCarolina,loptopandbingo,1727014456,2024-09-22 14:14,27,"p l e a s e 

c l a p",helene,community_discussion,
lod6xfi,t3_1fmqr7n,t1_locpv2n,NorthCarolina,rvralph803,1727015276,2024-09-22 14:27,10,What about Robinson's piss orgy?,helene,community_discussion,
lod8j0a,t3_1fmqr7n,t3_1fmqr7n,NorthCarolina,f700es,1727015851,2024-09-22 14:37,1,Facts,helene,community_discussion,
lod8u7k,t3_1fmqr7n,t1_locwuh2,NorthCarolina,tattooed_debutante,1727015961,2024-09-22 14:39,18,"There’s video of people starting to leave in droves 20 mins into a 60 mins speech.

Your statement of ‘no one’ isn’t holding up to the evidence.",helene,community_discussion,
lodcg70,t3_1fmqr7n,t3_1fmqr7n,NorthCarolina,DownWithW,1727017211,2024-09-22 15:00,2,Who cares about that? How was the crowd feeling?,helene,community_discussion,
lodcrup,t3_1fmqr7n,t1_locwuh2,NorthCarolina,Forsaken_Berry_499,1727017319,2024-09-22 15:01,7,It’s hysterical to see all the empty seats and people pouring out as he’s rambling incoherently like a senile old man.,helene,community_discussion,
lodd27a,t3_1fmqr7n,t3_1fmqr7n,NorthCarolina,Bro-king420,1727017417,2024-09-22 15:03,11,"His McDonald's rant was especially funny AF 😅 

such  delusion, such hypocrisy, such a total disconnect from basic rational thought

Imagine his resume next to Harris at your company/business. lol, who would you hire 🤔

Interview goes: 

- Mam, did you really work at McDonald's at 16?

- Sir, can you expand on...on... Oh my good, you did and Said all of THIS shit!!?",helene,community_discussion,
lodfvt0,t3_1fmqr7n,t1_locgibm,NorthCarolina,Economy-Ad4934,1727018372,2024-09-22 15:19,13,"Fear is accurate. 

“They’re eating the dogs”. 

That fear is now blatant dog whistles.",helene,community_discussion,
lodja1n,t3_1fmqr7n,t3_1fmqr7n,NorthCarolina,SoTiredOfRatRace,1727019487,2024-09-22 15:38,1,He’s losing his maga people seems they may have some brains after all,helene,community_discussion,
lodsuss,t3_1fmqr7n,t3_1fmqr7n,NorthCarolina,12-Easy-Payments,1727022439,2024-09-22 16:27,12,"Desperate. 

Diminished.

Don. Old.",helene,community_discussion,
loe2ncu,t3_1fmqr7n,t1_locwuh2,NorthCarolina,cardiganmimi,1727025382,2024-09-22 17:16,1,Just curious—How big were the crowds?,helene,community_discussion,
loe34qd,t3_1fmqr7n,t1_loe2ncu,NorthCarolina,RentalGore,1727025526,2024-09-22 17:18,-1,"The one in Uniondale was about 75% full, there were a few people that left mid speech.  The one in Wilmington I went to was more like 80% full.  I was actually surprised that I was able to show up and get in.  The line took only 30 mins to get through.  I honestly didn’t see a lot of people leaving, but I did see people coming in late.  ",helene,community_discussion,
loe5pwe,t3_1fmqr7n,t1_loe34qd,NorthCarolina,cardiganmimi,1727026284,2024-09-22 17:31,3,"Based on the energy level, do you think his speech will sway people into voting for him?",helene,community_discussion,
loe6ejo,t3_1fmqr7n,t1_loe5pwe,NorthCarolina,RentalGore,1727026489,2024-09-22 17:34,3,"I got to these things for more of a sociological experiment.  And this is just one person’s opinion, but there didn’t seem to be one single person who wouldn’t have voted for him before.  If they were undecided and went there for information, the 82 mins of rambling and incoherence combined with the “I’m the victim” mentality, would have surely turned them off.  Again, my opinion not anything more.",helene,community_discussion,
loef3zw,t3_1fmqr7n,t1_locqglo,NorthCarolina,Present-Bee5817,1727029017,2024-09-22 18:16,3,😂,helene,community_discussion,
loejv5o,t3_1fmqr7n,t3_1fmqr7n,NorthCarolina,NcgreenIantern,1727030461,2024-09-22 18:41,4,😆 nothing but lies.,helene,community_discussion,
loeljr5,t3_1fmqr7n,t1_lod8u7k,NorthCarolina,Aspe4,1727030964,2024-09-22 18:49,3,"I wonder why Trumpanzees even go to his rallies if they're going to leave early? Was there something they wanted to hear but didn't?  Trump has been in politics for almost 10 years, so he should be a known quantity.",helene,community_discussion,
lof5vvn,t3_1fmqr7n,t1_locrp2b,NorthCarolina,spinbutton,1727037106,2024-09-22 20:31,2,He's no spring chicken,helene,community_discussion,
loffbte,t3_1fmqr7n,t3_1fmqr7n,NorthCarolina,FindingRelevant4726,1727040115,2024-09-22 21:21,-2,The dude hasn't changed. How can you say he's diminished? No politician has changed they're all gas lighting everyone. Just to dumb to realize.,helene,community_discussion,
lofncvo,t3_1fmqr7n,t3_1fmqr7n,NorthCarolina,[deleted],1727042810,2024-09-22 22:06,1,[removed],helene,community_discussion,
lofozm2,t3_1fmqr7n,t1_lod8u7k,NorthCarolina,That1guyulike,1727043386,2024-09-22 22:16,1,The reason people were leaving was because everyone was getting cooked with no water available until the end. People were dropping left and right.,helene,community_discussion,
loclcis,t3_1fmr6vt,t3_1fmr6vt,NorthCarolina,EastEngineer4365,1727006261,2024-09-22 11:57,2,"Where’s Q-Anon? When we know the answer to that, we’ll be one step closer to finding out where Meadows is…",helene,community_discussion,
locqeit,t3_1fmr6vt,t3_1fmr6vt,NorthCarolina,TurbulentMiddle2970,1727008736,2024-09-22 12:38,2,Hiding from Johnny Law dontcha know,helene,community_discussion,
locrd17,t3_1fmr6vt,t3_1fmr6vt,NorthCarolina,WashuOtaku,1727009177,2024-09-22 12:46,-7,This topic has nothing to do with North Carolina; also he was in [Arizona](https://www.politico.com/news/2024/09/16/mark-meadows-effort-sideline-arizona-charges-00179440) five days ago.,helene,community_discussion,
locs39z,t3_1fmr6vt,t3_1fmr6vt,NorthCarolina,Kradget,1727009503,2024-09-22 12:51,2,"He's keeping a low profile so his legal cost subsidy doesn't vanish. He's probably not here, though - he never gave a shit about anything here except getting out to where important people were.",helene,community_discussion,
locten1,t3_1fmr6vt,t1_locrd17,NorthCarolina,TarHeel2682,1727010079,2024-09-22 13:01,8,He served as the rep for NC 11th district so it does pertain to NC,helene,community_discussion,
locu0t0,t3_1fmr6vt,t1_locten1,NorthCarolina,WashuOtaku,1727010344,2024-09-22 13:05,-10,"OP was not talking about when he was the 11th district though. If we were going down memory lane, I would understand, but OP is asking the now, and he's not the rep of the 11th district.

This is a political sh\*tpost and has nothing to do with the subreddit.",helene,community_discussion,
locukl9,t3_1fmr6vt,t1_locu0t0,NorthCarolina,TarHeel2682,1727010580,2024-09-22 13:09,7,"I'd say talking about someone who was a federal representative for the state, even if in the past, and his potential legal troubles... counts. It's a bit of a shit post but meadows still has a significant NC connection. Easiest thing for you to do is hide the thread. Out of sight out of mind",helene,community_discussion,
locz0fw,t3_1fmr6vt,t1_locukl9,NorthCarolina,WashuOtaku,1727012401,2024-09-22 13:40,-4,Oh stop with your mental gymnastic justification to talk about someone that has **no current relation** to the state.,helene,community_discussion,
loczoqp,t3_1fmr6vt,t1_locz0fw,NorthCarolina,TarHeel2682,1727012666,2024-09-22 13:44,2,Maybe time for you to go do something else,helene,community_discussion,
lod3fna,t3_1fmr6vt,t3_1fmr6vt,NorthCarolina,NorthCarolina-ModTeam,1727013983,2024-09-22 14:06,1,"Your content was removed for being irrelevant. 

- Submissions must have a **substantive** connection to the state which extends beyond the title. 

- Comments must be related to the post. 

- Moderation feedback and questions are **only** allowable via modmail.
 
Please read our [on topic guide for more information](https://www.reddit.com/r/NorthCarolina/wiki/ontopicguide).",helene,community_discussion,
lod8bka,t3_1fmr6vt,t1_loczoqp,NorthCarolina,WashuOtaku,1727015777,2024-09-22 14:36,1,Like what?,helene,community_discussion,
lode71q,t3_1fmr6vt,t1_lod8bka,NorthCarolina,TarHeel2682,1727017803,2024-09-22 15:10,0,That's the question that says go outaide,helene,community_discussion,
lodt7ut,t3_1fmrqah,t3_1fmrqah,NorthCarolina,Ok-Instruction830,1727022540,2024-09-22 16:29,-25,It’s a clip of one guy yawning. This is trash political clickbait. And I’m not a Trump guy. ,helene,community_discussion,
loe0uwi,t3_1fmrqah,t1_lodt7ut,NorthCarolina,Frymanstbf,1727024843,2024-09-22 17:07,24,"One guy? There's multiple people, and one person with a seat behind Trump literally leaves.",helene,community_discussion,
loe0yeg,t3_1fmrqah,t1_loe0uwi,NorthCarolina,Ok-Instruction830,1727024872,2024-09-22 17:07,-30,🤯🤯🤯,helene,community_discussion,
loe16cr,t3_1fmrqah,t1_loe0yeg,NorthCarolina,Frymanstbf,1727024939,2024-09-22 17:08,22,Meanwhile Kamala had over 20K in Greensboro and then had a rally in Charlotte the same day. Lil' Hitler is cooked.,helene,community_discussion,
loe35tj,t3_1fmrqah,t1_loe16cr,NorthCarolina,Ok-Instruction830,1727025535,2024-09-22 17:18,-21,What was the turnout at the rally in the video above? ,helene,community_discussion,
loe4td3,t3_1fmrqah,t1_loe35tj,NorthCarolina,Frymanstbf,1727026022,2024-09-22 17:27,19,"""A few thousand"" is the closest I can find as far as a number, but there's a reason it was at the airport and not in an arena.",helene,community_discussion,
loe6gxy,t3_1fmrqah,t1_loe4td3,NorthCarolina,Ok-Instruction830,1727026509,2024-09-22 17:35,-1,Wilmington doesn’t have an arena. The biggest thing is has is that airport ,helene,community_discussion,
loe7rbp,t3_1fmrqah,t1_loe6gxy,NorthCarolina,Frymanstbf,1727026867,2024-09-22 17:41,21,"Trask Coliseum holds over 5,000 for basketball games, more if there are seats on the floor. 

Sounds like you're not very familiar with Wilmington.",helene,community_discussion,
loe8gnf,t3_1fmrqah,t1_loe7rbp,NorthCarolina,Ok-Instruction830,1727027063,2024-09-22 17:44,-4,You are definitely not familiar with Wilmington if you think hosting a Trump rally at UNCW wouldn’t be both a terrible idea and an absolute logistical nightmare. ,helene,community_discussion,
loe8w7g,t3_1fmrqah,t1_loe8gnf,NorthCarolina,Frymanstbf,1727027186,2024-09-22 17:46,15,"I didn't say it'd be a good idea, it's definitely indicative of the college students not wanting him there and the fact that he can't draw more than a few thousand and wants to land, spew his shit, and then leave again without leaving the airport.",helene,community_discussion,
loejibo,t3_1fmrqah,t3_1fmrqah,NorthCarolina,2FightTheFloursThatB,1727030352,2024-09-22 18:39,13,"Many have ""diabetus"" from a shitty diet and other poor lifestyle choices ....and the ""sugar got low"".

They aren't the brightest bulbs in the chandelier.",helene,community_discussion,
lofjme1,t3_1fmrqah,t1_loe8gnf,NorthCarolina,omniuni,1727041521,2024-09-22 21:45,4,That's kind of the point.,helene,community_discussion,
lofn98j,t3_1fmrqah,t1_lodt7ut,NorthCarolina,V1ctor_V1negar,1727042773,2024-09-22 22:06,6,"*multiple people, some of who yawn more than once",helene,community_discussion,
lofqyb5,t3_1fmrqah,t1_lofn98j,NorthCarolina,Ok-Instruction830,1727044066,2024-09-22 22:27,-5,🤯🤯,helene,community_discussion,
lofr0yg,t3_1fmrqah,t1_lofjme1,NorthCarolina,Ok-Instruction830,1727044092,2024-09-22 22:28,1,Logistically UNCW would be nightmarish for Wilmington ,helene,community_discussion,
lofs2oz,t3_1fmrqah,t1_loe8gnf,NorthCarolina,JoeB-,1727044466,2024-09-22 22:34,6,"Trump has had rallies at other university campuses.  His rally in Bozeman, MT was at the Montana State University  field house.    

The Atlanta rallies that he and Harris had days apart were both at Georgia State University.  She filled the arena to capacity and he later filled it to only around 3/4 capacity.  It was the rally where he complained there were ""thousands"" outside that wouldn't be let in, which was a lie.",helene,community_discussion,
lofsafb,t3_1fmrqah,t1_lofs2oz,NorthCarolina,Ok-Instruction830,1727044540,2024-09-22 22:35,1,Again this highlights your ignorance to how Wilmington is laid out. Logistically it’s in the heart of town and would be an absolute nightmare. ,helene,community_discussion,
loft96w,t3_1fmrqah,t1_lodt7ut,NorthCarolina,78349275,1727044878,2024-09-22 22:41,1,“““one guy yawning”””,helene,community_discussion,
lofue4t,t3_1fmrqah,t1_lofsafb,NorthCarolina,JoeB-,1727045283,2024-09-22 22:48,3,"Oh really?  Have you ever tried to find parking at [Georgia State University](https://www.google.com/maps/place/Georgia+State+University/@33.7530933,-84.3912136,15.11z/data=!3m1!5s0x88f5038857500dff:0x676dc0429645d4f0!4m6!3m5!1s0x88f5038613efe1b9:0x4ac19f9be05c6e97!8m2!3d33.753068!4d-84.3852819!16zL20vMDJqNDE2!5m1!1e1?entry=ttu&g_ep=EgoyMDI0MDkxOC4xIKXMDSoASAFQAw%3D%3D) in downtown Atlanta?  Incidentally,  that is why some of Harris's rallies employ busses for shuttling attendees from remote parking areas.  It's called logistics.",helene,community_discussion,
lofuole,t3_1fmrqah,t1_lofue4t,NorthCarolina,Ok-Instruction830,1727045386,2024-09-22 22:49,1,Georgia State has the infrastructure and preparedness to support that. UNCW does not. They’ve never held an event even close to the scope of the biggest Georgia State event. Lol.,helene,community_discussion,
lofvqiw,t3_1fmrqah,t1_lofuole,NorthCarolina,JoeB-,1727045759,2024-09-22 22:55,2,Maybe UNCW required Trump to pay in advance like Asheville and Tuscon?,helene,community_discussion,
lofyg3v,t3_1fmrqah,t1_lofvqiw,NorthCarolina,Ok-Instruction830,1727046721,2024-09-22 23:12,1,Possible. But the airport logistically was hands down the easiest place that also offers a massive amount of people to attend. Curious to see what the total was in wilm,helene,community_discussion,
loco613,t3_1fmryki,t3_1fmryki,NorthCarolina,RepostSleuthBot,1727007673,2024-09-22 12:21,1,"This link has been shared 1 time.

First Seen [Here](https://redd.it/1fm81rl) on 2024-09-21. 

---

**Scope:** This Sub | **Check Title:** False | **Max Age:** 0 | **Searched Links:** 0 | **Search Time:** 0.00413s",helene,community_discussion,
locztyr,t3_1fmtj5m,t3_1fmtj5m,NorthCarolina,Legitimate-Blood-613,1727012722,2024-09-22 13:45,4,One of my favorites.  I guess I should say one of everyone’s favorites.,helene,community_discussion,
loczyo1,t3_1fmtj5m,t1_locztyr,NorthCarolina,Terra_Mater95,1727012771,2024-09-22 13:46,2,"I’d say so! I was surprised there were so few people on this day, but I wasn’t complaining lol",helene,community_discussion,
lod4u00,t3_1fmtj5m,t3_1fmtj5m,NorthCarolina,carolebaskin93,1727014508,2024-09-22 14:15,-4,is that mountain a republican or a democrat?,helene,community_discussion,
lod4yii,t3_1fmtj5m,t1_lod4u00,NorthCarolina,yourdoglikesmebetter,1727014555,2024-09-22 14:15,3,Independent for sure,helene,community_discussion,
lod536c,t3_1fmtj5m,t1_lod4yii,NorthCarolina,carolebaskin93,1727014603,2024-09-22 14:16,0,id like to hear it from the mountain himself,helene,community_discussion,
lod5801,t3_1fmtj5m,t1_lod536c,NorthCarolina,yourdoglikesmebetter,1727014652,2024-09-22 14:17,3,Good luck,helene,community_discussion,
lod5gk5,t3_1fmtj5m,t1_lod5801,NorthCarolina,carolebaskin93,1727014740,2024-09-22 14:19,0,thanks,helene,community_discussion,
lodysin,t3_1fmtj5m,t3_1fmtj5m,NorthCarolina,PeachStateKaren,1727024202,2024-09-22 16:56,0,Such beauty of nature! thanks for sharing,helene,community_discussion,
lod9ntu,t3_1fmurv6,t3_1fmurv6,NorthCarolina,NickSS_38,1727016253,2024-09-22 14:44,2,"Even if this wasn't an altered video, a drunk Kamala is 10 times more qualified than anyone else in the race",helene,community_discussion,
lod9zzn,t3_1fmurv6,t3_1fmurv6,NorthCarolina,SW4506,1727016372,2024-09-22 14:46,1,One of the reasons I hate being a swing state is it brings all the idiots here.,helene,community_discussion,
loda5yw,t3_1fmurv6,t3_1fmurv6,NorthCarolina,NorthCarolina-ModTeam,1727016430,2024-09-22 14:47,1,"Your content was removed for being irrelevant. 

- Submissions must have a **substantive** connection to the state which extends beyond the title. 

- Comments must be related to the post. 

- Moderation feedback and questions are **only** allowable via modmail.
 
Please read our [on topic guide for more information](https://www.reddit.com/r/NorthCarolina/wiki/ontopicguide).",helene,community_discussion,
lodcxc6,t3_1fmv2do,t3_1fmv2do,NorthCarolina,Far-prophet,1727017371,2024-09-22 15:02,106,You showed him.,helene,community_discussion,
loddg0r,t3_1fmv2do,t3_1fmv2do,NorthCarolina,Rollin_Soul_O,1727017548,2024-09-22 15:05,-30,"Ah, another fine example of the ""tolerant"" left.",helene,community_discussion,
lodei6k,t3_1fmv2do,t3_1fmv2do,NorthCarolina,Paul_Deemer,1727017906,2024-09-22 15:11,30,"Robinson is Trash he deserves it! The fact that Republicans are doubling down and still backing him up says something for the Tolerant Right who will forgive anything to hold on to power. No Morals, No Decency, No Self Respect. Guess Trump was right, he could kill somebody on the street and his MAGA minions would still vote for him.",helene,community_discussion,power
lodf61c,t3_1fmv2do,t1_loddg0r,NorthCarolina,wroncsu,1727018132,2024-09-22 15:15,14,Looks more like the middle to me,helene,community_discussion,
lodfasw,t3_1fmv2do,t1_lodcxc6,NorthCarolina,FenixSoars,1727018176,2024-09-22 15:16,-5,"Hell yeah, brother!",helene,community_discussion,
lodfbzg,t3_1fmv2do,t3_1fmv2do,NorthCarolina,jackie30512,1727018187,2024-09-22 15:16,-6,Trump is losen bad he  has no policy s an he is a hatedul man. We need change an harris /walz is it i feel. #haeeis/walz2025,helene,community_discussion,
lodfepy,t3_1fmv2do,t1_lodei6k,NorthCarolina,FenixSoars,1727018212,2024-09-22 15:16,-16,This was Hal's bus lmao. Bringing Robinson into it isn't exactly on topic.,helene,community_discussion,
lodfgpi,t3_1fmv2do,t1_loddg0r,NorthCarolina,redstriker265,1727018231,2024-09-22 15:17,15,What should we be tolerant of?,helene,community_discussion,
lodfhkg,t3_1fmv2do,t1_loddg0r,NorthCarolina,deuce2ace,1727018238,2024-09-22 15:17,-11,Another fine example of left virtue signaling.,helene,community_discussion,
lodfimq,t3_1fmv2do,t3_1fmv2do,NorthCarolina,yemKeuchlyFarley,1727018248,2024-09-22 15:17,108,"Politics aside, his name totally sounds like a Family Guy character. 

“ - And now, we go to Hal Weatherman for traffic.
   - I wasn’t meant for this life.”",helene,community_discussion,
lodfnbn,t3_1fmv2do,t3_1fmv2do,NorthCarolina,Cycleyourbike27,1727018293,2024-09-22 15:18,0,🥂,helene,community_discussion,
lodfofg,t3_1fmv2do,t1_lodfbzg,NorthCarolina,FenixSoars,1727018303,2024-09-22 15:18,6,You smelling burnt toast by any chance?,helene,community_discussion,
lodfpim,t3_1fmv2do,t1_lodfepy,NorthCarolina,dm919,1727018313,2024-09-22 15:18,15,"It isn't? How does that saying go - ""the company you keep...""

https://ibb.co/GCqZD5S",helene,community_discussion,
lodg549,t3_1fmv2do,t3_1fmv2do,NorthCarolina,Typical-Crab-4514,1727018458,2024-09-22 15:20,15,"Wow, you really made a point with that one.",helene,community_discussion,
lodgdx8,t3_1fmv2do,t1_lodfbzg,NorthCarolina,Typical-Crab-4514,1727018541,2024-09-22 15:22,13,Are you drunk or do you always type like that? Asking for me.,helene,community_discussion,
lodgeow,t3_1fmv2do,t1_lodfepy,NorthCarolina,Paul_Deemer,1727018548,2024-09-22 15:22,17,How so? They are all the same and guilty by association. They are all running on the same platform and still back Robinson.,helene,community_discussion,
lodgexz,t3_1fmv2do,t1_loddg0r,NorthCarolina,CatataFishSticks,1727018551,2024-09-22 15:22,8,Poor snowflake,helene,community_discussion,
lodgfi9,t3_1fmv2do,t3_1fmv2do,NorthCarolina,S_thescientist,1727018556,2024-09-22 15:22,9,How about you show them by driving safely?,helene,community_discussion,
lodgg3y,t3_1fmv2do,t3_1fmv2do,NorthCarolina,VeryNormalGuy1861,1727018562,2024-09-22 15:22,51,Are you 12?,helene,community_discussion,
lodgqlt,t3_1fmv2do,t1_lodfepy,NorthCarolina,NotoriousStardust,1727018659,2024-09-22 15:24,28,birds of a feather get peed on together.,helene,community_discussion,
lodgx6v,t3_1fmv2do,t1_loddg0r,NorthCarolina,[deleted],1727018719,2024-09-22 15:25,1,[removed],helene,community_discussion,
lodh1uj,t3_1fmv2do,t3_1fmv2do,NorthCarolina,Pretend_Kangaroo_694,1727018763,2024-09-22 15:26,-27,The tolerant left…,helene,community_discussion,
lodh2wx,t3_1fmv2do,t1_loddg0r,NorthCarolina,Kradget,1727018773,2024-09-22 15:26,24,"Lol


Yeah, criticism is basically the same as threatening civil war",helene,community_discussion,
lodh5lw,t3_1fmv2do,t3_1fmv2do,NorthCarolina,WombatAnnihilator,1727018797,2024-09-22 15:26,-9,"Oh, you got them good! What a burn! 
Dumbass",helene,community_discussion,
lodha3x,t3_1fmv2do,t3_1fmv2do,NorthCarolina,carolebaskin93,1727018837,2024-09-22 15:27,-12,A kamala supporter would stop paying attention to the road to focus their andriod on their middle finger directed at a vehicle in the other lane. Some of yall need to graduate community college,helene,community_discussion,
lodhksq,t3_1fmv2do,t1_loddg0r,NorthCarolina,Necessary-Parking-14,1727018936,2024-09-22 15:28,18,"Ah, another fine example of the “fuck your feelings” cult playing the victim when given a slight taste of their own medicine. yawn",helene,community_discussion,
lodhpp7,t3_1fmv2do,t1_loddg0r,NorthCarolina,bluemesa7,1727018981,2024-09-22 15:29,18,"Right wing is so tolerant that they support someone :

Convicted felon.
Rapist. 
Financial fraudster. 
Had sex with a Pornstar while his wife is pregnant. 
Racist.  
Bigot. 
Uses presidency for grafting. 
Friend of Epstein who ran sex trafficking. 
Supports dictators. 
A black Nazi. 
Pastor who paid for abortion. 
Watches trans sex porn.. 

<other fill in here>",helene,community_discussion,
lodhpyv,t3_1fmv2do,t3_1fmv2do,NorthCarolina,516cookies,1727018983,2024-09-22 15:29,-24,Problem is your’re believing all the fake news being put out! If people would just dig deeper maybe they would see! Please Lord open blinded eyes,helene,community_discussion,
lodhvrv,t3_1fmv2do,t3_1fmv2do,NorthCarolina,Sabru76,1727019036,2024-09-22 15:30,-4,So clever,helene,community_discussion,
lodihf1,t3_1fmv2do,t1_loddg0r,NorthCarolina,spqrnbb,1727019229,2024-09-22 15:33,15,Tolerance of intolerance only leads to bad people with power.,helene,community_discussion,power
lodii0y,t3_1fmv2do,t3_1fmv2do,NorthCarolina,Thoughtprovokerjoker,1727019234,2024-09-22 15:33,30,Vote,helene,community_discussion,
lodivoa,t3_1fmv2do,t1_lodcxc6,NorthCarolina,[deleted],1727019357,2024-09-22 15:35,1,[removed],helene,community_discussion,
lodiwxc,t3_1fmv2do,t3_1fmv2do,NorthCarolina,PaperPasserby,1727019369,2024-09-22 15:36,7,When you're 12 yo and can't think of a reply:,helene,community_discussion,
lodj1t1,t3_1fmv2do,t3_1fmv2do,NorthCarolina,Stolen_Recaros,1727019413,2024-09-22 15:36,-3,You had the opportunity to brake check the campaign bus and didn't take it.,helene,community_discussion,
lodj3vm,t3_1fmv2do,t1_lodgqlt,NorthCarolina,YogurtclosetOk9598,1727019431,2024-09-22 15:37,7,Shit birds Randy…,helene,community_discussion,
lodj9sq,t3_1fmv2do,t3_1fmv2do,NorthCarolina,Zaximus20,1727019485,2024-09-22 15:38,-3,"Hey Honey, have you checked our shitters lately?",helene,community_discussion,
lodjbzj,t3_1fmv2do,t1_lodcxc6,NorthCarolina,[deleted],1727019504,2024-09-22 15:38,1,[removed],helene,community_discussion,
lodjcs3,t3_1fmv2do,t3_1fmv2do,NorthCarolina,redneckerson1951,1727019511,2024-09-22 15:38,-11,"Ah, the universal symbol of another weak mind attempting to express itself forcefully.",helene,community_discussion,
lodjowc,t3_1fmv2do,t3_1fmv2do,NorthCarolina,Puddin100,1727019619,2024-09-22 15:40,-8,Cry,helene,community_discussion,
lodjrka,t3_1fmv2do,t3_1fmv2do,NorthCarolina,AlexTom33,1727019642,2024-09-22 15:40,7,So cool.,helene,community_discussion,
lodk7tb,t3_1fmv2do,t3_1fmv2do,NorthCarolina,[deleted],1727019784,2024-09-22 15:43,1,[removed],helene,community_discussion,
lodkawr,t3_1fmv2do,t3_1fmv2do,NorthCarolina,O_U_8_ONE_2,1727019811,2024-09-22 15:43,6,One hand used to take a picture with your phone while driving and the other sending sign language??? WOW that's safe.....,helene,community_discussion,
lodknbp,t3_1fmv2do,t3_1fmv2do,NorthCarolina,rkbird2,1727019926,2024-09-22 15:45,97,"Off topic, but speaking of weatherman, project 2025 aims to dismantle NOAA and privatize the national weather service (page 664).",helene,community_discussion,weather|noaa
lodkskg,t3_1fmv2do,t1_lodhpyv,NorthCarolina,jecksluv,1727019974,2024-09-22 15:46,8,"Or maybe, you're the one believing all the fake news.",helene,community_discussion,
lodl21g,t3_1fmv2do,t3_1fmv2do,NorthCarolina,Historical-Wonder-36,1727020059,2024-09-22 15:47,5,Damn - you showed him!,helene,community_discussion,
lodl9fu,t3_1fmv2do,t1_loddg0r,NorthCarolina,Bald_Nightmare,1727020123,2024-09-22 15:48,12,"The ""tolerant left"" is some bullshit made up by Rrpublicans for when they get their feelings hurt. We don't tolerate treason, and it screams volumes that the ""conservative"" right does.",helene,community_discussion,
lodlwrn,t3_1fmv2do,t3_1fmv2do,NorthCarolina,NC-Stribog,1727020322,2024-09-22 15:52,8,Wow the level of maturity in this photo says it all.  Just so you know as an adult it’s ok to dislike something and not be so childish about it.,helene,community_discussion,
lodmh63,t3_1fmv2do,t3_1fmv2do,NorthCarolina,cereal_killer_828,1727020493,2024-09-22 15:54,13,Thank you for your bravery!!,helene,community_discussion,
lodn2um,t3_1fmv2do,t1_lodknbp,NorthCarolina,Kosu00s,1727020670,2024-09-22 15:57,-45,"oh jesus, it’s already been debunked that trump has 0 affiliation with project 2025",helene,community_discussion,
lodn2zz,t3_1fmv2do,t3_1fmv2do,NorthCarolina,mdgooding11,1727020672,2024-09-22 15:57,14,Cool dude…,helene,community_discussion,
lodnini,t3_1fmv2do,t1_lodhpyv,NorthCarolina,notickeynoworky,1727020805,2024-09-22 16:00,3,"Just curious, what “fake news” specifically are you talking about?",helene,community_discussion,
lodnxkd,t3_1fmv2do,t1_lodgg3y,NorthCarolina,Fazo1,1727020938,2024-09-22 16:02,-11,"No he's expressing, non verbally. Are you?",helene,community_discussion,
lodo9x7,t3_1fmv2do,t3_1fmv2do,NorthCarolina,proggish,1727021050,2024-09-22 16:04,29,"""Hey guys, watch me flip off this guy from a place where he won't see me from, I sure showed him!""",helene,community_discussion,
lododwy,t3_1fmv2do,t3_1fmv2do,NorthCarolina,Steak4Supper,1727021086,2024-09-22 16:04,7,Wow. You’re so cool.,helene,community_discussion,
lodoe31,t3_1fmv2do,t1_lodn2um,NorthCarolina,jtshinn,1727021087,2024-09-22 16:04,46,"You’re right. It is certainly debunked that he has 0 affiliation with project 2025. 

He is intimately connected to project 2025. Several of the authors were members of his administration. 

He flew with Kevin Roberts and praised his work in 2022. 

The heritage foundation itself accepts that his public distance from p2025 is on for political expediency. 

His choice of running mate makes it plain that he is happy to continue the p2025 efforts. 

The only misinformation here is the idea that trump is somehow not connected to or wiling to advance p2025’s agenda as his own.",helene,community_discussion,
lodofsd,t3_1fmv2do,t3_1fmv2do,NorthCarolina,NJPete76,1727021102,2024-09-22 16:05,-2,"Hate, it makes the world a better place...",helene,community_discussion,
lodoifk,t3_1fmv2do,t1_lodgdx8,NorthCarolina,[deleted],1727021125,2024-09-22 16:05,1,[removed],helene,community_discussion,
lodoqc4,t3_1fmv2do,t1_lodn2um,NorthCarolina,LCDJosh,1727021192,2024-09-22 16:06,34,"Yeah, no affiliation.  It was only written by members of his administration in 2016, who are going to be members of his administration again if elected in 2024.  Either a bot, troll, or idiot.",helene,community_discussion,
lodp2gn,t3_1fmv2do,t1_lodoqc4,NorthCarolina,Atheist_3739,1727021297,2024-09-22 16:08,25,So his VP wrote the foreword of the project 2025 leader's book,helene,community_discussion,
lodp2zu,t3_1fmv2do,t1_lodn2um,NorthCarolina,rkbird2,1727021302,2024-09-22 16:08,34,"If he’s telling the truth when he says he knows nothing about it, then he’s far too naive and uninformed to be in any leadership role. 

“Project 2025 Authors: More than 140 former members of the Trump administration are involved with Project 2025, according to CNN, including six of his former Cabinet secretaries—and several people authored chapters whom the Post reports Trump has suggested could be in his second administration, including former advisor Peter Navarro, former Housing Secretary Ben Carson and former acting Defense Secretary Christopher Miller.“

https://www.forbes.com/sites/alisondurkee/2024/08/15/what-we-know-about-trumps-link-to-project-2025-as-author-claims-ex-president-blessed-it-in-secret-recording/",helene,community_discussion,
lodpglw,t3_1fmv2do,t1_lodhpp7,NorthCarolina,Atheist_3739,1727021419,2024-09-22 16:10,-1,Traitor,helene,community_discussion,
lodq8wy,t3_1fmv2do,t3_1fmv2do,NorthCarolina,btbam666,1727021667,2024-09-22 16:14,1,I have only ever seen one sign for this guy. Maybe MAGA should have ran this guy instead.,helene,community_discussion,
lodqun2,t3_1fmv2do,t3_1fmv2do,NorthCarolina,ImperialTuneWizard,1727021854,2024-09-22 16:17,6,Cringe,helene,community_discussion,
lodr0lj,t3_1fmv2do,t1_lodlwrn,NorthCarolina,2a1ron,1727021902,2024-09-22 16:18,0,nothing childish about this,helene,community_discussion,
lodr7qf,t3_1fmv2do,t3_1fmv2do,NorthCarolina,GoldenTeeShower,1727021959,2024-09-22 16:19,12,Wow.  You are the coolest.,helene,community_discussion,
lodrcoi,t3_1fmv2do,t1_lodfasw,NorthCarolina,IceTech59,1727022001,2024-09-22 16:20,5,"""That's a bold strategy, Cotton. Let's see if it plays out for them """,helene,community_discussion,
lodsi6k,t3_1fmv2do,t1_lodn2um,NorthCarolina,DrVforOneHealth,1727022342,2024-09-22 16:25,25,"His name is mentioned in the 2025 document >300 times and >25 of his close staffers contributed to its creation, promotion, and outreach to an “army of conservatives”. The [Project 2025 training videos](https://youtube.com/playlist?list=PL8_lN8JGpWGx0Oqnnwc5CQoa5Zssht0O7&si=UAzHdkfPZJKb_lbZ) are now publicly available as is the [undercover video](https://youtu.be/UQjdwsZhE_Q?si=GHL9a2DKnjF5kGgW) of the interview w/ one of Trump’s close advisors. I know there is an abundance of conflicting information as is typical during a heated election cycle, but the Project 2025 playbook has severe implications for our freedoms, communities, individuals, families, etc if/when it’s implemented. They’ve worked diligently on this plan and it’s worth knowing what one is agreeing to when casting a vote for Trump and other MAGA-aligned politicians. We need good representation. Not to be swindled, coerced, and persuaded to vote against this still young experimental democracy the founders developed.",helene,community_discussion,
lodst5a,t3_1fmv2do,t1_lodr7qf,NorthCarolina,dm919,1727022427,2024-09-22 16:27,4,Are you Mark Robinson with that username?,helene,community_discussion,
lodsykm,t3_1fmv2do,t3_1fmv2do,NorthCarolina,Can_Not_Double_Dutch,1727022468,2024-09-22 16:27,3,So brave,helene,community_discussion,
lodt0c8,t3_1fmv2do,t3_1fmv2do,NorthCarolina,iprkuad,1727022482,2024-09-22 16:28,0,Ok,helene,community_discussion,
lodt0xd,t3_1fmv2do,t3_1fmv2do,NorthCarolina,im_intj,1727022486,2024-09-22 16:28,4,"So you took both hands off the wheel to take a picture and ""own"" Trump?",helene,community_discussion,
lodt5gr,t3_1fmv2do,t1_lodkawr,NorthCarolina,im_intj,1727022522,2024-09-22 16:28,2,Not only is it safe it's also effective,helene,community_discussion,
lodt85j,t3_1fmv2do,t3_1fmv2do,NorthCarolina,skindarklikemytint,1727022542,2024-09-22 16:29,11,"lol Trump fans are some of the most frustrating people.

Y’all are really trying to criticize a middle finger when you were saying Fuck Joe Biden for 3 years? Damn near 4? 

“Let’s Go Biden” 😂😂😂",helene,community_discussion,
lodteyn,t3_1fmv2do,t3_1fmv2do,NorthCarolina,NC-Stribog,1727022596,2024-09-22 16:29,-6,Ok! Well we can agree to disagree. At least I can go to bed at night knowing that I’m a better human being.  Hopefully you all figure out one day. You all are being played.  Right side left side is just meant to divide everyone.  And judging by this pic and the comments. It’s working.,helene,community_discussion,
lodtl27,t3_1fmv2do,t1_lodnxkd,NorthCarolina,NC-Stribog,1727022644,2024-09-22 16:30,4,He’s showing his level of maturity too.,helene,community_discussion,
lodtqo4,t3_1fmv2do,t3_1fmv2do,NorthCarolina,Eb73,1727022686,2024-09-22 16:31,-4,"Well, at least he likes ADULT females...",helene,community_discussion,
loduiyv,t3_1fmv2do,t3_1fmv2do,NorthCarolina,rowengartnerrr,1727022912,2024-09-22 16:35,6,You’re a cool guy…,helene,community_discussion,
lodut87,t3_1fmv2do,t1_lodcxc6,NorthCarolina,BagOnuts,1727022996,2024-09-22 16:36,12,"Cruising in the left lane while taking pictures on your phone of your other hand not holding the steering wheel… 

Great job OP, I hate you almost as much as Trump.",helene,community_discussion,
loduthp,t3_1fmv2do,t1_lodtl27,NorthCarolina,rowengartnerrr,1727022998,2024-09-22 16:36,2,Bingo. Regardless if it’s dem or repub it’s dumb,helene,community_discussion,
lodv10y,t3_1fmv2do,t3_1fmv2do,NorthCarolina,Present-Bee5817,1727023058,2024-09-22 16:37,9,Stunning. Brave.,helene,community_discussion,
lodvbbz,t3_1fmv2do,t3_1fmv2do,NorthCarolina,nightdrifter05,1727023142,2024-09-22 16:39,-2,You’re so cool and edgy,helene,community_discussion,
lodve8v,t3_1fmv2do,t1_lodt85j,NorthCarolina,rowengartnerrr,1727023165,2024-09-22 16:39,-4,Switch this to a trump van and it’s still dumb.. so there goes your argument.,helene,community_discussion,
lodvlca,t3_1fmv2do,t1_lodve8v,NorthCarolina,skindarklikemytint,1727023223,2024-09-22 16:40,5,"No, not really. Doesn’t..doesn’t change anything at all.",helene,community_discussion,
lodwkpw,t3_1fmv2do,t3_1fmv2do,NorthCarolina,[deleted],1727023518,2024-09-22 16:45,1,[removed],helene,community_discussion,
lodwt99,t3_1fmv2do,t3_1fmv2do,NorthCarolina,jwjitsu,1727023592,2024-09-22 16:46,-2,Both sides of the aisle would appreciate it if you would put your fucking phone down and drive.,helene,community_discussion,
lodwtnh,t3_1fmv2do,t1_lodt85j,NorthCarolina,JCtheWanderingCrow,1727023595,2024-09-22 16:46,0,The problem is this man is the epitome of moron with both hands off the freaking wheel taking pictures. ,helene,community_discussion,
lodwwsf,t3_1fmv2do,t3_1fmv2do,NorthCarolina,reelwarrior,1727023622,2024-09-22 16:47,-4,Imagine having this much hate in your soul for something or someone that you have little to no control over .. wow.,helene,community_discussion,
lodwya5,t3_1fmv2do,t1_lodr0lj,NorthCarolina,JCtheWanderingCrow,1727023635,2024-09-22 16:47,6,"The hands off the wheel in the left lane on the highway is pretty childish…. Well, stupid. It’s not childish. It’s plain stupid so you’re right.",helene,community_discussion,
lodx91v,t3_1fmv2do,t1_lodh1uj,NorthCarolina,OftenSilentObserver,1727023727,2024-09-22 16:48,5,This is the battle cry of the person who has zero actual arguments for their side. It doesn't mean anything and only serves to confirm just how little they understand their opposition,helene,community_discussion,
lodxcir,t3_1fmv2do,t1_lodt85j,NorthCarolina,reelwarrior,1727023758,2024-09-22 16:49,-1,Bad take .. there those folks on both sides .. BLM were not peaceful protests .. January 6th was not peaceful.  You can’t see it from one lens.. open your mind to all sides and you’ll see a different world.,helene,community_discussion,
lodxdln,t3_1fmv2do,t3_1fmv2do,NorthCarolina,bwayne1020,1727023767,2024-09-22 16:49,1,"Dang man, you are such a rebel.",helene,community_discussion,
lodxlus,t3_1fmv2do,t1_lodut87,NorthCarolina,Economy-Ad4934,1727023837,2024-09-22 16:50,-2,Driving with your knee is incredible easy especially on the highway. But gatekeepers gotta gatekeep.,helene,community_discussion,
lodxv6t,t3_1fmv2do,t3_1fmv2do,NorthCarolina,cheemsdrip,1727023917,2024-09-22 16:51,-1,You get ‘em man!,helene,community_discussion,
lody5eg,t3_1fmv2do,t1_lodvlca,NorthCarolina,im_intj,1727024005,2024-09-22 16:53,-4,Do you take both your hands off the wheel like this and take photos for the internet when you drive for Uber?,helene,community_discussion,
lodyawe,t3_1fmv2do,t3_1fmv2do,NorthCarolina,SomeDudeInGermany,1727024053,2024-09-22 16:54,-1,They are probably on the way to the emergency room right now after what you’ve done.,helene,community_discussion,
lodyknj,t3_1fmv2do,t3_1fmv2do,NorthCarolina,Themako1,1727024136,2024-09-22 16:55,2,you showed them lol,helene,community_discussion,
lodzilx,t3_1fmv2do,t3_1fmv2do,NorthCarolina,[deleted],1727024427,2024-09-22 17:00,1,[removed],helene,community_discussion,
lodzwxu,t3_1fmv2do,t3_1fmv2do,NorthCarolina,Witty-Income3511,1727024553,2024-09-22 17:02,0,Damn! He might as well drop out of the race now! No coming back from this one! Great job!,helene,community_discussion,
loe03vg,t3_1fmv2do,t1_lodn2um,NorthCarolina,Scoopdoopdoop,1727024613,2024-09-22 17:03,4,No it hasn't,helene,community_discussion,
loe0ap0,t3_1fmv2do,t3_1fmv2do,NorthCarolina,That-Vegetable-7070,1727024672,2024-09-22 17:04,2,Now that’s talent beyond entertainment,helene,community_discussion,
loe0eh1,t3_1fmv2do,t3_1fmv2do,NorthCarolina,Specialist-War-584,1727024704,2024-09-22 17:05,-1,"Instead of doing this, get your revenge in the voting booth and vote against these Republican morons. I am voting Dem the first time after always voting Republican. That is how I get my revenge.",helene,community_discussion,
loe0enx,t3_1fmv2do,t1_loduiyv,NorthCarolina,Scoopdoopdoop,1727024705,2024-09-22 17:05,0,Not as cool as you,helene,community_discussion,
loe1a73,t3_1fmv2do,t1_lodwwsf,NorthCarolina,Scoopdoopdoop,1727024970,2024-09-22 17:09,5,"Well seeing as the guy in the RV wants to control things that other people do that have zero effect on his life, I'm ok with this guy being mad at him. I'm mad at the guy too",helene,community_discussion,
loe1w2j,t3_1fmv2do,t3_1fmv2do,NorthCarolina,Fullofhopkinz,1727025152,2024-09-22 17:12,3,This is so brave!,helene,community_discussion,
loe1zc8,t3_1fmv2do,t3_1fmv2do,NorthCarolina,tenenno,1727025179,2024-09-22 17:12,0,"I'd rather deal with whoever that is than somebody going hands-free in the left lane for Reddit karma. Come on, man.",helene,community_discussion,
loe21u3,t3_1fmv2do,t1_lodteyn,NorthCarolina,Scoopdoopdoop,1727025200,2024-09-22 17:13,5,Sounds like you must be super smart and know a bunch more than the average person wow,helene,community_discussion,
loe278g,t3_1fmv2do,t1_loe1a73,NorthCarolina,reelwarrior,1727025247,2024-09-22 17:14,-3,Then go vote .. but this childish behavior for a grown adult is exactly what’s wrong with this world.,helene,community_discussion,
loe2epp,t3_1fmv2do,t1_lodknbp,NorthCarolina,realmomotr,1727025311,2024-09-22 17:15,19,I wish more people understood the very real danger this poses. Look at what happened this week at the coast.,helene,community_discussion,
loe2i5y,t3_1fmv2do,t1_loe21u3,NorthCarolina,NC-Stribog,1727025339,2024-09-22 17:15,-3,Thank you.  I do. My IQ is 148 which is genius level.,helene,community_discussion,
loe2xg0,t3_1fmv2do,t1_lodtl27,NorthCarolina,Fazo1,1727025465,2024-09-22 17:17,0,"I don't believe by flipping off someone or something shows the level of ""maturity"". Everyone is entitled to express themselves as the time and place fits.",helene,community_discussion,
loe30ty,t3_1fmv2do,t1_lodknbp,NorthCarolina,Fuzzy_Machine_5662,1727025493,2024-09-22 17:18,6,You know that Project 2025 is a rehash of a wish list that has been floating around since 1972 by Republican think tanks.,helene,community_discussion,
loe36g9,t3_1fmv2do,t3_1fmv2do,NorthCarolina,TrucksAndBongs,1727025540,2024-09-22 17:19,-1,This is why I keep my spikes handy,helene,community_discussion,
loe3dxa,t3_1fmv2do,t1_loe278g,NorthCarolina,Scoopdoopdoop,1727025602,2024-09-22 17:20,6,I'd argue the behavior of people who think they can control other people is what's wrong with the world but you do you man. Flicking off a politician who doesn't give a fuck about anyone but himself is not a huge deal,helene,community_discussion,
loe3ish,t3_1fmv2do,t1_loe2i5y,NorthCarolina,Scoopdoopdoop,1727025642,2024-09-22 17:20,3,Holy shit dude!!!! What am I missing about the current political situation please inform me,helene,community_discussion,
loe3xfc,t3_1fmv2do,t1_loe3ish,NorthCarolina,NC-Stribog,1727025761,2024-09-22 17:22,-2,It is all a muse.  It is purposely put into place to keep the population and odds.  And the majority of the population falls for it.,helene,community_discussion,
loe4469,t3_1fmv2do,t1_loe30ty,NorthCarolina,henryshoe,1727025816,2024-09-22 17:23,2,Please tell me more about,helene,community_discussion,
loe46r8,t3_1fmv2do,t3_1fmv2do,NorthCarolina,FreedomSeeker2024,1727025837,2024-09-22 17:23,-1,**slow clap**,helene,community_discussion,
loe46od,t3_1fmv2do,t1_loe3xfc,NorthCarolina,Scoopdoopdoop,1727025837,2024-09-22 17:23,5,I'm not sure what a muse is,helene,community_discussion,
loe4icj,t3_1fmv2do,t3_1fmv2do,NorthCarolina,TRPizzo,1727025933,2024-09-22 17:25,0,Are you 13?,helene,community_discussion,
loe4mam,t3_1fmv2do,t1_loe2i5y,NorthCarolina,stainedglass333,1727025964,2024-09-22 17:26,3,There’s something… afoot about this comment.,helene,community_discussion,
loe4ses,t3_1fmv2do,t1_loe46od,NorthCarolina,stainedglass333,1727026014,2024-09-22 17:26,4,A muse is like a ruse but for geniuses. You and I couldn’t possibly understand.,helene,community_discussion,
loe50fd,t3_1fmv2do,t1_loe30ty,NorthCarolina,Smarterthanthat,1727026079,2024-09-22 17:27,2,I wonder if those supporting trump and his goons are capable of recognizing anything that isn't hogwash...,helene,community_discussion,
loe53no,t3_1fmv2do,t1_loe4ses,NorthCarolina,Scoopdoopdoop,1727026105,2024-09-22 17:28,3,Lol your account is hilarious and I applaud you,helene,community_discussion,
loe5c1s,t3_1fmv2do,t3_1fmv2do,NorthCarolina,tafreakinda,1727026172,2024-09-22 17:29,1,Sick burn! Got their asses!!!!,helene,community_discussion,
loe5mlv,t3_1fmv2do,t1_lodxlus,NorthCarolina,MrCaboose96,1727026256,2024-09-22 17:30,1,Yeah driving with your knees because you're on your phone on the highway is actually very safe.,helene,community_discussion,
loe5utv,t3_1fmv2do,t3_1fmv2do,NorthCarolina,DesignerBalance2316,1727026325,2024-09-22 17:32,2,"He lives in my neighborhood and that huge bus looks
Obnoxious in his yard",helene,community_discussion,
loe66pp,t3_1fmv2do,t1_loe4mam,NorthCarolina,NC-Stribog,1727026423,2024-09-22 17:33,1,lol.  Nice.,helene,community_discussion,
loe6gsz,t3_1fmv2do,t1_loe53no,NorthCarolina,NC-Stribog,1727026508,2024-09-22 17:35,0,Thank you.  Now move along troll,helene,community_discussion,
loe6im0,t3_1fmv2do,t1_loe0enx,NorthCarolina,rowengartnerrr,1727026522,2024-09-22 17:35,3,That goes without saying.,helene,community_discussion,
loe7ygc,t3_1fmv2do,t1_loe6gsz,NorthCarolina,Scoopdoopdoop,1727026922,2024-09-22 17:42,3,I'm a troll with a 150 IQ but ok,helene,community_discussion,
loe88p8,t3_1fmv2do,t1_lodcxc6,NorthCarolina,[deleted],1727027000,2024-09-22 17:43,1,[removed],helene,community_discussion,
loe9xq5,t3_1fmv2do,t3_1fmv2do,NorthCarolina,AppearanceKey2170,1727027488,2024-09-22 17:51,-1,got 'em!,helene,community_discussion,
loeaawp,t3_1fmv2do,t3_1fmv2do,NorthCarolina,bocisthebest,1727027596,2024-09-22 17:53,2,You sure showed them,helene,community_discussion,
loeak05,t3_1fmv2do,t1_loe3dxa,NorthCarolina,reelwarrior,1727027667,2024-09-22 17:54,-1,"I hear you, but you’re always going to have politicians .. or you’ll have anarchy .. if you think the other side of your political view cares about anyone but themselves, I’ve got a piece of the brooklyn bridge for sale.",helene,community_discussion,
loeb459,t3_1fmv2do,t3_1fmv2do,NorthCarolina,Go2Shirley,1727027829,2024-09-22 17:57,1,This ain't it,helene,community_discussion,
loebc8r,t3_1fmv2do,t1_loe30ty,NorthCarolina,rkbird2,1727027894,2024-09-22 17:58,12,"So you’re saying they’ve spent 50 years thinking about this and what they’ve landed on is eliminating the department of education (page 319) and allowing employers to avoid paying for overtime with a bit of schedule creativity by counting monthly hours worked, rather than weekly (page 592). 

That’s not a flex.",helene,community_discussion,
loebdqn,t3_1fmv2do,t3_1fmv2do,NorthCarolina,desertdunes20,1727027907,2024-09-22 17:58,5,Wow! You really showed them!,helene,community_discussion,
loebx93,t3_1fmv2do,t3_1fmv2do,NorthCarolina,Useful-Chip-6931,1727028063,2024-09-22 18:01,1,You have a little hand,helene,community_discussion,
loeccqi,t3_1fmv2do,t1_lodxlus,NorthCarolina,pissmister,1727028189,2024-09-22 18:03,5,"for real. the worst is when they start getting on your ass about heading out on the interstate after an afternoon 6pack of imperial ipas. let people have their fun, you goobers",helene,community_discussion,
loed8vu,t3_1fmv2do,t3_1fmv2do,NorthCarolina,cryptolyme,1727028452,2024-09-22 18:07,3,i wonder how often people throw shit at that asshole-mobile,helene,community_discussion,
loedggp,t3_1fmv2do,t1_lodut87,NorthCarolina,cryptolyme,1727028516,2024-09-22 18:08,1,why can't they be holding the steering wheel?   people usually have two hands and multiple fingers.,helene,community_discussion,
loee40t,t3_1fmv2do,t3_1fmv2do,NorthCarolina,Chrisapb13,1727028715,2024-09-22 18:11,2,bro wears extra small gloves,helene,community_discussion,
loef7e4,t3_1fmv2do,t1_lodfimq,NorthCarolina,DudeWhereIsMyDuduk,1727029046,2024-09-22 18:17,3,You don't need a Weatherman to know which way the wind blows,helene,community_discussion,
loeg3a1,t3_1fmv2do,t3_1fmv2do,NorthCarolina,PatandJess,1727029303,2024-09-22 18:21,-1,Both got my vote!!! Fuck communist Harris and Stein!!!!🖕,helene,community_discussion,
loegy3g,t3_1fmv2do,t1_loef7e4,NorthCarolina,Front_Doughnut6726,1727029559,2024-09-22 18:25,1,hot wind blows,helene,community_discussion,
loeh878,t3_1fmv2do,t1_loeg3a1,NorthCarolina,[deleted],1727029645,2024-09-22 18:27,1,[removed],helene,community_discussion,
loehpou,t3_1fmv2do,t3_1fmv2do,NorthCarolina,keleles,1727029795,2024-09-22 18:29,1,"congrats, you accomplished... nothing.",helene,community_discussion,
loej05c,t3_1fmv2do,t1_loeccqi,NorthCarolina,Economy-Ad4934,1727030194,2024-09-22 18:36,0,Those aren’t the same at all but you do you I guess,helene,community_discussion,
loeml6e,t3_1fmv2do,t1_lodh1uj,NorthCarolina,NoG00dUsernamesLeft,1727031278,2024-09-22 18:54,1,We don't tolerate bigotry and hate. We tolerate people being themselves and allowing people to live their own lives. Huge different but you already knew that.,helene,community_discussion,
loepa8r,t3_1fmv2do,t1_loe30ty,NorthCarolina,NoFornicationLeague,1727032086,2024-09-22 19:08,1,Is there an equivalent whacky wishlist from a liberal think tank? I’d love to compare.,helene,community_discussion,
loeqxx1,t3_1fmv2do,t1_loeml6e,NorthCarolina,Pretend_Kangaroo_694,1727032578,2024-09-22 19:16,0,I completely agree. You sound like a republican.,helene,community_discussion,
loes1ex,t3_1fmv2do,t1_loeqxx1,NorthCarolina,NoG00dUsernamesLeft,1727032912,2024-09-22 19:21,1,I used to be. Then I saw the backwards way many of them think now and I can't align myself with that any more. I wish republicans sounded like that,helene,community_discussion,
lof22rb,t3_1fmv2do,t3_1fmv2do,NorthCarolina,_Jang_A_Lang,1727035929,2024-09-22 20:12,1,Damn you really showed him,helene,community_discussion,
lofclyj,t3_1fmv2do,t1_lodha3x,NorthCarolina,FormItUp,1727039222,2024-09-22 21:07,1,"Why suggest some people need to graduate community college when you claimed the US isn’t a democracy, and resorted to lying when corrected? ",helene,community_discussion,
lodhln7,t3_1fmvh0m,t3_1fmvh0m,NorthCarolina,Mywordispoontang101,1727018944,2024-09-22 15:29,44,This always happens when 'Pubs get in trouble.  Why is Ladybugs looked to as the authority on handling crisis?,helene,community_discussion,
lodhxty,t3_1fmvh0m,t3_1fmvh0m,NorthCarolina,SnarkiSnail,1727019054,2024-09-22 15:30,41,Did Mark Robinson leak the Ladybug story? Ya never know.,helene,community_discussion,
lodi6ia,t3_1fmvh0m,t3_1fmvh0m,NorthCarolina,SpillinThaTea,1727019130,2024-09-22 15:32,44,This kinda tracks. Lady G has been fighting off allegations for a quarter of a century now.,helene,community_discussion,
lodibfc,t3_1fmvh0m,t3_1fmvh0m,NorthCarolina,do_you_know_de_whey,1727019175,2024-09-22 15:32,160,"Great idea! Do it Mark! Sue!!! YOU FUCKIN WONT lol 

Graham really out here sayin well if you don’t sue, then that shit is allllllll true hahahaha. Checkmate Mark by your own weird party.",helene,community_discussion,
lodjb3z,t3_1fmvh0m,t3_1fmvh0m,NorthCarolina,Manfrenjensenjen,1727019497,2024-09-22 15:38,16,Why don’t you sit this one out and tend to your own state’s affairs?,helene,community_discussion,
lodjca5,t3_1fmvh0m,t3_1fmvh0m,NorthCarolina,BullCityPicker,1727019507,2024-09-22 15:38,29,"If you fall into quicksand, Mark, be sure to put up a big fight.",helene,community_discussion,
lodkyx5,t3_1fmvh0m,t1_lodi6ia,NorthCarolina,Mywordispoontang101,1727020031,2024-09-22 15:47,31,It's not really allegations at this point.  It's that EVERYONE knows she's lying and his party is willing to pretends she's not.,helene,community_discussion,
lodpk1d,t3_1fmvh0m,t3_1fmvh0m,NorthCarolina,Boobies1967,1727021449,2024-09-22 16:10,4,Not from NC. Does anyone know if Lindsey Graham is a top or a bottom? Asking for a friend who’s looking to hook up when he visits in a couple of weeks.,helene,community_discussion,
lodpvha,t3_1fmvh0m,t3_1fmvh0m,NorthCarolina,MisterProfGuy,1727021549,2024-09-22 16:12,6,"""Wasn't me.""",helene,community_discussion,
lodqg72,t3_1fmvh0m,t1_lodpk1d,NorthCarolina,OralSuperhero,1727021729,2024-09-22 16:15,10,SC not NC. It's the state directly below North Carolina if that answers your question,helene,community_discussion,
lodtgjy,t3_1fmvh0m,t1_lodkyx5,NorthCarolina,LaddiusMaximus,1727022608,2024-09-22 16:30,5,Power over everything.,helene,community_discussion,power
lodtl6c,t3_1fmvh0m,t3_1fmvh0m,NorthCarolina,LaddiusMaximus,1727022645,2024-09-22 16:30,5,Someone tell ladybug that mark said it was AI.,helene,community_discussion,
lodxdck,t3_1fmvh0m,t1_lodqg72,NorthCarolina,Boobies1967,1727023765,2024-09-22 16:49,-4,Oops. My bad. From Utah. Y’all look the same to us.,helene,community_discussion,
lodxixy,t3_1fmvh0m,t1_lodhxty,NorthCarolina,photobummer,1727023813,2024-09-22 16:50,13,Just asking questions^tm,helene,community_discussion,
lodxkmz,t3_1fmvh0m,t3_1fmvh0m,NorthCarolina,LotsofSports,1727023826,2024-09-22 16:50,6,Wonder what screen name Lindsey uses?,helene,community_discussion,
lodz0m9,t3_1fmvh0m,t3_1fmvh0m,NorthCarolina,Carolina_Blues,1727024272,2024-09-22 16:57,18,hard to defend yourself against allegations that are true,helene,community_discussion,
loe4ud5,t3_1fmvh0m,t1_lodxdck,NorthCarolina,Advanced-Bird-1470,1727026030,2024-09-22 17:27,16,Sorry I don’t speak Mormon.,helene,community_discussion,
loe7w93,t3_1fmvh0m,t3_1fmvh0m,NorthCarolina,im_intj,1727026905,2024-09-22 17:41,11,If it's not true he needs to state his intention to legally pursue the matter. Until that happens I'm viewing this as something he did.,helene,community_discussion,
loe90gr,t3_1fmvh0m,t1_loe4ud5,NorthCarolina,MrVeazey,1727027221,2024-09-22 17:47,6,"I think he said ""7-Up is just as good as Coke or Pepsi.""",helene,community_discussion,
loeck7d,t3_1fmvh0m,t1_loe90gr,NorthCarolina,Advanced-Bird-1470,1727028251,2024-09-22 18:04,5,"7-Up is at least better than Slice, I’ll give em that.",helene,community_discussion,
loectcj,t3_1fmvh0m,t3_1fmvh0m,NorthCarolina,MK5,1727028326,2024-09-22 18:05,25,The Queen of Myrtle Beach hath spoken.,helene,community_discussion,
loed91s,t3_1fmvh0m,t1_lodibfc,NorthCarolina,RiverStyxx,1727028454,2024-09-22 18:07,-127,Defend against a Taylor made and perfectly timed hit piece from a news outlet with 0 credibility.   These are the same people that claimed the Hunter Biden tapes were 100 percent Russian disinformation.  Until the FBI finally came out long after it mattered and said it was real and untapped with.  The only people who believe CNNs drivel are way to the left anyway.  It's not gonna have the impact you think it will.  CNN has lied too many times and has proven it self to be hyper partisan.,helene,community_discussion,
loedr7c,t3_1fmvh0m,t1_lodxkmz,NorthCarolina,Present-Bee5817,1727028607,2024-09-22 18:10,8,Lady G,helene,community_discussion,
loejqp8,t3_1fmvh0m,t3_1fmvh0m,NorthCarolina,therapythese00,1727030423,2024-09-22 18:40,11,Lindsey trying to get in that golden shower action on the low,helene,community_discussion,
loel06v,t3_1fmvh0m,t3_1fmvh0m,NorthCarolina,IamTheCheetoMan,1727030801,2024-09-22 18:46,5,"He has, and it's weak defense. So sorry (not sorry) another politician doesnt understand the internet and how things get tracked.",helene,community_discussion,
loem3h0,t3_1fmvh0m,t3_1fmvh0m,NorthCarolina,No_Sheepherder8331,1727031129,2024-09-22 18:52,4,Is Lindsey looking for a reach around?,helene,community_discussion,
loep05w,t3_1fmvh0m,t3_1fmvh0m,NorthCarolina,hnglmkrnglbrry,1727032004,2024-09-22 19:06,4,"""Embattled"" the man said he was a Black Nazi and bragged about his wife's sister pissing on him. The only battle he's fighting is against decency.",helene,community_discussion,
loeqhg3,t3_1fmvh0m,t3_1fmvh0m,NorthCarolina,GetNR3KT,1727032444,2024-09-22 19:14,5,"Yeah, since Lindsey Graham is the epitome of good sound character and morals.",helene,community_discussion,
loev1nh,t3_1fmvh0m,t1_loed91s,NorthCarolina,foomanchu89,1727033814,2024-09-22 19:36,18,You are weird,helene,community_discussion,
loew0e9,t3_1fmvh0m,t1_loed91s,NorthCarolina,Haywoodjablowme1029,1727034102,2024-09-22 19:41,63,"They brought the proof. Cope harder.

You're boy is a piece of shit.",helene,community_discussion,
loewy7w,t3_1fmvh0m,t3_1fmvh0m,NorthCarolina,Sanskur,1727034383,2024-09-22 19:46,3,"I know this is off topic, but I watched his interview on Meet the Press, and I wish he had been asked about his thoughts on how DJ Vance and Sarah Huckabee Sanders have attacked childless politicians for lacking ""humility.""",helene,community_discussion,
lof114b,t3_1fmvh0m,t3_1fmvh0m,NorthCarolina,HaiKarate,1727035611,2024-09-22 20:06,1,"""Have at thee, sir!""",helene,community_discussion,
lof2f7g,t3_1fmvh0m,t1_lodi6ia,NorthCarolina,PancakeParty98,1727036030,2024-09-22 20:13,1,“Do better”,helene,community_discussion,
lof5mmw,t3_1fmvh0m,t3_1fmvh0m,NorthCarolina,-Clayburn,1727037024,2024-09-22 20:30,3,I don't see how you can possibly defend wanting to own slaves and having an affair with your wife's sister.,helene,community_discussion,
lof81lt,t3_1fmvh0m,t3_1fmvh0m,NorthCarolina,Everheart1955,1727037779,2024-09-22 20:42,1,Hahahahahaha,helene,community_discussion,
lof93h9,t3_1fmvh0m,t1_loed91s,NorthCarolina,SuperSpecialAwesome-,1727038108,2024-09-22 20:48,27,"*tailor-made

Damn Russian bots can't differentiate tailor and Taylor Swift, lol",helene,community_discussion,
lofc0ba,t3_1fmvh0m,t1_loed91s,NorthCarolina,phildeez316,1727039027,2024-09-22 21:03,14,Cry more MAGAt.,helene,community_discussion,
lofhrqu,t3_1fmvh0m,t1_loed91s,NorthCarolina,LKNGuy,1727040917,2024-09-22 21:35,15,"lol, there is tons of proof.  No conspiracy here, Mark’s skeletons made their way out of the closet.",helene,community_discussion,
lofknwu,t3_1fmvh0m,t1_loed91s,NorthCarolina,goldenratio1111,1727041872,2024-09-22 21:51,0,Jesus Christ. An actual fucking bot. These mods are a joke to allow this.,helene,community_discussion,
lofnwan,t3_1fmvh0m,t3_1fmvh0m,NorthCarolina,dxcman12,1727043002,2024-09-22 22:10,1,take Lindsey with you Mark. you deserve each other.,helene,community_discussion,
lofu29u,t3_1fmvh0m,t1_lofc0ba,NorthCarolina,RiverStyxx,1727045166,2024-09-22 22:46,-5,No one is crying over here.  No one takes you seriously.  Your side has lost all credibility and have to result to personal attacks to make yourself feel better.,helene,community_discussion,
lofurr7,t3_1fmvh0m,t1_lof93h9,NorthCarolina,[deleted],1727045418,2024-09-22 22:50,1,[removed],helene,community_discussion,
lofv4yu,t3_1fmvh0m,t1_loew0e9,NorthCarolina,RiverStyxx,1727045549,2024-09-22 22:52,-55,Sorry if I don't believe CNN.  Maybe try getting less hyper partisan news sources in the future.  They are on the same level as Russian Today and Al Jezeera.,helene,community_discussion,
lofw5bg,t3_1fmvh0m,t1_lofv4yu,NorthCarolina,Kinetic93,1727045907,2024-09-22 22:58,22,"What are some reputable, non-biased news outlets you trust?",helene,community_discussion,
lofwwy3,t3_1fmvh0m,t1_lofv4yu,NorthCarolina,Haywoodjablowme1029,1727046176,2024-09-22 23:02,10,Where for you recommend I get my news then?,helene,community_discussion,
lofxe1w,t3_1fmvh0m,t1_loev1nh,NorthCarolina,RiverStyxx,1727046344,2024-09-22 23:05,-6,Oh no.  Someone on reddit called me Weird(2024 Democrat Super pac trademark),helene,community_discussion,
lofzvbr,t3_1fmvh0m,t1_lofwwy3,NorthCarolina,RiverStyxx,1727047229,2024-09-22 23:20,-37,I peruse both right wing and left wing sources and understand that both will have biases to them.  And then I make sure stories have proof with them that can be independently verified through non partisan takes.  And I'm sorry but but decade old comments on a porn site can't be tied to any one person like that.  It doesn't pass the sniff test.   Hell I wouldn't put it past a porn site to create a false account and falsify the comment dates just to try to take out the GOP candidate in a swing state.  So sorry if I take that whole story with a grain of salt when the left has proven time and time again they will lie cheat and steal to keep people who they see as worse than Hitler out of office.  Why would I believe anything your side presents as factual without ironclad proof.,helene,community_discussion,
log0sge,t3_1fmvh0m,t3_1fmvh0m,NorthCarolina,f_itdude79,1727047555,2024-09-22 23:25,1,Must he? I think he can just check out and wait for this all to be over,helene,community_discussion,
log2lv3,t3_1fmvh0m,t1_lofzvbr,NorthCarolina,[deleted],1727048203,2024-09-22 23:36,1,[removed],helene,community_discussion,
log4j3g,t3_1fmvh0m,t1_lofw5bg,NorthCarolina,MightySteede,1727048901,2024-09-22 23:48,18,They don’t. The responses I typically get from folks are random instagram influencers or political news types that “question everything”. Many people are getting their news exclusively from Instagram and Tik Tok.,helene,community_discussion,
log65wt,t3_1fmvh0m,t3_1fmvh0m,NorthCarolina,No-Survey5277,1727049516,2024-09-22 23:58,1,Maybe mark saw Lindsey in one of the videos!,helene,community_discussion,
lodi7jr,t3_1fmvk7x,t3_1fmvk7x,NorthCarolina,Kradget,1727019140,2024-09-22 15:32,25,"You could definitely call your local BOE about this and get good answers.


But you could start here for your basic questions: 


https://www.ncsbe.gov/voting",helene,community_discussion,
lodj21z,t3_1fmvk7x,t1_lodi7jr,NorthCarolina,SoTiredOfRatRace,1727019415,2024-09-22 15:36,12,"This had everything I needed to know, thank you.",helene,community_discussion,
lodl1t9,t3_1fmvk7x,t1_lodj21z,NorthCarolina,swwws,1727020057,2024-09-22 15:47,3,"Yay!  Happy voting!  Also, welcome to North Carolina!",helene,community_discussion,
lodlhc0,t3_1fmvk7x,t1_lodj21z,NorthCarolina,Kradget,1727020190,2024-09-22 15:49,4,Woo!,helene,community_discussion,
lofwxwf,t3_1fmvk7x,t3_1fmvk7x,NorthCarolina,greenisgood13927,1727046185,2024-09-22 23:03,3,Does everyone have a plan to get to the polls for early voting or in Nov??,helene,community_discussion,
lodjvj2,t3_1fmvnjw,t3_1fmvnjw,NorthCarolina,celticteal,1727019677,2024-09-22 15:41,3,Is that a Stepford wife in that pic? Sure looks like one.,helene,community_discussion,
lodn6w9,t3_1fmvnjw,t3_1fmvnjw,NorthCarolina,dkirk526,1727020705,2024-09-22 15:58,4,"Her calling it a “marital issue” makes it clear they didn’t both to actually read anything beyond the headline of him posting on a pornography website.

Either that, or that’s the only part of the story that bothers them, and the calling himself a Nazi, saying he’d join the kkk, or that Mein Kampf was a good read are perfectly normal.",helene,community_discussion,
lodpk38,t3_1fmvnjw,t3_1fmvnjw,NorthCarolina,WashuOtaku,1727021449,2024-09-22 16:10,-1,"OP broke rule 3.

Actual headline: *Republicans absorb a political shockwave in must-win North Carolina*",helene,community_discussion,
lodqlna,t3_1fmvnjw,t3_1fmvnjw,NorthCarolina,llclift,1727021776,2024-09-22 16:16,1,This weekend we had more Trump and Robinson signs go up in yards. They are digging in instead of jumping ship.,helene,community_discussion,
lodreum,t3_1fmvnjw,t3_1fmvnjw,NorthCarolina,NorthCarolina-ModTeam,1727022019,2024-09-22 16:20,1,"Your submission was removed due to an issue with the title. Titles must match the article headline exactly. Any commentary about a linked article should go in the comment section. Do not add editorial content to the title, and NO caps lock. This rule is for print articles only and does not apply to videos, though video titles still must accurately describe the video. The rule also applies to crossposts, EVEN IF the original post changed the title.  If a text post includes only a url and little to no discussion text then it's treated like a linked submission and must abide by this rule.",helene,community_discussion,
lodpdqq,t3_1fmwg00,t3_1fmwg00,NorthCarolina,WashuOtaku,1727021395,2024-09-22 16:09,7,North Carolina does not have speed cameras.,helene,community_discussion,
loea62y,t3_1fmwg00,t3_1fmwg00,NorthCarolina,selejr,1727027557,2024-09-22 17:52,2,No worries. Only if you get stopped. As stated we don’t have speed cameras.,helene,community_discussion,
loei9sm,t3_1fmwg00,t3_1fmwg00,NorthCarolina,JustaCynicalOldFart,1727029965,2024-09-22 18:32,2,No ticket. The warning signs are just that- a warning.,helene,community_discussion,
loeyl75,t3_1fmwg00,t3_1fmwg00,NorthCarolina,FenixSoars,1727034872,2024-09-22 19:54,2,"lol no. Plenty of folks from up north do absolutely criminal speeds all the way through NC and nothing happens. 

We’re the home of NASCAR. The signs are just suggestions anyway.",helene,community_discussion,
lof3s7v,t3_1fmwg00,t3_1fmwg00,NorthCarolina,Addumbup,1727036447,2024-09-22 20:20,0,lol poor fella,helene,community_discussion,
lodrkb9,t3_1fmwkme,t3_1fmwkme,NorthCarolina,anderhole,1727022065,2024-09-22 16:21,1,Probably wasn't a ghost... Just a host peeping.,helene,community_discussion,
lodruma,t3_1fmwv3t,t3_1fmwv3t,NorthCarolina,SW4506,1727022149,2024-09-22 16:22,3,https://guides.lib.unc.edu/legalnamegenderchange/namechange,helene,community_discussion,
lodtg52,t3_1fmwv3t,t3_1fmwv3t,NorthCarolina,featherfeets,1727022605,2024-09-22 16:30,-2,Don't do it.,helene,community_discussion,
lodvol4,t3_1fmwv3t,t3_1fmwv3t,NorthCarolina,_bibliofille,1727023248,2024-09-22 16:40,14,You'll just need your marriage certificate in addition to your birth certificate most likely.  I believe I went to the social security office first and then to the DMV about a week later to give the SSA time to get the change in their system. I took those same documents to the DMV and a paper from the SSA saying I had applied for the name change.  You don't need to do any of that lengthy court order process.,helene,community_discussion,
lodxe7l,t3_1fmwv3t,t3_1fmwv3t,NorthCarolina,ragewrangler,1727023772,2024-09-22 16:49,2,"You can find paid services online that collect all the forms for you and give me step by step instructions. I used one of these personally and it was helpful. That said, once I was done I felt like I could have done everything myself with a google search. I can't remember the name of the site I used but I don't mind to track it down if you are interested.",helene,community_discussion,
lodzsue,t3_1fmwv3t,t1_lodtg52,NorthCarolina,ms_flibble,1727024518,2024-09-22 17:01,1,"Why not, she can make any combination of her names that she wants",helene,community_discussion,
lodzzul,t3_1fmwv3t,t1_lodtg52,NorthCarolina,Much-Grapefruit-2654,1727024579,2024-09-22 17:02,5,Hehe. I get it. I love my initials now. I’m “MO” and so many people use that as a nickname for me. I’d go to MF. Thanks for making me chuckle.,helene,community_discussion,
loe0hh9,t3_1fmwv3t,t1_lodruma,NorthCarolina,IDKHow2UseThisApp,1727024730,2024-09-22 17:05,3,"Name changes after marriage and divorce have separate requirements. Since they're legal proceedings themselves, a court order isn't needed for the subsequent name change.",helene,community_discussion,
loe14ny,t3_1fmwv3t,t1_lodvol4,NorthCarolina,IDKHow2UseThisApp,1727024925,2024-09-22 17:08,4,"This is correct. The SSA is the first stop, and a court order isn't needed if the name change is due to marriage or divorce.",helene,community_discussion,
loe2llv,t3_1fmwv3t,t1_loe14ny,NorthCarolina,Much-Grapefruit-2654,1727025368,2024-09-22 17:16,2,"Ok. Thanks I was so confused about seeing things like I needed a background check and a credit report and fingerprints. I was thinking WTH, this is definitely not worth the hassle.",helene,community_discussion,
loe30rj,t3_1fmwv3t,t1_loe14ny,NorthCarolina,_bibliofille,1727025493,2024-09-22 17:18,2,Do you happen to know if you need the court order if wishing to return to a former name NOT due to divorce or death of spouse?,helene,community_discussion,
loe9upj,t3_1fmwv3t,t1_loe30rj,NorthCarolina,IDKHow2UseThisApp,1727027464,2024-09-22 17:51,1,"I'm afraid I don't. NC requires 1 year of legal separation for divorce, so there may be precedent for changing back to a maiden name during separation. But that'd probably be part of the court order for separation. Reverting back to a maiden name is one of the few exceptions for allowing more than 1 name change, so none of this would apply to first names (unless there's a case where someone changed both due to marriage).",helene,community_discussion,
loebu49,t3_1fmwv3t,t3_1fmwv3t,NorthCarolina,arxzie_,1727028039,2024-09-22 18:00,3,"I highly recommend using newlynamed.com! 

https://newlynamed.com/pages/packages

It was recommended to me a couple years ago when I got married and it completely took out any amount of stress or confusion I may have had with doing the name change on my own (minus a long wait at the DMV but I suppose that's inevitable ¯\_(ツ)_/¯)  

It's $39 for the print at home option which is really all you need. You fill out some general information on the website and then it gives you every form you need already filled out and tells you what to do with them. It also recommends what order to do everything in case you need more than just your social security card and drivers license updated (e.g. passport/car title) 

At the end of the day you're really paying for the convenience of not having to find all the forms yourself, but in my experience with how horribly unintuitive government websites are (especially when it comes to looking for forms), to me it was really worth it.

Whether you use newlynamed or not, the whole process for me took 2-3 months from start to finish, but I think a lot of that time was waiting for my passport to come back. I remember getting my social security card back pretty quickly (a couple weeks maybe?) and getting my license in a decent amount of time was just a matter of getting into the DMV and making it through the line. You could make an appointment but usually they aren't available until a month or two out - not sure if that's still the case but that's how it was in 2022. The only place you really have to go for the whole process is the DMV, as you can mail in the paperwork for your social security card. I had a social security office nearby though so I chose just to go in person. 

Hope that's all helpful!",helene,community_discussion,
loecnbj,t3_1fmwv3t,t1_lodvol4,NorthCarolina,bollsholls,1727028276,2024-09-22 18:04,2,This is exactly right. I did it last year 2 years after getting married cause I thought it’d be worse 🙃,helene,community_discussion,
loedkbo,t3_1fmwv3t,t3_1fmwv3t,NorthCarolina,emryldmyst,1727028548,2024-09-22 18:09,2,"Send your ID and your marriage certificate with the name change form to the Social Security Administration to get your SS card changed 


Then take that with your marriage certificate to the dmv to change that.",helene,community_discussion,
loef7at,t3_1fmwv3t,t1_loe9upj,NorthCarolina,fairly_certain,1727029045,2024-09-22 18:17,2,"I had to file paperwork at the courts for the resumption of my former name.  I didn’t resume my name when my divorce originally went through, so I did it as a separate filing.  It was $10 and you have to get the paperwork at the courthouse where you live.",helene,community_discussion,
loehiee,t3_1fmwv3t,t1_loe9upj,NorthCarolina,_bibliofille,1727029731,2024-09-22 18:28,1,"My issue is actually that my husband changed his surname via court order but wants to go back to his birth name.  I'm not seeing anywhere where a reversion is possible unless due to marriage, divorce, or death of spouse.  He just wants to go back to his birth name because he wants to, not due to any life event.",helene,community_discussion,
loehz6t,t3_1fmwv3t,t3_1fmwv3t,NorthCarolina,wxursa,1727029874,2024-09-22 18:31,1,"Can someone change their first name on a marriage, or just their last?",helene,community_discussion,
loeo3v4,t3_1fmwv3t,t1_lodzzul,NorthCarolina,featherfeets,1727031735,2024-09-22 19:02,2,"There are practical reasons, mainly to do with identification and government. I've been divorced twice, and went back to my maiden name after. That was a giant hassle, even 15 years ago. But last time I had to do driver's license stuff, I was in and out in only one trip. There was one lady there who had been fighting the system for months trying to collect all documents from various locales, because if your name doesn't match your birth certificate, now you have to provide proof of how you got from the child Mary Smith to the adult Mary Thomas. And heaven help you if it's a different state, or more than just a marriage license. And now with voting restrictions looming, it's just going to get more difficult. 

Seriously, don't do it. Never change your name for any man. He will never face the legal nightmare of a name change, why should you?",helene,community_discussion,
loeopya,t3_1fmwv3t,t1_lodzsue,NorthCarolina,featherfeets,1727031920,2024-09-22 19:05,1,"Because it's a huge hassle every time you go to the DMV, or voter registration, or passports, and it's only women who have to deal with the bullshit, and it's just getting worse. If her spouse wants them to have the same name, he's free to change his name -- but I don't see anyone demanding that.",helene,community_discussion,
loepdeu,t3_1fmwv3t,t3_1fmwv3t,NorthCarolina,calite,1727032113,2024-09-22 19:08,1,"So Covid was BS? I lost so many family and friends to ""BS"".",helene,community_discussion,
loesz38,t3_1fmwv3t,t1_loehiee,NorthCarolina,IDKHow2UseThisApp,1727033194,2024-09-22 19:26,5,"The ""rule"" is only one name change unless it's a reversion under the circumstances you mentioned. There are exceptions around things like legal adoption as well as domestic violence or other cases where anonymity is needed. I'll look for the list of exceptions and try to link it.",helene,community_discussion,
lof4lrd,t3_1fmwv3t,t1_loe2llv,NorthCarolina,fox1011,1727036701,2024-09-22 20:25,2,"To be safe, take birth certificate, 1st marriage certificate, divorce papers and 2nd marriage certificate",helene,community_discussion,
lof7f82,t3_1fmwv3t,t1_loepdeu,NorthCarolina,Much-Grapefruit-2654,1727037585,2024-09-22 20:39,2,"Oh no, absolutely not! I apologize for being insensitive. I was terrified during those couple of years. 

I’m going to edit.",helene,community_discussion,
lof7kx5,t3_1fmwv3t,t1_lof7f82,NorthCarolina,calite,1727037633,2024-09-22 20:40,3,Thank you.,helene,community_discussion,
loffhf6,t3_1fmwv3t,t3_1fmwv3t,NorthCarolina,Kanderson6074,1727040166,2024-09-22 21:22,1,"If I remember correctly, when I got married in 2018, I needed the marriage cert, social security card, and my birth cert. I got married as I was processing out of the military and didn't want to change all my name tapes around, so I waited until I had gotten out.",helene,community_discussion,
lofujip,t3_1fmwv3t,t3_1fmwv3t,NorthCarolina,NRM1109,1727045337,2024-09-22 22:48,3,"Just did this last year!  It’s a journey. First get certified copy of marriage certificate, then go to Social Security Administration and change social, then go to the DMV to update license and voter registration, once you have the new license in hand you can start updating everything else.  Car title and registration is separate than drivers license in NC. 

Make a list of everything with your name on it (bank, credit cards, loans, rentals, health, insurance, any bills in your name, 401k, travel accounts like Hilton/American Airlines, etc etc etc)",helene,community_discussion,
lodutxo,t3_1fmxbb3,t3_1fmxbb3,NorthCarolina,kingdaddyyank,1727023001,2024-09-22 16:36,0,thanks for sharing,helene,community_discussion,
lodvlb8,t3_1fmxbb3,t3_1fmxbb3,NorthCarolina,Previous_Ring_1439,1727023222,2024-09-22 16:40,12,What’s it like living in a fantasy land if things that didn’t happen?,helene,community_discussion,
lodw1di,t3_1fmxbb3,t3_1fmxbb3,NorthCarolina,Voodoolost,1727023355,2024-09-22 16:42,4,"Yes, because Mark Robinson likes transgender porn and pees on his wife's sister lolololololololololol.  While also publicly being against it.    Liberals tolerate alternative lifestyles; conservatives lie about it and claim they don't tolerate it.    I guess that is why the servers for grinder shut down during the Republican National Convention, lmao what a bunch of assholes...",helene,community_discussion,
lodwboe,t3_1fmxbb3,t1_lodvlb8,NorthCarolina,Present-Bee5817,1727023441,2024-09-22 16:44,-7,"[https://www.reddit.com/r/washdc/comments/18jbvul/senate_staffer_caught_filming_gay_sex_tape_in/](https://www.reddit.com/r/washdc/comments/18jbvul/senate_staffer_caught_filming_gay_sex_tape_in/)

Here’s the receipts",helene,community_discussion,
lodwq99,t3_1fmxbb3,t3_1fmxbb3,NorthCarolina,walt_whitmans_ghost,1727023566,2024-09-22 16:46,6,Y’all are so fucking weird,helene,community_discussion,
lodwxhj,t3_1fmxbb3,t3_1fmxbb3,NorthCarolina,NorthCarolina-ModTeam,1727023628,2024-09-22 16:47,1,"Your content was removed for being irrelevant. 

- Submissions must have a **substantive** connection to the state which extends beyond the title. 

- Comments must be related to the post. 

- Moderation feedback and questions are **only** allowable via modmail.
 
Please read our [on topic guide for more information](https://www.reddit.com/r/NorthCarolina/wiki/ontopicguide).",helene,community_discussion,
lodx77t,t3_1fmxbb3,t3_1fmxbb3,NorthCarolina,bucho80,1727023711,2024-09-22 16:48,3,"Can you provide sources for those things you allege?  I've only heard them spewed from right wing sewage sprinklers.

I can give you links to what Robinson wrote.  Hell, I remember him talking at churches, spewing all sorts of hate speech.

The problem you are running into here, even if you can source those claims you made, is so fucking what?  I don't give a fuck what kind of sexual kinks consenting adults get up to.  The wife beating and slum lord thing is the only one I'd really care about, and if it is true, lock his ass up!  Same with that Henyard stuff.

But morality BS?  Sure, most people are gonna focus on that, but the actual thing that this reveals about Robinson is that he is a hypocritical liar.  He can't be trusted, not because he likes pissing on his sister in law, or likes to watch trans porn, but because he'll then get on a stage and shame people for exactly the same shit.

It shows who he is, and is a glimpse at who your God chosen heroes are.  You gullible fucks gobble it up.",helene,community_discussion,
lodxd8g,t3_1fmxbb3,t3_1fmxbb3,NorthCarolina,2FightTheFloursThatB,1727023764,2024-09-22 16:49,1,"#MINUS 200 ZOSIAL KREDITS FOR INEFFECTIVE ZOSIAL MEDYA POST, KOMRAD.

#KOMRAD'S FAMILY TO BE VIZITED BY FSB AGENTS TOMORROW MORNINGS.",helene,community_discussion,
lody6km,t3_1fmxbb3,t3_1fmxbb3,NorthCarolina,Abidarthegreat,1727024015,2024-09-22 16:53,2,"You okay, buddy? Let's get you back to the home before you hurt yourself.",helene,community_discussion,
lodz71f,t3_1fmxbb3,t1_lodwboe,NorthCarolina,One_Error_4259,1727024327,2024-09-22 16:58,1,"Lmao. I didn't hear about this one before, but at least he got fired. Republican or Democrat, if you do weird shit like this I'm holding you responsible.",helene,community_discussion,
lodv9bp,t3_1fmxc9r,t3_1fmxc9r,NorthCarolina,Weekly-Ad-7709,1727023125,2024-09-22 16:38,35,Lmao,helene,community_discussion,
lodvrq2,t3_1fmxc9r,t3_1fmxc9r,NorthCarolina,ChinaCat2023_reprise,1727023274,2024-09-22 16:41,15,What a spineless chicken.,helene,community_discussion,
lodw1r0,t3_1fmxc9r,t3_1fmxc9r,NorthCarolina,3ebfan,1727023358,2024-09-22 16:42,8,Party of clowns,helene,community_discussion,
lodx29z,t3_1fmxc9r,t3_1fmxc9r,NorthCarolina,WashuOtaku,1727023669,2024-09-22 16:47,1,That's a double-negative. I guess that mean he does.,helene,community_discussion,
lodx5u5,t3_1fmxc9r,t3_1fmxc9r,NorthCarolina,Kradget,1727023700,2024-09-22 16:48,35,Bold leadership,helene,community_discussion,
lodx6sb,t3_1fmxc9r,t3_1fmxc9r,NorthCarolina,chica6burgh,1727023708,2024-09-22 16:48,11,Jesus H….what a trash bag.,helene,community_discussion,
lodx7i7,t3_1fmxc9r,t3_1fmxc9r,NorthCarolina,rimshot101,1727023714,2024-09-22 16:48,45,I couldn't make out anything he said.  I just heard weasel sounds.,helene,community_discussion,
lodxdc0,t3_1fmxc9r,t3_1fmxc9r,NorthCarolina,direwolf08,1727023765,2024-09-22 16:49,173,"“You don’t need double talk, you need Bob Loblaw”",helene,community_discussion,
lodxev9,t3_1fmxc9r,t1_lodx29z,NorthCarolina,anderhole,1727023778,2024-09-22 16:49,5,No fuck. That's literally what he's saying.,helene,community_discussion,
lodxvlt,t3_1fmxc9r,t3_1fmxc9r,NorthCarolina,DJMagicHandz,1727023921,2024-09-22 16:52,4,Ummm... excuse me???,helene,community_discussion,
lody4as,t3_1fmxc9r,t3_1fmxc9r,NorthCarolina,loptopandbingo,1727023996,2024-09-22 16:53,24,"""Homer, are you licking toads?""

""I'm not *not* licking toads.""",helene,community_discussion,
lodz3dd,t3_1fmxc9r,t3_1fmxc9r,NorthCarolina,JunkyardAndMutt,1727024296,2024-09-22 16:58,65,"J.D. Vance and Donald Trump are both phonies. 

In addition, J.D. Vance is a bigger coward than his boss—who is also a bit of a coward.

These are not strong men. These are not strong people. It’s cosplay designed to dupe the credulous. ",helene,community_discussion,
loe04el,t3_1fmxc9r,t3_1fmxc9r,NorthCarolina,hnglmkrnglbrry,1727024617,2024-09-22 17:03,11,You can always tell someone who never got their ass kicked for talking shit.,helene,community_discussion,
loe0qpy,t3_1fmxc9r,t3_1fmxc9r,NorthCarolina,VicMackeyLKN,1727024808,2024-09-22 17:06,6,It’s not a lie if you believe it,helene,community_discussion,
loe15bp,t3_1fmxc9r,t3_1fmxc9r,NorthCarolina,Specialist-War-584,1727024930,2024-09-22 17:08,21,"If you are anyone who is moderate with just a shed of decency, if you are tired of the circus that comes along with Trump and the people in politics who shadow him, if you are tired of the madness, just vote Dem this year. You don't have to be a liberal to do the right thing.",helene,community_discussion,
loe28ug,t3_1fmxc9r,t3_1fmxc9r,NorthCarolina,cardiganmimi,1727025261,2024-09-22 17:14,275,"Well, in fairness, JD did say it’s okay to “create stories” to bring attention to an issue, and it’s not his job, but the media’s, to fact check.

While we’re here, I’d like to put forward that Vance sold fentanyl to Mark Robinson.  Not my responsibility to fact check this.",helene,community_discussion,
loe2din,t3_1fmxc9r,t3_1fmxc9r,NorthCarolina,RealStitchyKat,1727025300,2024-09-22 17:15,9,"If these were made up, every GOPer would be screaming to high Heaven.  They aren't because they know this is all true.  Hence the constant deflection.",helene,community_discussion,
loe2f6s,t3_1fmxc9r,t3_1fmxc9r,NorthCarolina,Maleficent_Gas5417,1727025315,2024-09-22 17:15,126,I know there are people out there who want to vote blue but don’t bc of family pressure. So just lie. Pull the lever for vp Harris but tell everyone you voted for Cheeto. No one has to know. Baby Jesus will forgive you,helene,community_discussion,
loe2zxv,t3_1fmxc9r,t1_loe0qpy,NorthCarolina,Manfrenjensenjen,1727025485,2024-09-22 17:18,9,It’s not not a lie if you don’t not believe it.,helene,community_discussion,
loe425l,t3_1fmxc9r,t3_1fmxc9r,NorthCarolina,[deleted],1727025800,2024-09-22 17:23,1,[removed],helene,community_discussion,
loe4igq,t3_1fmxc9r,t1_lodxev9,NorthCarolina,WashuOtaku,1727025934,2024-09-22 17:25,-2,"That's fine, but you do not need to be an a$$hole about it.",helene,community_discussion,
loe4nkt,t3_1fmxc9r,t1_loe28ug,NorthCarolina,Freshandcleanclean,1727025975,2024-09-22 17:26,67,I couldn't say whether I don't not doubt you.,helene,community_discussion,
loe632y,t3_1fmxc9r,t1_loe2f6s,NorthCarolina,Kradget,1727026392,2024-09-22 17:33,16,"Right, these guys are as shit don't think anything of lying to you or your grandma.",helene,community_discussion,
loe6c4t,t3_1fmxc9r,t1_lodxdc0,NorthCarolina,creatorsgame,1727026469,2024-09-22 17:34,27,Just call Bob Loblaw’s Law Firm.,helene,community_discussion,
loe6qg6,t3_1fmxc9r,t1_loe28ug,NorthCarolina,Dj_Fabio,1727026584,2024-09-22 17:36,20,JD vance did not not have sexual relations with a couch,helene,community_discussion,
loe7dtb,t3_1fmxc9r,t1_loe6qg6,NorthCarolina,DTRite,1727026766,2024-09-22 17:39,6,Forgot the /S!,helene,community_discussion,
loe865n,t3_1fmxc9r,t1_loe6c4t,NorthCarolina,direwolf08,1727026981,2024-09-22 17:43,27,Or read Bob Loblaw’s Law Blog,helene,community_discussion,
loe8ql3,t3_1fmxc9r,t1_loe2f6s,NorthCarolina,BurnscarsRus,1727027141,2024-09-22 17:45,36,I would imagine there are a lot of women that will be doing this.,helene,community_discussion,
loe8sc1,t3_1fmxc9r,t3_1fmxc9r,NorthCarolina,JonTheWizard,1727027156,2024-09-22 17:45,9,"So you stand with the black Nazi, got it JD.  Burn his entire party down!",helene,community_discussion,
loe9yq6,t3_1fmxc9r,t1_loe2f6s,NorthCarolina,spinbutton,1727027496,2024-09-22 17:51,18,"Vote blue all the way down....everyone in the Republican party is complicit at this point. The rational members need to kick out the nuts, or start a fresh party",helene,community_discussion,
loeay0z,t3_1fmxc9r,t1_loe4nkt,NorthCarolina,Uzumaki-OUT,1727027779,2024-09-22 17:56,28,It’s on the internet so it must be true,helene,community_discussion,
loec5pi,t3_1fmxc9r,t1_loe28ug,NorthCarolina,Musashi_Joe,1727028131,2024-09-22 18:02,32,"I’m not saying it’s true, but it does raise certain questions. For instance, did Vance sell fentanyl to Mark Robinson?",helene,community_discussion,
loedad7,t3_1fmxc9r,t1_loe865n,NorthCarolina,skip_churches,1727028464,2024-09-22 18:07,12,"That's a low blow, Loblaw",helene,community_discussion,
loeeg7w,t3_1fmxc9r,t1_loe9yq6,NorthCarolina,MrVeazey,1727028818,2024-09-22 18:13,12,"At this point, the word for ""rational Republican"" is ""Democrat.""",helene,community_discussion,
loefqau,t3_1fmxc9r,t1_lodz3dd,NorthCarolina,MrVeazey,1727029201,2024-09-22 18:20,8,"Trump is ""a bit of a coward?"" Don't soft-peddle this, dude.",helene,community_discussion,
loefx7m,t3_1fmxc9r,t1_loe4igq,NorthCarolina,MrVeazey,1727029255,2024-09-22 18:20,7,It's JD Vance. He's already being more than enough of an asshole about everything.,helene,community_discussion,
loehcob,t3_1fmxc9r,t1_loe4nkt,NorthCarolina,ShittingOutPosts,1727029682,2024-09-22 18:28,10,"I mean, I definitely don’t not doubt that he wouldn’t possibly not say that.",helene,community_discussion,
loeho2p,t3_1fmxc9r,t1_loefqau,NorthCarolina,JunkyardAndMutt,1727029780,2024-09-22 18:29,8,"Yeah, I used that phrase deliberately, because I think Trump is too dumb to be a full-fledged coward. I think if he were smarter, he’d be a bigger weenie. As it is, he blunders headlong into stupid statements and then stands by them, at least somewhat. So yeah, “bit of a coward” is what I meant, but I didn’t mean it as a compliment.",helene,community_discussion,
loejk5i,t3_1fmxc9r,t1_loec5pi,NorthCarolina,GarageQueen,1727030367,2024-09-22 18:39,21,"Look, I'm just asking questions! A lot of people are saying it, so I'm just trying to get to the bottom of finding out if, indeed, JD Vance sold fentanyl to Mark Robinson.",helene,community_discussion,
loejusi,t3_1fmxc9r,t1_loe28ug,NorthCarolina,CompleteSherbert885,1727030458,2024-09-22 18:40,6,"And the GOP was the one who leaked the info to CNN but again, not my responsibility to fact check this either.",helene,community_discussion,
loeky20,t3_1fmxc9r,t3_1fmxc9r,NorthCarolina,despitegirls,1727030784,2024-09-22 18:46,3,"Vance is either a lizard person or he's not.

Almost every time this man gets in front of a camera he says something utterly useless. He has an opportunity to actually be useful by telling us if he wears eyeliner or not be he chooses not to.",helene,community_discussion,
loelwxs,t3_1fmxc9r,t1_loedad7,NorthCarolina,Zolomun,1727031075,2024-09-22 18:51,7,"You, sir, are a mouthful.",helene,community_discussion,
loem4pv,t3_1fmxc9r,t1_loe865n,NorthCarolina,BBQasaurus,1727031139,2024-09-22 18:52,9,Don't cross them or Bob Loblaw's Law Blog will lob a law bomb.,helene,community_discussion,
loem8py,t3_1fmxc9r,t1_loec5pi,NorthCarolina,Jmauld,1727031173,2024-09-22 18:52,12,I read it on Reddit. So it must be true?,helene,community_discussion,
loemfly,t3_1fmxc9r,t1_loe7dtb,NorthCarolina,Jmauld,1727031232,2024-09-22 18:53,6,Read it again!  No /S is necessary!,helene,community_discussion,
loemq5k,t3_1fmxc9r,t1_loe28ug,NorthCarolina,agoia,1727031321,2024-09-22 18:55,7,Are we sure that it was a sale and the fentanyl wasn't traded for sexual favors? Just asking questions.,helene,community_discussion,
loeqoy7,t3_1fmxc9r,t3_1fmxc9r,NorthCarolina,SmokeyDBear,1727032505,2024-09-22 19:15,1,Whatever makes sense.,helene,community_discussion,
loeqq0o,t3_1fmxc9r,t1_loe28ug,NorthCarolina,isglitteracarb,1727032514,2024-09-22 19:15,6,Everybody's saying this. This is fact.,helene,community_discussion,
loeqs5e,t3_1fmxc9r,t3_1fmxc9r,NorthCarolina,lordmagellan,1727032531,2024-09-22 19:15,3,That man moves like an idiot Skyrim NPC trying to sell something absolutely useless.,helene,community_discussion,
loeqvcm,t3_1fmxc9r,t1_loemfly,NorthCarolina,DTRite,1727032557,2024-09-22 19:15,1,I see no error...Should it be plural?,helene,community_discussion,
loet4td,t3_1fmxc9r,t1_loe6qg6,NorthCarolina,AcesCharles2,1727033240,2024-09-22 19:27,8,"minisofa: I just want to post this here and say my wife's sister has the FLUFFIEST, COMFIEST, DEEPEST LOVESEAT!",helene,community_discussion,
loevovc,t3_1fmxc9r,t3_1fmxc9r,NorthCarolina,ItsPumpkinninny,1727034005,2024-09-22 19:40,1,"I think I’m actually with JDCouch on this one … sort of. 

- Did Robinson write that shit? : Yes

- Is Robinson, in all likelihood, a truly terrible human being in reality? : 100%

- Was the crazy sex stuff likely just fueled by his own internal fantasies… and likely not based in reality? : Also yes",helene,community_discussion,
loevs4y,t3_1fmxc9r,t3_1fmxc9r,NorthCarolina,Lorrainestarr,1727034032,2024-09-22 19:40,2,If there happens to be anyone who doesn't believe that Robinson posted this stuff on the porn message board- Google Mark Robinson and read some older articles about the other crazy things he has said. There is a lot of video evidence of how batshit crazy he is- and a lot of it was public knowledge before Trump endorsed him.,helene,community_discussion,
loewuda,t3_1fmxc9r,t1_loe4nkt,NorthCarolina,opportunisticwombat,1727034352,2024-09-22 19:45,7,"There is no evidence of there being no evidence, so it must be true.",helene,community_discussion,
lof2d1e,t3_1fmxc9r,t1_loe2din,NorthCarolina,cardiganmimi,1727036012,2024-09-22 20:13,6,"Like this gem: “My comment on Mark Robinson is that Kamala Harris cast the deciding vote on the Inflation Explosion Act and  because of that a lot of Americans can’t afford groceries”- JD

👏",helene,community_discussion,
lof2j8j,t3_1fmxc9r,t1_loeqoy7,NorthCarolina,cardiganmimi,1727036063,2024-09-22 20:14,1,Ok good.,helene,community_discussion,
lof319s,t3_1fmxc9r,t3_1fmxc9r,NorthCarolina,Youngworker160,1727036217,2024-09-22 20:16,2,If Robinson and Vance lose this November I promise you the girls will be fighting and sniping against each other on twitter for about 6 months or so.,helene,community_discussion,
lof4mej,t3_1fmxc9r,t1_loeay0z,NorthCarolina,sethmeister1989,1727036706,2024-09-22 20:25,9,I saw it on Tv,helene,community_discussion,
lof4u6h,t3_1fmxc9r,t1_loeho2p,NorthCarolina,MrVeazey,1727036773,2024-09-22 20:26,2,Ah. I get where you're coming from now. Thanks.,helene,community_discussion,
lofg8cz,t3_1fmxc9r,t3_1fmxc9r,NorthCarolina,luncheroo,1727040415,2024-09-22 21:26,1,"""I believe him, I don't believe him. Yeah, just...whatever makes sense.""",helene,community_discussion,
lofijw6,t3_1fmxc9r,t1_loe4nkt,NorthCarolina,GuyWhoSaysYouManiac,1727041171,2024-09-22 21:39,3,"Many are saying it. I don't know if it is true,  but many people say it.",helene,community_discussion,
lofkgad,t3_1fmxc9r,t1_lofijw6,NorthCarolina,Freshandcleanclean,1727041799,2024-09-22 21:49,1,I sawr it on the tee-vee,helene,community_discussion,
loftxum,t3_1fmxc9r,t1_loe28ug,NorthCarolina,JD_Vance_Official,1727045122,2024-09-22 22:45,2,I do it whenever it makes sense,helene,community_discussion,
loftyzu,t3_1fmxc9r,t1_loet4td,NorthCarolina,JD_Vance_Official,1727045133,2024-09-22 22:45,4,🥵,helene,community_discussion,
lofvs49,t3_1fmxc9r,t1_loe28ug,NorthCarolina,PPShooter69rip,1727045774,2024-09-22 22:56,3,I sold Mark Robinson soiled pants his sister in law wore but I just made that up he likely had them the whole time,helene,community_discussion,
lofyfdl,t3_1fmxc9r,t1_lof4mej,NorthCarolina,TSnow6065,1727046714,2024-09-22 23:11,5,"That moron said that. Even for him, I couldn’t believe it.",helene,community_discussion,
log02an,t3_1fmxc9r,t1_loe28ug,NorthCarolina,After-Mud-6001,1727047299,2024-09-22 23:21,2,"Look, ultimately it's your choice whether you want to stand by the allegations you've suggested about Vance selling fentanyl to MR. I'm not going to think or not say that it's not right to say that I don't not agree with your statement.",helene,community_discussion,
loe59d1,t3_1fmxqv5,t3_1fmxqv5,NorthCarolina,barkeepbill,1727026150,2024-09-22 17:29,12,Lumberton is a bit spooky,helene,community_discussion,
loe7t59,t3_1fmxqv5,t3_1fmxqv5,NorthCarolina,Campfire77,1727026881,2024-09-22 17:41,2,Bat Cave probably gets pumped for Halloween.,helene,community_discussion,
loed21q,t3_1fmxqv5,t3_1fmxqv5,NorthCarolina,spellingtuesday,1727028397,2024-09-22 18:06,2,"We have a Pumpkin fest in Franklin, with a ""world famous"" pumpkin roll.",helene,community_discussion,
loemjzw,t3_1fmxqv5,t3_1fmxqv5,NorthCarolina,No-Personality1840,1727031269,2024-09-22 18:54,2,Bat Cave? Transylvania County? JK. I’m no help.,helene,community_discussion,
loevply,t3_1fmxqv5,t1_loe7t59,NorthCarolina,dr_bex,1727034011,2024-09-22 19:40,4,"Ehh Bat Cave is an intersection with a gift shop. However, Henderson county has a Haunted Farm that is legit. Out near the apple farms. Book tickets and consider the 'fast pass' or whatever they call it.",helene,community_discussion,
loevxam,t3_1fmxqv5,t1_loe59d1,NorthCarolina,Purlz1st,1727034075,2024-09-22 19:41,10,"Yeah, but that’s not just October.",helene,community_discussion,
lof4j10,t3_1fmxqv5,t1_loevply,NorthCarolina,Campfire77,1727036677,2024-09-22 20:24,1,"Yeah, I live close enough to the haunted farm that we can hear it throughout the month of October.",helene,community_discussion,
lofaik9,t3_1fmxqv5,t3_1fmxqv5,NorthCarolina,RW63,1727038549,2024-09-22 20:55,4,"What is a great ""Halloween town"". 

When I was at UNC, thousands would crowd Franklin Street. I assume they did something similar in Greenville.",helene,community_discussion,
lofdnmn,t3_1fmxqv5,t1_lofaik9,NorthCarolina,DCWriterGirl01,1727039560,2024-09-22 21:12,2,I did this when we were in college and it was so much fun. 🤩,helene,community_discussion,
loftups,t3_1fmxqv5,t1_lofaik9,NorthCarolina,NRM1109,1727045091,2024-09-22 22:44,1,"I loved Halloween on Franklin Street!! But, that would be creepy if this person is over the age of like 23-25.",helene,community_discussion,
log08ah,t3_1fmxqv5,t3_1fmxqv5,NorthCarolina,sharoncherylike,1727047360,2024-09-22 23:22,3,I think Tweetsie Railroad does a haunted train ride.  That should be pretty fu !.,helene,community_discussion,
log0atq,t3_1fmxqv5,t1_loe59d1,NorthCarolina,sharoncherylike,1727047385,2024-09-22 23:23,2,"Fun, not Fu.  Sorry",helene,community_discussion,
loeo8fz,t3_1fmyr8k,t3_1fmyr8k,NorthCarolina,madwurm,1727031773,2024-09-22 19:02,2,"This explains everything. Mark Robinson is not only a horrible human, but blind as well.",helene,community_discussion,
loeqluh,t3_1fmyr8k,t3_1fmyr8k,NorthCarolina,NorthCarolina-ModTeam,1727032479,2024-09-22 19:14,1,"Your content was removed for being irrelevant. 

- Submissions must have a **substantive** connection to the state which extends beyond the title. 

- Comments must be related to the post. 

- Moderation feedback and questions are **only** allowable via modmail.
 
Please read our [on topic guide for more information](https://www.reddit.com/r/NorthCarolina/wiki/ontopicguide).",helene,community_discussion,
loeopft,t3_1fmyvzh,t3_1fmyvzh,NorthCarolina,less_butter,1727031915,2024-09-22 19:05,4,"https://abc11.com/post/2024-election-absentee-ballots-mailed-week-other-key-dates-need-knows/15329164/

TL;DR: Sept 24 (overseas ballots were already mailed on Sept 20)",helene,community_discussion,
loetdue,t3_1fmyvzh,t1_loeopft,NorthCarolina,Cultural_Affect8040,1727033315,2024-09-22 19:28,1,Ty,helene,community_discussion,
loeer3c,t3_1fmzl7q,t3_1fmzl7q,NorthCarolina,DudeWhereIsMyDuduk,1727028909,2024-09-22 18:15,10,"I've eaten in Waffle Houses with worse scores, I'm still alive",helene,community_discussion,
loeguac,t3_1fmzl7q,t3_1fmzl7q,NorthCarolina,Present-Bee5817,1727029526,2024-09-22 18:25,-5,Let the free market judge.  And I can’t stand Aviator food or beer.,helene,community_discussion,
loeh54p,t3_1fmzl7q,t1_loeguac,NorthCarolina,MP5SD7,1727029618,2024-09-22 18:26,-4,This is the way.,helene,community_discussion,
loehlkn,t3_1fmzl7q,t3_1fmzl7q,NorthCarolina,yemKeuchlyFarley,1727029759,2024-09-22 18:29,10,"Well, you’ve provided shit for context, so I’m not sure how any of us would answer. If you’re asking if they should be shut down from this one single offense, I would think not. We have a pretty well functioning system with reasonable, widely-accepted regulations and fairly well-trained inspectors and administrators to make these decisions, so I’m comfortable leaving it up to them. I think we could always use MORE inspectors, for more frequent visits, but I have no reason to say this single image means this business should be shutdown.",helene,community_discussion,
loeim2d,t3_1fmzl7q,t1_loeer3c,NorthCarolina,qaf0v4vc0lj6,1727030072,2024-09-22 18:34,2,"Hell finding a Waffle House is like finding a golf partner, the lower the score the better.",helene,community_discussion,
loela1v,t3_1fmzl7q,t3_1fmzl7q,NorthCarolina,CookOut_Official,1727030884,2024-09-22 18:48,6,Ew,helene,community_discussion,
loeon2i,t3_1fmzl7q,t3_1fmzl7q,NorthCarolina,MmmmMorphine,1727031895,2024-09-22 19:04,72,"You can have a roach infestation and still get a B-plus? Jesus. That's messed up

I also have a roach phobia, but even so...",helene,community_discussion,
loep867,t3_1fmzl7q,t1_loeguac,NorthCarolina,pro_deluxe,1727032069,2024-09-22 19:07,19,"Nah, this is an instance that needs regulation. And we have it, the regulation is doing it's job here. If the free market was deciding how clean a restaurant should be before it closes, then people would be getting sick and everyone would be calling for the government to shut the restaurant down",helene,community_discussion,
loevngo,t3_1fmzl7q,t3_1fmzl7q,NorthCarolina,therhino,1727033994,2024-09-22 19:39,0,The wings used to be amazing. Worth the risk,helene,community_discussion,
lof088d,t3_1fmzl7q,t3_1fmzl7q,NorthCarolina,garysai,1727035369,2024-09-22 20:02,23,"Actually there is a process where the health department can force closure. And yes, you've got to be pretty god-awful for that to happen.  There used to be a restaurant in downtown Charlotte where we'd eat breakfast. Walked in one day and there was a C rating on the wall. We knew the waitress pretty good, so we asked her what in the hell happened? Seems the owner got in a pissing contest with the inspector (never a good idea) over refilling salad dressing bottles. It got down to ""Well, just what are you going to do about it?"" Inspector slapped a C on the wall and left. It got back to an A a few days later.",helene,community_discussion,
lof46kf,t3_1fmzl7q,t3_1fmzl7q,NorthCarolina,45im,1727036570,2024-09-22 20:22,3,The food there has been in decline for several years now,helene,community_discussion,
lof5j8z,t3_1fmzl7q,t3_1fmzl7q,NorthCarolina,TurbulentMiddle2970,1727036994,2024-09-22 20:29,14,"Ice machine….EVERY restaurant can get dinged with this. You would be surprised how minuscule a spec of dirt can cause this. This is also an inspectors biggest hot button. 

Same for the soda fountain. 

The roaches on the other hand……thats a big problem.

Also using “household” measures show they probably dont pay for an actual exterminator to regularly service them. 

With the infestation, they definitely need a professional. And for context, a pro only costs like $80-$120 a month depending on size of building. $1,000 a year is nothing compared to getting infested. 

I would be curious to see what their previous 3 scores are. This shows a trend, not just a one off. 

With all that said, 87.5 is not ok. You really have to be doing a lot of things wrong to get a “B”. And this is aside from the roaches. They will get a re-inspection, usually within 2 weeks. (Roaches wont be gone by then)",helene,community_discussion,
lof5owi,t3_1fmzl7q,t1_loeguac,NorthCarolina,loptopandbingo,1727037044,2024-09-22 20:30,6,Think I'd rather just see the rating on the wall and nope out instead of later on getting the Screaming Shits from poorly cleaned facilities and equipment and then wondering how many other people are participating in a toilet rodeo.,helene,community_discussion,
lofa8cf,t3_1fmzl7q,t1_loeon2i,NorthCarolina,Pierce_H_,1727038462,2024-09-22 20:54,20,"Anything below a 93-95 is considered “not good” a 87 means they’ll have to do a thorough cleaning or be forced to shut their doors, NC health inspection is way behind so I hope they do a follow up sooner rather than later.",helene,community_discussion,
lofkwz1,t3_1fmzl7q,t3_1fmzl7q,NorthCarolina,themack50022,1727041960,2024-09-22 21:52,5,"Seems OP has a beef with this place. 

That said, been there once when I lived in Apex. It was very meh.",helene,community_discussion,
lofmrz4,t3_1fmzl7q,t3_1fmzl7q,NorthCarolina,brooke-g,1727042604,2024-09-22 22:03,1,"There’s only grades as low as C to dispense so the A-C grade card system is flawed, or in the least not directly compatible to a standard grading scale. I assure you, any B is most definitely Bad. C is the equivalent of an F. For place to be open with a C posted, they are very bad, but the Health Inspector could not observe any imminent health and safety risk.

A closure can happen for pests as soon as inspectors find them in the food or evidence that they were in the food, like droppings. However, you would be surprised how many restaurants struggle with pests (think almost all of them. Almost all of them have pest control visits at least once a month, just as a matter of default maintenance of the facility). For the most part, they are not in and even directly around food. Even facilities with posted 100s can have bait stations observed in places like dry storage. It’s not a violation to have pest control efforts in effect, only for us to see they are clearly not working. 

As someone else mentioned, a large percentage of ice machines also have this build up. I agree it’s not ideal at all, but it is not a critical violation according to the Federal or NC Food Code. 

If this place wants their B off the wall, they should improve conditions and request re-inspection. As a rule of thumb I’d be cautious of places that have B grades, but even more so of places that are complacent to keep them until their next inspection naturally occurs. B’s should be “inspector came on the worst imaginable day”, not “this is business as usual”. At least that’s my take, as a Health Inspector in another area of the same State.",helene,community_discussion,
log3j16,t3_1fmzl7q,t1_lof46kf,NorthCarolina,Wolfwoods_Sister,1727048535,2024-09-22 23:42,3,"Tbh it was never very good. Live within a stone’s toss of the place and have been there many times, and the food was always mid to inedible. A really big shame bc it’s a great hangout spot, especially with the open lanais and picturesque tiny downtown area.",helene,community_discussion,
log3xvo,t3_1fmzl7q,t3_1fmzl7q,NorthCarolina,2OneZebra,1727048682,2024-09-22 23:44,2,The code is extremely lax.  Always has been.,helene,community_discussion,
loehqp4,t3_1fmzx55,t3_1fmzx55,NorthCarolina,ChinaCat2023_reprise,1727029804,2024-09-22 18:30,45,turds of a feather....,helene,community_discussion,
loemful,t3_1fmzx55,t3_1fmzx55,NorthCarolina,HashRunner,1727031234,2024-09-22 18:53,59,"Republicans: ""This represents me and 'small town' America just fine""",helene,community_discussion,
loeruhh,t3_1fmzx55,t3_1fmzx55,NorthCarolina,orbitalaction,1727032853,2024-09-22 19:20,10,MLK with CTE.,helene,community_discussion,
loerxyj,t3_1fmzx55,t3_1fmzx55,NorthCarolina,Mindless_Ad_4124,1727032882,2024-09-22 19:21,12,🤦🏾‍♂️🤦🏻‍♂️,helene,community_discussion,
loeu5cz,t3_1fmzx55,t1_loehqp4,NorthCarolina,joerigami,1727033543,2024-09-22 19:32,14,Pee together?,helene,community_discussion,
loev1jm,t3_1fmzx55,t1_loeu5cz,NorthCarolina,nevertfgNC,1727033813,2024-09-22 19:36,8,Golden showers galore,helene,community_discussion,
lof85y6,t3_1fmzx55,t3_1fmzx55,NorthCarolina,Roadkyll,1727037816,2024-09-22 20:43,14,"Okay so remind me, which party is the party of Nazi fascist?",helene,community_discussion,
lofcka9,t3_1fmzx55,t3_1fmzx55,NorthCarolina,CheapPoet2556,1727039207,2024-09-22 21:06,14,the cognitive dissonance is too much.,helene,community_discussion,
lofimnj,t3_1fmzx55,t3_1fmzx55,NorthCarolina,TheRoyalWiiU,1727041196,2024-09-22 21:39,5,It would be better if the Mark Robinson quote was one of his anti-MLK commie quotes,helene,community_discussion,
lofmgo0,t3_1fmzx55,t1_lof85y6,NorthCarolina,Nelliell,1727042493,2024-09-22 22:01,12,"Raa raa Democrats were the party of the KKK and NAZI stood for National Socialists, the Democrats are trying to bring socialism to our country so they're the Nazi's! GOD BLESS AMERICA RED WHITE AND BLUE!!!!1

/s but it really shouldn't be needed.",helene,community_discussion,
lofogii,t3_1fmzx55,t3_1fmzx55,NorthCarolina,vasquca1,1727043201,2024-09-22 22:13,1,"If dude drops out and replaced, would that further delay mail in ballots? ",helene,community_discussion,
lofrt1l,t3_1fmzx55,t3_1fmzx55,NorthCarolina,Maria_Dragon,1727044370,2024-09-22 22:32,7,I appreciate the comic sans in this meme. Nice attention to detail.,helene,community_discussion,
lofv3s0,t3_1fmzx55,t1_lofogii,NorthCarolina,Amani576,1727045537,2024-09-22 22:52,5,No. He's stuck and the NC GOP can't put anyone else on the ballot. They could run a write in campaign for a replacement but those hardly ever work. So if he drops out the GOP has lost the governorship.,helene,community_discussion,
lofvbhg,t3_1fmzx55,t3_1fmzx55,NorthCarolina,CrispyDave,1727045612,2024-09-22 22:53,6,"If they did bring back slavery would it be ok if I decide that I want to own Mark Robinson? Obviously I don't believe in owning people just like that, the idea is abhorrent, but if I owned him ironically? I'm thinking that's more of an ethical grey area.",helene,community_discussion,
lofy9b1,t3_1fmzx55,t3_1fmzx55,NorthCarolina,sfitz0076,1727046655,2024-09-22 23:10,5,"What does ""MLK on steroids"" mean?",helene,community_discussion,
log6cnp,t3_1fmzx55,t1_lofmgo0,NorthCarolina,Ponykegabs,1727049589,2024-09-22 23:59,6,"I went to a Christian high school, this isn’t hyperbole.",helene,community_discussion,
lofmqes,t3_1fn03dx,t3_1fn03dx,NorthCarolina,Putrid_Effective_201,1727042590,2024-09-22 22:03,0,I’d call the local Hispanic Chamber of Commerce for suggestions.,helene,community_discussion,
lof6k0j,t3_1fn28d3,t3_1fn28d3,NorthCarolina,Treesbentwithsnow,1727037313,2024-09-22 20:35,5,"With absentee voting by mail, you will need to mail in a copy of your drivers license or ID along with the ballot, so have a copy made ready to be sent with your ballot.",helene,community_discussion,
lof4lp2,t3_1fn2kcz,t3_1fn2kcz,NorthCarolina,Wanderwondering_,1727036700,2024-09-22 20:25,192,Hootin and hollering at a Greensboro city council meeting about guns and going viral for it on FB,helene,community_discussion,
lof4orf,t3_1fn2kcz,t3_1fn2kcz,NorthCarolina,KulaanDoDinok,1727036726,2024-09-22 20:25,18,Because there are people that can’t spell and aren’t literate who vote.,helene,community_discussion,
lof4rmx,t3_1fn2kcz,t3_1fn2kcz,NorthCarolina,temerairevm,1727036751,2024-09-22 20:25,8,We elect them separately.,helene,community_discussion,
lof4uvp,t3_1fn2kcz,t3_1fn2kcz,NorthCarolina,Just_Candle_315,1727036780,2024-09-22 20:26,17,Mark Robinson is an alarmingly stupid person but magic R washes all that away.,helene,community_discussion,
lof54du,t3_1fn2kcz,t3_1fn2kcz,NorthCarolina,Kind-City-2173,1727036862,2024-09-22 20:27,36,"The current governor, Cooper, is beyond decent. He is one of the most liked and well respected governors in the county that has led NC to be the first or second ranked state for business for several years in a row",helene,community_discussion,
lof5s13,t3_1fn2kcz,t3_1fn2kcz,NorthCarolina,less_butter,1727037072,2024-09-22 20:31,46,"> So do you just elect them separately

Yes.",helene,community_discussion,
lof5suv,t3_1fn2kcz,t1_lof4orf,NorthCarolina,ramonlamone,1727037079,2024-09-22 20:31,14,"They can spell ""R"", that's about it.",helene,community_discussion,
lof6hwh,t3_1fn2kcz,t1_lof4rmx,NorthCarolina,Aggravating-Ice-5725,1727037296,2024-09-22 20:34,2,"Thanks..

Rules work slightly differently in my state, much like how the presidency works. Seems like it can be a blessing and a curse.",helene,community_discussion,
lof6iwz,t3_1fn2kcz,t3_1fn2kcz,NorthCarolina,Kradget,1727037304,2024-09-22 20:35,4,"He's a MAGA extremist who lines up clearly with Trump and doesn't mind violent rhetoric who has a bunch of social media engagement a few years ago. 


That's pretty much it.",helene,community_discussion,
lof6jud,t3_1fn2kcz,t1_lof5s13,NorthCarolina,Aggravating-Ice-5725,1727037311,2024-09-22 20:35,14,"Sorry if I come off as ignorant

Rules work slightly differently in my state, much like how the presidency works",helene,community_discussion,
lof6nme,t3_1fn2kcz,t3_1fn2kcz,NorthCarolina,charlestwn,1727037343,2024-09-22 20:35,7,"Because people don’t vote and don’t think about what they are voting for. There has long been a sense of apathy among Democrats and Moderates, which has caused them find there to be no point in voting especially in local and state elections. Furthermore, Republicans have gerrymandered and then pushed misinformation campaigns that specifically target easily manipulated voters. That’s how you get to where we are today, at all levels of government. To solve this, you need sensible people to get out and vote so that the candidates that want to contribute positively to society will be elected. ",helene,community_discussion,
lof7k32,t3_1fn2kcz,t3_1fn2kcz,NorthCarolina,Bob_Sconce,1727037626,2024-09-22 20:40,20,"They are elected separately.  The Lt. Gov does pretty much nothing, so candidates dont go through so much vetting.",helene,community_discussion,
lof7lb4,t3_1fn2kcz,t3_1fn2kcz,NorthCarolina,BullCityJ,1727037636,2024-09-22 20:40,122,"He gave a speech at a 2018 Greensboro City Council meeting during the public comment period about gun rights. The speech went viral and he became a darling of the gun lobby. 

He ran for lieutenant governor in 2020 when the seat was open because the then-current lieutenant governor (Dan Forest) was running for governor. Because it was an open seat there was a crowded field with nine candidates, none of whom had a ton of statewide name recognition. Lieutenant governor is a cushy gig because it has almost no actual duties and can be used to raise your profile for other potential offices. 

Because of his gun rights speech, Robinson got the backing of the NRA and other gun rights groups in the primary and they worked hard to help get his name out. At the same time, the local media in Greensboro (and the Greater Greensboro/Winston-Salem/High Point ""Triad"" area) were so dead they did not do any of the base level reporting on a local candidate that you'd typically see. I point that out because a lot of this stuff - the antisemitism, the bombacity, the penchant for saying outrageous shit - was right there on the surface for the scooping, as were his bankruptcies and unpaid tax bills.   
  
He won 32 percent of the primary vote, which was just enough to avoid a run-off. Once he won the primary vote, the GOP went all-in on him and he started getting invites to appear on national conservative news shows, conventions, etc. It was at this point that the statewide media started paying attention to him and stuff started coming out.   
  
It's been a slow drip on stupidity - both past and present - with this dude ever since. 

Really similar story to how we ended up with Ted Budd as a Senator, but without the really offensive stuff. He was a gun store owner (among other businesses) who got gun lobby backing to win a crowded primary for a gerrymandered congressional seat and eked out just over the 30 percent needed.",helene,community_discussion,
lof98ia,t3_1fn2kcz,t3_1fn2kcz,NorthCarolina,Hungry_Charity_6668,1727038151,2024-09-22 20:49,6,"He escaped much of the public scrutiny as he wasn’t running for Governor. That’s the only statewide off that really gets much attention.

Because of this, I assume people just voted party-line down ballot, and that’s how Mark got in",helene,community_discussion,
lofa5wl,t3_1fn2kcz,t3_1fn2kcz,NorthCarolina,Available_Average369,1727038440,2024-09-22 20:54,11,"Democrats fall in love, Republicans fall in line.  Thats how.",helene,community_discussion,
lofa882,t3_1fn2kcz,t1_lof7lb4,NorthCarolina,SuperTopperHarley,1727038461,2024-09-22 20:54,63,Same story with Madison Cawthorn. It’s like the Republican party consistently seeks dumb people for political office…,helene,community_discussion,
lofad1g,t3_1fn2kcz,t3_1fn2kcz,NorthCarolina,ChinaCat2023_reprise,1727038502,2024-09-22 20:55,1,straight ticket.  I like the guy at the top of the ballot. proceed to vote every other misfit and miscreant down the ballot with the same letter next to their name as my guy does,helene,community_discussion,
lofakhz,t3_1fn2kcz,t3_1fn2kcz,NorthCarolina,aville1982,1727038566,2024-09-22 20:56,2,Nobody really cared about Lt Gov enough to do a deep dive on his idiot ass.,helene,community_discussion,
lofarb2,t3_1fn2kcz,t1_lof54du,NorthCarolina,FlopsMcDoogle,1727038626,2024-09-22 20:57,14,"Best for business, worst for workers.",helene,community_discussion,
lofb0s2,t3_1fn2kcz,t1_lof6jud,NorthCarolina,OperaOpeningAct,1727038710,2024-09-22 20:58,25,"it's a very valid question.  [18, mostly southern, states elect their Lt. Govenor separately](https://www.cga.ct.gov/2015/rpt/2015-R-0021.htm) enabling a Govenor and Lt. Govenor from different parties.",helene,community_discussion,
lofb4pw,t3_1fn2kcz,t3_1fn2kcz,NorthCarolina,chucka_nc,1727038745,2024-09-22 20:59,1,I’d like to believe there are at least some Republicans who realize that voting for crazies and grifters isn’t going to get them anywhere. Maybe some republicans  would be wise to sit this one out and set their sights on rebuilding the party for 2026 and 2028.,helene,community_discussion,
lofbcfh,t3_1fn2kcz,t1_lofa882,NorthCarolina,jollydoody,1727038812,2024-09-22 21:00,27,A party of useful idiots.,helene,community_discussion,
lofblxn,t3_1fn2kcz,t3_1fn2kcz,NorthCarolina,sciguy1919,1727038896,2024-09-22 21:01,-1,Yeah Amurica!,helene,community_discussion,
lofbvxr,t3_1fn2kcz,t1_lofarb2,NorthCarolina,Kind-City-2173,1727038986,2024-09-22 21:03,-13,I wouldn’t say that at all. It is a free market. There is only so much you can hold companies accountable. I’d rather have what we have vs CA that has artificial floors on workers salaries that stifle innovation and investment,helene,community_discussion,
lofbvyk,t3_1fn2kcz,t1_lof4lp2,NorthCarolina,FenixSoars,1727038987,2024-09-22 21:03,62,Hootin’ and hollerin’ at the hootenanny,helene,community_discussion,
lofc2cl,t3_1fn2kcz,t3_1fn2kcz,NorthCarolina,celticteal,1727039046,2024-09-22 21:04,12,"NC’s governor, Roy Cooper, is a decent man. We’re lucky to have had him for 8 years.",helene,community_discussion,
lofcmbu,t3_1fn2kcz,t3_1fn2kcz,NorthCarolina,Classic-Yogurt32,1727039225,2024-09-22 21:07,7,Because for Republicans the loudest asshole in the room is always right,helene,community_discussion,
lofcx3d,t3_1fn2kcz,t1_lofbvxr,NorthCarolina,FlopsMcDoogle,1727039319,2024-09-22 21:08,15,"Look up ""worst states for workers""",helene,community_discussion,
lofda73,t3_1fn2kcz,t3_1fn2kcz,NorthCarolina,olumide2000,1727039438,2024-09-22 21:10,1,"The Rs kept his face off billboards and marketing material though out most of the state. The Ds ran a nice lady but a poor candidate who only campaigned in Raleigh, Greensboro, and Charlotte. Plus, she really looked like a real life Madea.",helene,community_discussion,
lofdbyy,t3_1fn2kcz,t3_1fn2kcz,NorthCarolina,FDRISMYHOMEBOY,1727039454,2024-09-22 21:10,3,Stupid people. That is always the answer,helene,community_discussion,
lofdi3g,t3_1fn2kcz,t3_1fn2kcz,NorthCarolina,Smooth-Distribution6,1727039509,2024-09-22 21:11,1,Unfortunately in NC the governor and lieutenant governor run separately. It's complete 💩🐂,helene,community_discussion,
lofdilb,t3_1fn2kcz,t3_1fn2kcz,NorthCarolina,theracismdisliker,1727039514,2024-09-22 21:11,0,we didn't know about how much he loves sucking and fucking his sister in law's pissy asshole back then,helene,community_discussion,
lofdrm0,t3_1fn2kcz,t1_lof6jud,NorthCarolina,arvidsem,1727039596,2024-09-22 21:13,23,"And just to elaborate, Lt. Governor in NC is pretty close to an empty position. They are on several state boards (community colleges, capital planning, education, charter schools, domestic violence, military affairs, energy policy), but they don't run any of them. For example, Robinson has never attended a military affairs commission meeting. 

The main actual legal responsibility is taking over if the governor dies or leaves the state. This is why Cooper removed himself from consideration to vice president candidate. Robinson would effectively be governor for the rest of the year.",helene,community_discussion,
lofdxeu,t3_1fn2kcz,t1_lof4orf,NorthCarolina,pissmister,1727039651,2024-09-22 21:14,-2,yep it's a real problem. there should be a quiz or exam to make sure people are sufficiently literate in order to vote,helene,community_discussion,
lofe4qc,t3_1fn2kcz,t1_lof54du,NorthCarolina,Thatsso70s,1727039718,2024-09-22 21:15,2,But terrible for workers lol. Alot of Dems in NC are corrupt but thats part of our country and political parties  both are rotten to the core one just hides it better then the other.,helene,community_discussion,
lofe6gt,t3_1fn2kcz,t1_lof4uvp,NorthCarolina,jesushchristo,1727039733,2024-09-22 21:15,-1,Now tell us about the magic D.,helene,community_discussion,
lofe6qm,t3_1fn2kcz,t3_1fn2kcz,NorthCarolina,AlecBaldwinIsAnAss,1727039736,2024-09-22 21:15,1,"I think the real answer is that the lieutenant governor role is essentially pointless and powerless here unless something happens with the governor and so likely no one paid any attention to the vetting, the party probably thought they’d be able to get a handful of POC votes and just let it ride. An oversimplification for sure, but really no one cares about the office.",helene,community_discussion,
lofemv2,t3_1fn2kcz,t1_lofdxeu,NorthCarolina,KulaanDoDinok,1727039883,2024-09-22 21:18,9,"Nah, I’m not for Jim-crow level literacy tests. We need to put a more concentrated effort into expanding public education access and increasing the quality of our public education.",helene,community_discussion,
lofex04,t3_1fn2kcz,t3_1fn2kcz,NorthCarolina,scfin79,1727039976,2024-09-22 21:19,1,Is this hootin’ and hollerin’ episode viewable somewhere?,helene,community_discussion,
lofeykw,t3_1fn2kcz,t1_lofbvxr,NorthCarolina,jmbusch,1727039991,2024-09-22 21:19,11,"LOL, the state with the largest GDP in the country and the home of Silicon Valley “stifles innovation and investment.”",helene,community_discussion,
lofezk4,t3_1fn2kcz,t3_1fn2kcz,NorthCarolina,Vannabean,1727040000,2024-09-22 21:20,3,People only pay attention every 4 years,helene,community_discussion,
lofffx7,t3_1fn2kcz,t1_lof7lb4,NorthCarolina,snotboogie,1727040153,2024-09-22 21:22,2,"Excellent summary , thank you.",helene,community_discussion,
loffucu,t3_1fn2kcz,t1_lof4lp2,NorthCarolina,BagOnuts,1727040286,2024-09-22 21:24,55,"It’s literally the only reason. He has no prior political experience. No education. No success business experience. The guy isn’t qualified to manage a Bojangles, but fucking dumbass rednecks saw this “MuH gUnZ” video and came so hard to it they told him to run for a position no one cares about and he won.",helene,community_discussion,
lofg0qb,t3_1fn2kcz,t3_1fn2kcz,NorthCarolina,HauntingSentence6359,1727040345,2024-09-22 21:25,4,Robinson is NC’s own Clayton Bigsby.,helene,community_discussion,
lofg5gn,t3_1fn2kcz,t3_1fn2kcz,NorthCarolina,[deleted],1727040389,2024-09-22 21:26,1,[removed],helene,community_discussion,
lofg6kl,t3_1fn2kcz,t1_lofa882,NorthCarolina,HauntingSentence6359,1727040398,2024-09-22 21:26,10,Madison who?,helene,community_discussion,
lofghdd,t3_1fn2kcz,t1_lofeykw,NorthCarolina,Kind-City-2173,1727040497,2024-09-22 21:28,-2,We both know SV is not the powerhouse it used to be. I’m mainly referring to the minimum wage rules that will actually hurt workers because companies will scale back hours,helene,community_discussion,
lofgmeq,t3_1fn2kcz,t1_lof7lb4,NorthCarolina,hwc,1727040544,2024-09-22 21:29,13,"> He won 32 percent of the primary vote, which was just enough to avoid a run-off

Note to anyone writing a constitution:  this is a bad idea.  One should have to get 50%+1 to avoid a runoff.",helene,community_discussion,
lofgweg,t3_1fn2kcz,t1_lofbvyk,NorthCarolina,kitkitkatty,1727040635,2024-09-22 21:30,19,A hootenanny is the right word to describe Greensboro City Council meetings,helene,community_discussion,
lofh237,t3_1fn2kcz,t1_lof6jud,NorthCarolina,Major_Spite7184,1727040687,2024-09-22 21:31,4,"You aren’t. NC has a long and complicated history with our Executive that dates back to the colonial days, and our State Constitution still reflects that. Holding the offices separately isn’t that uncommon in terms of how states organize, but our “why we do it that way” is more complicated. So deep is the mistrust of Executive powers, NC was the last state in the union to grant the Governor veto power. That was fairly recently, in the overall scheme of things.",helene,community_discussion,power
lofh8h8,t3_1fn2kcz,t1_lof4orf,NorthCarolina,Major_Spite7184,1727040745,2024-09-22 21:32,2,They’d be very angry if they could read this 🙃,helene,community_discussion,
lofh9lv,t3_1fn2kcz,t1_lofdrm0,NorthCarolina,angrygeeknc,1727040755,2024-09-22 21:32,23,Which is why Gov Cooper is absolutely the best sort of politician. He put the residents of NC over his own political prospects.,helene,community_discussion,
lofhuqh,t3_1fn2kcz,t1_lofgmeq,NorthCarolina,FVCKEDINTHAHEAD,1727040945,2024-09-22 21:35,7,"So no runoffs ever? Getting over 50% is an automatic win, period. So what happens when you have crowded races like this one where it's a strong statistical likelihood that no single candidate will get 50% outright?",helene,community_discussion,
lofi35o,t3_1fn2kcz,t1_lofezk4,NorthCarolina,lefthandedrn,1727041021,2024-09-22 21:37,3,And don't vote down ballot. Just vote President and Governor. I had one lady only voting for school board! In a presidential election!,helene,community_discussion,
lofi4i1,t3_1fn2kcz,t1_lofgweg,NorthCarolina,TrainerAdmirable3208,1727041033,2024-09-22 21:37,12,It is also an awesome little joint in downtown Forest City! Try the Dirty Sanchez.,helene,community_discussion,
lofia09,t3_1fn2kcz,t1_lofdxeu,NorthCarolina,Pustuli0,1727041083,2024-09-22 21:38,1,Guess what happened last time they tried that,helene,community_discussion,
lofiayb,t3_1fn2kcz,t1_lofgmeq,NorthCarolina,GuyWhoSaysYouManiac,1727041092,2024-09-22 21:38,4,"Primaries are run by the parties to choose a candidate. They can do whatever they want, including not having any primary at all, which is what I think needs to happen to avoid the dumbest of the dumb choosing candidates.",helene,community_discussion,
lofie8k,t3_1fn2kcz,t3_1fn2kcz,NorthCarolina,MisterProfGuy,1727041122,2024-09-22 21:38,2,"He rode Trump to victory and no one pays attention to the Lt Gov. There's a looong history of split tickets in NC, so a lot of people felt better about supporting Cooper if they split it with Trump and Robinson.

This year, no one will feel better, so turnout in North Carolina among Republicans might be abysmal. Their wives sure won't encourage them to remember to vote; Robinson has a HUGE gender gap.",helene,community_discussion,
lofiesc,t3_1fn2kcz,t3_1fn2kcz,NorthCarolina,Stewpacolypse,1727041127,2024-09-22 21:38,3,"The GOP will never admit it, but Robinson is their DEI hire. Mark Robinson is their Stephen from Django Unchained. Or, as Senator Warnock put it, ""white supremacy in blackface.""

A bunch of old, white, racist Republicans got massive hard-ons when a black guy stepped up to say all the bigoted inflammatory bullshit they wish they could say in public again, like they did way back when they were still southern Democrats.",helene,community_discussion,
lofiytw,t3_1fn2kcz,t1_lofe6gt,NorthCarolina,Porkflavoredtobacco,1727041305,2024-09-22 21:41,3,What magic D? In NC?,helene,community_discussion,
lofj19z,t3_1fn2kcz,t1_lof7k32,NorthCarolina,Bucs__Fan,1727041326,2024-09-22 21:42,6,THIS. I still think its odd they run on seperate tickets and often are in different parties.,helene,community_discussion,
lofj31a,t3_1fn2kcz,t1_lofdrm0,NorthCarolina,FVCKEDINTHAHEAD,1727041341,2024-09-22 21:42,11,"This is extra important here in NC, since the GOP has a single vote supermajority (thanks to gerrymandering, voter suppression, and Trish Cotham, damned traitor that betrayed her constituents by flipping from Dem to GOP) that can, and has, overridden vetoes. If Cooper wasn't running interference against this bunch of crazy assholes in the NC GOP, they'd push through who knows what, that they couldn't even get all of their own members to vote for. You better believe a complete abortion ban would be on the books ASAP without Cooper holding the line.",helene,community_discussion,
lofjnpq,t3_1fn2kcz,t1_lofiayb,NorthCarolina,hwc,1727041533,2024-09-22 21:45,3,"it just doesn't work to leave the primaries up to the parties.  if you don't have exactly two parties, you still end up with a messy election, and the candidates are mostly chosen by extremists within the party.",helene,community_discussion,
lofjpaf,t3_1fn2kcz,t1_lof4lp2,NorthCarolina,Bumpi_Boi,1727041548,2024-09-22 21:45,-27,Amazing what idiotic anti gun Greensboro council members can do. democrats only have themselves to blame for his rise to power.,helene,community_discussion,power
lofjujf,t3_1fn2kcz,t1_lofhuqh,NorthCarolina,hwc,1727041597,2024-09-22 21:46,1,that's not what I said.  those cases (e.g. a 49% plurality) *should* trigger a runoff.,helene,community_discussion,
lofk378,t3_1fn2kcz,t1_lofhuqh,NorthCarolina,Wonderful-Squirrel,1727041678,2024-09-22 21:47,6,"Exactly, then you have a runoff. he is saying the 32%-49% should also include runoffs of the top two candidates for exactly the reason you stated.",helene,community_discussion,
lofkxmh,t3_1fn2kcz,t1_lof7lb4,NorthCarolina,cyberfx1024,1727041966,2024-09-22 21:52,0,"No one had statewide recognition but him, and the Triad media was dead at that time? There many legislators and one former congresswoman that ran in that primary. He beat them all because he traveled the state to campaign unlike some of the other candidates. Also about the media part that is false as well because the media drug up all his old FB posts and displayed them to the state at large. 

While during the statewide race he actually campaigned while Holley didn't at all. Not to mention the debate they did was just horrible for her.",helene,community_discussion,
lofla6z,t3_1fn2kcz,t1_lofjpaf,NorthCarolina,TheDizzleDazzle,1727042086,2024-09-22 21:54,21,"They really don't - he started ranting about gun rights for no reason with little logic and mostly (misplaced) emotion. The city council was just taking comments on the issue of gun violence, and *maybe* was considering cancelling a gun show. Robinson just got all up in arms because he's an uneducated Nazi (his words, not mine) fool.",helene,community_discussion,
loflfyp,t3_1fn2kcz,t3_1fn2kcz,NorthCarolina,mcnormand,1727042142,2024-09-22 21:55,2,"People don’t really care about the Lt. Governor. And that’s a good thing. Let the Maga people go unvetted in the lower races so when they make their way to the top, we can have more Robinson situations.",helene,community_discussion,
lofmazy,t3_1fn2kcz,t1_lofghdd,NorthCarolina,TheDizzleDazzle,1727042437,2024-09-22 22:00,10,"Except that never happens - minimum wage increases haven't led to an increase in unemployment or unemployment claims (which can be filed for a reduction in hours) in the states that have them.

Cooper's a decent moderate/liberal-ish Democrat, but his powers to protect and help workers at all are stifled by the anti-democratic (gerrymandered) Republican legislature. Despite that, he's done an alright job compromising and working with them to get a bit done, and has protected us from their extreme agenda (though a bit less so recently, as turncoat Tricia Cotham betrayed her constituents). Medicaid expansion with a Republican legislature is a BIG deal, and great for the state.",helene,community_discussion,
lofmg1n,t3_1fn2kcz,t1_lofla6z,NorthCarolina,Bumpi_Boi,1727042487,2024-09-22 22:01,-15,"Maybe canceling the most popular gun show in the state isn’t a good look. It was dumb political move by the council and I’m glad his rant was successful. Everything he has done since then, not so much.",helene,community_discussion,
lofmrcu,t3_1fn2kcz,t3_1fn2kcz,NorthCarolina,FrankAdamGabe,1727042599,2024-09-22 22:03,1,"For most cons, simply having an (R) next to your name is all they need.

No amount of shame or scandals will change their mind otherwise.",helene,community_discussion,
lofms5v,t3_1fn2kcz,t1_lofia09,NorthCarolina,pissmister,1727042606,2024-09-22 22:03,0,[https://www.youtube.com/watch?v=5ngg5-uwQYI](https://www.youtube.com/watch?v=5ngg5-uwQYI),helene,community_discussion,
lofn1dx,t3_1fn2kcz,t3_1fn2kcz,NorthCarolina,nwbrown,1727042697,2024-09-22 22:04,1,They are elected separately. Not much attention is paid to the Lt Governor race since they don't have much power.,helene,community_discussion,power
lofn2yw,t3_1fn2kcz,t1_lofemv2,NorthCarolina,pissmister,1727042713,2024-09-22 22:05,1,">Nah, I’m not for Jim-crow level literacy tests. 

well if you don't wanna be accused of that, maybe don't lament people being too illiterate in your view to qualify to vote",helene,community_discussion,
lofn8s8,t3_1fn2kcz,t1_lofk378,NorthCarolina,FVCKEDINTHAHEAD,1727042769,2024-09-22 22:06,4,Somehow I read that as no runoffs ever. Redditing while grilling burgers and drinking may not be the most intellectual pursuit I've ever undertaken.,helene,community_discussion,
lofndhj,t3_1fn2kcz,t1_lofjujf,NorthCarolina,FVCKEDINTHAHEAD,1727042816,2024-09-22 22:06,3,"You're right, definitely a reading comprehension issue on my end. Mean culpa, folks.",helene,community_discussion,
lofnhrg,t3_1fn2kcz,t1_lofgmeq,NorthCarolina,hnglmkrnglbrry,1727042858,2024-09-22 22:07,3,"In a crowded field getting 1/3 of the votes is a pretty good indicator that this is the most popular choice. Problem is when your entire electorate votes out of spite, fear, and bigotry you end up with the most spiteful, fear-mongering bigots as candidates.",helene,community_discussion,
lofnimo,t3_1fn2kcz,t1_lofiayb,NorthCarolina,user_is_suspended,1727042866,2024-09-22 22:07,2,Letting party elite pick the candidates has its own set of pitfalls.,helene,community_discussion,
lofnr1u,t3_1fn2kcz,t3_1fn2kcz,NorthCarolina,CompleteSherbert885,1727042949,2024-09-22 22:09,3,"Because I'm a Democrat, I never heard of this guy, never knew his name, didn't vote for him and wouldn't have anyway. Have no idea is he's even done anything while in office. I haven't a clue when he was elected either. 

But the moment he started running for governor, he shot onto social media like blasted from a assault rifle. He seems to think he understands white good ol' boy Republican mentality but totally over-shot the mark. 

Breakdown of voters in NC 36% unaffiliated, 33% Democrats, 30% Republican. About half the unaffiliated are 18-34, about half come from northern states. Got this from Carolina Demography, a UNC.edu site. Bottomline, it's thankfully not looking good for Mark Robinson because, unlike Donald Trump, this dude is NOT coated in ""Teflon."" All that horrible, creepy, vile shit's going to be sticking to him when people go to vote.",helene,community_discussion,
lofnx6g,t3_1fn2kcz,t1_lofnhrg,NorthCarolina,hwc,1727043010,2024-09-22 22:10,3,"> In a crowded field getting 1/3 of the votes is a pretty good indicator that this is the most popular choice.

but does ""most popular"" give the best outcome in this case?  it might be that 2/3 of the voters think that candidate is Satan incarnate.",helene,community_discussion,
lofnztd,t3_1fn2kcz,t3_1fn2kcz,NorthCarolina,Individual_Outside68,1727043037,2024-09-22 22:10,3,Governor and Lt Governor are separate elections,helene,community_discussion,
lofospb,t3_1fn2kcz,t3_1fn2kcz,NorthCarolina,Apprehensive_Aide419,1727043320,2024-09-22 22:15,0,Because it’s the south 🤷‍♀️,helene,community_discussion,
lofp3op,t3_1fn2kcz,t3_1fn2kcz,NorthCarolina,jesushchristo,1727043425,2024-09-22 22:17,1,The magic stick.,helene,community_discussion,
lofp79t,t3_1fn2kcz,t1_lofi35o,NorthCarolina,Vannabean,1727043459,2024-09-22 22:17,2,My theory is she is against voting but accidentally said yes in a poll that she was going to vote for that school board candidate and would feel guilty for not.,helene,community_discussion,
lofpdw2,t3_1fn2kcz,t1_lofla6z,NorthCarolina,omeprazoleravioli,1727043522,2024-09-22 22:18,6,Up in arms. lol I see what ya did there,helene,community_discussion,
lofpfwh,t3_1fn2kcz,t1_lofiytw,NorthCarolina,jesushchristo,1727043541,2024-09-22 22:19,1,The magic stick.,helene,community_discussion,
lofpgx5,t3_1fn2kcz,t3_1fn2kcz,NorthCarolina,Interesting-Yard4900,1727043551,2024-09-22 22:19,1,As someone who voted him in the primaries (I’ve had some serious character development since) the majority of us were oblivious about his controversies,helene,community_discussion,
lofpk8n,t3_1fn2kcz,t1_lof4orf,NorthCarolina,[deleted],1727043582,2024-09-22 22:19,1,[removed],helene,community_discussion,
lofpo9v,t3_1fn2kcz,t1_lofj19z,NorthCarolina,Bob_Sconce,1727043619,2024-09-22 22:20,3,"It is unusual.  North Carolina has always had a constitutionally weak governor.  I suspect that if the governor's Powers had been stronger, we would have come across some point in time when it became clear that electing them separately was a bad idea.  ",helene,community_discussion,
lofq5b9,t3_1fn2kcz,t3_1fn2kcz,NorthCarolina,Old-Force7009,1727043787,2024-09-22 22:23,0,Simple more people voted for him than the democrat! I believe its called “Democracy”,helene,community_discussion,
lofqn6s,t3_1fn2kcz,t1_lofdbyy,NorthCarolina,[deleted],1727043959,2024-09-22 22:25,1,[removed],helene,community_discussion,
lofqszt,t3_1fn2kcz,t1_lofbvxr,NorthCarolina,faceisamapoftheworld,1727044014,2024-09-22 22:26,4,"https://www.cbsnews.com/amp/news/worst-best-states-for-workers/

Three years in a row.",helene,community_discussion,
lofrfhu,t3_1fn2kcz,t1_lofi4i1,NorthCarolina,culnaej,1727044236,2024-09-22 22:30,11,"No, I don’t think I will",helene,community_discussion,
lofrmj9,t3_1fn2kcz,t3_1fn2kcz,NorthCarolina,kindestcut,1727044305,2024-09-22 22:31,1,(R),helene,community_discussion,
lofrp0l,t3_1fn2kcz,t3_1fn2kcz,NorthCarolina,hyzerKite,1727044330,2024-09-22 22:32,2,"Our state is unfortunately full of people that will fall for anything, because they stand for nothing but hatred.",helene,community_discussion,
lofs9kz,t3_1fn2kcz,t1_lof7lb4,NorthCarolina,immersemeinnature,1727044532,2024-09-22 22:35,1,Hate Ted Budd. He's in my district.,helene,community_discussion,
lofsaca,t3_1fn2kcz,t3_1fn2kcz,NorthCarolina,Exavion,1727044540,2024-09-22 22:35,5,"Got the Trump endorsement.  Yelled the loudest.  Im not kidding, he ran against relatively more qualified picks and thats all it took",helene,community_discussion,
loft1rs,t3_1fn2kcz,t1_lofqszt,NorthCarolina,Kind-City-2173,1727044806,2024-09-22 22:40,0,"I’d rather have companies wanting to move here due to our low taxes, pro business stance, and high quality of life",helene,community_discussion,
lofuj7k,t3_1fn2kcz,t1_lofjpaf,NorthCarolina,[deleted],1727045334,2024-09-22 22:48,1,[deleted],helene,community_discussion,
lofutl3,t3_1fn2kcz,t1_lofnx6g,NorthCarolina,hnglmkrnglbrry,1727045436,2024-09-22 22:50,1,But they couldn't agree on who was the best option outside of Satan. That's democracy.,helene,community_discussion,
lofv4qb,t3_1fn2kcz,t1_lofjpaf,NorthCarolina,SadPanthersFan,1727045546,2024-09-22 22:52,5,"**OR** maybe Republicans have themselves to blame for electing a fucking black Nazi? Ever think about that? Christ, the fault never lies with you idiots.",helene,community_discussion,
lofvb1j,t3_1fn2kcz,t1_lofmg1n,NorthCarolina,SadPanthersFan,1727045608,2024-09-22 22:53,5,Maybe stop making guns your entire personality,helene,community_discussion,
lofvson,t3_1fn2kcz,t1_lofvb1j,NorthCarolina,Bumpi_Boi,1727045780,2024-09-22 22:56,-1,"I also support the other freedoms in the bill of rights. It’s just the 2nd that likes to get picked on.

It’s like saying stop making freedom of speech a big deal.",helene,community_discussion,
lofx3n4,t3_1fn2kcz,t1_lofvson,NorthCarolina,SadPanthersFan,1727046242,2024-09-22 23:04,3,"So you’re against banning books and forcing schools to display the 10 Commandments, which are both current Republican initiatives? Good to know.",helene,community_discussion,
lofyib9,t3_1fn2kcz,t1_loft1rs,NorthCarolina,faceisamapoftheworld,1727046744,2024-09-22 23:12,2,NC is middle of the pack on a good day and in the lower half on a bad day in terms of quality of life metrics.,helene,community_discussion,
lofyohn,t3_1fn2kcz,t1_lofbvyk,NorthCarolina,MK5,1727046804,2024-09-22 23:13,2,Tho'down at the hoedown.,helene,community_discussion,
lofzmom,t3_1fn2kcz,t1_lofyib9,NorthCarolina,Kind-City-2173,1727047145,2024-09-22 23:19,1,Why are we #3 in net migration then? Clearly the state is doing something right,helene,community_discussion,
lofzrgo,t3_1fn2kcz,t1_lofjpaf,NorthCarolina,SadhuSalvaje,1727047191,2024-09-22 23:19,2,This is so close to the old “she shouldn’t have dressed that way” type of victim blaming I have always associated with reactionaries,helene,community_discussion,
lofzut3,t3_1fn2kcz,t1_lofv4qb,NorthCarolina,SadhuSalvaje,1727047224,2024-09-22 23:20,3,Never ever let them claim they had no agency in this situation.,helene,community_discussion,
log086a,t3_1fn2kcz,t1_lofa882,NorthCarolina,FleshlightModel,1727047359,2024-09-22 23:22,1,"And remember how Cawthorn turned on the GOP about the whole pedo shit and kiddie porn and they really ruined him? I mean I have no remorse for him at all but I was surprised how quickly they managed to end his career. I think he was probably onto something with those claims and pissed off the ""wrong"" people.",helene,community_discussion,
log0isk,t3_1fn2kcz,t1_lofgmeq,NorthCarolina,FleshlightModel,1727047463,2024-09-22 23:24,1,This is how Georgia races are and they're stupid. Plurality/majority only or just have ranked choice voting.,helene,community_discussion,
log0mvq,t3_1fn2kcz,t1_lofs9kz,NorthCarolina,FleshlightModel,1727047501,2024-09-22 23:25,1,He's a senator so he's in everyone's district.,helene,community_discussion,
log0srl,t3_1fn2kcz,t3_1fn2kcz,NorthCarolina,FanSignificant8605,1727047558,2024-09-22 23:25,1,Excellent question!,helene,community_discussion,
log2jes,t3_1fn2kcz,t1_lofx3n4,NorthCarolina,Bumpi_Boi,1727048179,2024-09-22 23:36,0,"My name is bumpi boi and you think I’m Republican.

I’m against all restrictions on freedom.",helene,community_discussion,
log3lmb,t3_1fn2kcz,t3_1fn2kcz,NorthCarolina,SuchDogeHodler,1727048560,2024-09-22 23:42,-1,"No one had found his ancient jerk account yet.



It's funny how the left is making a big deal about this.

The people of ""drag queen story hour"", orgies, bubble parties, AND polygamous relationships. REALLY??

I've head far worse than this written off as socially moral!

Very hypocritical!!!!!!",helene,community_discussion,
log5fdw,t3_1fn2kcz,t1_lofn2yw,NorthCarolina,Low_Firefighter_8085,1727049239,2024-09-22 23:53,2,"Maybe fund education, even after ignoring a court ruling to do so?  Nah, rather siphon public money to snake handler segregation academies.",helene,community_discussion,
lofdhvu,t3_1fn2pr2,t3_1fn2pr2,NorthCarolina,edgarpickle,1727039507,2024-09-22 21:11,1,"My sister got married there back in 1999. It was a really nice wedding, but I doubt anything they could tell you would still be relevant. Still, it was pretty. ",helene,community_discussion,
lofgudr,t3_1fn2pr2,t3_1fn2pr2,NorthCarolina,Far-prophet,1727040618,2024-09-22 21:30,2,"We had our wedding at the Crystal Gardens which is the building up the hill from the castle.

We got married October of 2020. It was also a Friday afternoon/Evening so the price was reduced due to the date and probably Covid. 

Wife says they are very open about letting you pick whatever services you want but if you use their Preferred services you can get a nice discount. She said the caterer was 20% off due to it being one of their preferred.

We did an open bar and provided all the alcohol ourselves. We bought through Total Wine since they allowed us to return anything that wasn’t opened.

I think you will find that the Castle itself will feel a bit cramped with 80. That’s why we chose the Crystal Garden.

We did the ceremony outside under the apron and then had the reception in the Crystal Garden.

Even if you did the ceremony outside and the reception in the Castle you won’t be able to fit everyone on the same floor with 80. You’ll have to split your party with some people in the basement. And the basement seemed very cramped, dark, and dreary.

We were fortunate that no event was scheduled at the time of our wedding so we were able to take pics inside and around the Castle.

It was an amazing wedding and reception. The single thing I wouldn’t do again/regret was hiring a videographer. Total waste of money and the guy showed up in a t-shirt and cargo shorts. We had previously agreed on just using a photographer, but the wife hired the videographer last minute under impulse.

Our photographer was also on the preferred list. Burt Reed he did a really good job with the photos and was incredibly professional.",helene,community_discussion,
loflniq,t3_1fn2pr2,t3_1fn2pr2,NorthCarolina,Rebequita85,1727042214,2024-09-22 21:56,1,"I got married there in 2017. I also had 80 guests and we had the reception in the castle, and the ceremony in the tent in front of it. I agree with everything the Far-prophet said, except with the castle being too small for 80 guests. We had no problem with that quantity. They set up the tables and chairs (our caterer decorated them with table cloths, plates, center pieces, etc.), and there was enough room for the buffet, DJ and dancing floor. 

The great thing about CM is that you don’t need extra decorations for the ceremony or reception.  The castle is beautiful by itself inside and outside. Unless you want an altar, the view of the lake and castle while you’re getting married is very pretty. 

Don’t remember if they let you cater your own food, but you should definitely set up an appointment with them and they will answer all your questions. Friday wedding are cheaper.",helene,community_discussion,
lofikci,t3_1fn3h72,t3_1fn3h72,NorthCarolina,NeoPalt2,1727041175,2024-09-22 21:39,1,bruh,helene,community_discussion,
lofis2w,t3_1fn3h72,t1_lofikci,NorthCarolina,Desperate_Section_73,1727041244,2024-09-22 21:40,1,What ?,helene,community_discussion,
lofivxm,t3_1fn3h72,t3_1fn3h72,NorthCarolina,Just_Candle_315,1727041278,2024-09-22 21:41,3,Is he running for governor of NC on the Republican ticket?,helene,community_discussion,
lofj2ri,t3_1fn3h72,t1_lofivxm,NorthCarolina,Desperate_Section_73,1727041339,2024-09-22 21:42,3,You would have thought so from everything I have heard,helene,community_discussion,
lofksg5,t3_1fn3h72,t3_1fn3h72,NorthCarolina,NorthCarolina-ModTeam,1727041916,2024-09-22 21:51,1,"Your content was removed for being irrelevant. 

- Submissions must have a **substantive** connection to the state which extends beyond the title. 

- Comments must be related to the post. 

- Moderation feedback and questions are **only** allowable via modmail.
 
Please read our [on topic guide for more information](https://www.reddit.com/r/NorthCarolina/wiki/ontopicguide).",helene,community_discussion,
lofl8rc,t3_1fn3h72,t3_1fn3h72,NorthCarolina,emsfire5516,1727042073,2024-09-22 21:54,3,"I'd just let it go. Dump the husband, forget about the women, and move on with your life. I don't see any good from trying to hunt them down.",helene,community_discussion,
lofk4we,t3_1fn4dtp,t3_1fn4dtp,NorthCarolina,rswoodr,1727041694,2024-09-22 21:48,18,Rats leaving a sinking porn ship 🤣🤣🤣,helene,community_discussion,
lofk84h,t3_1fn4dtp,t3_1fn4dtp,NorthCarolina,Pumpkinmatrix,1727041725,2024-09-22 21:48,62,So brave.  Rats from a sinking ship.,helene,community_discussion,
lofklxe,t3_1fn4dtp,t3_1fn4dtp,NorthCarolina,Kradget,1727041853,2024-09-22 21:50,424,"I believe it was Less Than Jake that suggested that when you're leaving the party just to beat the crowd, make sure that you're the first one out",helene,community_discussion,
lofl6st,t3_1fn4dtp,t3_1fn4dtp,NorthCarolina,davidoffbeat,1727042054,2024-09-22 21:54,232,"But the CNN report was all fake, right??? AI, right??? 🙄",helene,community_discussion,
loflcuq,t3_1fn4dtp,t3_1fn4dtp,NorthCarolina,Ohnoherewego13,1727042112,2024-09-22 21:55,21,Awww what's the matter? Finally realized Mark doesn't stand a chance?,helene,community_discussion,
loflzkn,t3_1fn4dtp,t3_1fn4dtp,NorthCarolina,JonTheWizard,1727042330,2024-09-22 21:58,222,Oh he's cooked.  He is SUPER cooked.  He's so over-done he's little more than gristle stuck to the grill.,helene,community_discussion,
lofm9nt,t3_1fn4dtp,t3_1fn4dtp,NorthCarolina,shed1,1727042425,2024-09-22 22:00,168,"‘We draw the line at participating in message boards on porn sites. That is NOT what those sites are for, Mark!’",helene,community_discussion,
lofmata,t3_1fn4dtp,t3_1fn4dtp,NorthCarolina,ayemef,1727042436,2024-09-22 22:00,79,He should hire Rudy,helene,community_discussion,
lofmw0j,t3_1fn4dtp,t3_1fn4dtp,NorthCarolina,InternationalFailure,1727042644,2024-09-22 22:04,15,Yeah he's fucking cooked HAHAHAHA,helene,community_discussion,
lofncjc,t3_1fn4dtp,t3_1fn4dtp,NorthCarolina,uncertaincoda,1727042806,2024-09-22 22:06,27,Article: https://www.wral.com/story/mark-robinson-staffers-resign-en-masses-following-cnn-report/21638006/,helene,community_discussion,
lofnzgb,t3_1fn4dtp,t1_lofmata,NorthCarolina,pparhplar,1727043033,2024-09-22 22:10,19,I laughed.,helene,community_discussion,
lofojbb,t3_1fn4dtp,t3_1fn4dtp,NorthCarolina,Rvacat,1727043228,2024-09-22 22:13,16,FINISH HIM ! ! !,helene,community_discussion,
lofoq1k,t3_1fn4dtp,t3_1fn4dtp,NorthCarolina,creatorsgame,1727043294,2024-09-22 22:14,35,"But the talking McDonald’s bag told us he was MLK on steroids, so that’s… weird.",helene,community_discussion,
lofpafd,t3_1fn4dtp,t3_1fn4dtp,NorthCarolina,WildGooseCarolinian,1727043490,2024-09-22 22:18,18,Why?  It’s not like they didn’t know who he was going in.,helene,community_discussion,
lofphg8,t3_1fn4dtp,t1_lofklxe,NorthCarolina,CrashLeBaroncoot,1727043556,2024-09-22 22:19,121,I did not have an LTJ reference on my bingo card today.  Bravo.,helene,community_discussion,
lofpjpo,t3_1fn4dtp,t3_1fn4dtp,NorthCarolina,Ok_Activity7255,1727043577,2024-09-22 22:19,10,I bet they were all democrats pretending! I just don’t understand how this could be the Polk county GOP did a pray session. Fake News!!!!,helene,community_discussion,
lofppyc,t3_1fn4dtp,t3_1fn4dtp,NorthCarolina,despitegirls,1727043636,2024-09-22 22:20,26,Weird times when a Hannibal Burress skit accurately portrays an racist gubernatorial candidate who posts on porn sites.,helene,community_discussion,
lofqgdr,t3_1fn4dtp,t3_1fn4dtp,NorthCarolina,LMNohP,1727043893,2024-09-22 22:24,83,Someone in my area put up a Robinson sign yesterday and like… why?? Super embarrassing for them.,helene,community_discussion,
lofqygb,t3_1fn4dtp,t1_lofm9nt,NorthCarolina,wahoozerman,1727044067,2024-09-22 22:27,90,Seriously. Nothing else posted on there was anything new. The Republican moral line is somewhere between 'some people need killin' and peeing on your wife's sister.,helene,community_discussion,
lofr2kt,t3_1fn4dtp,t1_lofphg8,NorthCarolina,olmikeyyyy,1727044108,2024-09-22 22:28,38,This right here is an example of the Science of Selling Yourself Short,helene,community_discussion,
lofr6q9,t3_1fn4dtp,t1_lofphg8,NorthCarolina,CaryTriviaDude,1727044150,2024-09-22 22:29,17,I'll take this as a signal to re listen to their discography,helene,community_discussion,
lofraqj,t3_1fn4dtp,t3_1fn4dtp,NorthCarolina,Frosty_Smile8801,1727044189,2024-09-22 22:29,57,"GOP has surrendered the gov race.  they want this coffee boy we hardly know, never met him marc robinson guy as far away from any other gop in the state.  

The gop is well aware if harris wins this state then the odds of trump winnin are very very slim",helene,community_discussion,
lofrh0q,t3_1fn4dtp,t3_1fn4dtp,NorthCarolina,Tanager_Summer,1727044250,2024-09-22 22:30,25,"Yet they knew what he was a long time ago. Do they think this will win back people's respect. That's a no from, well, should be from everyone in the state.",helene,community_discussion,
lofrws5,t3_1fn4dtp,t3_1fn4dtp,NorthCarolina,PileLeader,1727044407,2024-09-22 22:33,6,Is that bad?,helene,community_discussion,
lofslnw,t3_1fn4dtp,t1_lofrws5,NorthCarolina,guiturtle-wood,1727044649,2024-09-22 22:37,12,"Not for North Carolina as a whole, no.",helene,community_discussion,
lofsv32,t3_1fn4dtp,t3_1fn4dtp,NorthCarolina,MKVIgti,1727044742,2024-09-22 22:39,19,"Do not look for and read the things CNN wouldn’t print. It’s……disturbing and nasty. 

This fat ass, joke of a human has not ONE business running ANYTHING! He’s not qualified to run a damn lemonade stand. 

Good riddance, you fat fuck. Speaks volumes when Trump and company want NOTHING to do with you anymore. 

I want to know who on earth was that desperate to sign up and work for Robinson in the first place. They must’ve all been un-hireable elsewhere. 

I’d be so damn embarrassed to say I’m a Republican in these days. Ouch.",helene,community_discussion,
lofsxty,t3_1fn4dtp,t3_1fn4dtp,NorthCarolina,Kind-City-2173,1727044768,2024-09-22 22:39,9,Looks like the report is accurate!,helene,community_discussion,
lofszj6,t3_1fn4dtp,t1_lofqgdr,NorthCarolina,Charming-Tap-1332,1727044785,2024-09-22 22:39,18,"Obviously, they are just looking for attention.",helene,community_discussion,
loft2tn,t3_1fn4dtp,t1_lofmata,NorthCarolina,GarageQueen,1727044816,2024-09-22 22:40,29,I hear Four Seasons Doggie Day Care & Grooming is available for a fundraiser.,helene,community_discussion,
loft3ac,t3_1fn4dtp,t3_1fn4dtp,NorthCarolina,Mr_1990s,1727044821,2024-09-22 22:40,25,"Mark Robinson is the North Carolina Republican Party. They have never been this excited about a statewide candidate.

They’ll drop anybody if they think it’ll help them keep power.",helene,community_discussion,power
loft8r2,t3_1fn4dtp,t3_1fn4dtp,NorthCarolina,Charming-Tap-1332,1727044874,2024-09-22 22:41,22,"Keep the pressure on. Make sure to vote for Harris and Stein, and bring two friends with you.",helene,community_discussion,
loftkhz,t3_1fn4dtp,t1_loflzkn,NorthCarolina,ScumLikeWuertz,1727044989,2024-09-22 22:43,30,"Great timing too, he's stuck on the ballot",helene,community_discussion,
lofuq8r,t3_1fn4dtp,t1_loflzkn,NorthCarolina,Silly_Pace,1727045403,2024-09-22 22:50,187,He will still get an uncomfortable amount of votes,helene,community_discussion,
lofuqvm,t3_1fn4dtp,t1_loflzkn,NorthCarolina,coldnightair,1727045409,2024-09-22 22:50,11,Please let it be true!  🙏🙏 bro is the devil.,helene,community_discussion,
lofuxgl,t3_1fn4dtp,t1_lofm9nt,NorthCarolina,Economy-Ad4934,1727045474,2024-09-22 22:51,5,Just like the Mr garrison as trump scene where he called people out for leaving his speech for the same reason.,helene,community_discussion,
lofv2sz,t3_1fn4dtp,t1_lofuq8r,NorthCarolina,less_butter,1727045527,2024-09-22 22:52,101,I still see plenty of signs for him.,helene,community_discussion,
lofv5mb,t3_1fn4dtp,t1_lofrws5,NorthCarolina,cryptolyme,1727045555,2024-09-22 22:52,6,Bad for Mark Robinson,helene,community_discussion,
lofwbt3,t3_1fn4dtp,t3_1fn4dtp,NorthCarolina,Drunken_Dwarf12,1727045971,2024-09-22 22:59,15,So they were fine with all the terrible things he said before this scandal broke? They’re taking their leave a little late.,helene,community_discussion,
lofwfr6,t3_1fn4dtp,t1_lofmata,NorthCarolina,Lonestar041,1727046008,2024-09-22 23:00,15,"Well, that would require Rudy to have a license... 🤣",helene,community_discussion,
lofwnmc,t3_1fn4dtp,t1_lofklxe,NorthCarolina,Maleficent_Gas5417,1727046084,2024-09-22 23:01,30,Holy shit a less than Jake reference here?!?!,helene,community_discussion,
lofwu0u,t3_1fn4dtp,t1_loftkhz,NorthCarolina,culnaej,1727046147,2024-09-22 23:02,23,"Usually, leaks like this are planned that way",helene,community_discussion,
lofx7aj,t3_1fn4dtp,t1_lofm9nt,NorthCarolina,culnaej,1727046277,2024-09-22 23:04,24,Republicans when the ID requirement for porn sites they passed backfires,helene,community_discussion,
lofx9ct,t3_1fn4dtp,t1_lofqygb,NorthCarolina,betterplanwithchan,1727046297,2024-09-22 23:04,20,"In*

Peeing in",helene,community_discussion,
lofxc2a,t3_1fn4dtp,t1_lofklxe,NorthCarolina,vashfan,1727046323,2024-09-22 23:05,12,I love that band!,helene,community_discussion,
lofxg7k,t3_1fn4dtp,t1_lofv2sz,NorthCarolina,notaspruceparkbench,1727046365,2024-09-22 23:06,42,"Alternately, decorate highway porn shops with real Robinson campaign signs.",helene,community_discussion,
lofxjlg,t3_1fn4dtp,t1_lofraqj,NorthCarolina,Drunken_Dwarf12,1727046399,2024-09-22 23:06,38,Yes. So let us be the dagger in their hearts.,helene,community_discussion,
lofxm0c,t3_1fn4dtp,t3_1fn4dtp,NorthCarolina,Low_Firefighter_8085,1727046424,2024-09-22 23:07,12,"Moore and Burger bet on the wild card and lost. Folwell was the obvious candidate, but the NCGOP pushed this dipshit because Folwell can count, Robinson would be a clown show free for all. They tried to push Robinson out last second when it was obvious he was losing, forgetting that he has no shame. What an absolute clusterfuck.",helene,community_discussion,
lofya7w,t3_1fn4dtp,t1_lofqgdr,NorthCarolina,WhoAccountNewDis,1727046664,2024-09-22 23:11,23,"They're in the cult, even though he's been disavowed. Anything to own the libs.",helene,community_discussion,
lofz9ih,t3_1fn4dtp,t1_lofppyc,NorthCarolina,After-Mud-6001,1727047013,2024-09-22 23:16,6,Don't think this is the time or place but happy birthday!,helene,community_discussion,
lofzap0,t3_1fn4dtp,t3_1fn4dtp,NorthCarolina,dxcman12,1727047025,2024-09-22 23:17,4,this could not have happened to a nicer guy... heheheheheheheh,helene,community_discussion,
lofzdw2,t3_1fn4dtp,t1_lofl6st,NorthCarolina,Sanskur,1727047057,2024-09-22 23:17,80,"If the reporting is true and the leaks to CNN came from the GOP vetting file and not the Stein oppo file (and if it was from them why would it drop in mid September and not mid October?), then the Senior campaign folks would have already known about these comments.

So the problem these guys have is that everyone else knows what kind of person they are willing to work for if it advances their careers.  They're quitting now to salvage reputations that were ruined the moment they signed up to work to elect this trainwreck.",helene,community_discussion,
lofzix6,t3_1fn4dtp,t1_loft3ac,NorthCarolina,goldbman,1727047108,2024-09-22 23:18,5,Mark Robinson and Erin Paré like the same stuff,helene,community_discussion,
log07yj,t3_1fn4dtp,t3_1fn4dtp,NorthCarolina,Mywordispoontang101,1727047356,2024-09-22 23:22,13,"Let's not pretend these pricks did anything worth celebrating.  They knew what he was, and they waited until the house was actual on fire to leave.",helene,community_discussion,
log0pj1,t3_1fn4dtp,t3_1fn4dtp,NorthCarolina,malikhacielo63,1727047526,2024-09-22 23:25,23,I really think that the NCGOP need to carry this campaign to term. No backing out now…,helene,community_discussion,
log0sin,t3_1fn4dtp,t1_lofm9nt,NorthCarolina,Lone_Wolfen,1727047556,2024-09-22 23:25,8,"Not even porn, the fact that it was *trans* porn specifically is what MAGA drew the line at, if at all.",helene,community_discussion,
log13wz,t3_1fn4dtp,t1_lofwu0u,NorthCarolina,cccanterbury,1727047670,2024-09-22 23:27,17,no wonder Josh Stein did not agree to debate Robinson,helene,community_discussion,
log1c6r,t3_1fn4dtp,t1_lofx9ct,NorthCarolina,cccanterbury,1727047750,2024-09-22 23:29,24,"no he was very clear about peeing on his wife's sister's vagina and asshole, not in. what do you think he is, some kind of sicko?",helene,community_discussion,
log1frf,t3_1fn4dtp,t1_lofqgdr,NorthCarolina,romacopia,1727047784,2024-09-22 23:29,16,To be offensive. It's childlike spite that fuels these guys.,helene,community_discussion,
log1hlk,t3_1fn4dtp,t1_lofxjlg,NorthCarolina,cccanterbury,1727047803,2024-09-22 23:30,12,I stand with drunken dwarf,helene,community_discussion,
log1o2i,t3_1fn4dtp,t1_log13wz,NorthCarolina,JonTheWizard,1727047867,2024-09-22 23:31,19,"I just assumed he was like, ""why would I give him a platform?""",helene,community_discussion,
log1s2r,t3_1fn4dtp,t1_lofwfr6,NorthCarolina,arvidsem,1727047908,2024-09-22 23:31,13,"Rudy wouldn't let a little thing like being disbarred stop him.

 It took a court order on top of the disbarment. (Mostly serious, he petitioned the court to allow him to continue practicing law after his license was revoked so that he could keep his clients. The court told him no)",helene,community_discussion,
log2ns6,t3_1fn4dtp,t3_1fn4dtp,NorthCarolina,melinda2020,1727048223,2024-09-22 23:37,2,You're on your own brother...lol,helene,community_discussion,
log2q5y,t3_1fn4dtp,t1_lofzdw2,NorthCarolina,arvidsem,1727048247,2024-09-22 23:37,42,"Their reputations aren't really at stake, because they nailed themselves to the GOP in the first place. The GOP will still find places for them because they always need people willing to work with any candidate.

My number is that they want out before an audit of the campaign funds. Robinson has already been hit for embezzling from his daycare, no reason for him to have stopped since then",helene,community_discussion,
log38he,t3_1fn4dtp,t1_lofwfr6,NorthCarolina,ayemef,1727048430,2024-09-22 23:40,4,"Okay fine.

Calling George Santos, we've got a job for you and your sweater-vest.",helene,community_discussion,
log41it,t3_1fn4dtp,t3_1fn4dtp,NorthCarolina,JAFO444,1727048719,2024-09-22 23:45,6,"But, we know his words.  We know his character.  What. A trash human being.  Goodbye.",helene,community_discussion,
log4c6p,t3_1fn4dtp,t1_lofzdw2,NorthCarolina,PositiveSolar,1727048829,2024-09-22 23:47,5,Or they leaked it,helene,community_discussion,
log62ox,t3_1fn4dtp,t1_log1o2i,NorthCarolina,cccanterbury,1727049482,2024-09-22 23:58,6,"sure, but in hindsight we know he knew he was going to release this scandal. he didn't want to give Robinson a chance to make it up.",helene,community_discussion,
log6b8v,t3_1fn4dtp,t1_lofwnmc,NorthCarolina,Belter-frog,1727049574,2024-09-22 23:59,12,Johnny Quest thinks we're WHAT?!!?,helene,community_discussion,
log6cnt,t3_1fn4dtp,t1_lofphg8,NorthCarolina,[deleted],1727049589,2024-09-22 23:59,1,[removed],helene,community_discussion,
lofka7k,t3_1fn4jst,t3_1fn4jst,NorthCarolina,DenseHole,1727041744,2024-09-22 21:49,2,I got an ad about Harris' war on nicotine pouches in the mail. What a surprise.,helene,community_discussion,
loflne8,t3_1fn4jst,t3_1fn4jst,NorthCarolina,WashuOtaku,1727042213,2024-09-22 21:56,-1,"Welcome to Reddit, where we can only talk about people we dislike the most in every way possible.",helene,community_discussion,
lofmut8,t3_1fn4jst,t3_1fn4jst,NorthCarolina,dusham,1727042633,2024-09-22 22:03,7,shit floats to the top,helene,community_discussion,
lofmyee,t3_1fn4jst,t1_lofmut8,NorthCarolina,dusham,1727042668,2024-09-22 22:04,1,before it gets flushed,helene,community_discussion,
lofnhb3,t3_1fn4jst,t3_1fn4jst,NorthCarolina,JonTheWizard,1727042853,2024-09-22 22:07,5,"Well what can I say, he's relevant at the second and it's an election year.",helene,community_discussion,
lofnir1,t3_1fn4jst,t3_1fn4jst,NorthCarolina,davidoffbeat,1727042868,2024-09-22 22:07,10,Would you prefer another post about how bad the drivers are in North Carolina? Maybe a copper head identification post?,helene,community_discussion,
lofo0er,t3_1fn4jst,t3_1fn4jst,NorthCarolina,Pegussu,1727043043,2024-09-22 22:10,39,"It's a national news story about one of our candidates for governor.

I get disliking the repeated posts, but it's understandable.",helene,community_discussion,
lofo3lr,t3_1fn4jst,t3_1fn4jst,NorthCarolina,IrvingWashington9,1727043074,2024-09-22 22:11,-8,This sub should just be renamed r/MarkRobinson.,helene,community_discussion,
lofov9u,t3_1fn4jst,t1_lofnir1,NorthCarolina,DenseHole,1727043345,2024-09-22 22:15,-9,Unironically yes. I'm progressive after all so I like the diversity.,helene,community_discussion,
lofpnkn,t3_1fn4jst,t3_1fn4jst,NorthCarolina,NickSS_38,1727043613,2024-09-22 22:20,12,The scary thing is I have seen new yard signs pop up since last weeks story.   They know.  They just don't care,helene,community_discussion,
lofqjsc,t3_1fn4jst,t3_1fn4jst,NorthCarolina,allllusernamestaken,1727043926,2024-09-22 22:25,9,I don't post my weird political opinions on porn sites. I guess I should run for governor.,helene,community_discussion,
lofrbnp,t3_1fn4jst,t1_lofo3lr,NorthCarolina,sagarap,1727044198,2024-09-22 22:29,2,Add Wife’s Sister to that though ,helene,community_discussion,
log0eay,t3_1fn4jst,t1_lofo0er,NorthCarolina,NeoPalt2,1727047419,2024-09-22 23:23,6,I’ve had like half a dozen friends from out of state all separately text me about this whole thing,helene,community_discussion,
log1qte,t3_1fn4jst,t3_1fn4jst,NorthCarolina,Mr_1990s,1727047895,2024-09-22 23:31,5,I don’t know what you think is going to happen in forum dedicated to a state when a candidate for governor (and current lieutenant governor) is revealed to have both politically damaging sexual kinks and likes to compare himself favorably to Nazis.,helene,community_discussion,
log3fjt,t3_1fn4jst,t3_1fn4jst,NorthCarolina,AlternativeParty5126,1727048500,2024-09-22 23:41,1,"Why is it that, without fail, when an incredibly huge news story breaks and people talk about, there are the dumbest people alive crawling out making posts like ""OMG GUYS WERE TALKING ABOUT THIS A LOT""


Like no shit?",helene,community_discussion,
lofqszn,t3_1fn4oyi,t3_1fn4oyi,NorthCarolina,metarchaeon,1727044014,2024-09-22 22:26,1,Why?  I assume it’s a date?,helene,community_discussion,
lofwux6,t3_1fn4oyi,t3_1fn4oyi,NorthCarolina,XJrunner919,1727046156,2024-09-22 23:02,1,"9 is the correct month, they put a 4 on accident",helene,community_discussion,
lofv3n8,t3_1fn5mnq,t3_1fn5mnq,NorthCarolina,wahoozerman,1727045535,2024-09-22 22:52,3,We had a couple of friends up from GA with a leaf that had an expanded battery last year. I believe they had something like a 150 mile range and were able to find charging frequently enough.,helene,community_discussion,
log3twt,t3_1fn5mnq,t3_1fn5mnq,NorthCarolina,ResponsibleTip2855,1727048642,2024-09-22 23:44,9,Based in Raleigh-We go to the beach every year at Oak Island and supercharge in Leland NC which is 40 miles before the beach and next to a Smithfield BBQ. At the beach house we “trickle charge” with a standard plug but don’t really need it. Went to Asheville last year too and had no problem finding a super charger. One was in a Whole  Foods parking lot. We would charge and go in the WF and get coffee and food. We have a 2022 Tesla model Y Performance. You can also get another EV brand but I strongly recommend it is a brand that has supercharger access. Don’t know much about 3rd party chargers which I hear are hit or miss.,helene,community_discussion,
log4ucf,t3_1fn5mnq,t3_1fn5mnq,NorthCarolina,John-Fucking-Kirby,1727049018,2024-09-22 23:50,-3,Easy solution: bring a gas-powered generator with you. You'll be set no matter what!,helene,community_discussion,
log514d,t3_1fn5mnq,t3_1fn5mnq,NorthCarolina,-PM_YOUR_BACON,1727049088,2024-09-22 23:51,14,"Shouldn't be an issue. Driven various EV's over the years from mountains to the coasts of NC and you'll have very little issue finding charging spots. 

EVs are a little different than ICE though, usually you'll want to 'plan' your trips a little more, where you get charge, how much charge, and how much you'll have to get home. 

Most EV's have it built in, but there are other free apps like A Better Route Planner and Plugshare that really help with that.",helene,community_discussion,
log4lz4,t3_1fn5rwe,t3_1fn5rwe,NorthCarolina,CosmicLegionnaire,1727048931,2024-09-22 23:48,5,I believe most AMC theaters offer them to. They mark them pretty well so they're easy to find and easy to avoid for those who don't prefer them.,helene,community_discussion,
lofwfv0,t3_1fn5u3a,t3_1fn5u3a,NorthCarolina,ultraj92,1727046009,2024-09-22 23:00,5,Exactly!,helene,community_discussion,
lofwh6n,t3_1fn5u3a,t3_1fn5u3a,NorthCarolina,Just_Candle_315,1727046022,2024-09-22 23:00,85,"Mark Robinson is just straight up mentally ill, but also defeated all other republicans in the GOP primary.",helene,community_discussion,
lofxp9s,t3_1fn5u3a,t3_1fn5u3a,NorthCarolina,snugglebliss,1727046456,2024-09-22 23:07,30,A black white supremacist,helene,community_discussion,
lofzhw2,t3_1fn5u3a,t3_1fn5u3a,NorthCarolina,[deleted],1727047097,2024-09-22 23:18,1,[removed],helene,community_discussion,
log3tdg,t3_1fn5u3a,t3_1fn5u3a,NorthCarolina,Poisoning-The-Well,1727048637,2024-09-22 23:43,18,Uncle Ruckus,helene,community_discussion,
log4uom,t3_1fn5u3a,t3_1fn5u3a,NorthCarolina,KermitMudmaven,1727049022,2024-09-22 23:50,3,Mark Robinson called my abuela a biznatch!,helene,community_discussion,
log1e9b,t3_1fn6e50,t3_1fn6e50,NorthCarolina,NorthCarolina-ModTeam,1727047770,2024-09-22 23:29,1,"Your content was removed for being irrelevant. 

- Submissions must have a **substantive** connection to the state which extends beyond the title. 

- Comments must be related to the post. 

- Moderation feedback and questions are **only** allowable via modmail.
 
Please read our [on topic guide for more information](https://www.reddit.com/r/NorthCarolina/wiki/ontopicguide).",helene,community_discussion,
log5mti,t3_1fn74nb,t3_1fn74nb,NorthCarolina,ksgc8892,1727049317,2024-09-22 23:55,11,Your school guidance office can help you.  Students are nominated. [https://www.dpi.nc.gov/students-families/enhanced-opportunities/north-carolina-governors-school/application-and-selection-process](https://www.dpi.nc.gov/students-families/enhanced-opportunities/north-carolina-governors-school/application-and-selection-process),helene,community_discussion,
