id,link_id,parent_id,subreddit,author,created_utc,created_date,score,body,hurricane,source_type,keyword_hit
lo53mnc,t3_1flqxc9,t3_1flqxc9,tampa,Impossible_Maybe_162,1726880428,2024-09-21 01:00,22,"Raymond, is that you?  Take off that damn mask.",helene,community_discussion,
lo572c1,t3_1flqxc9,t3_1flqxc9,tampa,Majormassive797,1726881864,2024-09-21 01:24,-2,The usual suspects,helene,community_discussion,
lo573xh,t3_1flqxc9,t3_1flqxc9,tampa,Moonuploads,1726881883,2024-09-21 01:24,1,Play the lottery lady,helene,community_discussion,
lo57ky6,t3_1flqxc9,t3_1flqxc9,tampa,WarmVelvetyMuppetSex,1726882082,2024-09-21 01:28,11,Can we also charge the idiot who left a gun in an unlocked car? JFC,helene,community_discussion,
lo5f52j,t3_1flqxc9,t1_lo572c1,tampa,dynamiteSkunkApe,1726885331,2024-09-21 02:22,1,Is Kaiser Soze setting him up for something?,helene,community_discussion,
lo5m4zu,t3_1flqxc9,t1_lo572c1,tampa,thecoolestguynothere,1726888494,2024-09-21 03:14,4,“The usual suspects” shut that shit up already,helene,community_discussion,
lo6clnn,t3_1flqxc9,t1_lo5f52j,tampa,PlayfulProcess9849,1726903777,2024-09-21 07:29,10,"He means “black people”.

“The usual suspects” is a dog whistle for implying that crimes are usually committed by black people.",helene,community_discussion,
lo6ij4p,t3_1flqxc9,t1_lo572c1,tampa,Coltello8016,1726907908,2024-09-21 08:38,1,Dick,helene,community_discussion,
lo6lbqn,t3_1flqxc9,t1_lo6clnn,tampa,[deleted],1726909912,2024-09-21 09:11,1,[removed],helene,community_discussion,
lo6w4ev,t3_1flqxc9,t1_lo6clnn,tampa,patriots1977,1726917189,2024-09-21 11:13,-1,"I mean you can usually tell the race of the person by the nature of the crime.   Armed robbery at a bodega?  Drive by shooting?  Probably a black guy 

Defrauding investors and bankrupting thousands of employees retirement accounts?  Probably a white guy",helene,community_discussion,
lo7mca6,t3_1flqxc9,t1_lo6w4ev,tampa,georgepana,1726928525,2024-09-21 14:22,10,"Mass killings in a school, grocery store, church, concert venue, usually a white guy.",helene,community_discussion,
lo9ewq7,t3_1flqxc9,t1_lo7mca6,tampa,[deleted],1726950086,2024-09-21 20:21,1,[deleted],helene,community_discussion,
lodkdcl,t3_1flqxc9,t1_lo53mnc,tampa,Odd_Letter_9042,1727019834,2024-09-22 15:43,1,"The question, Raymond! was what did you want to be?",helene,community_discussion,
lo546ka,t3_1flr128,t3_1flr128,tampa,BroMatterhorn,1726880659,2024-09-21 01:04,2,This sounds fun! Do I need to bring anything? I have some cool markers I don’t use enough.,helene,community_discussion,
lo58m7o,t3_1flr128,t1_lo546ka,tampa,sinjeezus,1726882522,2024-09-21 01:35,1,"you don’t NEED to but you are welcome bring anything that is easy cleanup - markers, pencils, pens, and paper are all good.",helene,community_discussion,
lo5nefn,t3_1flr128,t3_1flr128,tampa,Ybor_Rooster,1726889089,2024-09-21 03:24,2,A Mullin thank yous,helene,community_discussion,
lo5zpp7,t3_1flr128,t3_1flr128,tampa,LeopoldBloomJr,1726895544,2024-09-21 05:12,2,"That’s really cool. I can’t make it this semester because of evening classes, but I’ll definitely try to come if you’re still doing it in the future.",helene,community_discussion,
lo7hc8n,t3_1flr128,t1_lo5zpp7,tampa,sinjeezus,1726926754,2024-09-21 13:52,2,i don’t think we will be stopping any time soon! have a great rest of your semester! feel free to join the discord as we may have other impromptu events too!,helene,community_discussion,
lo5b8ll,t3_1fls5xi,t3_1fls5xi,tampa,Ilovethe90sforreal,1726883635,2024-09-21 01:53,13,Good song though,helene,community_discussion,
lo5b9mi,t3_1fls5xi,t3_1fls5xi,tampa,jjune4991,1726883647,2024-09-21 01:54,113,Go so embarrassed that he ran off crying.,helene,community_discussion,
lo5bemj,t3_1fls5xi,t3_1fls5xi,tampa,MBonez12,1726883705,2024-09-21 01:55,19,"That sucks, hopefully not too much damage. I didn't even see plates on the bike...",helene,community_discussion,
lo5bki5,t3_1fls5xi,t1_lo5bemj,tampa,Fine_Cash3394,1726883774,2024-09-21 01:56,29,Yea no plates lmao it’s okay my deductible is only 500.,helene,community_discussion,
lo5bpsh,t3_1fls5xi,t1_lo5b9mi,tampa,Fine_Cash3394,1726883835,2024-09-21 01:57,32,I feel more sorry for him tbh. Messed his bike up,helene,community_discussion,
lo5br6m,t3_1fls5xi,t3_1fls5xi,tampa,maryjanerain,1726883852,2024-09-21 01:57,71,Dumbass shouldn’t be on the road. Sorry dude,helene,community_discussion,
lo5cpxg,t3_1fls5xi,t1_lo5bpsh,tampa,jjune4991,1726884264,2024-09-21 02:04,10,"Yea, I'm sure he did.",helene,community_discussion,
lo5cr54,t3_1fls5xi,t3_1fls5xi,tampa,[deleted],1726884279,2024-09-21 02:04,1,[removed],helene,community_discussion,
lo5cxoh,t3_1fls5xi,t3_1fls5xi,tampa,[deleted],1726884359,2024-09-21 02:05,1,[removed],helene,community_discussion,
lo5gekw,t3_1fls5xi,t3_1fls5xi,tampa,[deleted],1726885894,2024-09-21 02:31,1,[removed],helene,community_discussion,
lo5gy0r,t3_1fls5xi,t3_1fls5xi,tampa,_Zexo_,1726886136,2024-09-21 02:35,4,That whole area with the I4 change over has been like this forever now. Maybe one day it will be fixed. Maybeeee,helene,community_discussion,
lo5hnps,t3_1fls5xi,t3_1fls5xi,tampa,weigelf,1726886456,2024-09-21 02:40,1,"That music sounds very familiar. Who is it, please?",helene,community_discussion,
lo5hsm3,t3_1fls5xi,t1_lo5hnps,tampa,Fine_Cash3394,1726886517,2024-09-21 02:41,4,one by metallica,helene,community_discussion,
lo5i8zc,t3_1fls5xi,t1_lo5br6m,tampa,Old_WoolEyes911,1726886721,2024-09-21 02:45,44,"I have rode a bike for 16 years as my daily driver, recently 2022 and 2023 I drive through Tampa highways regularly. This guy is a clown.

Don't fucking split lanes on a highway??????? Don't do it anywhere unless it's legal and the traffic is used to it.",helene,community_discussion,
lo5injj,t3_1fls5xi,t3_1fls5xi,tampa,FLHawkeye10,1726886904,2024-09-21 02:48,43,Don’t worry if he drives like that on his bike in traffic he won’t be driving for very long..,helene,community_discussion,
lo5j0am,t3_1fls5xi,t1_lo5i8zc,tampa,Fine_Cash3394,1726887064,2024-09-21 02:51,17,He was lane slitting on my right side then I guess he thought he could come over to my left side but traffic stopped as soon as he did that.,helene,community_discussion,
lo5j6w1,t3_1fls5xi,t1_lo5bki5,tampa,CieIo,1726887147,2024-09-21 02:52,11,The deductible isn't the issue. Your insurance will either double or get dropped for your next renewal.,helene,community_discussion,
lo5jg8o,t3_1fls5xi,t1_lo5j6w1,tampa,Fine_Cash3394,1726887267,2024-09-21 02:54,17,I doubt it. This is the 2nd hit and run on me in almost 2 years. Insurance went up like 20 bucks. I got full coverage for only $175 a month.,helene,community_discussion,
lo5ju1a,t3_1fls5xi,t3_1fls5xi,tampa,OlympicAnalEater,1726887441,2024-09-21 02:57,9,And it is a fk motorcycle too and there is no license plate on that motorcycle too 😔,helene,community_discussion,
lo5larr,t3_1fls5xi,t3_1fls5xi,tampa,MrCub1984,1726888106,2024-09-21 03:08,2,So many accidents there.,helene,community_discussion,
lo5lfh2,t3_1fls5xi,t1_lo5larr,tampa,Fine_Cash3394,1726888165,2024-09-21 03:09,9,I know. That’s why I try to be careful. But with people like that on the road there is nothing you can do really.,helene,community_discussion,
lo5lu7a,t3_1fls5xi,t1_lo5gy0r,tampa,LeopoldBloomJr,1726888355,2024-09-21 03:12,3,"I, for one, am not holding my breath for that…",helene,community_discussion,
lo5m464,t3_1fls5xi,t1_lo5j6w1,tampa,Rellikx,1726888483,2024-09-21 03:14,3,My insurance has never gone up for anything that wasnt my fault.  certainly not double lol,helene,community_discussion,
lo5m8zu,t3_1fls5xi,t1_lo5lu7a,tampa,Fine_Cash3394,1726888547,2024-09-21 03:15,6,Maybe in 5-10 business years.,helene,community_discussion,
lo5mesx,t3_1fls5xi,t1_lo5lfh2,tampa,MrCub1984,1726888624,2024-09-21 03:17,6,We're surrounded by idiots.,helene,community_discussion,
lo5mqxd,t3_1fls5xi,t1_lo5m464,tampa,Fine_Cash3394,1726888779,2024-09-21 03:19,10,Yea that’s why I always get a dash cam. It’s saved my ass more than once. It’s basically paid for itself.,helene,community_discussion,
lo5nz9c,t3_1fls5xi,t1_lo5mqxd,tampa,Rellikx,1726889368,2024-09-21 03:29,1,"I can imagine - all of mine have been simple rear-ends so havent had to use it yet, but ive had a few close calls, coincidentally both times by HCSO",helene,community_discussion,
lo5owr4,t3_1fls5xi,t1_lo5nz9c,tampa,Fine_Cash3394,1726889808,2024-09-21 03:36,3,I have a rear dash cam as well. I haven’t installed it yet but I’ll be getting to it as soon as the work on my car is finished.,helene,community_discussion,
lo5q60t,t3_1fls5xi,t1_lo5bpsh,tampa,thats_unexpected,1726890403,2024-09-21 03:46,-2,It looked like she left her tag in the road for you,helene,community_discussion,
lo5ql14,t3_1fls5xi,t1_lo5q60t,tampa,Fine_Cash3394,1726890610,2024-09-21 03:50,15,I looked as I was driving passed it just looked like plastic from his front end. But I did run something over as I pulled off. So idk what that was. Probably his pride.,helene,community_discussion,
lo5qr5l,t3_1fls5xi,t3_1fls5xi,tampa,Fine_Cash3394,1726890692,2024-09-21 03:51,1,I posted the pics of the damage if anyone wants to see. It wasn’t to bad.,helene,community_discussion,
lo5rfqh,t3_1fls5xi,t3_1fls5xi,tampa,Jonny_Zuhalter,1726891032,2024-09-21 03:57,5,Good ol' malfunction junction. I hate how the I4 onramp coming from 275N *always* backs up even when traffic is light.,helene,community_discussion,
lo5uavn,t3_1fls5xi,t3_1fls5xi,tampa,ElliotNess,1726892521,2024-09-21 04:22,1,Man I got stuck in the aftermath too. Turned my 30 minute ride into an hour and a half. Almost an hour to go from just before exit 9 to exit 10.  Hope everyone is okay..,helene,community_discussion,
lo5ut4e,t3_1fls5xi,t1_lo5m464,tampa,Americanski7,1726892793,2024-09-21 04:26,2,Yeah someone hit my car while it was parked. Isnurance never went up after,helene,community_discussion,
lo5vj32,t3_1fls5xi,t1_lo5bpsh,tampa,lurkme,1726893187,2024-09-21 04:33,5,Hopefully he was humbled.,helene,community_discussion,
lo5wah3,t3_1fls5xi,t3_1fls5xi,tampa,ThisGuyIRLv2,1726893607,2024-09-21 04:40,2,Roll that beautiful bean footage!,helene,community_discussion,
lo5xbsx,t3_1fls5xi,t3_1fls5xi,tampa,[deleted],1726894180,2024-09-21 04:49,1,[removed],helene,community_discussion,
lo5y999,t3_1fls5xi,t1_lo5hsm3,tampa,weigelf,1726894706,2024-09-21 04:58,1,"Thank you.

I hope you don't get screwed on t the repairs.",helene,community_discussion,
lo5yvjt,t3_1fls5xi,t3_1fls5xi,tampa,[deleted],1726895059,2024-09-21 05:04,1,[removed],helene,community_discussion,
lo63bgg,t3_1fls5xi,t1_lo5y999,tampa,Fine_Cash3394,1726897728,2024-09-21 05:48,1,Unless they say my car is totaled I should be fine. It’s just body damage.,helene,community_discussion,
lo6hb0j,t3_1fls5xi,t3_1fls5xi,tampa,nrc1220,1726907036,2024-09-21 08:23,7,"And bro is just vibing 😭
I’m sorry man",helene,community_discussion,
lo6heet,t3_1fls5xi,t1_lo6hb0j,tampa,Fine_Cash3394,1726907102,2024-09-21 08:25,3,I really was too.,helene,community_discussion,
lo6hjia,t3_1fls5xi,t1_lo6heet,tampa,nrc1220,1726907204,2024-09-21 08:26,2,Hopefully it was an easy fix and low deductible🤞🏽,helene,community_discussion,
lo6hon6,t3_1fls5xi,t1_lo6hjia,tampa,Fine_Cash3394,1726907305,2024-09-21 08:28,2,Only 500 and I hope it’s an easy fix. For some reason my electric emergency brake keeps turning on by itself now every time I turn the car off.,helene,community_discussion,
lo6hx6o,t3_1fls5xi,t1_lo6hon6,tampa,nrc1220,1726907472,2024-09-21 08:31,2,"Damn :( $500 just because some ahole can’t drive ugh.

Maybe something just got knocked loose. At least he didn’t come crashing through your rear windshield 😅",helene,community_discussion,
lo6irr9,t3_1fls5xi,t1_lo6hx6o,tampa,Fine_Cash3394,1726908073,2024-09-21 08:41,2,I wish he did at least I’d know who it was 😅,helene,community_discussion,
lo6j7v3,t3_1fls5xi,t1_lo6irr9,tampa,nrc1220,1726908395,2024-09-21 08:46,1,Lmao ah good point 😂,helene,community_discussion,
lo6kaec,t3_1fls5xi,t3_1fls5xi,tampa,Chaps_Jr,1726909163,2024-09-21 08:59,7,"No plates on the bike. Good possibility he's unlicensed or suspended. That explains the getaway, and the shitty riding skills.",helene,community_discussion,
lo6kdgl,t3_1fls5xi,t3_1fls5xi,tampa,NonyaFugginBidness,1726909223,2024-09-21 09:00,7,"I bet the biker posted a video somewhere of how some inconsiderate jackass cut him off and almost killed him.  I love bikes, and some bike people, but there is an increasingly high number of absolute retards on bikes these days.",helene,community_discussion,
lo6s3fz,t3_1fls5xi,t3_1fls5xi,tampa,buttweasel76,1726914643,2024-09-21 10:30,3,Should have kept that piece of fairing as a trophy lol,helene,community_discussion,
lo6se2e,t3_1fls5xi,t1_lo5injj,tampa,buttweasel76,1726914842,2024-09-21 10:34,22,"I used to see this idiot girl on a scooter all the time, riding along like she had not a car in the world wearing ear covering headphones.

One morning, I saw her run like, 2 or 3 red lights.  Finally stopped next to her at a stop light (that she miraculously stopped at) and told her how stupid she was for running the lights.  She just laughed it off and said it was hard to stop the scooter safely.  She put her big headphones on and kept riding. 

Just a few weeks later, in morning traffic, there she was laying in the road with her scooter smashed up.

A month later, she was back to doing the same thing next time I saw her.

Some people will never learn.",helene,community_discussion,
lo6sv74,t3_1fls5xi,t1_lo5jg8o,tampa,Tiny_Nature8448,1726915158,2024-09-21 10:39,2,Only????lol,helene,community_discussion,
lo6v895,t3_1fls5xi,t1_lo5jg8o,tampa,IDrinkMyBreakfast,1726916657,2024-09-21 11:04,8,"Must be nice. I’ve had 3 accidents since 2020, none of which were my fault. Insurance is up another $1000/year",helene,community_discussion,
lo6vkux,t3_1fls5xi,t1_lo5mqxd,tampa,[deleted],1726916871,2024-09-21 11:07,1,[removed],helene,community_discussion,
lo6w2cd,t3_1fls5xi,t1_lo5gy0r,tampa,[deleted],1726917157,2024-09-21 11:12,1,[removed],helene,community_discussion,
lo6w755,t3_1fls5xi,t1_lo6sv74,tampa,Swampbrewja,1726917233,2024-09-21 11:13,2,"Do you have cheaper full coverage? Genuinely curious, which company are you insured through? Because 175 is cheaper than mine. So if you’ve got secrets share em",helene,community_discussion,
lo6wiki,t3_1fls5xi,t1_lo5m464,tampa,Swampbrewja,1726917417,2024-09-21 11:16,1,"My mom has been rear ended twice within I believe it was 2 years. The last time the woman that hit her was insured but not enough to cover my mom’s vehicle. My mom’s insurance had to cover her repairs. I don’t remember how much, I don’t think double, but her insurance did go up drastically next time she renewed.",helene,community_discussion,
lo6y6bq,t3_1fls5xi,t3_1fls5xi,tampa,TheOldManClub,1726918358,2024-09-21 11:32,2,Sorry,helene,community_discussion,
lo6zivg,t3_1fls5xi,t1_lo5injj,tampa,SomeGuyNamedPaul,1726919079,2024-09-21 11:44,1,"But who will he mess up on the way out?  It's not impossible to kill somebody with stupidity on a bike, but you sure get me then up mentally when they're part of a fatal accident with a motorcycle, no matter how not at fault they were.",helene,community_discussion,
lo6zmbk,t3_1fls5xi,t1_lo6se2e,tampa,FLHawkeye10,1726919130,2024-09-21 11:45,6,Darwinism*,helene,community_discussion,
lo6zy5v,t3_1fls5xi,t1_lo6w755,tampa,Tiny_Nature8448,1726919303,2024-09-21 11:48,5,"No!! But when I was younger everyone that was older had cheaper insurance, now I’m older and it’s never gone down. Pisses me off. It’s out of control",helene,community_discussion,
lo70ut8,t3_1fls5xi,t1_lo6zy5v,tampa,Swampbrewja,1726919768,2024-09-21 11:56,2,"Ohhh, yeah. Mine hasn’t gone down either and the last accident I was in was when I was in high school 20 years ago. 

It’s so ridiculous. When my family in the Midwest tells me how much they pay I want to vomit. It’s like their year of insurance for 2 people and 2 cars is less than what I pay here for me and my one car in 6 months.",helene,community_discussion,
lo729dt,t3_1fls5xi,t1_lo70ut8,tampa,Tiny_Nature8448,1726920476,2024-09-21 12:07,2,Right,helene,community_discussion,
lo72aju,t3_1fls5xi,t1_lo729dt,tampa,Tiny_Nature8448,1726920493,2024-09-21 12:08,3,I’ve always look forward to getting older so I’d have cheaper insurance. Nope doesn’t work that way anymore.,helene,community_discussion,
lo747sl,t3_1fls5xi,t3_1fls5xi,tampa,Dstunter18,1726921407,2024-09-21 12:23,2,At least you got it on video so you have proof. Bike looked like a 600rr but I can’t really tell what year model,helene,community_discussion,
lo74cev,t3_1fls5xi,t1_lo5injj,tampa,CryGeneral9999,1726921465,2024-09-21 12:24,4,Sad but true.  Knew a young kid got a bike and within a year his parents buried him. We were all young then and had muscle cars bumming around doing stupid stuff. He couldn’t afford a fast car but for a few grand could get a fast bike.  So sad he was a good kid.  I’m glad I wasn’t there the night it happened. Several friends were and one of them had to call his parents to meet them in the hospital.,helene,community_discussion,
lo75drz,t3_1fls5xi,t1_lo5bpsh,tampa,Asymmetrical_Anomaly,1726921946,2024-09-21 12:32,3,(Her) bike,helene,community_discussion,
lo75rxc,t3_1fls5xi,t3_1fls5xi,tampa,[deleted],1726922126,2024-09-21 12:35,1,[removed],helene,community_discussion,
lo7k3rz,t3_1fls5xi,t3_1fls5xi,tampa,LongIslanderInFL,1726927740,2024-09-21 14:09,3,Deserved the damage. I hate when bikers do that. Ruins it for the ones who never would,helene,community_discussion,
lo7y6rh,t3_1fls5xi,t3_1fls5xi,tampa,Nacsar3,1726932508,2024-09-21 15:28,1,WaTcH oUt FoR mOtOrCyClEs!,helene,community_discussion,
lo7y82f,t3_1fls5xi,t3_1fls5xi,tampa,BlackStallion54,1726932520,2024-09-21 15:28,1,Is your truck ok?,helene,community_discussion,
lo82ajh,t3_1fls5xi,t3_1fls5xi,tampa,Rustiespoons,1726933870,2024-09-21 15:51,2,I mean what else were they expecting lol. They’ll  probably be scraping them off the pavement if they keep driving like that.,helene,community_discussion,
lo85b5v,t3_1fls5xi,t1_lo6wiki,tampa,Rellikx,1726934872,2024-09-21 16:07,2,"hrm, maybe I'm misreading the state statutes, but 626.9541 says


(o) Illegal dealings in premiums; excess or reduced charges for insurance.—

**Imposing or requesting an additional premium** for a policy of motor vehicle liability, personal injury protection, medical payment, or collision insurance or any combination thereof or refusing to renew the policy solely because the insured was involved in a motor vehicle accident **unless the insurer’s file contains information from which the insurer in good faith determines that the insured was substantially at fault in the accident.**",helene,community_discussion,
lo8cxdx,t3_1fls5xi,t3_1fls5xi,tampa,Naked_North77,1726937371,2024-09-21 16:49,1,Is it legal to lane split here?,helene,community_discussion,
lo8d1i2,t3_1fls5xi,t1_lo8cxdx,tampa,Fine_Cash3394,1726937408,2024-09-21 16:50,3,No,helene,community_discussion,
lo8dajs,t3_1fls5xi,t1_lo7y82f,tampa,Fine_Cash3394,1726937488,2024-09-21 16:51,1,I was in a Honda civic. Back bumper looks like someone took a cheese grader to it.,helene,community_discussion,
lo90qwd,t3_1fls5xi,t1_lo85b5v,tampa,Swampbrewja,1726945176,2024-09-21 18:59,1,I don’t think you’re misreading anything. I also don’t think the law matters when you have enough money to work around it like insurance companies do.,helene,community_discussion,
lo994ut,t3_1fls5xi,t3_1fls5xi,tampa,Bigdspoundtown,1726948126,2024-09-21 19:48,1,That’s Florida,helene,community_discussion,
lo9a3jf,t3_1fls5xi,t3_1fls5xi,tampa,[deleted],1726948458,2024-09-21 19:54,1,[removed],helene,community_discussion,
lo9epoc,t3_1fls5xi,t3_1fls5xi,tampa,BroBeau,1726950021,2024-09-21 20:20,1,"So close, no matter how far.",helene,community_discussion,
lo9oydj,t3_1fls5xi,t1_lo6zmbk,tampa,DontCallMeMillenial,1726953472,2024-09-21 21:17,1,"Nah, lets be real. She's probably dumb enough to have reproduced early.",helene,community_discussion,
lo9qbzw,t3_1fls5xi,t3_1fls5xi,tampa,humidifier_fire,1726953967,2024-09-21 21:26,2,Hope you give that video to the police,helene,community_discussion,
loar7ps,t3_1fls5xi,t3_1fls5xi,tampa,[deleted],1726968385,2024-09-22 01:26,1,[removed],helene,community_discussion,
lobz54g,t3_1fls5xi,t1_lo9qbzw,tampa,Fine_Cash3394,1726991809,2024-09-22 07:56,1,I did they took the description of the rider. that’s it.,helene,community_discussion,
locbf8q,t3_1fls5xi,t3_1fls5xi,tampa,Mother_Grab9698,1727000317,2024-09-22 10:18,2,These are the type of people you don’t wanna around during an apocalypse 🤦🏽‍♂️,helene,community_discussion,
lodtt9m,t3_1fls5xi,t3_1fls5xi,tampa,[deleted],1727022706,2024-09-22 16:31,1,[removed],helene,community_discussion,
lo5fi6r,t3_1flsrim,t3_1flsrim,tampa,[deleted],1726885494,2024-09-21 02:24,1,[removed],helene,community_discussion,
lo5g1lu,t3_1flsrim,t3_1flsrim,tampa,brewmann,1726885735,2024-09-21 02:28,-12,"Meh....she's been a shill NPC for years and still the masses vote for her. It's a lost cause. The ""white guilt"" brigade will support her come hell or high water.",helene,community_discussion,
lo5g392,t3_1flsrim,t3_1flsrim,tampa,OtherwiseBed4222,1726885756,2024-09-21 02:29,23,Fuck trump,helene,community_discussion,
lo5gb79,t3_1flsrim,t3_1flsrim,tampa,inanimatecarbonrob,1726885853,2024-09-21 02:30,17,{{citation needed}},helene,community_discussion,
lo5gzoe,t3_1flsrim,t3_1flsrim,tampa,TaylorDurdan,1726886156,2024-09-21 02:35,14,I would venture to say that more of our children are killed in school shootings than they are being molested by illegal immigrants. Let's deal with issues that actually exist instead of hypotheticals.,helene,community_discussion,
lo5h54h,t3_1flsrim,t3_1flsrim,tampa,egomann,1726886225,2024-09-21 02:37,14,No post or comments for 100 days and now this. No thank you Mr. Putin.,helene,community_discussion,
lo5hpel,t3_1flsrim,t1_lo5g1lu,tampa,_A_varice,1726886477,2024-09-21 02:41,4,Derp,helene,community_discussion,
lo5hwca,t3_1flsrim,t3_1flsrim,tampa,solobeauty20,1726886565,2024-09-21 02:42,8,Mods- this is an f’n bot pushing pro-Trump propaganda. Please remove.,helene,community_discussion,
lo5hz27,t3_1flsrim,t1_lo5hpel,tampa,[deleted],1726886599,2024-09-21 02:43,1,[removed],helene,community_discussion,
lo5i8gj,t3_1flsrim,t1_lo5g1lu,tampa,[deleted],1726886715,2024-09-21 02:45,1,[removed],helene,community_discussion,
lo5iatf,t3_1flsrim,t1_lo5gb79,tampa,_Aggron,1726886744,2024-09-21 02:45,11,"Bad law with a misleading name. Not serious legislation. Rapists are already deported, this law wouldn't change it. OP is obviously shit posting.

https://youtube.com/watch?v=YAKSHHL41zw",helene,community_discussion,
lo5iqex,t3_1flsrim,t3_1flsrim,tampa,[deleted],1726886939,2024-09-21 02:48,1,[deleted],helene,community_discussion,
lo5jcb0,t3_1flsrim,t1_lo5iatf,tampa,AmaroWolfwood,1726887216,2024-09-21 02:53,8,"They aren't shit posting, they are using the bill for its exact purpose. Immigration is a scare tactic policy and this bill is bait to try to fear monger people into being against any politicians who vote against it, when the right call is to vote against it.

If Republicans actually cared about immigration law and not just xenophobia for the sake of tricking the elderly and the feeble minded into voting for them. They wouldn't have voted against their own bipartisan bill in February.",helene,community_discussion,
lo5jlr3,t3_1flsrim,t1_lo5gzoe,tampa,AmaroWolfwood,1726887336,2024-09-21 02:55,5,"Sorry, Republicans holding Florida hostage can't hear you. It must be the tinnitus from all the gunshots.",helene,community_discussion,
lo5jv48,t3_1flsrim,t3_1flsrim,tampa,AmaroWolfwood,1726887455,2024-09-21 02:57,5,"If Republicans actually cared about immigration law and not just xenophobia for the sake of tricking the elderly and the feeble minded into voting for them. They wouldn't have voted against their own bipartisan bill in February.

This law now is just bait to gotcha anyone who rightfully votes against it.",helene,community_discussion,
lo5k05g,t3_1flsrim,t3_1flsrim,tampa,spacecircus,1726887517,2024-09-21 02:58,4,Boo. Remove it,helene,community_discussion,
lo61vhh,t3_1flumn2,t3_1flumn2,tampa,AreYouFuckingSerious,1726896841,2024-09-21 05:34,17,Hopefully that dipshit motorcyclist has a banged up right leg.,helene,community_discussion,
lo63u91,t3_1flumn2,t3_1flumn2,tampa,tvsux,1726898054,2024-09-21 05:54,7,You should order a rear camera while that’s in the shop,helene,community_discussion,
lo66tii,t3_1flumn2,t3_1flumn2,tampa,eye_no_nuttin,1726899944,2024-09-21 06:25,11,"Damn… that is a fucked up friday…  sorry bud but Metallica rocks!! Hope that POS has more damage, and a bit of pain too.",helene,community_discussion,
lo69fl3,t3_1flumn2,t1_lo66tii,tampa,Fine_Cash3394,1726901645,2024-09-21 06:54,3,I hope so too lol.,helene,community_discussion,
lo7j640,t3_1flumn2,t3_1flumn2,tampa,[deleted],1726927412,2024-09-21 14:03,1,[removed],helene,community_discussion,
lo83wsf,t3_1flumn2,t3_1flumn2,tampa,rickyxy,1726934405,2024-09-21 16:00,1,I wonder if anyone else in the front was able to capture his license plate. Hopefully your original video gets more visibility and someone turns him in to pay for your damage.,helene,community_discussion,
lo8e6yh,t3_1flumn2,t1_lo83wsf,tampa,Fine_Cash3394,1726937776,2024-09-21 16:56,3,I didn’t see any plate on the bike.,helene,community_discussion,
lo8lbs3,t3_1flumn2,t3_1flumn2,tampa,OlympicAnalEater,1726940040,2024-09-21 17:34,1,"u/Fine_Cash3394 

That is like 1 band fix 😭",helene,community_discussion,
lo8qkpa,t3_1flumn2,t1_lo61vhh,tampa,[deleted],1726941729,2024-09-21 18:02,1,[removed],helene,community_discussion,
loa0r25,t3_1flumn2,t3_1flumn2,tampa,GetUpNGetItReddit,1726957819,2024-09-21 22:30,1,There were probably ten of them today,helene,community_discussion,
lobhom1,t3_1flumn2,t3_1flumn2,tampa,ChallengeFine243,1726980729,2024-09-22 04:52,1,Oh my gosh!,helene,community_discussion,
loc9kni,t3_1flumn2,t3_1flumn2,tampa,[deleted],1726999045,2024-09-22 09:57,1,[removed],helene,community_discussion,
locvx9n,t3_1flumn2,t3_1flumn2,tampa,ASIUIID,1727011146,2024-09-22 13:19,1,Wow he hit that hard,helene,community_discussion,
lo6uzy0,t3_1fm084o,t3_1fm084o,tampa,Bear_necessities96,1726916514,2024-09-21 11:01,-28,This wouldn’t be necessary if we have reliable public transportation,helene,community_discussion,
lo6vzm0,t3_1fm084o,t1_lo6uzy0,tampa,TokenPanduh,1726917112,2024-09-21 11:11,0,I can definitely agree with that. I just moved back from Denver and public transit here versus there is a vast difference sadly.,helene,community_discussion,
lo6w51x,t3_1fm084o,t3_1fm084o,tampa,UnpopularCrayon,1726917199,2024-09-21 11:13,24,"It's so weird that Florida requires stopping on 8 lane divided roads with medians.   I hope there is nowhere where kids are actually crossing giant roadways like that for a bus stop.

That being said, all the clips in the story are two lane roads where it's obviously a huge safety risk and those idiots deserve to be getting a massive ticket.",helene,community_discussion,
lo6wi26,t3_1fm084o,t1_lo6uzy0,tampa,UnpopularCrayon,1726917408,2024-09-21 11:16,9,"I suppose that's true, but school buses are used in pretty much every US city, regardless of public transportation availability.   There aren't too many parents who are going to let  5 year olds are take city buses by themselves.",helene,community_discussion,
lo6x6dc,t3_1fm084o,t3_1fm084o,tampa,Beginning_Emotion995,1726917793,2024-09-21 11:23,-7,"When you don’t pay the bills, tickets mean nothing to you.",helene,community_discussion,
lo6xupu,t3_1fm084o,t1_lo6uzy0,tampa,Fore_Shore,1726918178,2024-09-21 11:29,30,Huh? School buses ARE reliable public transportation,helene,community_discussion,
lo6y3xi,t3_1fm084o,t1_lo6w51x,tampa,pyscle,1726918321,2024-09-21 11:32,38,"8 lane road divided with a raised median, the opposite side does not have to stop. 317.172

https://preview.redd.it/afh3o9kse5qd1.jpeg?width=848&format=pjpg&auto=webp&s=dcf3ffad4dde8f6f4efb4d3ead756216dbe66a55",helene,community_discussion,
lo6ybqb,t3_1fm084o,t1_lo6w51x,tampa,jfrawley28,1726918441,2024-09-21 11:34,13,">Florida requires stopping on the opposite side of 8 lane divided roads with medians. 


If you asked me right now if this is true (without googling) I'd say no. 


Paused to Google it. 

It's not true.",helene,community_discussion,
lo6ylja,t3_1fm084o,t1_lo6ybqb,tampa,UnpopularCrayon,1726918587,2024-09-21 11:36,-1,Citation?,helene,community_discussion,
lo6ysev,t3_1fm084o,t1_lo6ylja,tampa,jfrawley28,1726918689,2024-09-21 11:38,12,[Ask and you shall receive](https://www.flhsmv.gov/safety-center/child-safety/school-bus-safety/),helene,community_discussion,
lo6yy1h,t3_1fm084o,t1_lo6w51x,tampa,Dapper_Run5322,1726918774,2024-09-21 11:39,7,I myself saw cars just not stopping on the opposite side couple of times now. When I asked my kid he says his friend almost got hit few weeks back. He sees atleast one instance every 2-3 days and the school bus driver honks out of frustration.,helene,community_discussion,
lo6yzhl,t3_1fm084o,t1_lo6y3xi,tampa,UnpopularCrayon,1726918795,2024-09-21 11:39,5,"I guess this news video messed that up then.   They said it has to be a barrier or unpaved  area.   They left out the median part.


It's still weird for an eight lane road with no median though.",helene,community_discussion,
lo6z91y,t3_1fm084o,t1_lo6yzhl,tampa,pyscle,1726918936,2024-09-21 11:42,20,"You will be hard pressed to find an eight lane road without some sort of median. 
Nobody is really building that shared middle turn lane anymore, instead it’s medians with left turn lanes.",helene,community_discussion,
lo6zt15,t3_1fm084o,t1_lo6z91y,tampa,UnpopularCrayon,1726919229,2024-09-21 11:47,9,That's true.   There are still lots of 5 lane roads with the shared turn lanes out there though.   It's still weird even for those.,helene,community_discussion,
lo6zw1i,t3_1fm084o,t1_lo6uzy0,tampa,Next_Intention1171,1726919272,2024-09-21 11:47,15,It wouldn’t happen if people were patient had enough decency to wait a few moments for children to be safe. I have no sympathy for those that get these tickets.,helene,community_discussion,
lo70f6n,t3_1fm084o,t3_1fm084o,tampa,Frejod,1726919543,2024-09-21 11:52,81,Good. I don't have a kid or don't like being stopped by a bus. I still know it means a child's safety.,helene,community_discussion,
lo70vkx,t3_1fm084o,t1_lo6w51x,tampa,xforcecable,1726919779,2024-09-21 11:56,7,"With how awful infrastructure is here in Florida, I would not be surprised if there were kids who had to cross really busy and dangerous roads.",helene,community_discussion,
lo72coz,t3_1fm084o,t3_1fm084o,tampa,Comfortable_Art2955,1726920523,2024-09-21 12:08,81,"Not surprised, bunch of selfish aholes around here. Rules for thee not for me!",helene,community_discussion,
lo72ldy,t3_1fm084o,t3_1fm084o,tampa,Serpentongue,1726920647,2024-09-21 12:10,35,"Now do Pasco. We have school bus stops right on US19 in the middle of rush hour, people pass them every day.",helene,community_discussion,
lo732fy,t3_1fm084o,t1_lo6yzhl,tampa,Not-Sure112,1726920872,2024-09-21 12:14,2,They said the cameras can read plates across up to 8 lanes. They weren't specific on number of lanes on opposing side.,helene,community_discussion,
lo737t8,t3_1fm084o,t1_lo6wi26,tampa,Bear_necessities96,1726920942,2024-09-21 12:15,-1,True,helene,community_discussion,
lo7796i,t3_1fm084o,t1_lo6w51x,tampa,mikeyfender813,1726922771,2024-09-21 12:46,1,That’s not a law specific to Florida. A lot of other states require stopping if there’s no median.,helene,community_discussion,
lo779sk,t3_1fm084o,t3_1fm084o,tampa,chipcarlton,1726922778,2024-09-21 12:46,71,"Dear FL lawmakers, All drivers need to be retested every 7 years.",helene,community_discussion,
lo77ehl,t3_1fm084o,t1_lo6yzhl,tampa,mikeyfender813,1726922834,2024-09-21 12:47,2,A median is a barrier,helene,community_discussion,
lo77whk,t3_1fm084o,t3_1fm084o,tampa,Kurupt_Introvert,1726923042,2024-09-21 12:50,2,Even if all of the tickets were the min of $165 that’s $412K in one week after two weeks of warning period tickets.,helene,community_discussion,
lo783ph,t3_1fm084o,t3_1fm084o,tampa,NomadFeet,1726923126,2024-09-21 12:52,-2,"Also, per either this sub or Florida one, you do not need to stop or yield to a school bus in a roundabout! They are not going to be dropping off children in a roundabout or just outside of one. I know roundabouts are still a bit new to a lot of people but they are actually fantastic once you get the hang of them. I was surprised to learn that Florida has more roundabouts than any other state.",helene,community_discussion,
lo78bie,t3_1fm084o,t1_lo7796i,tampa,Dapper_Run5322,1726923213,2024-09-21 12:53,-1,There’s no median and just a single lane road with 45 mph limit.,helene,community_discussion,
lo78gbq,t3_1fm084o,t3_1fm084o,tampa,s1owpokerodriguez,1726923270,2024-09-21 12:54,7,I love how they install these cameras to automatically issue citations and most of the money from the fines go to a private business.,helene,community_discussion,
lo78gen,t3_1fm084o,t1_lo78bie,tampa,mikeyfender813,1726923271,2024-09-21 12:54,0,"Not sure what you’re talking about, I was responding the need to stop or not on an eight-lane road.",helene,community_discussion,
lo78sws,t3_1fm084o,t3_1fm084o,tampa,Every-Cook5084,1726923412,2024-09-21 12:56,7,There was some old asshole on Nextdoor app bitching up a storm about this calling the county Commies and that we should teach our kids to cross properly. He was not received well.,helene,community_discussion,storm
lo79wl1,t3_1fm084o,t3_1fm084o,tampa,r21174,1726923857,2024-09-21 13:04,1,![gif](giphy|pCO5tKdP22RC8),helene,community_discussion,
lo7a8lv,t3_1fm084o,t1_lo72ldy,tampa,Outrageous_Status133,1726923993,2024-09-21 13:06,-28,Now maybe it’s not the drivers on the highway but the school planning that allows kids to be picked up directly off a highway? Maybe it’s time to rethink bus stop routes. A kid getting to school is not more important than anyone else getting to work,helene,community_discussion,
lo7b3v1,t3_1fm084o,t1_lo77ehl,tampa,UnpopularCrayon,1726924344,2024-09-21 13:12,2,"Then why does the law say ""median or barrier?""",helene,community_discussion,
lo7bdbs,t3_1fm084o,t3_1fm084o,tampa,Not_as_cool_anymore,1726924448,2024-09-21 13:14,2,Good use of technology.  Hope they make a bunch of money and bend the behavior arc here.,helene,community_discussion,
lo7bl12,t3_1fm084o,t1_lo7a8lv,tampa,Psychological_Swan43,1726924534,2024-09-21 13:15,21,"Bro, you can wait two minutes while a kid boards a school bus.",helene,community_discussion,
lo7bqct,t3_1fm084o,t1_lo7a8lv,tampa,redditisnotgood,1726924594,2024-09-21 13:16,4,"either the kids are on the bus or \~50+ more cars are on the road at the same time and on the same route, your choice",helene,community_discussion,
lo7bvze,t3_1fm084o,t1_lo7796i,tampa,UnpopularCrayon,1726924656,2024-09-21 13:17,0,I didn't say it was specific to just Florida.  But it's not every state.  I have lived in several where stopping was not required on the opposite side for 5 lane roads with shared turn lanes because children aren't allowed to cross a road that size for a bus stop anyway there.,helene,community_discussion,
lo7eq7z,t3_1fm084o,t1_lo7a8lv,tampa,SilverHammer10,1726925759,2024-09-21 13:35,7,A child getting to school safely is more important. Rethink your commute and add 100 seconds to your morning.,helene,community_discussion,
lo7fama,t3_1fm084o,t1_lo7bl12,tampa,nineteen_eightyfour,1726925983,2024-09-21 13:39,10,I agree but it’s insane they stop on 19. It causes actual backed up traffic for a huge distance and is dangerous,helene,community_discussion,
lo7fg2b,t3_1fm084o,t1_lo7eq7z,tampa,nineteen_eightyfour,1726926042,2024-09-21 13:40,4,It’s more like 15 minutes bc it actually creates a noticeable backup behind it - signed someone who doesn’t drive that way and is fully unaffected by it. I do drive to a friends in the am and see it in the other lane tho.,helene,community_discussion,
lo7fnyy,t3_1fm084o,t1_lo779sk,tampa,Shucky__darns,1726926126,2024-09-21 13:42,38,I read that as arrested and still agreed,helene,community_discussion,
lo7g887,t3_1fm084o,t3_1fm084o,tampa,Impossible-Taro-2330,1726926337,2024-09-21 13:45,1,"GOOD!

Straight to Jail for repeat offenders!!

![gif](giphy|3ohjV0QXa7ZuyhuP1m)",helene,community_discussion,
lo7i11a,t3_1fm084o,t3_1fm084o,tampa,Ok-Cauliflower-3129,1726927003,2024-09-21 13:56,0,"I understand the kids safety but why is it necessary to stop traffic on a divided highway. 

Those kids ain't running to the other side of the highway so it just severely backs up traffic.",helene,community_discussion,
lo7jmg4,t3_1fm084o,t1_lo7b3v1,tampa,lizardgiggles,1726927572,2024-09-21 14:06,1,It’s unclear to me if a 6” tall concrete curbed slab counts as a raised barrier. I think the rules need some clarification.,helene,community_discussion,
lo7kfy7,t3_1fm084o,t3_1fm084o,tampa,daddys_plant_boy,1726927860,2024-09-21 14:11,-10,"Maybe we need to teach kids to look both ways before crossing the street! Off these dumbass adult can figure it out without stopping traffic for public buses it’s time we teach our kids the same!!! 
Stop, look left, look right and then left again - now cross!!! Not that hard! There rest of us managed to survive the 80’s, 90’s and 00’s without these cameras.",helene,community_discussion,
lo7l365,t3_1fm084o,t3_1fm084o,tampa,RedditFedoraAthiests,1726928088,2024-09-21 14:14,4,"Good. You see tiny little happy kids getting off a bus in their own little world, and you cant stop? Give them all the tickets.",helene,community_discussion,
lo7mwpu,t3_1fm084o,t3_1fm084o,tampa,Maxcactus,1726928721,2024-09-21 14:25,-1,"This is the worst kind of traffic infraction and deserves harsh treatment. Highest fine, suspension of licenses, trash duty along the highway. They should have to undergo background checks and if they pass they should have to ride on those school buses and have to get out to watch over the kids when they cross the streets.",helene,community_discussion,
lo7pekr,t3_1fm084o,t3_1fm084o,tampa,oxnerkid,1726929566,2024-09-21 14:39,1,Good 👍🏽,helene,community_discussion,
lo7rkkp,t3_1fm084o,t1_lo7kfy7,tampa,Smirktina86,1726930301,2024-09-21 14:51,5,"You’re describing survivors’ bias. And these dumb ass adults can’t figure it out, just take a look at the number of pedestrian deaths.  Kids do need to be taught safety, but not at the expense of some asshat almost killing them because they can’t be inconvenienced to stop.",helene,community_discussion,
lo7sw7x,t3_1fm084o,t3_1fm084o,tampa,HCSOThrowaway,1726930746,2024-09-21 14:59,5,Even with a YEAR of warning lmfao.,helene,community_discussion,
lo7ved8,t3_1fm084o,t1_lo7i11a,tampa,ChalkDustMillions,1726931585,2024-09-21 15:13,1,The justification for this rule is that it is out of abundant caution. You are correct that most kids don’t cross the full highway. But there are a small number circumstances where this is actually how students get across. Couple that with the fact that kids are unpredictable and tend to not have as highly a developed sense of crossing safety.,helene,community_discussion,
lo7vhpf,t3_1fm084o,t1_lo7jmg4,tampa,pyscle,1726931617,2024-09-21 15:13,1,"Raised median is the 8” tall curbing. A barrier could be a jersey barrier, or guardrail type thing.",helene,community_discussion,
lo7wg89,t3_1fm084o,t1_lo77whk,tampa,pyscle,1726931936,2024-09-21 15:18,4,The majority of that money goes to the company that installed the cameras and monitors the program. The school district gets crumbs.,helene,community_discussion,
lo7xnp5,t3_1fm084o,t3_1fm084o,tampa,[deleted],1726932333,2024-09-21 15:25,1,[removed],helene,community_discussion,
lo806da,t3_1fm084o,t3_1fm084o,tampa,takinganewtack,1726933172,2024-09-21 15:39,10,Bring on the school zone and school drop/pickup speeding cams. People racing through them EVERY DAY when I drop my son off at school.,helene,community_discussion,
lo8522k,t3_1fm084o,t3_1fm084o,tampa,patty202,1726934787,2024-09-21 16:06,5,Great! I hope they make a lot of money off these entitled jerks.,helene,community_discussion,
lo86boo,t3_1fm084o,t1_lo7fg2b,tampa,SilverHammer10,1726935207,2024-09-21 16:13,2,"As somebody who gets stopped by these busses, it’s not 15 minutes. It’s similar to a stop light. So maybe not as short as 100 seconds, but honestly not that big of a difference to ensure the safety of children getting to the brain factory",helene,community_discussion,
lo86ru0,t3_1fm084o,t1_lo86boo,tampa,nineteen_eightyfour,1726935358,2024-09-21 16:15,1,It’s like 20-30 cars deep that stop and you can’t get past them for several stops 🤷‍♀️ we need to design shit better,helene,community_discussion,
lo87n8u,t3_1fm084o,t1_lo7i11a,tampa,[deleted],1726935648,2024-09-21 16:20,1,[removed],helene,community_discussion,
lo883kf,t3_1fm084o,t1_lo7kfy7,tampa,[deleted],1726935796,2024-09-21 16:23,1,[removed],helene,community_discussion,
lo8af8s,t3_1fm084o,t1_lo72ldy,tampa,sayaxat,1726936561,2024-09-21 16:36,2,"Do they not have another option to put the stop somewhere off of US19. 
It's like risk assessors came by, took a look and said, it's risky but it's worth it.",helene,community_discussion,
lo8atrv,t3_1fm084o,t1_lo7fama,tampa,LobsterOfViolence,1726936692,2024-09-21 16:38,5,"Yup, this. Shouldn't be doing pickups on 19.",helene,community_discussion,
lo8awdu,t3_1fm084o,t3_1fm084o,tampa,Irishqueen81,1726936716,2024-09-21 16:38,2,"Good, multiple times i stop, and cars drive around me to go. The first time it happened, i was so confused, like is this not the law here also!!",helene,community_discussion,
lo8b5oc,t3_1fm084o,t1_lo72ldy,tampa,Heartslumber,1726936800,2024-09-21 16:40,8,Every bus stop has this issue in Pasco. These people just don't give a shit about bus stops or school zones.,helene,community_discussion,
lo8chee,t3_1fm084o,t3_1fm084o,tampa,TEHKNOB,1726937229,2024-09-21 16:47,1,Good,helene,community_discussion,
lo8cqkj,t3_1fm084o,t1_lo86ru0,tampa,Ihaveamodel3,1726937313,2024-09-21 16:48,1,Leave 3 minutes earlier and be in front of the bus.,helene,community_discussion,
lo8d5y4,t3_1fm084o,t1_lo7i11a,tampa,Ihaveamodel3,1726937448,2024-09-21 16:50,3,You don’t have to stop on a divided highway if the median is unpaved.,helene,community_discussion,
lo8d6ng,t3_1fm084o,t1_lo8af8s,tampa,Doctor_McKay,1726937454,2024-09-21 16:50,1,"They put the stops where they need to be for the kids. It's not like someone specifically looked at 19 and decided ""that's a perfect place for a school bus stop"".",helene,community_discussion,
lo8dhe4,t3_1fm084o,t1_lo783ph,tampa,Ihaveamodel3,1726937548,2024-09-21 16:52,2,"What?

If you are entering a roundabout, you have to yield to any vehicle that is in the roundabout whether or not it is a school bus…",helene,community_discussion,
lo8dj15,t3_1fm084o,t1_lo78gbq,tampa,Doctor_McKay,1726937563,2024-09-21 16:52,2,... because the business donated the cameras.,helene,community_discussion,
lo8dnrk,t3_1fm084o,t1_lo7i11a,tampa,Doctor_McKay,1726937606,2024-09-21 16:53,2,It isn't. You don't have to stop if there's a raised median.,helene,community_discussion,
lo8ehqu,t3_1fm084o,t1_lo70vkx,tampa,TokenPanduh,1726937873,2024-09-21 16:57,2,I just moved back from Denver and I just noticed this. It's so bad! And there are so many toll roads here! I never noticed before because it's what I grew up with but after going to a different state... Wow.,helene,community_discussion,
lo8ejib,t3_1fm084o,t1_lo8cqkj,tampa,nineteen_eightyfour,1726937889,2024-09-21 16:58,3,As I literally said it doesn’t affect me but it’s not 3 minutes. It’s a ton of time and multiple busses. Not sure you can just “not be out when they are” and get to work at your time. 😂 I like that other places don’t have this issue bc they don’t suck at infrastructure but somehow it’s everyone else’s fault this city expanded faster than it could handle.,helene,community_discussion,
lo8eulo,t3_1fm084o,t1_lo8atrv,tampa,nineteen_eightyfour,1726937985,2024-09-21 16:59,3,"Yeah. It’s a huge road with people going insanely fast. Honestly all of 19 needs to be more like it is around Clearwater with exits, not businesses to right and left at 55 mph",helene,community_discussion,
lo8f0jo,t3_1fm084o,t1_lo78sws,tampa,TokenPanduh,1726938038,2024-09-21 17:00,2,He's probably one of the ones that passed a school bus. If I had to take a guess I would probably say it has happened multiple times lol,helene,community_discussion,
lo8fnhh,t3_1fm084o,t1_lo779sk,tampa,TokenPanduh,1726938243,2024-09-21 17:04,2,"I agree with this, and I think it needs to happen more frequently after a certain age. I remember back in the day when I was working at Radio Shack, there was a guy who took 10 minutes to get out of his vehicle and get his walker set up. It was crazy then to think this guy still had a license.",helene,community_discussion,
lo8j8lv,t3_1fm084o,t3_1fm084o,tampa,TheB3rn3r,1726939378,2024-09-21 17:22,3,"Unfortunately not a new problem…
https://youtu.be/z527hYu1YXo",helene,community_discussion,
lo8kd9w,t3_1fm084o,t1_lo8j8lv,tampa,TokenPanduh,1726939735,2024-09-21 17:28,1,The fact that this is from Tampa 5 years ago is actually a little insane to me.,helene,community_discussion,
lo8llle,t3_1fm084o,t1_lo779sk,tampa,Ereliukas,1726940129,2024-09-21 17:35,1,Why exactly 7 years?,helene,community_discussion,
lo8mgep,t3_1fm084o,t1_lo8fnhh,tampa,ElliotNess,1726940398,2024-09-21 17:39,6,What's wrong with taking a long time to get out of a vehicle? How does that imply poor driving skills?,helene,community_discussion,
lo8mmn8,t3_1fm084o,t1_lo8dj15,tampa,s1owpokerodriguez,1726940453,2024-09-21 17:40,3,Donated? Since when do you get paid for donations? Think that business just gave out millions of dollars worth of equipment out of the kindness of their heart? They are getting paid paid,helene,community_discussion,
lo8naca,t3_1fm084o,t1_lo8mgep,tampa,TokenPanduh,1726940661,2024-09-21 17:44,0,"If it takes you 10 minutes to get out of a vehicle, imagine your reaction time to someone walking across the street in front of you, or a car pulling out in front of you, or any number of things that take fast reaction time. It wasn't like he got out of the vehicle and then he was super sprung. He was incredibly frail and probably should not have been driving.",helene,community_discussion,
lo8nlaw,t3_1fm084o,t1_lo8naca,tampa,ElliotNess,1726940758,2024-09-21 17:45,8,"i mean he could have had a hip replacement, which wouldn't have anything to do with his reaction time or ability to manipulate the steering wheel and pedals. Just means he has to take longer to stand up.",helene,community_discussion,
lo8pe28,t3_1fm084o,t1_lo8nlaw,tampa,TokenPanduh,1726941327,2024-09-21 17:55,1,"That wasn't the case in this particular situation. This man was in his late 80s early 90s and he came in to shop; he should not have been driving. 

However, the original point still stands, after a certain age drivers should be tested more regularly to determine things like their reaction time and if their vision is still good enough.",helene,community_discussion,
lo8rj6g,t3_1fm084o,t1_lo8mmn8,tampa,Doctor_McKay,1726942053,2024-09-21 18:07,1,"I never said they did, simply that the county didn't pay for the cameras, so the fines go to pay for them.",helene,community_discussion,
lo8ruxb,t3_1fm084o,t1_lo8pe28,tampa,ElliotNess,1726942159,2024-09-21 18:09,5,"yeah my only pushback was ""man that took 10 minutes to get out of his car and needed a walker"". :)",helene,community_discussion,
lo8sy3r,t3_1fm084o,t1_lo7wg89,tampa,Praise_the_Tsun,1726942523,2024-09-21 18:15,3,Let us not forget that the politicians that signed off on the contract are also probably getting kickbacks from that company.,helene,community_discussion,
lo8un10,t3_1fm084o,t1_lo8sy3r,tampa,pyscle,1726943080,2024-09-21 18:24,2,"Isn’t the School Board non-partisan? Can you even call them politicians? They are just good Middle Aged women looking out for “what about the children?”. /s

There is even a ballot initiative for November to change that back to partisan, like it was before.",helene,community_discussion,
lo8v0an,t3_1fm084o,t1_lo6yy1h,tampa,pyscle,1726943200,2024-09-21 18:26,2,Divided or undivided?,helene,community_discussion,
lo8zg2g,t3_1fm084o,t1_lo78sws,tampa,MentalStampede,1726944724,2024-09-21 18:52,1,"Ah, Nextdoor. Or as I call it, ""Stupid Facebook"".",helene,community_discussion,
lo9egab,t3_1fm084o,t1_lo7wg89,tampa,Mike15321,1726949935,2024-09-21 20:18,1,"The end goal should be the reduce the amount of people passing school buses, therefore increasing child safety. The money is simply a means of encouraging people to act right. This shouldn't be viewed as a money making thing.",helene,community_discussion,
lo9fywu,t3_1fm084o,t1_lo9egab,tampa,pyscle,1726950447,2024-09-21 20:27,1,"Well, the only one making money, is the company that added the cameras to the buses. Just like the red light cameras. 

Privatizing traffic enforcement is not the answer for anything. 

The studies all show that the stop arm cameras do not increase child safety, as they only document, not prevent. I believe the latest NHTSA study (yes, it’s five or ten years old) showed an average of 12 children dying a year, with the vast majority of them (maybe 70%?? again, memory) being struck by school buses. If one wanted to actually increase child safety around school busses, I would pick the low hanging fruit that is causing the largest number of deaths, not the fix that sounds great on paper, but has near zero effect on actual safety.",helene,community_discussion,
lo9gnir,t3_1fm084o,t1_lo8llle,tampa,chipcarlton,1726950674,2024-09-21 20:31,2,"Seems like a good number.  5 too short , 10 too long.",helene,community_discussion,
lo9n2hp,t3_1fm084o,t1_lo8fnhh,tampa,TheB3rn3r,1726952823,2024-09-21 21:07,5,I don’t even think “after a certain age” should be part of it. Honestly it should be once every 10 years or something… I bet a lot of the drivers out there today would fail miserably,helene,community_discussion,
lo9zqbe,t3_1fm084o,t1_lo9n2hp,tampa,Ihaveamodel3,1726957432,2024-09-21 22:23,1,"Yep, there’s lots of new traffic control devices out there today that weren’t asked about in drivers tests 10 years ago. It would make sense to have an updated test and training session on a regular basis for drivers.

Flashing yellow arrows, green pavement marking, pedestrian hybrid beacons, rectangular rapid flashing beacons, etc",helene,community_discussion,
loa3plv,t3_1fm084o,t1_lo8eulo,tampa,LobsterOfViolence,1726958920,2024-09-21 22:48,1,"The biggest problem with 19 in Pasco and North Pinellas is that 19 *should* be a throughfare. None exist in the area, and it desperately needs to be one to alleviate traffic flowing north and south. 

With stoplights, and school buses and businesses, it just turns into a stop and go nightmare with frustrated commuters, slow boomers/snowbirds, speeding teens and 20s, and like a cherry on top, homeless people chancing crossing on foot.

Same thing needs to happen to 54 in Pasco fwiw, it's getting just as bad as 19, honestly.",helene,community_discussion,
loa3tkb,t3_1fm084o,t1_lo9n2hp,tampa,TokenPanduh,1726958961,2024-09-21 22:49,1,"I think that everyone would benefit from being tested every ten years, but when you start to get older, the decline starts happening faster. That's why I said I think after a certain age, it should be more frequent. I think if you go from 70-80 or even 80-90 to be tested, that is too long of a time frame.",helene,community_discussion,
loay3yw,t3_1fm084o,t1_lo9n2hp,tampa,chipcarlton,1726971312,2024-09-22 02:15,1,For sure.  How about all these tickets being issued cause drivers don’t even know they can’t pass a stopped school bus.,helene,community_discussion,
lob4j6i,t3_1fm084o,t3_1fm084o,tampa,[deleted],1726974135,2024-09-22 03:02,1,[removed],helene,community_discussion,
lob4t4m,t3_1fm084o,t1_lo8fnhh,tampa,[deleted],1726974262,2024-09-22 03:04,1,[removed],helene,community_discussion,
lob54l4,t3_1fm084o,t1_loay3yw,tampa,[deleted],1726974408,2024-09-22 03:06,1,[removed],helene,community_discussion,
lob5exg,t3_1fm084o,t1_lo70f6n,tampa,[deleted],1726974538,2024-09-22 03:08,1,[removed],helene,community_discussion,
lob5n76,t3_1fm084o,t1_lo7sw7x,tampa,[deleted],1726974645,2024-09-22 03:10,1,[removed],helene,community_discussion,
lob5tsq,t3_1fm084o,t1_lo8522k,tampa,[deleted],1726974728,2024-09-22 03:12,1,[removed],helene,community_discussion,
lob6c0a,t3_1fm084o,t1_lo7bvze,tampa,[deleted],1726974960,2024-09-22 03:16,1,[removed],helene,community_discussion,
lob6l22,t3_1fm084o,t1_lo7796i,tampa,[deleted],1726975077,2024-09-22 03:17,1,[removed],helene,community_discussion,
lobfy3n,t3_1fm084o,t1_lo7mwpu,tampa,k0unitX,1726979771,2024-09-22 04:36,0,I think you should get your license suspended for being such an authoritarian bootlicker,helene,community_discussion,
loc7flg,t3_1fm084o,t1_lobfy3n,tampa,Maxcactus,1726997550,2024-09-22 09:32,1,Laws are required when basic common sense fails to cause people to do the correct thing. If some person operates a lethal machine around unpredictable children in a dangerous way society should step in and stop them.,helene,community_discussion,
loezlx1,t3_1fm084o,t1_loc7flg,tampa,k0unitX,1727035181,2024-09-22 19:59,0,"These weren't situations where kids were actively trying to cross the road and some car weaves around them. Give me a break.

Americans *really* need bigger problems to solve",helene,community_discussion,
lo711jk,t3_1fm16wi,t3_1fm16wi,tampa,ProfessorGlittering2,1726919863,2024-09-21 11:57,3,Fergs,helene,community_discussion,
lo71417,t3_1fm16wi,t3_1fm16wi,tampa,1312_Tampa_161,1726919898,2024-09-21 11:58,2,Any of the bars in ybor except flex.,helene,community_discussion,
lo73h0p,t3_1fm16wi,t3_1fm16wi,tampa,C00T3RIFIC,1726921060,2024-09-21 12:17,4,"Hattricks but I’d get there early. 

Blind goat is also solid if you’re looking for a dive bar feel",helene,community_discussion,
lo75kvn,t3_1fm16wi,t3_1fm16wi,tampa,[deleted],1726922036,2024-09-21 12:33,1,[removed],helene,community_discussion,
lo765jj,t3_1fm16wi,t3_1fm16wi,tampa,lazy_turtle18,1726922294,2024-09-21 12:38,2,Press box on dale  mabry,helene,community_discussion,
lo7ab4e,t3_1fm16wi,t1_lo71417,tampa,Easy_Firefighter_739,1726924022,2024-09-21 13:07,1,Ybor? Actually in Clearwater does that make a difference?,helene,community_discussion,
lo7coz1,t3_1fm16wi,t3_1fm16wi,tampa,sjcrookston,1726924972,2024-09-21 13:22,1,ferg’s is A+ for college,helene,community_discussion,
lo7fd3y,t3_1fm16wi,t3_1fm16wi,tampa,justsomeguy2424,1726926010,2024-09-21 13:40,1,Peabody’s,helene,community_discussion,
lo7i73v,t3_1fm16wi,t1_lo7ab4e,tampa,I_dont_cuddle,1726927063,2024-09-21 13:57,2,I would update your post to reflect that because you’re going to get a majority Tampa recs,helene,community_discussion,
lo7p74v,t3_1fm16wi,t1_lo7ab4e,tampa,1312_Tampa_161,1726929497,2024-09-21 14:38,1,"Yep, make sure to update the post with that info",helene,community_discussion,
locnhiz,t3_1fm16wi,t3_1fm16wi,tampa,mitchivantaylorov,1727007341,2024-09-22 12:15,1,..any sports bar on channelside,helene,community_discussion,
lo723so,t3_1fm1ct6,t3_1fm1ct6,tampa,1312_Tampa_161,1726920399,2024-09-21 12:06,28,Don't tell them.  Free cones.,helene,community_discussion,
lo724sa,t3_1fm1ct6,t3_1fm1ct6,tampa,TheBlitz88,1726920413,2024-09-21 12:06,5,Send them a cease and desist,helene,community_discussion,
lo72ifl,t3_1fm1ct6,t3_1fm1ct6,tampa,Comfortable_Art2955,1726920605,2024-09-21 12:10,13,There is a device looks like this 📲,helene,community_discussion,
lo730ab,t3_1fm1ct6,t3_1fm1ct6,tampa,AffectionateSun5776,1726920844,2024-09-21 12:14,-5,Can't do phone right now. Chat won't accept info.,helene,community_discussion,
lo73t0t,t3_1fm1ct6,t3_1fm1ct6,tampa,ChardPurple,1726921218,2024-09-21 12:20,4,Call the police,helene,community_discussion,
lo746ou,t3_1fm1ct6,t1_lo730ab,tampa,tropicalsoul,1726921393,2024-09-21 12:23,3,"There’s this neat trick you can do with a smartphone.  First you need to find your bill and look for a phone number to call. Alternatively, use the interwebs to Google (search) for a phone number.

Then, from your Home Screen, tap on that little icon that looks like a phone. A screen pops up that looks like a calculator. Tap each number of the contact number and then press the green phone icon to connect. You will then be magically connected to TECO’s phone system. From here, you will have to make choices by pressing numbers corresponding to where you want to be connected to.

It’s really cool!  Try it!

![gif](giphy|Rhhr8D5mKSX7O)",helene,community_discussion,
lo74e3s,t3_1fm1ct6,t3_1fm1ct6,tampa,Truth-and-Power,1726921487,2024-09-21 12:24,1,You need a lawyer,helene,community_discussion,
lo75aex,t3_1fm1ct6,t1_lo72ifl,tampa,tropicalsoul,1726921904,2024-09-21 12:31,1,"There is?  I have got to get me one of those! 

OP has got to be a troll because the alternative is unthinkable (and that’s saying something given the level of idiocy we already have to live with here).",helene,community_discussion,
lo75k9i,t3_1fm1ct6,t3_1fm1ct6,tampa,krakatoa83,1726922028,2024-09-21 12:33,3,Everyone gets two free cones.,helene,community_discussion,
lo75lrv,t3_1fm1ct6,t3_1fm1ct6,tampa,jeanb23,1726922048,2024-09-21 12:34,1,813-223-0800 TECO,helene,community_discussion,
lo75xmq,t3_1fm1ct6,t1_lo723so,tampa,drunkadvice,1726922197,2024-09-21 12:36,11,"I stole a cone in college.  20 years later I use it as a door stop, and when kids are playing outside.",helene,community_discussion,
lo763at,t3_1fm1ct6,t1_lo730ab,tampa,shinkhi,1726922266,2024-09-21 12:37,1,Are you trolling?,helene,community_discussion,
lo76825,t3_1fm1ct6,t1_lo75xmq,tampa,1312_Tampa_161,1726922326,2024-09-21 12:38,5,"I stole a ""sidewalk closed"" sign from ybor, brought it back 2 months later, and it say in a random spot for a year lol.",helene,community_discussion,
lo76jow,t3_1fm1ct6,t1_lo763at,tampa,AffectionateSun5776,1726922466,2024-09-21 12:41,0,No we have cones & teco will buy new ones if they don't get these back.,helene,community_discussion,
lo76kjk,t3_1fm1ct6,t1_lo72ifl,tampa,QuadraKev_,1726922476,2024-09-21 12:41,4,Why is that your pfp,helene,community_discussion,
lo7779g,t3_1fm1ct6,t1_lo723so,tampa,Western_Mud8694,1726922748,2024-09-21 12:45,6,"There not free, we all have paid for them 👍",helene,community_discussion,
lo77eu0,t3_1fm1ct6,t1_lo76jow,tampa,Western_Mud8694,1726922837,2024-09-21 12:47,2,Maybe that’s why they want a price increase…again 🤬,helene,community_discussion,
lo792wf,t3_1fm1ct6,t3_1fm1ct6,tampa,[deleted],1726923525,2024-09-21 12:58,1,[removed],helene,community_discussion,
lo7a0yi,t3_1fm1ct6,t1_lo75k9i,tampa,AffectionateSun5776,1726923907,2024-09-21 13:05,1,LOL,helene,community_discussion,
lo7a4ni,t3_1fm1ct6,t1_lo76jow,tampa,thecoolestguynothere,1726923948,2024-09-21 13:05,1,Facebook market,helene,community_discussion,
lo7adiy,t3_1fm1ct6,t1_lo7a4ni,tampa,AffectionateSun5776,1726924048,2024-09-21 13:07,1,No Facebook,helene,community_discussion,
lo7aknw,t3_1fm1ct6,t1_lo77eu0,tampa,AffectionateSun5776,1726924129,2024-09-21 13:08,1,That's a good reason to return them.,helene,community_discussion,
lo7cpgh,t3_1fm1ct6,t3_1fm1ct6,tampa,[deleted],1726924978,2024-09-21 13:22,1,[removed],helene,community_discussion,
lo7crzi,t3_1fm1ct6,t3_1fm1ct6,tampa,Pop_Smoke,1726925004,2024-09-21 13:23,1,Free cones!,helene,community_discussion,
lo7icuq,t3_1fm1ct6,t3_1fm1ct6,tampa,ThinkOutcome929,1726927120,2024-09-21 13:58,1,For Bass out of your Saxophone,helene,community_discussion,
lo7l8iv,t3_1fm1ct6,t3_1fm1ct6,tampa,AffectionateSun5776,1726928142,2024-09-21 14:15,1,"I can hardly believe it! A Teco subcontractor already came & got them.
On Saturday.",helene,community_discussion,
lo7lp0r,t3_1fm1ct6,t3_1fm1ct6,tampa,jsgarcia04,1726928302,2024-09-21 14:18,1,Damn. Read that as “taco” 🤣,helene,community_discussion,
lo78c8w,t3_1fm1lu0,t3_1fm1lu0,tampa,TomFooledYou,1726923222,2024-09-21 12:53,1,That would be a bummer. I looked back on their insta and 9/22 was the date they dropped the line up last year and we are past that date now.,helene,community_discussion,
lo78j4l,t3_1fm1lu0,t3_1fm1lu0,tampa,kixer9,1726923302,2024-09-21 12:55,3,"It's a shell of what it was. Used to be two full days headlining with A-list bands both nights. Now it's just a handful of artists and no real headliner. They used to line up with a show in Ft Laudy so artists would be able to get two shows for their travel, but idk what happened to that one either",helene,community_discussion,
lo79nki,t3_1fm1lu0,t3_1fm1lu0,tampa,pak256,1726923756,2024-09-21 13:02,2,Once they moved off direct radio stations their listeners plummeted.,helene,community_discussion,
lo79ywz,t3_1fm2fe0,t3_1fm2fe0,tampa,Matt_M_3,1726923883,2024-09-21 13:04,5,Just search for this in the sub.,helene,community_discussion,
lo7at4n,t3_1fm2fe0,t3_1fm2fe0,tampa,Indifferentchildren,1726924226,2024-09-21 13:10,1,Dragging the sand for fossilized shark teeth on Venice Beach is kind of cool.,helene,community_discussion,
lo7cirx,t3_1fm2fe0,t3_1fm2fe0,tampa,Inthecards21,1726924907,2024-09-21 13:21,5,Hookers and coke. See 2001 Oddessy,helene,community_discussion,
lo7dzej,t3_1fm2fe0,t1_lo7cirx,tampa,NomadFeet,1726925472,2024-09-21 13:31,1,"I want to go in that damn spaceship but not for the strippers. There are only 2 Futuro houses left in Florida and this is one of them. Since I am an older married lady and not a Tampa high roller, I am unfortunately not the target audience for that place. Link for anyone wondering WTF is a Futuro house. [https://www.clickorlando.com/news/local/2024/07/11/house-of-the-future-why-is-there-a-ufo-on-top-of-this-florida-strip-club/](https://www.clickorlando.com/news/local/2024/07/11/house-of-the-future-why-is-there-a-ufo-on-top-of-this-florida-strip-club/)",helene,community_discussion,
lo7e3jd,t3_1fm2fe0,t3_1fm2fe0,tampa,NomadFeet,1726925516,2024-09-21 13:31,1,How old are y'all and what are you into?,helene,community_discussion,
lo7eg27,t3_1fm2fe0,t1_lo7cirx,tampa,Shanks147,1726925650,2024-09-21 13:34,1,Yeah definitely this place.,helene,community_discussion,
lo7ei4x,t3_1fm2fe0,t1_lo7e3jd,tampa,Shanks147,1726925672,2024-09-21 13:34,1,"Mid twenties, we’re pretty much open to anything that’s not just beaches or the parks.",helene,community_discussion,
lo7esis,t3_1fm2fe0,t3_1fm2fe0,tampa,Swampbrewja,1726925786,2024-09-21 13:36,1,You’ll be in Tampa or Orlando? Also what beach in Orlando?!,helene,community_discussion,
lo7eykw,t3_1fm2fe0,t1_lo7esis,tampa,Shanks147,1726925853,2024-09-21 13:37,1,"We’ll be staying in Tampa, I meant find other things to do besides the beaches in the area and the parks in Orlando. I know there’s no beaches in Orlando",helene,community_discussion,
lo7feou,t3_1fm2fe0,t1_lo7eykw,tampa,Swampbrewja,1726926027,2024-09-21 13:40,2,You could go kayaking through the mangrove tunnels at weedon island. You just need to check the tides for the day you want to go because low tide limits your kayaking drastically. And then go to downtown st Pete for food and drinks.,helene,community_discussion,
lo7gue6,t3_1fm2fe0,t1_lo7feou,tampa,Shanks147,1726926568,2024-09-21 13:49,1,Writing this down. Thanks!,helene,community_discussion,
lo7gyzc,t3_1fm2fe0,t3_1fm2fe0,tampa,Funkyokra,1726926617,2024-09-21 13:50,0,Tampa Bay area? Go to the beach.,helene,community_discussion,
lo7h6fd,t3_1fm2fe0,t1_lo7gue6,tampa,Swampbrewja,1726926694,2024-09-21 13:51,1,"If y’all will have a vehicle and really don’t mind the drive you should check out a spring too. The water is cold year round and you can see to the bottom. You could kayak or tube down one of them. If you’re here during the week I’d actually suggest that over weedon island now that I’m thinking about it. But don’t go on the weekend, it’s wild on the weekends.",helene,community_discussion,
lo7hd6w,t3_1fm2fe0,t1_lo7gyzc,tampa,Shanks147,1726926763,2024-09-21 13:52,1,"Yes…that’s a given, but I’m looking for other options besides just a beach. We’ll be here for 10 days. The beach is nice, but not 10 days all day nice.",helene,community_discussion,
lo7hjfu,t3_1fm2fe0,t3_1fm2fe0,tampa,whynottheobvious,1726926825,2024-09-21 13:53,1,"Depends on what you're into. Ybor to party, drink. Busch gardens. Dali museum. I think there's a multi attraction 3 day pass available. I think there's a riverwalk with trolly. Scooters. Deep sea fishing. There's a lot.",helene,community_discussion,
lo7j9gt,t3_1fm2fe0,t3_1fm2fe0,tampa,ABrightOrange,1726927445,2024-09-21 14:04,1,"Take the Pirate Taxi up and down the river. The riverwalk itself is a destination locals favor. If the weather is nice go to Columbia Cafe to drink sangria and visit Tampa Bay History museum to which it is attached. Armature Works is a popular food hall. 

Ybor is not the place it used to be but it is still a nice place to walk around and has interesting shopping to say the least and the Ritz and the Castle are still relevant - I was just there and there is a vintage boutique called La France that is a landmark. Smoke cigars at King Corona. There is a park given to Cuba in Ybor so you can say you went to Cuba too, Jose Marti Park 

If you enjoy nature, Hillsborough State Park has miles of trails and part of the river has rapids. You can also rent canoes or kayaks as the river is a designated paddling trail. Lake county has great paddling trails also here is a link to all paddling trails https://floridadep.gov/PaddlingTrails (I just really love kayaking and paddle boarding) 

For local swimming, springs. The Kings Bay springs group in Crystal River is not too far and is easy to access. Going during the week and not the weekend is critical for any springs just to avoid how crowded it will be. And always check to see if springs are closed beforehand - Weeki Wachee is going through some issues rn, I would avoid it. 

Lots of us locals are nature nuts and so that’s what we already like to do, beaches and parks 

But maybe the parks to which you were referring are theme parks. 🧐",helene,community_discussion,weather
lo7jkur,t3_1fm2fe0,t1_lo7dzej,tampa,ABrightOrange,1726927556,2024-09-21 14:05,1,Awesome article thanks for the share. Now I want to go in the spaceship too. Also not their target audience 🤪,helene,community_discussion,
lo7jsf9,t3_1fm2fe0,t1_lo7j9gt,tampa,Shanks147,1726927631,2024-09-21 14:07,2,"Very VERY helpful. Thank you very much! And yes, I referred to theme parks like Disney. I updated that in my post. Thanks again!",helene,community_discussion,
lo7n1s1,t3_1fm2fe0,t3_1fm2fe0,tampa,Worried_Driver9708,1726928771,2024-09-21 14:26,1,Catch a lightning game if you can! Preseason starts next week.,helene,community_discussion,
lo7ngx1,t3_1fm2fe0,t1_lo7n1s1,tampa,Worried_Driver9708,1726928913,2024-09-21 14:28,1,"Also, there are a lot of breweries if you are interested. I like Woven Water, Southern Brewing, Angry Chair, and BarrieHaus.",helene,community_discussion,
lo7nuf2,t3_1fm2fe0,t1_lo7ngx1,tampa,Shanks147,1726929036,2024-09-21 14:30,1,"Good to know! Yeah hopefully the Lightning still play in March, not too familiar with NHL seasons but would be a good idea!",helene,community_discussion,
lo7oqk8,t3_1fm2fe0,t1_lo7nuf2,tampa,Worried_Driver9708,1726929342,2024-09-21 14:35,1,"https://preview.redd.it/gyzdflgjb6qd1.jpeg?width=828&format=pjpg&auto=webp&s=202493d29ec3f7d57de96816651649d6b9f6826d

Here ya go :)",helene,community_discussion,
lo7p8er,t3_1fm2fe0,t1_lo7oqk8,tampa,Shanks147,1726929509,2024-09-21 14:38,1,Nice! Thanks for giving me the info. Plenty of home games to catch!,helene,community_discussion,
lo7o5c3,t3_1fm4896,t3_1fm4896,tampa,md28usmc,1726929139,2024-09-21 14:32,1,https://www.reddit.com/r/tampa/comments/1fbud8d/looking_for_bar_or_restaurant_recommendations/,helene,community_discussion,
lo7q4fi,t3_1fm4g4f,t3_1fm4g4f,tampa,[deleted],1726929809,2024-09-21 14:43,1,[removed],helene,community_discussion,
lo7q9wz,t3_1fm4g4f,t3_1fm4g4f,tampa,ImAMindlessTool,1726929861,2024-09-21 14:44,24,"I agree that there are some in that community that are just douche bags and expect you to cater to them.  If you don't listen (or couldn't), they ride by while insulting you and your party as if they have the right of way all the time.",helene,community_discussion,
lo7qb6z,t3_1fm4g4f,t3_1fm4g4f,tampa,frywice,1726929873,2024-09-21 14:44,13,Damn😂,helene,community_discussion,
lo7qpgx,t3_1fm4g4f,t3_1fm4g4f,tampa,Bellypats,1726930008,2024-09-21 14:46,75,I’m not sure why vehicles are allowed on a walkway.  It’s literally called river walk.,helene,community_discussion,
lo7qpr1,t3_1fm4g4f,t3_1fm4g4f,tampa,RowYourBoatTFAway,1726930010,2024-09-21 14:46,7,Everyone under 3 is an idiot,helene,community_discussion,
lo7qu21,t3_1fm4g4f,t3_1fm4g4f,tampa,DicksBuddy,1726930052,2024-09-21 14:47,9,"Agreed. Mayor Jane should build a separate bike trail on the river. It's called the RiverWALK, not the Riverride.",helene,community_discussion,
lo7qyol,t3_1fm4g4f,t3_1fm4g4f,tampa,ksigley,1726930096,2024-09-21 14:48,1,you're\*,helene,community_discussion,
lo7rg8l,t3_1fm4g4f,t3_1fm4g4f,tampa,ReimannOne,1726930260,2024-09-21 14:51,12,"/r/tampa, I think I found the problem.

> live between here and New York",helene,community_discussion,
lo7rmdo,t3_1fm4g4f,t1_lo7qpgx,tampa,Hills2Horizons,1726930318,2024-09-21 14:51,-12,Lol what? I've never seen a vehicle on Riverwalk,helene,community_discussion,
lo7rtu8,t3_1fm4g4f,t3_1fm4g4f,tampa,scp333,1726930387,2024-09-21 14:53,8,"Based on your spelling and grammar, so are you.",helene,community_discussion,
lo7s1um,t3_1fm4g4f,t3_1fm4g4f,tampa,Fun_Performer_7930,1726930460,2024-09-21 14:54,3,I wish I could have been there 😂,helene,community_discussion,
lo7s61i,t3_1fm4g4f,t3_1fm4g4f,tampa,SoggyTree813,1726930498,2024-09-21 14:54,0,Hell yeah got what he deserved,helene,community_discussion,
lo7s7ib,t3_1fm4g4f,t1_lo7rmdo,tampa,lxa1947,1726930512,2024-09-21 14:55,28,Bikes and scooters are technically vehicles. You can get a dui operating them.,helene,community_discussion,
lo7seii,t3_1fm4g4f,t1_lo7qpr1,tampa,lxa1947,1726930577,2024-09-21 14:56,3,"Yup.

Source: I have a 3 month old",helene,community_discussion,
lo7seqd,t3_1fm4g4f,t3_1fm4g4f,tampa,[deleted],1726930579,2024-09-21 14:56,1,[removed],helene,community_discussion,
lo7si72,t3_1fm4g4f,t1_lo7q9wz,tampa,TenderestFilly1869,1726930611,2024-09-21 14:56,4,"TBh If I didnt have my dog even thought its fucked when that dude ran his mouth I woulda shoved him off his bike when he rode by, the bikers are assholes and Im all for bringing around consequences, Im over boomers and esp Tampa boomer cyclist entitled shit",helene,community_discussion,
lo7smt5,t3_1fm4g4f,t1_lo7rmdo,tampa,TenderestFilly1869,1726930655,2024-09-21 14:57,8,Ima venture a bet they mean EBikes and Scooters which can hit 30 easily and are piloted by out of towners and idiots with no respect for the locals,helene,community_discussion,
lo7t1jk,t3_1fm4g4f,t1_lo7rg8l,tampa,TenderestFilly1869,1726930795,2024-09-21 14:59,-1,"Lovely of you to assume, since I was born and raised in Sarasota and have had it as my primary residence in Florida for the entirety of my life.  I just can afford to enjoy both and my job has me go between both.

Dont be so bitter because your life consist of shitting on people on the internet, maybe go outside, wreck your bike into a pole.",helene,community_discussion,
lo7t9xr,t3_1fm4g4f,t1_lo7smt5,tampa,Few_Background2938,1726930873,2024-09-21 15:01,2,Exactly and then they dump them into the river 😭,helene,community_discussion,
lo7tedm,t3_1fm4g4f,t1_lo7s7ib,tampa,Hills2Horizons,1726930913,2024-09-21 15:01,2,"Yeah getting a DUI on a bicycle is so wild to me. I know someone who got one in Kenneth City (huge shock, I know 😆) back in like 99 or 2000. A motorized scooter I could see being called a vehicle though since there's a motor.",helene,community_discussion,
lo7tpbd,t3_1fm4g4f,t1_lo7smt5,tampa,Hills2Horizons,1726931015,2024-09-21 15:03,6,Yeah maybe. But I agree... every time I've gone to Riverwalk there's some jerk on a bicycle either zipping around everyone or doing wheelies. It's rude and dangerous.,helene,community_discussion,
lo7tsnb,t3_1fm4g4f,t3_1fm4g4f,tampa,jeremyvr46,1726931046,2024-09-21 15:04,31,Calling someone an idiot and writing “your” instead of “you’re” is pretty ironic. 😂,helene,community_discussion,
lo7u165,t3_1fm4g4f,t3_1fm4g4f,tampa,pa_skunk,1726931124,2024-09-21 15:05,3,Whose idiots?,helene,community_discussion,
lo7u203,t3_1fm4g4f,t3_1fm4g4f,tampa,Irishqueen81,1726931132,2024-09-21 15:05,12,😅😅😅 you had me at suck my asshole 😅😅 that shit was hilarious,helene,community_discussion,
lo7u3o6,t3_1fm4g4f,t3_1fm4g4f,tampa,PPPP4MU,1726931148,2024-09-21 15:05,2,Bayshore sucks like this too. Perfectly good BIKE LANE on it but idiots fly down the sidewalk.,helene,community_discussion,
lo7u7ud,t3_1fm4g4f,t1_lo7t1jk,tampa,Revolutionary_Sir_,1726931188,2024-09-21 15:06,15,Bro your post is about shitting on people on the internet.,helene,community_discussion,
lo7ulyi,t3_1fm4g4f,t1_lo7u7ud,tampa,TenderestFilly1869,1726931318,2024-09-21 15:08,-4,No my post was about the karma of some biker being a dick. I didnt do a thing but watch the show,helene,community_discussion,
lo7uqk4,t3_1fm4g4f,t1_lo7u203,tampa,TenderestFilly1869,1726931362,2024-09-21 15:09,-8,I mean if your gunna insult them make em spicy is my theory.  I called a hannah who was power texting and almost ran into me a twat waffle.,helene,community_discussion,power
lo7uqkz,t3_1fm4g4f,t1_lo7t1jk,tampa,Playful-Sample-1509,1726931362,2024-09-21 15:09,3,I agree with the points you made earlier.. but you are kind of shitting on people on the internet too.  But don’t go wrecking your bike into a pole or anything…,helene,community_discussion,
lo7uvse,t3_1fm4g4f,t1_lo7rtu8,tampa,TenderestFilly1869,1726931412,2024-09-21 15:10,-5,"Oh thank god I have the spelling and grammar police here, you can also suck my asshole <3",helene,community_discussion,
lo7uzql,t3_1fm4g4f,t1_lo7qpgx,tampa,jlm7552,1726931448,2024-09-21 15:10,20,"River walk, side walk, cross walk…cyclists are not walking and should not be allowed to use these when they have dedicated bike lanes I’m not supposed to walk in",helene,community_discussion,
lo7v297,t3_1fm4g4f,t1_lo7smt5,tampa,imchalk36,1726931472,2024-09-21 15:11,1,I run after work along Hillsborough Ave a short distance to get to a park nearby and I’ve lost count the amount of times I’ve been clipped by e-scooters. Sometimes I resort to running in the bike line since no one uses it…,helene,community_discussion,
lo7vaj6,t3_1fm4g4f,t1_lo7uvse,tampa,pekoms_123,1726931549,2024-09-21 15:12,-1,Nice,helene,community_discussion,
lo7vaob,t3_1fm4g4f,t1_lo7tsnb,tampa,scp333,1726931550,2024-09-21 15:12,9,"Technically, he called them an ""idiots""",helene,community_discussion,
lo7vbig,t3_1fm4g4f,t1_lo7uqk4,tampa,Irishqueen81,1726931558,2024-09-21 15:12,0,😅😅😅😅😅 no doubt.,helene,community_discussion,
lo7vc4h,t3_1fm4g4f,t1_lo7uvse,tampa,foxtrotmikelimaFML,1726931564,2024-09-21 15:12,6,Why you so angry bro?,helene,community_discussion,
lo7w7b6,t3_1fm4g4f,t3_1fm4g4f,tampa,[deleted],1726931853,2024-09-21 15:17,1,[removed],helene,community_discussion,
lo7wfm5,t3_1fm4g4f,t3_1fm4g4f,tampa,Zeeron1,1726931930,2024-09-21 15:18,6,The ones I really don't get are all the people doing wheelies on the Riverwalk. What are they even thinking?,helene,community_discussion,
lo7wj09,t3_1fm4g4f,t3_1fm4g4f,tampa,[deleted],1726931962,2024-09-21 15:19,1,[removed],helene,community_discussion,
lo7wlpq,t3_1fm4g4f,t3_1fm4g4f,tampa,LifeOfFate,1726931987,2024-09-21 15:19,5,"Cyclists Also remember you have to stop for red lights and stop lights like a car. Even if there are 5 of you, you don’t get the right of way by default.",helene,community_discussion,
lo7x3i5,t3_1fm4g4f,t3_1fm4g4f,tampa,maxwellfig,1726932148,2024-09-21 15:22,-2,"Asshole Bicyclists will get what's coming, likely in the form of plastic and steel moving at 60 mph when the said bicyclists forgets people don't give a shit about his afternoon ride and wanna get home or are not paying attention",helene,community_discussion,
lo7x7va,t3_1fm4g4f,t3_1fm4g4f,tampa,AdOtherwise9631,1726932188,2024-09-21 15:23,-1,"I totally agree with this. Cyclists on the Riverwalk speeding absolutely irks me. I believe ebikes and e-scooters you rent do not work on the Riverwalk, but private ones might.",helene,community_discussion,
lo7xf9p,t3_1fm4g4f,t3_1fm4g4f,tampa,takinganewtack,1726932255,2024-09-21 15:24,7,I advocate for cyclists but sounds like this guy had it coming to him.  You peppered in some language quite perfectly in this post as well haha.,helene,community_discussion,
lo7xj44,t3_1fm4g4f,t3_1fm4g4f,tampa,Trill_Knight,1726932290,2024-09-21 15:24,5,Go back to New York fuckface. 🖕,helene,community_discussion,
lo7yuyn,t3_1fm4g4f,t3_1fm4g4f,tampa,dollarstoreparamore,1726932731,2024-09-21 15:32,8,I'm a road cyclist and only tried biking the Riverwalk once.  It is not appropriate at all for fast cycling!  This guy sounds like he got what he deserved.  There's nothing fun about dodging kids and people just trying to enjoy a leisurely stroll when you're biking.,helene,community_discussion,
lo7yxjx,t3_1fm4g4f,t3_1fm4g4f,tampa,allaboutbecca,1726932757,2024-09-21 15:32,1,"I hope you don’t think this post in any way makes you look like a decent human.  (It doesn’t).  Who tF laughs at someone who’s hurt? If you haven’t noticed, Tampa and the money hungry Mayor hasn’t exactly made this city roll friendly unless you’re riding in traffic.  I like living, thanks.   

Also - how entitled of you.   Riverwalk/Bayshore/Channelside etc are SHARED paths despite their names.  Why is it so incredibly difficult for walkers (and their pets on the loooonngestttt leash possible) to share a 10 ft wide path with others, and not just with others in your party that walk 5 ppl wide then complain when rollers DO say coming thru.   Slower traffic stay right, Rollers get middle.   This isn’t hard, but I’ve seen wheelchairs have to move walkers and their dogs out of the way.  It’s SHARED, as In - not your private space.",helene,community_discussion,
lo7z1ck,t3_1fm4g4f,t1_lo7xj44,tampa,[deleted],1726932792,2024-09-21 15:33,1,[removed],helene,community_discussion,
lo7zb68,t3_1fm4g4f,t3_1fm4g4f,tampa,Potential_Pressure91,1726932884,2024-09-21 15:34,0,I like your style.,helene,community_discussion,
lo7zl7i,t3_1fm4g4f,t1_lo7zb68,tampa,Potential_Pressure91,1726932976,2024-09-21 15:36,2,"“Tbh, good fuck him.” 

Exactly the phrase that ran through my head when I read it.",helene,community_discussion,
lo7zlo3,t3_1fm4g4f,t3_1fm4g4f,tampa,Toadfire,1726932981,2024-09-21 15:36,5,This post makes me feel like you are also part of the problem… especially when you mentioned that you’re a New Yorker.,helene,community_discussion,
lo7zp45,t3_1fm4g4f,t3_1fm4g4f,tampa,[deleted],1726933013,2024-09-21 15:36,1,[removed],helene,community_discussion,
lo7zu7n,t3_1fm4g4f,t3_1fm4g4f,tampa,TikiMan_82,1726933060,2024-09-21 15:37,6,https://preview.redd.it/ae78qjgmm6qd1.jpeg?width=720&format=pjpg&auto=webp&s=796545bb9f97c0e1496a405f75789b21f48f4680,helene,community_discussion,
lo7zxh1,t3_1fm4g4f,t1_lo7s7ib,tampa,speed721,1726933090,2024-09-21 15:38,3,You can a DUI on a horse in Florida.,helene,community_discussion,
lo809nr,t3_1fm4g4f,t3_1fm4g4f,tampa,TheJaybo,1726933201,2024-09-21 15:40,3,You sound like a dick.,helene,community_discussion,
lo809p6,t3_1fm4g4f,t3_1fm4g4f,tampa,Long_Context6367,1726933201,2024-09-21 15:40,1,Spoken like a true pedestrian in Tampa. Karma is real.,helene,community_discussion,
lo80v4w,t3_1fm4g4f,t3_1fm4g4f,tampa,PapayaAppropriate857,1726933399,2024-09-21 15:43,1,https://preview.redd.it/6xspqjqmn6qd1.jpeg?width=600&format=pjpg&auto=webp&s=5ac366a92ca72fdf6fa09b7dd0df746c9371e437,helene,community_discussion,
lo81hgr,t3_1fm4g4f,t3_1fm4g4f,tampa,GringoGrande,1726933600,2024-09-21 15:46,5,"I despise cyclists. Same sob story you get from motorcycle riders that it is only a ""bad few"" and honestly I believe cyclists are worse.

Any day on Bayshore or Davis Islands or in South Tampa you can sit and watch those a-holes repeatedly blow through stop lights, stop signs and so forth. They want the protection of a pedestrian until it is convenient to act like a vehicle and ignore whatever rules and regulations that they feel like while playing the victim.",helene,community_discussion,
lo81jyo,t3_1fm4g4f,t3_1fm4g4f,tampa,[deleted],1726933624,2024-09-21 15:47,1,[removed],helene,community_discussion,
lo81mjx,t3_1fm4g4f,t1_lo7x3i5,tampa,SwordfishFun9099,1726933649,2024-09-21 15:47,2,Trump voter detected,helene,community_discussion,
lo81r7q,t3_1fm4g4f,t3_1fm4g4f,tampa,BQuickBDead,1726933693,2024-09-21 15:48,1,That’s that NY spirit,helene,community_discussion,
lo827ei,t3_1fm4g4f,t1_lo7vaob,tampa,[deleted],1726933840,2024-09-21 15:50,1,[removed],helene,community_discussion,
lo82ejk,t3_1fm4g4f,t1_lo7tsnb,tampa,draebeballin727,1726933906,2024-09-21 15:51,-5,Don’t be that guy….,helene,community_discussion,
lo82z02,t3_1fm4g4f,t1_lo7wlpq,tampa,skamtastik,1726934094,2024-09-21 15:54,3,This. I always complain to my wife that cyclists follow the rules when they want to. Then get mad at cars when they(cyclists) become unpredictable.,helene,community_discussion,
lo83ag5,t3_1fm4g4f,t1_lo7tedm,tampa,theKittyWizard,1726934200,2024-09-21 15:56,3,"Wow same, so we know the same idiot ☠️",helene,community_discussion,
lo83dbu,t3_1fm4g4f,t1_lo7u3o6,tampa,ConvenientAmnesia,1726934226,2024-09-21 15:57,0,"When distracted driving goes away, I’d think about riding in a bike lane. Too dangerous.",helene,community_discussion,
lo83q3d,t3_1fm4g4f,t1_lo82ejk,tampa,jeremyvr46,1726934344,2024-09-21 15:59,1,Looks like it’s a bit too late now 😅,helene,community_discussion,
lo83xz7,t3_1fm4g4f,t3_1fm4g4f,tampa,BetterAspect7235,1726934416,2024-09-21 16:00,2,"I think the age says it all... Boomers are entitled assholes. I'm 30, ride slow on riverwalk, turn my music down, and always yell out to people ahead of me.",helene,community_discussion,
lo841s2,t3_1fm4g4f,t3_1fm4g4f,tampa,[deleted],1726934452,2024-09-21 16:00,1,[removed],helene,community_discussion,
lo8470d,t3_1fm4g4f,t3_1fm4g4f,tampa,Western_Mud8694,1726934499,2024-09-21 16:01,2,"What kills me is the ones riding on a dark street with no lights whatsoever on the bike, I’ve came very close to hitting a few, lights on bikes at night need to be enforced",helene,community_discussion,
lo8482m,t3_1fm4g4f,t3_1fm4g4f,tampa,Sobrietyishot,1726934509,2024-09-21 16:01,1,Do you feel better? This is about an individual cyclist yet you feel it warrants a post forwards all Tampa cyclists. Hopefully you go to therapy and aren’t so angry,helene,community_discussion,
lo84qmr,t3_1fm4g4f,t1_lo81hgr,tampa,FSUAttorney,1726934683,2024-09-21 16:04,4,The worst is when there's a clearly designated bike lane and they still decide to ride on the sidewalk and yell at people who are walking or running and are in their way,helene,community_discussion,
lo84sij,t3_1fm4g4f,t1_lo7uzql,tampa,PlatypusPuncher,1726934700,2024-09-21 16:05,6,"I don't want to ride on sidewalks either but sometimes that's the only option and if you ride on the road then motorists bitch about you being on the road.  Also outside of downtown and South Tampa, bike lanes are the exception not the rule.   Pinellas has a ton more cycling infrastructure.",helene,community_discussion,
lo8551k,t3_1fm4g4f,t1_lo7yxjx,tampa,FSUAttorney,1726934816,2024-09-21 16:06,2,"Found the bicyclist. Yes, it's funny when someone acts like a dick and hurts themselves. Shit, I laughed at OPs story and I wasn't even there. Hopefully the bicyclist learned a lesson. Odds are they didn't, though",helene,community_discussion,
lo85l1m,t3_1fm4g4f,t3_1fm4g4f,tampa,[deleted],1726934963,2024-09-21 16:09,1,[removed],helene,community_discussion,
lo862jl,t3_1fm4g4f,t1_lo7zxh1,tampa,Rogue_One24_7,1726935124,2024-09-21 16:12,2,"Amish get DUI in horse and buggy. It's not uncommon for any town/city to try and cash grab ""driving while impaired "" you can just be ticketed for being drunk in public. Anyway,sounds like this biker guy had it coming.",helene,community_discussion,
lo868i7,t3_1fm4g4f,t3_1fm4g4f,tampa,poppinyaclam,1726935179,2024-09-21 16:12,0,"City should pass an ordinance, ALL bicycles are required to have a bell to alert when passing. Then issue citations, fines for not using it.",helene,community_discussion,
lo86pel,t3_1fm4g4f,t3_1fm4g4f,tampa,tampa-ModTeam,1726935336,2024-09-21 16:15,1,Your post is spam.,helene,community_discussion,
lo88aui,t3_1fm4g4f,t1_lo7zxh1,tampa,NonyaFugginBidness,1726935863,2024-09-21 16:24,1,"Yes, but they will likely drop it.

https://www.huffpost.com/entry/cowboy-rides-horse-drunk-dwi_n_55fd897ae4b08820d918e50c",helene,community_discussion,
lo8aqb8,t3_1fm4g4f,t1_lo8470d,tampa,shootingdolphins,1726936661,2024-09-21 16:37,2,"They tried that a few years ago but it turns out stopping every bike with no lights or kids with no helmet or whatever was ending up with a lot of poorer people getting tickets. Based on “where” in Tampa the most people ride bikes after dark it was also being enforced mostly downtown and Tampa heights and along MLK and Columbus. It was the equivalent of Stop and Frisk in NY for us here. You can imagine who it primarily targeted and how it was perceived. 


https://www.aclu.org/news/racial-justice/if-youre-black-or-brown-and-ride-bike-tampa-watch-out


https://www.wmnf.org/tampa-police-didnt-racially-discriminate-handing-citations-black-bicyclists-doj/

26% of the Tampa population was getting 73% of the tickets.",helene,community_discussion,
lo8tomj,t3_1fm4g4f,t1_lo8551k,tampa,allaboutbecca,1726942771,2024-09-21 18:19,1,"I bike and also walk.  When I walk riverwalk I share it with everyone using it.   My dog is on a short leash and my friends and I stay to the right because everyone has a right to enjoy the space. Also, I’m not a dick tho.",helene,community_discussion,
lo8tuz7,t3_1fm4g4f,t1_lo7si72,tampa,allaboutbecca,1726942827,2024-09-21 18:20,1,Maybe it’s you.,helene,community_discussion,
lo9kkmq,t3_1fm4g4f,t1_lo7tedm,tampa,Bellypats,1726951974,2024-09-21 20:52,1,You have to be a real prick to get a dui on a bike in Tampa. I’ve seen it happen.  The cops tried really hard not to give him one.,helene,community_discussion,
lo8au21,t3_1fm6q0r,t3_1fm6q0r,tampa,PPPP4MU,1726936694,2024-09-21 16:38,31,You know I actually agree with this. The brass mug certainly did.,helene,community_discussion,
lo8avot,t3_1fm6q0r,t3_1fm6q0r,tampa,Sweet_Sub73,1726936709,2024-09-21 16:38,27,"I loved that store. I married an absolutely hideous guy in the mid-90's and we lived in an apartment complex almost directly behind the Wooden Nickel. I used to go there with a boyfriend, who was definitely the one who got away, and I started going there again while I was pregnant, just to relive the memories with my boyfriend. Now I'm divorced from the hideous guy, and I'm with the guy that got away!!! We reconnected after almost 25 years and have now been together 5 years. Bring back the Woooden Nickel!",helene,community_discussion,
lo8g5no,t3_1fm6q0r,t1_lo8avot,tampa,ohromantics,1726938410,2024-09-21 17:06,11,That is a wild story,helene,community_discussion,
lo8hxuf,t3_1fm6q0r,t3_1fm6q0r,tampa,ItaDapiza,1726938968,2024-09-21 17:16,24,Damn. Hadn't thought of The Wooden Nickel in a long ass time.,helene,community_discussion,
lo8l8n5,t3_1fm6q0r,t3_1fm6q0r,tampa,LudwigVonPoodle,1726940012,2024-09-21 17:33,17,I bought some great records across the street at Vinyl Fever back in the eighties.  Those were the days.,helene,community_discussion,
lo8lwmu,t3_1fm6q0r,t1_lo8avot,tampa,ElliotNess,1726940226,2024-09-21 17:37,5,So why'd you marry the fuggo?,helene,community_discussion,
lo8npso,t3_1fm6q0r,t1_lo8lwmu,tampa,Sweet_Sub73,1726940796,2024-09-21 17:46,8,"He was one of those bait and switch guys. Very loving and caring while we were engaged, but the minute the marriage certificate was mailed to the courthouse, he acted like it was a bill of sale. I couldn't even leave him, because o knew he would turn our son against me and I couldn't live with that. He ended up having an affair (with another man...I am a woman) and my son found out and told me about it. And that's how I was able to leave the jerk and have a relationship with my son.",helene,community_discussion,
lo8nv8q,t3_1fm6q0r,t1_lo8g5no,tampa,Sweet_Sub73,1726940843,2024-09-21 17:47,2,Thank you ❤️ ,helene,community_discussion,
lo8nz39,t3_1fm6q0r,t1_lo8npso,tampa,ElliotNess,1726940877,2024-09-21 17:47,3,"Ugh, sounds awful. It's good that you finally found happiness.",helene,community_discussion,
lo8o2yv,t3_1fm6q0r,t1_lo8nz39,tampa,Sweet_Sub73,1726940910,2024-09-21 17:48,1,Agree!!,helene,community_discussion,
lo8o779,t3_1fm6q0r,t1_lo8l8n5,tampa,Sweet_Sub73,1726940948,2024-09-21 17:49,4,I loved that store too!,helene,community_discussion,
lo8qks3,t3_1fm6q0r,t1_lo8l8n5,tampa,BlueTengu,1726941730,2024-09-21 18:02,4,You are awesome!  I've been trying to remember that store's name for many years.  I always thought it was Peaches but all my friends said I was wrong but they couldn't think of the name either.,helene,community_discussion,
lo8r0lc,t3_1fm6q0r,t3_1fm6q0r,tampa,SubmergedSublime,1726941882,2024-09-21 18:04,6,Everyone else is concerned with the headline; but bravo for the undertext sir.  Bravo.,helene,community_discussion,
lo8tz3f,t3_1fm6q0r,t3_1fm6q0r,tampa,Johnny_Manson,1726942866,2024-09-21 18:21,4,The perfect place is still there. Alittle up the street from were it was. And yes I do remember better times when the wooden nickle existed. Thanks for the rememories,helene,community_discussion,
lo8y4y5,t3_1fm6q0r,t1_lo8qks3,tampa,MentalStampede,1726944270,2024-09-21 18:44,6,Peaches was over on Fowler. It's a FedEx store now.,helene,community_discussion,
lo8y8er,t3_1fm6q0r,t1_lo8l8n5,tampa,Swampbrewja,1726944303,2024-09-21 18:45,3,Oh my gosh I haven’t thought about vinyl fever in forever,helene,community_discussion,
lo8yb7c,t3_1fm6q0r,t3_1fm6q0r,tampa,[deleted],1726944329,2024-09-21 18:45,1,[removed],helene,community_discussion,
lo8yfc0,t3_1fm6q0r,t3_1fm6q0r,tampa,ToyGameScroogeMcDuck,1726944369,2024-09-21 18:46,6,"You know, I appreciate that energy. I've often wondered what the Tampa nexus event was because shit got bad and it ain't gotten any better",helene,community_discussion,
lo90egu,t3_1fm6q0r,t1_lo8l8n5,tampa,ImpaledSophist,1726945055,2024-09-21 18:57,4,"I bought my first CDs there in the late 90s! They were so kind to a young, annoying music nerd (me). My first time there, I got a Pearl Jam CD for my dad and they threw in Metallica’s Master of Puppets as a freebie for me because I was always bugging them to play the vinyl in the store lol. Core memory for me ",helene,community_discussion,
lo935l1,t3_1fm6q0r,t3_1fm6q0r,tampa,NateVerde,1726946030,2024-09-21 19:13,4,I think it started when Seven Seas closed.,helene,community_discussion,
lo94j9h,t3_1fm6q0r,t3_1fm6q0r,tampa,putzfactor,1726946518,2024-09-21 19:21,6,The best bong I ever owned came from the Wooden Nickel in 1976.,helene,community_discussion,
lo96wyj,t3_1fm6q0r,t3_1fm6q0r,tampa,MissSassifras1977,1726947360,2024-09-21 19:36,6,"Back in the very early 90's there was a group of drag queens that lived in the apartments behind the Wooden Nickel. 

They looked out for my dumb teenage ass when I used to walk that neighborhood on the way to my friend's house. 

They were good people.",helene,community_discussion,
lo970pv,t3_1fm6q0r,t1_lo8tz3f,tampa,MissSassifras1977,1726947397,2024-09-21 19:36,3,It's not on Busch anymore?,helene,community_discussion,
lo97e2a,t3_1fm6q0r,t1_lo8avot,tampa,MissSassifras1977,1726947524,2024-09-21 19:38,3,"Did you know the drag queens that lived in those apartments? I was friends with them. 

Hell, we might know each other. 😆",helene,community_discussion,
lo9dw82,t3_1fm6q0r,t3_1fm6q0r,tampa,keeperoflogopolis,1726949751,2024-09-21 20:15,2,I drove by there the other day and said “awww… no wooden nickel” to my wife,helene,community_discussion,
lo9fzq5,t3_1fm6q0r,t3_1fm6q0r,tampa,rob6110,1726950454,2024-09-21 20:27,2,"We all know about The Wooden Nickel, but who frequented Oz on 30th street??",helene,community_discussion,
lo9jotr,t3_1fm6q0r,t3_1fm6q0r,tampa,EarlyRefrigerator21,1726951674,2024-09-21 20:47,2,That place was awesome! How about Montana’s?!,helene,community_discussion,
lo9knu1,t3_1fm6q0r,t1_lo97e2a,tampa,Sweet_Sub73,1726952005,2024-09-21 20:53,3,"That's kind of ironic, considering that I am told that my ex now performs as a drag queen. 🤣🤣",helene,community_discussion,
lo9o2n7,t3_1fm6q0r,t1_lo970pv,tampa,Johnny_Manson,1726953168,2024-09-21 21:12,3,It is on Armenia Ave.,helene,community_discussion,
lo89ufm,t3_1fm6s8g,t3_1fm6s8g,tampa,kixer9,1726936370,2024-09-21 16:32,16,Damn I could buy so much alcohol with $1100,helene,community_discussion,
lo8ehg3,t3_1fm6s8g,t1_lo89ufm,tampa,Zloiche1,1726937870,2024-09-21 16:57,3,Ikr I'm almost one year now alchol. Now I gotta start to get 1100$,helene,community_discussion,
lo92hyy,t3_1fm6s8g,t3_1fm6s8g,tampa,[deleted],1726945796,2024-09-21 19:09,1,[removed],helene,community_discussion,
lo9fufa,t3_1fm6s8g,t1_lo89ufm,tampa,PopeFiction401k,1726950404,2024-09-21 20:26,1,🤣🤣🤣🤣🤣🤣,helene,community_discussion,
lo9fvh8,t3_1fm6s8g,t1_lo89ufm,tampa,PopeFiction401k,1726950414,2024-09-21 20:26,1,🤣🤣🤣🤣🤣🤣,helene,community_discussion,
lo9fwjv,t3_1fm6s8g,t1_lo89ufm,tampa,PopeFiction401k,1726950424,2024-09-21 20:27,1,🤣🤣🤣🤣🤣🤣,helene,community_discussion,
lo8cg42,t3_1fm715t,t3_1fm715t,tampa,aswenson522,1726937217,2024-09-21 16:46,347,Good news,helene,community_discussion,
lo8cion,t3_1fm715t,t1_lo8cg42,tampa,EffectiveNet453,1726937241,2024-09-21 16:47,87,Absolutely,helene,community_discussion,
lo8co0c,t3_1fm715t,t3_1fm715t,tampa,camcamfc,1726937289,2024-09-21 16:48,29,"Eh interest rates are going down, market is about to get juiced all over again and values barely fell during the “austerity” period.",helene,community_discussion,
lo8czl1,t3_1fm715t,t3_1fm715t,tampa,Saucedmammal,1726937391,2024-09-21 16:49,34,This is by far one of the most overbuilt neighborhoods in all of WFL outside of some high growth pockets in Sarasota / Venice / Fort Myers. It’s not a signal for all of FL whatsoever.,helene,community_discussion,
lo8dhg1,t3_1fm715t,t3_1fm715t,tampa,jamoisking,1726937549,2024-09-21 16:52,3,Let’s see if this trend continues after the election,helene,community_discussion,
lo8dwsw,t3_1fm715t,t3_1fm715t,tampa,z-tayyy,1726937685,2024-09-21 16:54,3,"Good, hope Zillow takes a bath on their shitty Lenar homes.",helene,community_discussion,
lo8fy4d,t3_1fm715t,t3_1fm715t,tampa,TheB3rn3r,1726938342,2024-09-21 17:05,6,How do you know it’s them and not just someone else who moved here around that time?,helene,community_discussion,
lo8glse,t3_1fm715t,t1_lo8co0c,tampa,elflacco93,1726938553,2024-09-21 17:09,11,This. Specially in the ‘hot’ neighborhoods.,helene,community_discussion,
lo8h3wi,t3_1fm715t,t3_1fm715t,tampa,skyeric875,1726938710,2024-09-21 17:11,94,They own Cortona in South Tampa. Here’s a copy of their portfolio in the BREIT fund.  https://www.breit.com/wp-content/uploads/sites/33/blackstone-secure/BREIT-Property-Book.pdf?v=1712782153,helene,community_discussion,
lo8hbwa,t3_1fm715t,t1_lo8czl1,tampa,The_Blue_Jay_Way,1726938779,2024-09-21 17:12,5,Are you referring to Wesley Chapel as a “neighborhood”?,helene,community_discussion,
lo8hm9g,t3_1fm715t,t3_1fm715t,tampa,dhammajo,1726938869,2024-09-21 17:14,1,May they all come crashing down and all the banks are left holding them,helene,community_discussion,
lo8hymi,t3_1fm715t,t3_1fm715t,tampa,sliknik88,1726938975,2024-09-21 17:16,131,This house was originally purchased in 2020 for 286K. So I don’t really see this as showing a huge decline in the housing market. It’s still being sold for way more than the original price when it was built.,helene,community_discussion,
lo8i51b,t3_1fm715t,t1_lo8co0c,tampa,EffectiveNet453,1726939032,2024-09-21 17:17,-7,"While many assume lower interest rates automatically drive up home prices, the reality is more nuanced. For example, rates tripled last year, but home prices stayed the same. In fact, lower rates often increase housing supply as more sellers are incentivized to enter the market, balancing out price growth. Plus, with only a 50 bps cut, the minimal change in borrowing costs isn’t always enough to push prices higher on its own. Supply, demand, and local conditions still play a critical role in determining prices.",helene,community_discussion,
lo8j97v,t3_1fm715t,t1_lo8h3wi,tampa,FINE_WiTH_It,1726939383,2024-09-21 17:23,44,"Wow, I had no idea the score and scale of their portfolio. That's wild.",helene,community_discussion,
lo8j9mt,t3_1fm715t,t3_1fm715t,tampa,BroBeau,1726939387,2024-09-21 17:23,12,Most of these tract homes are garbage.,helene,community_discussion,
lo8jc0m,t3_1fm715t,t1_lo8j9mt,tampa,EffectiveNet453,1726939407,2024-09-21 17:23,5,Yah definitely over priced,helene,community_discussion,
lo8jwx9,t3_1fm715t,t3_1fm715t,tampa,abgolf,1726939588,2024-09-21 17:26,1,"Looks like it is owned by SFR ACQUISITIONS 2 LLC

Registered Title Senior Vice President, Property Operations -  Panee Segal

Looks like she is with home partners of America

And this is a shell for them

A rent to own company

https://preview.redd.it/tf5yxv8l57qd1.jpeg?width=1284&format=pjpg&auto=webp&s=a704947cdd53f4465b9e48172abb821b80eb919f",helene,community_discussion,
lo8k0mh,t3_1fm715t,t1_lo8j97v,tampa,skyeric875,1726939620,2024-09-21 17:27,32,They are the largest or one of the largest private real estate funds,helene,community_discussion,
lo8k4v0,t3_1fm715t,t1_lo8i51b,tampa,dtp502,1726939659,2024-09-21 17:27,7,50bps cut so far. More cuts are coming.,helene,community_discussion,
lo8k805,t3_1fm715t,t3_1fm715t,tampa,blacktieaffair,1726939687,2024-09-21 17:28,98,Got family in Wesley Chapel and we've been saying this would happen for years. Anyone paying near 500k to live in Wesley Chapel is getting scammed 😭,helene,community_discussion,
lo8kbg9,t3_1fm715t,t1_lo8hymi,tampa,ErmacAnd1,1726939718,2024-09-21 17:28,50,100% and that 2022 prices were inflated,helene,community_discussion,
lo8kd19,t3_1fm715t,t1_lo8jc0m,tampa,BroBeau,1726939732,2024-09-21 17:28,4,I mean the way they’re built not the pricing.,helene,community_discussion,
lo8kdei,t3_1fm715t,t3_1fm715t,tampa,mrtoddw,1726939736,2024-09-21 17:28,9,"Good, fuck’em!",helene,community_discussion,
lo8kj0h,t3_1fm715t,t1_lo8k805,tampa,Jamesericson66,1726939785,2024-09-21 17:29,0,Really??,helene,community_discussion,
lo8kjk0,t3_1fm715t,t3_1fm715t,tampa,Hot-Cress7492,1726939790,2024-09-21 17:29,2,"Home values are what the market will pay. Losing 15% isn’t good, but the reality is that they likely had this on the market to rent at higher than acceptable value and they chose to cut their loss because no one is paying $3k a month for a rental - they’ll move to BFE before paying that in Florida.",helene,community_discussion,
lo8kjlh,t3_1fm715t,t1_lo8hbwa,tampa,Saucedmammal,1726939791,2024-09-21 17:29,23,"Submarket, city, area. Feel free to interchange my words or continue to argue over semantics. What I said is still true.",helene,community_discussion,
lo8kpey,t3_1fm715t,t3_1fm715t,tampa,AllenKll,1726939840,2024-09-21 17:30,8,"Great news!  Hopefully all the corporations see this, freak out, dump stock, flood the market and plummet prices!",helene,community_discussion,flood
lo8kuds,t3_1fm715t,t3_1fm715t,tampa,OlympicAnalEater,1726939884,2024-09-21 17:31,22,"DROP MOAAAAAR! 

  
I want them to panic more!",helene,community_discussion,
lo8mjmk,t3_1fm715t,t1_lo8kjlh,tampa,The_Blue_Jay_Way,1726940426,2024-09-21 17:40,-1,"Bad take, imo. Although I agree the Wesley Chapel is somewhat overbuilt, this post does show that the housing market in FL is cooling off, especially in suburban markets such as Wesley Chapel. Prices will continue to drop, which is a good thing.",helene,community_discussion,
lo8ml2q,t3_1fm715t,t3_1fm715t,tampa,Mysterious-Chard6579,1726940438,2024-09-21 17:40,1,Good! Greedy f&@$ers,helene,community_discussion,
lo8mzjx,t3_1fm715t,t1_lo8hbwa,tampa,Mysterious-Chard6579,1726940567,2024-09-21 17:42,1,"What do you want to call it? Its not a real city, its a suburb of Tampa",helene,community_discussion,
lo8n9sg,t3_1fm715t,t1_lo8j9mt,tampa,Mysterious-Chard6579,1726940657,2024-09-21 17:44,1,Cheaply made for sure!,helene,community_discussion,
lo8nuuh,t3_1fm715t,t1_lo8hymi,tampa,sdpthrowaway3,1726940839,2024-09-21 17:47,9,"Even if we ignore inflation eating into a major chunk of your argument, this house would have easily sold for $450K last year and now they're asking low $400s, likely to sell for $400K or less. Even if were generous and say they get the full asking price, a 10% decline in 1 year is massive for RE.",helene,community_discussion,
lo8nykj,t3_1fm715t,t3_1fm715t,tampa,burdbrained,1726940873,2024-09-21 17:47,14,That area is not an indicator of the Tampa market.,helene,community_discussion,
lo8ofzi,t3_1fm715t,t3_1fm715t,tampa,Audience-Electrical,1726941027,2024-09-21 17:50,0,"Once stayed in a rental home for 8 years. Did the math on my way out, in that time our total rent paid exceeded the value of the home.

Of course, we never would have been allowed to buy the home and rent to own is a known scam.

I hope the housing market collapses - the way things are, I'll never get to own anyway.

The American dream is dead.",helene,community_discussion,
lo8oo07,t3_1fm715t,t3_1fm715t,tampa,nahomeritenow,1726941098,2024-09-21 17:51,7,Real estate always trends up. Just depends on how long you are willing to wait. Might be bad for house flippers but not for a long time home owner.,helene,community_discussion,
lo8ov71,t3_1fm715t,t1_lo8k805,tampa,Bolshoyballs,1726941159,2024-09-21 17:52,39,And the traffic is brutal. Pre covid WC was a nice place. Now it's a disaster with the large influx of people,helene,community_discussion,
lo8plxy,t3_1fm715t,t1_lo8kd19,tampa,Impossible-Taro-2330,1726941401,2024-09-21 17:56,3,"Or, it could be said the price, for the way they are built.

While recently just looking at basic 4/3's in a popular community in Odessa on 54, I couldn't believe the crap that supposedly justifies a $700K+ price tag.  

In model homes, wavy walls hit you as soon as you walk through the door.  Upstairs bathrooms are Formica.

If this is a model, I don't care how great the amenities of a community are - not interested.",helene,community_discussion,
lo8ux1u,t3_1fm715t,t1_lo8oo07,tampa,FLHawkeye10,1726943170,2024-09-21 18:26,3,Yea; flippers getting dicked over I’m all for. Long term homeowners shouldn’t worry about couple years from now the housing market will comeback.. also it’s really dependent on the neighborhood.,helene,community_discussion,
lo8wn4z,t3_1fm715t,t1_lo8cg42,tampa,CptKaYoS,1726943757,2024-09-21 18:35,117,Yeah fuck Blackstone they can choke on it ,helene,community_discussion,
lo8wn3b,t3_1fm715t,t1_lo8mjmk,tampa,Saucedmammal,1726943757,2024-09-21 18:35,0,"We are in a very short term oversupply. For sale will see better downward movement than rentals, but it won’t last long.",helene,community_discussion,
lo8x50b,t3_1fm715t,t3_1fm715t,tampa,keeperoflogopolis,1726943928,2024-09-21 18:38,1,Good.,helene,community_discussion,
lo8xuch,t3_1fm715t,t1_lo8j97v,tampa,SomeGuyNamedPaul,1726944170,2024-09-21 18:42,21,"> Blackstone is the world's largest alternative asset manager with $1.04 trillion in assets under management as of Dec. 31, up 7% in 2023 to a record high. It specializes in ""alternatives,"" the likes of real estate, private equity and infrastructure investments, rather than conventional stocks and bonds.",helene,community_discussion,
lo8y9sc,t3_1fm715t,t3_1fm715t,tampa,MarcQ1s,1726944316,2024-09-21 18:45,1,"It’s not a loss until you sell, lol.",helene,community_discussion,
lo8yc3r,t3_1fm715t,t1_lo8y9sc,tampa,EffectiveNet453,1726944338,2024-09-21 18:45,1,They sold lol,helene,community_discussion,
lo8yeo5,t3_1fm715t,t1_lo8yc3r,tampa,MarcQ1s,1726944363,2024-09-21 18:46,1,Ouch!,helene,community_discussion,
lo8yi78,t3_1fm715t,t3_1fm715t,tampa,nineteen_eightyfour,1726944397,2024-09-21 18:46,1,"Love it, but imagine they expect this and bake it into their overall %",helene,community_discussion,
lo8zc6b,t3_1fm715t,t1_lo8hymi,tampa,Vosslen,1726944685,2024-09-21 18:51,14,"Just more people who don't understand basic economy talking about things on a soap box.

I agree, fuck corporate homeowners, but it's annoying to read. Makes me feel bad to see so many people on my side of the argument saying dumb shit I don't agree with. Feels like it diminishes my own ideals or something by association.",helene,community_discussion,
lo90crd,t3_1fm715t,t1_lo8wn4z,tampa,aswenson522,1726945039,2024-09-21 18:57,67,Wishing nothing but bankruptcy in their future.,helene,community_discussion,
lo90w3e,t3_1fm715t,t3_1fm715t,tampa,thedaj,1726945226,2024-09-21 19:00,17,"The best thing in the world would be for Blackstone and any corporation operating like it to run out of money and close. They offer zero value, and are directly responsible for climbing rental and homeownership costs.",helene,community_discussion,
lo923zd,t3_1fm715t,t3_1fm715t,tampa,Tenchi2020,1726945659,2024-09-21 19:07,2,"I went to Zillow and looked this house up. This is a house that I definitely would not buy, the bottom floor is a garage and then a living room/dining room/kitchen in one and then five bedrooms upstairs.",helene,community_discussion,
lo93ovt,t3_1fm715t,t1_lo8kuds,tampa,Daves_not_here_mannn,1726946221,2024-09-21 19:17,16,"Narrator:  they did not, in fact panic more. They used this loss as a write down for massive profits in other areas.",helene,community_discussion,
lo93r0h,t3_1fm715t,t1_lo8kuds,tampa,tigrovamama,1726946242,2024-09-21 19:17,-8,"Then home values drop. What happens to all the families living in homes that are valued below their outstanding balance on the mortgage? 

Plummeting home values is not the answer. In 2022, the number of U.S. families increased by 1.8 million, while only 1.4 million housing units were built. We need more housing supply. 

More supply, eases demand and increases affordability organically.",helene,community_discussion,
lo9400f,t3_1fm715t,t3_1fm715t,tampa,SecAdmin-1125,1726946330,2024-09-21 19:18,1,"Interest rates were high causing houses not to move. Rates just dropped 50 basis points. The fed has already said they will cut by another 25 points this year and 50 next year. Mortgage rates will go down. As long as there is a demand for houses, prices will remain steady or increase.",helene,community_discussion,
lo94e4r,t3_1fm715t,t3_1fm715t,tampa,protomanEXE1995,1726946468,2024-09-21 19:21,1,Lower home values is a good thing,helene,community_discussion,
lo94hw7,t3_1fm715t,t1_lo8kpey,tampa,tigrovamama,1726946505,2024-09-21 19:21,-7,"So, families end up owing more than the home is worth? Yeah, that’s the answer to solving the housing shortage. 🙄 

How about we add to supply, which will naturally increase competition, ease demand, and increase affordability?",helene,community_discussion,
lo94mzt,t3_1fm715t,t1_lo8jwx9,tampa,tigrovamama,1726946554,2024-09-21 19:22,2,Not a shell. It is the fund that purchased the home. It is an accounting detail 🙄,helene,community_discussion,
lo94v3o,t3_1fm715t,t1_lo90w3e,tampa,tigrovamama,1726946635,2024-09-21 19:23,-15,"So you are advocating to DECREASE rental supply even further. Yeah, that won’t raise rents.",helene,community_discussion,
lo96ein,t3_1fm715t,t3_1fm715t,tampa,irishpatobie,1726947181,2024-09-21 19:33,21,"Here’s the thing though: 75k is nothing to Blackstone. Even if they own 100 houses taking this hit. It’s a drop in the bucket compared to what they are making on other investments. That’s the REAL danger: Blackstone could keep this home at an inflated price nearly indefinitely, or work with a management company to rent it and actually turn profit. If this home was owned by an individual, they have to respond to the market to sell it. Blackstone and other billion dollar multinationals do not. That’s why these companies should not be allowed to own non commercial real estate!",helene,community_discussion,
lo96l2p,t3_1fm715t,t1_lo94v3o,tampa,thedaj,1726947244,2024-09-21 19:34,20,Oh no. Normal people are going to be able to afford homeownership and rent properties of their own. Someone think of the monopolies! Cry me a fucking river.,helene,community_discussion,
lo97biz,t3_1fm715t,t1_lo94hw7,tampa,thedaj,1726947500,2024-09-21 19:38,6,"We shouldn't need to build homes to outpace the purchasing power of corporations. We have sufficient homes built, but corporations toying in the residential real estate market has sponged up property, and hiked the cost.",helene,community_discussion,power
lo9bde1,t3_1fm715t,t1_lo8j97v,tampa,Ok-Extension-677,1726948896,2024-09-21 20:01,9,They don't own that portfolio...they just manage it for investors.,helene,community_discussion,
lo9cea9,t3_1fm715t,t1_lo93r0h,tampa,Tritonsanchor,1726949251,2024-09-21 20:07,10,"If you own a single home and moving to a different place in Tampa, housing values dropping helps you. Will your house be worth less and maybe less than your outstanding mortgage? Yes, but your new home will be cheaper as well. The difference is when the housing is cheaper, your households income is worth more relative to the housing market. 


The only people who benefit from high property values are those who can sell and not immediately purchase (ex. own multiple homes, i.e. wealthy people or businesses) or those moving out of the area if where they are moving happens to be in a property slump. ",helene,community_discussion,
lo9d6nb,t3_1fm715t,t3_1fm715t,tampa,bleachbabe03,1726949514,2024-09-21 20:11,1,Make houses affordable again.,helene,community_discussion,
lo9dhi4,t3_1fm715t,t1_lo8cg42,tampa,cavemannnn,1726949616,2024-09-21 20:13,37,"As a homeowner who bought in 2021, I fully agree. Fuck them - let people buy homes, not investment funds.",helene,community_discussion,
lo9e3h4,t3_1fm715t,t1_lo8ov71,tampa,YawnSpawner,1726949817,2024-09-21 20:16,18,"I lived in WC for 15 years from 2002 - 2017 and it was quiet, but it's so bland because it's never been anything. It's all just corporate restaurants and blah. Not sure what appeals to people about it.",helene,community_discussion,
lo9ef1v,t3_1fm715t,t3_1fm715t,tampa,Rangers12341234,1726949924,2024-09-21 20:18,2,I hope their whole portfolio is like this,helene,community_discussion,
lo9eibj,t3_1fm715t,t3_1fm715t,tampa,Ok_Departure_2240,1726949953,2024-09-21 20:19,2,Probably a bunch of new construction in the area.,helene,community_discussion,
lo9erk2,t3_1fm715t,t1_lo923zd,tampa,YawnSpawner,1726950038,2024-09-21 20:20,4,That's every 2 story house in WC.,helene,community_discussion,
lo9hd5p,t3_1fm715t,t3_1fm715t,tampa,Western_Mud8694,1726950914,2024-09-21 20:35,1,That’s probably not a desirable home if it’s attached to an HOA,helene,community_discussion,
lo9hmaa,t3_1fm715t,t3_1fm715t,tampa,Effective_Pack8265,1726950995,2024-09-21 20:36,1,Eff ‘em.,helene,community_discussion,
lo9ilmi,t3_1fm715t,t1_lo8kd19,tampa,lolwally,1726951316,2024-09-21 20:41,0,What specifically?,helene,community_discussion,
lo9j2jc,t3_1fm715t,t1_lo8ov71,tampa,f0gax,1726951469,2024-09-21 20:44,5,It’s turned into Brandon.,helene,community_discussion,
lo9kxg9,t3_1fm715t,t3_1fm715t,tampa,Slowly_We_Rot_,1726952096,2024-09-21 20:54,1,https://i.redd.it/oxfroi7878qd1.gif,helene,community_discussion,
lo9l1gc,t3_1fm715t,t3_1fm715t,tampa,twistedbrewmejunk,1726952134,2024-09-21 20:55,1,Lol look at the home prices in suburban areas in FL for the past 30 years that yo yo back and forth from $33k-$250k+ for your standard 2 bd 1bth several times in that time.,helene,community_discussion,
lo9lo6a,t3_1fm715t,t1_lo9e3h4,tampa,mods_tongue_my_anu5,1726952346,2024-09-21 20:59,20,people really love fancy suburbs. the number of 700k golf course mcmansions down 54 is mind boggling to think anyone wants to live out here,helene,community_discussion,
lo9lotw,t3_1fm715t,t3_1fm715t,tampa,thatwastgood,1726952352,2024-09-21 20:59,1,“Not a good sign for home values”—great sign for consumers. You need to drop that capitalistic mindset,helene,community_discussion,
lo9mzfu,t3_1fm715t,t1_lo8j97v,tampa,PurpleWurpleMurple,1726952793,2024-09-21 21:06,6,"One of many REITs operating in the area. Progress residential is another big one, it's a subsidiary of Pretium.",helene,community_discussion,
lo9nnyq,t3_1fm715t,t3_1fm715t,tampa,PestoTortellini,1726953029,2024-09-21 21:10,13,"Blackstone/open door took an 85k bath on our home in Riverview from 2022 to 2023. We sold it to them for 595, they turned around and tried to sell it for 660, took them 9 months to finally sell and it went for 510. Feels good man.",helene,community_discussion,
lo9pxae,t3_1fm715t,t3_1fm715t,tampa,spacetreefrog,1726953819,2024-09-21 21:23,1,Do it again,helene,community_discussion,
lo9qd26,t3_1fm715t,t3_1fm715t,tampa,TheFlaEd,1726953978,2024-09-21 21:26,1,The people across the street from me bought for $290 in 22. Asking $275 now. It's been on the market for weeks with no interest. There are three house within a block of me that have been for sale for quite a while. 2-3 years ago they were selling within a week.,helene,community_discussion,
lo9qo52,t3_1fm715t,t3_1fm715t,tampa,Rukario_Enterprises,1726954087,2024-09-21 21:28,-2,"$2,390 per month.

Thanks Biden",helene,community_discussion,
lo9r7h8,t3_1fm715t,t3_1fm715t,tampa,UniquelyForgetable,1726954280,2024-09-21 21:31,1,"I mean there's probably 600 houses literally identical to that one in WC that they own and aren't selling (larg majority of their properties are rental under a few different rental home companies) so one L isn't even a mark on their balance sheet, unfortunately.",helene,community_discussion,
lo9rbib,t3_1fm715t,t1_lo93r0h,tampa,DontCallMeMillenial,1726954319,2024-09-21 21:31,8,"> Then home values drop. What happens to all the families living in homes that are valued below their outstanding balance on the mortgage?

If they're not intending to use their home primarily as an investment vehicle... it's not a problem at all!

Their monthly mortgage payment is the same as it ever was.",helene,community_discussion,
lo9s08c,t3_1fm715t,t1_lo8k805,tampa,DontCallMeMillenial,1726954564,2024-09-21 21:36,33,"> Got family in Wesley Chapel and we've been saying this would happen for years. Anyone paying near 500k to live in Wesley Chapel is getting scammed 😭

 I literally cannot drive past the stupidly long Wesley Chapel offramp on I75 northbound without laughing at all the morons wasting the precious remaining time they have in their lives sitting in that bullshit everyday.",helene,community_discussion,
lo9sikj,t3_1fm715t,t1_lo8zc6b,tampa,PurpleWurpleMurple,1726954750,2024-09-21 21:39,9,There's a wide intersection of people that want to limit corporate real estate purchasing and those that are praying for THE CRASH to buy in.,helene,community_discussion,
lo9u3of,t3_1fm715t,t3_1fm715t,tampa,Destroyer_Wes,1726955332,2024-09-21 21:48,1,Good? Maybe I can afford a house soon,helene,community_discussion,
lo9vr9h,t3_1fm715t,t3_1fm715t,tampa,FineKettleOFish1954,1726955947,2024-09-21 21:59,5,"Wesley Chapel got a little crazy over the last 5 years, with road upgrades and so many new homes. The sprawl keeps moving north, making Ocala seem like an easier commute. Sadly, at this price point, most of the houses are just big boxes with little architectural appeal.",helene,community_discussion,
lo9wmi7,t3_1fm715t,t3_1fm715t,tampa,RaspberryForsaken952,1726956267,2024-09-21 22:04,1,GOOD,helene,community_discussion,
lo9xc0v,t3_1fm715t,t3_1fm715t,tampa,gferna21,1726956535,2024-09-21 22:08,2,no one wants to live in fucking westley chapel FL,helene,community_discussion,
lo9xurs,t3_1fm715t,t3_1fm715t,tampa,StationAccomplished3,1726956727,2024-09-21 22:12,1,"uhh, theyre all moving TO Tampa.",helene,community_discussion,
lo9y6if,t3_1fm715t,t3_1fm715t,tampa,yungf69,1726956849,2024-09-21 22:14,4,"Based, fuck Private equity.",helene,community_discussion,
lo9y7m4,t3_1fm715t,t1_lo96l2p,tampa,EffectiveNet453,1726956861,2024-09-21 22:14,7,Lmaoo boomers are scared their fake home values will come down,helene,community_discussion,
lo9yvva,t3_1fm715t,t1_lo9sikj,tampa,GreatThingsTB,1726957113,2024-09-21 22:18,10,"Realtor here.

Fun thing about a crash is the reason a crash happens is because no one can buy usually because banks refuse to lend money on anything except a sure thing.  People forget that 2008 - 2011 it was extremely difficult to get loans since banks were in protection mode.",helene,community_discussion,
loa08xg,t3_1fm715t,t3_1fm715t,tampa,GreatThingsTB,1726957626,2024-09-21 22:27,2,"Realtor here.

Have been noticing more and more of these going up for sale, which is what I expected and predicted would start showing up when rents and home prices quit going up $30k every 6 months (which many here and in r/stpete laughed at as entirely implausible).

Same as Zillow buying houses was supposed to be the death knell of everything holy in real estate, yet they also got wiped out and pulled the plug on that market segment after losing their shirts.

I doubt all the large rental companies firesale everything at once, number of new listings certainly isn't higher than it is normally, but they will rebalance their holdings to reflect that no, line doesn't always go up forever.  Like, once rents stopped going up and home prices did as well, time to sell off some homes to reclaim capital and in most cases profits on the appreciation.

This one's a little noteworthy on the price hit, but most of the others I've seen are still making a hefty profit from their 2013- 2018 purchases.  So don't mistake this for a market crash... Pasco and Tampa Bay overall has been holding median home price wise for the last 6 months, and buyers are likely to return with interest rates down into the 6s and 5s again.",helene,community_discussion,
loa0ieu,t3_1fm715t,t1_lo9j2jc,tampa,CAH1708,1726957729,2024-09-21 22:28,20,"Nah, Brandon is old enough to have mature trees and landscaping.",helene,community_discussion,
loa0zke,t3_1fm715t,t3_1fm715t,tampa,MyEvilTwinSkippy,1726957907,2024-09-21 22:31,1,"They've been saying that prices were coming down.  People can't afford the costs.

In the end, they won't lose too much on this, if anything.  They've been collecting rent, I'm sure and the loss will be a write off for them.",helene,community_discussion,
loa32a7,t3_1fm715t,t1_lo8hymi,tampa,Ok_Ad1502,1726958675,2024-09-21 22:44,6,For the change in the interest rate environment. Not really a big hit,helene,community_discussion,
loa3dip,t3_1fm715t,t1_lo96l2p,tampa,tigrovamama,1726958793,2024-09-21 22:46,-2,The states with the highest unaffordability rates have few to no home rental companies—look it up. There is no correlation between housing prices and rental companies.,helene,community_discussion,
loa3r79,t3_1fm715t,t3_1fm715t,tampa,ButcherPete857,1726958936,2024-09-21 22:48,2,"Home ownership is a long term investment, what happens in a two year span is nothing. Happy to see those bastards taking a haircut though.",helene,community_discussion,
loa46cg,t3_1fm715t,t3_1fm715t,tampa,Tyzlohh,1726959097,2024-09-21 22:51,1,this is good news,helene,community_discussion,
loa49c6,t3_1fm715t,t3_1fm715t,tampa,TwoBallsOneBat,1726959128,2024-09-21 22:52,1,Not if they were making $4K a month for 2.5 years renting it.     Shitty ROI but not a total loss,helene,community_discussion,
loa554s,t3_1fm715t,t1_loa0ieu,tampa,f0gax,1726959469,2024-09-21 22:57,1,Turning into then.,helene,community_discussion,
loa6j81,t3_1fm715t,t3_1fm715t,tampa,DevilRaysDaddy,1726960009,2024-09-21 23:06,1,Wesley Chapel has way too much inventory… businesses and developers thought all of Florida was profitable and bought up all the cheap land not realizing no one wants to like an hour away from Tampa… home values in the actual Tampa area are still up,helene,community_discussion,
loa7hbu,t3_1fm715t,t1_lo97biz,tampa,tigrovamama,1726960381,2024-09-21 23:13,1,"We don't have enough homes built. 34 and 35 year olds are the largest ages in history and they're in key family formation- outpacing every prior generation.  

In 2022, the number of U.S. families increased by 1.8 million, while only 1.4 million housing units were built.

Overall, the U.S. had 4.5 million fewer homes than needed in 2022.",helene,community_discussion,
loaa3kk,t3_1fm715t,t3_1fm715t,tampa,Insequitur,1726961416,2024-09-21 23:30,1,![gif](giphy|jlylJkp7RmdnW),helene,community_discussion,
loabie2,t3_1fm715t,t3_1fm715t,tampa,Dense_Surround3071,1726961976,2024-09-21 23:39,1,"That's what you think. That loss pales in comparison to the ridiculous profits they've made in all the other prices that were supported by this as a ""Comp""",helene,community_discussion,
loafldt,t3_1fm715t,t3_1fm715t,tampa,NonyaFugginBidness,1726963611,2024-09-22 00:06,2,"Check out the prices in Bradenton.  Place is a dump and they are selling 2/2 homes that need work for a half a mil or more, just because Sarasota, Lakewood Ranch and Anna Maria are the surrounding markets and are nice.  Bradenton is where the working class and criminal class live and they are tricking morons that are not from the area into thinking Bradenton is fancy by association.  Most of these properties were bought in 2019 or 2020 for less than $200k.  The real estate game is getting wild.

Not to mention Kamala wants to have people paying taxes on unrealized gains, which would decimate home owners and turn investments into liabilities.",helene,community_discussion,
loatn5v,t3_1fm715t,t1_lo90crd,tampa,Gyalmeister,1726969412,2024-09-22 01:43,12,As long as my/your/our 401k or HSA is not invested in them or their REITS,helene,community_discussion,
loauskw,t3_1fm715t,t3_1fm715t,tampa,Jackson_Ave,1726969904,2024-09-22 01:51,-1,Anyone notice the alarming amount of illegal immigrants coming to town,helene,community_discussion,
loav6fm,t3_1fm715t,t1_lo8k805,tampa,fieldofthefunnyfarm,1726970067,2024-09-22 01:54,8,"Came here to say this.  Wesley Chapel is a soulless suburb of Tampa.  No redeeming qualities that I can identify, unless franchises and chain stores are on your favorites list.  It's not even convenient because the traffic is so bad.  I can't imagine living that far away from a decent airport, much less a concert venue or anything of cultural value.",helene,community_discussion,
loavw56,t3_1fm715t,t1_loafldt,tampa,Colonel_Angus_,1726970370,2024-09-22 01:59,0,Sure if those home owners made 100 million dollars+,helene,community_discussion,
loawzw6,t3_1fm715t,t3_1fm715t,tampa,wheelchair_boxing,1726970841,2024-09-22 02:07,2,Let the housing market plummet. Fuck almost these investors. I pray they go bankrupt.,helene,community_discussion,
loax2zk,t3_1fm715t,t3_1fm715t,tampa,DukeOfWestborough,1726970877,2024-09-22 02:07,1,Pay attention when investment bankers are cutting their losses... (there will be bargains to be had in 2025...),helene,community_discussion,
loaya90,t3_1fm715t,t3_1fm715t,tampa,Pretend_Accident6209,1726971387,2024-09-22 02:16,2,What comes up must come down. It is law,helene,community_discussion,
loazzng,t3_1fm715t,t3_1fm715t,tampa,VampArcher,1726972128,2024-09-22 02:28,7,"Not good enough, call me when the market drops into the basement.

All these corporations who bought up all the housing and jacked up prices so nobody can afford a house deserve to get fucked.",helene,community_discussion,
lob63bt,t3_1fm715t,t3_1fm715t,tampa,SomeTimeBeforeNever,1726974850,2024-09-22 03:14,3,Wesley Chapel is way outside Tampa. I wouldn’t call it a bellwether of anything except for other homes in Wesley Chapel.,helene,community_discussion,
lobf3td,t3_1fm715t,t3_1fm715t,tampa,[deleted],1726979320,2024-09-22 04:28,1,[removed],helene,community_discussion,
lobfjiw,t3_1fm715t,t3_1fm715t,tampa,[deleted],1726979554,2024-09-22 04:32,1,[removed],helene,community_discussion,
lobmiws,t3_1fm715t,t1_loazzng,tampa,ConvenientAmnesia,1726983554,2024-09-22 05:39,3,"Unfortunately, everyone else gets fxcked with them.",helene,community_discussion,
lobmoqg,t3_1fm715t,t1_loa6j81,tampa,ConvenientAmnesia,1726983653,2024-09-22 05:40,1,"If we had better commute options, it would be fine. I tell people from out of town that I’m trying to help find a home around there that anything you see for drive time on a map, almost double it.",helene,community_discussion,
lobmugd,t3_1fm715t,t1_loa08xg,tampa,ConvenientAmnesia,1726983749,2024-09-22 05:42,1,"Their new trick is lawsuits and getting into residential real estate as brokerages. Things are changing for agents, I’ve seen it coming for quite a bit now.",helene,community_discussion,
lobybty,t3_1fm715t,t1_lo8k805,tampa,SeveredArmies,1726991248,2024-09-22 07:47,5,Plus anyone paying 500k for a house that looks like that is delusional especially in WC,helene,community_discussion,
lobziyk,t3_1fm715t,t1_loatn5v,tampa,yonibitc,1726992075,2024-09-22 08:01,4,"Most people are invested in blackstone without knowing, if they fail, the entire market fails. This won’t happen again.",helene,community_discussion,
locdvw3,t3_1fm715t,t3_1fm715t,tampa,Small_Lion4068,1727001958,2024-09-22 10:45,3,"Gee what a shame. 

Private equity should not even be allowed to buy single-family homes",helene,community_discussion,
locq2de,t3_1fm715t,t3_1fm715t,tampa,SpidersBiteMe,1727008579,2024-09-22 12:36,2,"As a Tampa Native I hope all home prices crash to the point that everyone leaves.
I don't care about the price of my home dropping because I care about living here.
I'm never selling because this is my home.
Maybe if these prices crash some other natives I know will be able to buy a house in the place they were born.",helene,community_discussion,
locxwoq,t3_1fm715t,t1_lobziyk,tampa,ELLLI0TTT,1727011961,2024-09-22 13:32,-1,That's what they said back in 07.,helene,community_discussion,
locy3v1,t3_1fm715t,t1_locxwoq,tampa,yonibitc,1727012041,2024-09-22 13:34,-4,buy bitcoin!,helene,community_discussion,
locz69j,t3_1fm715t,t3_1fm715t,tampa,[deleted],1727012465,2024-09-22 13:41,1,[removed],helene,community_discussion,
locz6yf,t3_1fm715t,t3_1fm715t,tampa,[deleted],1727012473,2024-09-22 13:41,1,[removed],helene,community_discussion,
lod2kuk,t3_1fm715t,t3_1fm715t,tampa,Supremealexander,1727013661,2024-09-22 14:01,3,Good fuck those greedy motherfuckers for making homes unattainable for most people. There needs to be a cap on how many properties these scumbags can own!,helene,community_discussion,
lodygox,t3_1fm715t,t1_lo9j2jc,tampa,St_BobbyBarbarian,1727024103,2024-09-22 16:55,1,"Brandon has rough areas, Wesley chapel doesn’t, or not nearly to the same extent",helene,community_discussion,
loe3tlh,t3_1fm715t,t3_1fm715t,tampa,Ryanhis,1727025729,2024-09-22 17:22,2,Except this is fantastic news for a LOT of people in Florida. Sorry your houses are worth less — it was all an illusion anyways. Prices can’t just keep rising forever if we want to have a functioning housing market…,helene,community_discussion,
loe8xls,t3_1fm715t,t3_1fm715t,tampa,unruly_pubic_hair,1727027197,2024-09-22 17:46,1,"I hate what they're doing, but you don't really want them to take heavy losses. They have tentacles in every corner of the economy and manage more money that you can imagine. If they go down, we all go down or suffer one way or another.",helene,community_discussion,
loeuexg,t3_1fm715t,t3_1fm715t,tampa,fredoillu,1727033625,2024-09-22 19:33,1,"I'm having SUCH a hard time feeling any sympathy for Blackstone. Also- as far as the FL market in general, its so over inflated that a downturn in the market could be a good thing (long term. I grew up in FL my whole life but bought my home in GA in part because Tampa prices were so outrageous.",helene,community_discussion,
lof9179,t3_1fm715t,t1_lo9ilmi,tampa,BroBeau,1727038089,2024-09-22 20:48,1,"Lackluster supervision from superintendents, low pay for sub contractors makes for cutting corners, terrible inspections. That’s a drop in the bucket.",helene,community_discussion,
lofu8nv,t3_1fm715t,t3_1fm715t,tampa,Nothxm8,1727045229,2024-09-22 22:47,2,Fuck blackstone,helene,community_discussion,
lo8qtns,t3_1fm8w3n,t3_1fm8w3n,tampa,tampa-ModTeam,1726941814,2024-09-21 18:03,1,Your post is better suited for the stickied Discussion thread.,helene,community_discussion,
lo8r2jn,t3_1fm8w3n,t3_1fm8w3n,tampa,fuckmeli0das,1726941900,2024-09-21 18:05,1,"pho quyen, 3 brothers halal & chilis never fails",helene,community_discussion,
lo8r8xq,t3_1fm8w3n,t1_lo8r2jn,tampa,WVFLMan,1726941961,2024-09-21 18:06,1,Was looking for something with maybe a bit more of a fun vibe hahah,helene,community_discussion,
lo95zuc,t3_1fm9ttt,t3_1fm9ttt,tampa,Melolicious,1726947038,2024-09-21 19:30,13,Have you contacted The Cat Doctors in Tampa? They may be able to help.,helene,community_discussion,
lo96dhw,t3_1fm9ttt,t3_1fm9ttt,tampa,OttersAreCute215,1726947171,2024-09-21 19:32,5,Check with cat rescue groups.  They might know of resources you can take advantage of.,helene,community_discussion,
lo9a9dv,t3_1fm9ttt,t3_1fm9ttt,tampa,[deleted],1726948514,2024-09-21 19:55,1,[removed],helene,community_discussion,
lo9aphv,t3_1fm9ttt,t1_lo95zuc,tampa,tmi_or_nah,1726948668,2024-09-21 19:57,6,Oh yes the cat doctors are great!,helene,community_discussion,
lo9db6b,t3_1fm9ttt,t1_lo95zuc,tampa,sleazycookies,1726949557,2024-09-21 20:12,6,I haven’t I’ll give them a call!,helene,community_discussion,
lo9gt3b,t3_1fm9ttt,t3_1fm9ttt,tampa,Orbit30001,1726950728,2024-09-21 20:32,9,St Francis Animal Rescue in tampa,helene,community_discussion,
loa2sv7,t3_1fm9ttt,t3_1fm9ttt,tampa,yooperamy,1726958580,2024-09-21 22:43,2,"https://friendsofhcas.org/about-us#c98065f6-868b-4f57-8372-e7fd9c847643

I’m not sure if you meet the criteria but please look  this.",helene,community_discussion,
loa9h03,t3_1fm9ttt,t3_1fm9ttt,tampa,Sweet_Sub73,1726961167,2024-09-21 23:26,2,"Here is a fact I learned after my cat was diagnosed with cancer (unrelated to her cancer). Not even sure if it will help you in any way: my cat and her brother both had kitty colds when we adopted them. My vet told me that onc e a cat has a cold, it carries that virus with them the rest of its life, and will always tend to be a little more suseptible to illness.",helene,community_discussion,
loaj9u8,t3_1fm9ttt,t3_1fm9ttt,tampa,Thin_Travel_9180,1726965117,2024-09-22 00:31,1,"Try North Bay animal hospital, I know they have helped other in dire circumstances. I hope you are able to get some help for your kitty. Maybe start a go fund me for donations too.",helene,community_discussion,
loaod1b,t3_1fm9ttt,t3_1fm9ttt,tampa,renwod90,1726967201,2024-09-22 01:06,6,"I don’t mean to be rude, but I’m surprised you would adopt a pet without realizing that, just like with a child, medical emergencies can and in my experience do happen and are usually costly. Deciding to adopt a pet means understanding that medical expenses are going to be a regular part of ownership. This poor cat has already been through so much, I’m shocked that someone would consider returning them over this. Very sad.",helene,community_discussion,
loco9ds,t3_1fm9ttt,t3_1fm9ttt,tampa,[deleted],1727007720,2024-09-22 12:22,1,[removed],helene,community_discussion,
lo96fvo,t3_1fmak7d,t3_1fmak7d,tampa,keitho24,1726947194,2024-09-21 19:33,2,"That place was banging. There was one close to macdill, I know it's not east side, but it was good af too. Maybe someone knows which one I'm referring?",helene,community_discussion,
lo9w07f,t3_1fmak7d,t3_1fmak7d,tampa,Mongis27,1726956040,2024-09-21 22:00,2,"It's called getting ""La Cantina"".",helene,community_discussion,
loekfza,t3_1fmak7d,t3_1fmak7d,tampa,DontCallMeMillenial,1727030637,2024-09-22 18:43,1,Caribbean Club on Anderson (north of the airport) kinda what you're looking for?,helene,community_discussion,
lo9n70c,t3_1fmc56n,t3_1fmc56n,tampa,[deleted],1726952866,2024-09-21 21:07,1,[removed],helene,community_discussion,
lo9nx4m,t3_1fmc56n,t3_1fmc56n,tampa,[deleted],1726953116,2024-09-21 21:11,1,[removed],helene,community_discussion,
lo9ozes,t3_1fmc56n,t3_1fmc56n,tampa,TheReal_CaptDan,1726953482,2024-09-21 21:18,2,Not really a thing like that around Carrollwood from what I know,helene,community_discussion,
lo9rx5p,t3_1fmc56n,t3_1fmc56n,tampa,Indifferentchildren,1726954533,2024-09-21 21:35,3,"I haven't been in about a decade, but ""Bobalouie's"" on Bearss, just west of Livingston, was a real dive bar, and sometimes had karaoke. They also made a really good Cuban sandwich. Some or all of those things might still be true.",helene,community_discussion,
lo9rydf,t3_1fmc56n,t3_1fmc56n,tampa,runny_door,1726954546,2024-09-21 21:35,2,The Korean restaurant K-chicken & Grill Korean BBQ has karaoke rooms you can rent. You can have food and drinks served in the rooms.,helene,community_discussion,
lo9s30f,t3_1fmc56n,t1_lo9rydf,tampa,runny_door,1726954592,2024-09-21 21:36,3,Sorry it's bb.q Chicken Northdale Tampa,helene,community_discussion,
lo9s800,t3_1fmc56n,t1_lo9rx5p,tampa,flatsjunkie88,1726954643,2024-09-21 21:37,3,Same thing I was gonna say. I haven't been in years but I've definitely sang karaoke there. Cool spot.,helene,community_discussion,
lo9v2wm,t3_1fmc56n,t3_1fmc56n,tampa,[deleted],1726955695,2024-09-21 21:54,1,[removed],helene,community_discussion,
lo9hrhx,t3_1fmc7z0,t3_1fmc7z0,tampa,superboomer23,1726951043,2024-09-21 20:37,1,"It will be unprofitable to have beer garden in DT, do research on how much rent is now",helene,community_discussion,
lo9jsqs,t3_1fmc7z0,t1_lo9hrhx,tampa,[deleted],1726951712,2024-09-21 20:48,1,[removed],helene,community_discussion,
lo9moqm,t3_1fmc7z0,t3_1fmc7z0,tampa,JTys044,1726952693,2024-09-21 21:04,3,There is already a beer garden at Sparksman.,helene,community_discussion,
lo9qoal,t3_1fmc7z0,t1_lo9hrhx,tampa,[deleted],1726954089,2024-09-21 21:28,1,[removed],helene,community_discussion,
lo9xwla,t3_1fmc7z0,t3_1fmc7z0,tampa,[deleted],1726956746,2024-09-21 22:12,1,[removed],helene,community_discussion,
lo9xxh7,t3_1fmc7z0,t3_1fmc7z0,tampa,cco036,1726956755,2024-09-21 22:12,1,"FTI - One “select all” question was programmed as single select. 
Good luck with your project!",helene,community_discussion,
loadqib,t3_1fmc7z0,t1_lo9moqm,tampa,[deleted],1726962864,2024-09-21 23:54,1,[removed],helene,community_discussion,
lo9q0wn,t3_1fmd8ud,t3_1fmd8ud,tampa,Extreme_Arachnid_329,1726953855,2024-09-21 21:24,-19,Help her out by getting a job so she can pay for it,helene,community_discussion,
lo9r60j,t3_1fmd8ud,t3_1fmd8ud,tampa,CovidLarry,1726954265,2024-09-21 21:31,3,"Look at leases on electric vehicles like the Nissan leaf. Assuming she has a regular commute and somewhere to charge, the operating costs will be super low. With the subsidies, the rates can be insanely low on the actual lease.",helene,community_discussion,
lo9rb8x,t3_1fmd8ud,t3_1fmd8ud,tampa,binkobankobinkobanko,1726954316,2024-09-21 21:31,4,Budget?,helene,community_discussion,
lo9sd9c,t3_1fmd8ud,t1_lo9rb8x,tampa,jbird2204,1726954696,2024-09-21 21:38,4,I’d love to keep it under $8k,helene,community_discussion,
lo9si1u,t3_1fmd8ud,t1_lo9q0wn,tampa,jbird2204,1726954744,2024-09-21 21:39,8,She has two jobs but needs reliable transportation.,helene,community_discussion,
lo9sltr,t3_1fmd8ud,t1_lo9r60j,tampa,jbird2204,1726954783,2024-09-21 21:39,3,Thank you! Will check it out ◡̈,helene,community_discussion,
lo9tqz6,t3_1fmd8ud,t3_1fmd8ud,tampa,TheIntrovertedone1,1726955202,2024-09-21 21:46,2,Bay Auto Wholesale! It’s a used car lot that the last two cars(only had to get another bc someone rear ended me) I have got have been from there.Never ever ever had any problems and you can def find something for under 8k,helene,community_discussion,
lo9x4fb,t3_1fmd8ud,t1_lo9sd9c,tampa,binkobankobinkobanko,1726956454,2024-09-21 22:07,3,"[Civic, Good Value, but 2-door](https://www.autotrader.com/cars-for-sale/vehicle/725234624?LNX=SPGOOGLENONBRANDBODYSTYLE&channel=ATC&city=Atlanta&ds_rl=1294008&facetMinCount=3&gad_source=1&gclid=Cj0KCQjw3bm3BhDJARIsAKnHoVVhUwi9S-_tyw9lLt8JVmKl08wXfSF4dYgLF9gk_aMbSgNXIfK8jd4aAg5yEALw_wcB&gclsrc=aw.ds&listingType=USED&maxPrice=8500&minPrice=6000&newSearch=false&referrer=%2Fcars-for-sale%2Fcars-between-3000-and-8500%2Fatlanta-ga%3FLNX%3DSPGOOGLENONBRANDBODYSTYLE%26channel%3DATC%26ds_rl%3D1294008%26facetMinCount%3D3%26firstRecord%3D125%26gad_source%3D1%26gclid%3DCj0KCQjw3bm3BhDJARIsAKnHoVVhUwi9S-_tyw9lLt8JVmKl08wXfSF4dYgLF9gk_aMbSgNXIfK8jd4aAg5yEALw_wcB%26gclsrc%3Daw.ds%26newSearch%3Dfalse%26sortBy%3DderivedpriceASC%26utm_campaign%3Dat_na_na_national_evergreen_roi_na_na%26utm_content%3Dkeyword_text_na_na_na_spgooglenonbrandbodystyle_na%26utm_medium%3Dsem_non-brand_perf%26utm_source%3DGOOGLE%26utm_term%3Dtampa%2520used%2520cars%26zip%3D30301&sortBy=derivedpriceASC&state=GA&utm_campaign=at_na_na_national_evergreen_roi_na_na&utm_content=keyword_text_na_na_na_spgooglenonbrandbodystyle_na&utm_medium=sem_non-brand_perf&utm_source=GOOGLE&utm_term=tampa%20used%20cars&zip=30301&clickType=listing)

[Hybrid Camry, but not sure what condition the battery is in](https://www.autotrader.com/cars-for-sale/cars-between-6000-and-8500/atlanta-ga?LNX=SPGOOGLENONBRANDBODYSTYLE&channel=ATC&ds_rl=1294008&facetMinCount=3&firstRecord=25&gad_source=1&gclid=Cj0KCQjw3bm3BhDJARIsAKnHoVVhUwi9S-_tyw9lLt8JVmKl08wXfSF4dYgLF9gk_aMbSgNXIfK8jd4aAg5yEALw_wcB&gclsrc=aw.ds&newSearch=false&sortBy=derivedpriceASC&utm_campaign=at_na_na_national_evergreen_roi_na_na&utm_content=keyword_text_na_na_na_spgooglenonbrandbodystyle_na&utm_medium=sem_non-brand_perf&utm_source=GOOGLE&utm_term=tampa%20used%20cars&zip=30301)",helene,community_discussion,
lo9xl0o,t3_1fmd8ud,t3_1fmd8ud,tampa,Comfortable-File7929,1726956627,2024-09-21 22:10,1,"I saw this today, a beautiful car for a great price: https://www.facebook.com/share/jGHZFPCPLJZXepWz/?mibextid=kL3p88",helene,community_discussion,
lo9y0t7,t3_1fmd8ud,t1_lo9q0wn,tampa,[deleted],1726956790,2024-09-21 22:13,1,[removed],helene,community_discussion,
lo9zhwy,t3_1fmd8ud,t3_1fmd8ud,tampa,Fit_Relationship1094,1726957345,2024-09-21 22:22,8,"Have you heard of Wheels of Success? They're a Tampa not for profit that work to provide needy families with cars. Perhaps you'll qualify for one of their programs? Please reach out to them on Monday. All they can say is no,  but maybe they'll have a suggestion to help you get back on the road again
https://www.wheelsofsuccess.org/about-us/overview/",helene,community_discussion,
loa0rko,t3_1fmd8ud,t1_lo9zhwy,tampa,jbird2204,1726957824,2024-09-21 22:30,3,Omg THANK YOU! 🥹 We’ll definitely call on Monday!,helene,community_discussion,
loa254w,t3_1fmd8ud,t1_loa0rko,tampa,Fit_Relationship1094,1726958339,2024-09-21 22:38,1,"Happy to help,  I'm putting you in my prayers and hoping you get a good outcome.",helene,community_discussion,
loa2t9r,t3_1fmd8ud,t3_1fmd8ud,tampa,rentifiapp,1726958584,2024-09-21 22:43,1,"My neighbor has a 2016-17 Jetta for sale. She worked in Palmetto and drove from Tampa to that locale every day for six years so it has 120k miles on it, but she’s had the car taken care of for the four years I’ve known her, so much so I joke with her that she’s one of the ones who take oil changes too seriously. 

I know about it because I was also looking to get a vehicle for someone that needed something reliable. It’s in really solid shape as far as I can tell. Be glad to walk over and get pics.",helene,community_discussion,
loa38kj,t3_1fmd8ud,t1_loa2t9r,tampa,jbird2204,1726958740,2024-09-21 22:45,1,Oh that would be awesome if you wouldn’t mind! And if you can get a ballpark price of what she’s looking for 🙏,helene,community_discussion,
loa5igl,t3_1fmd8ud,t1_loa38kj,tampa,rentifiapp,1726959614,2024-09-21 23:00,1,No problem.  Lemme check and get back to you.,helene,community_discussion,
loaoi70,t3_1fmd8ud,t1_lo9r60j,tampa,unionizemoffitt,1726967261,2024-09-22 01:07,6,"Don't do this, the leaf gets about 40-50 miles per charge for real life driving. Plus Nissan are po's. 

On a better note, Tampa hybrids is good",helene,community_discussion,
loarrsc,t3_1fmd8ud,t1_lo9zhwy,tampa,Irishqueen81,1726968617,2024-09-22 01:30,3,This is an awesome program. It's a great suggestion. I hope she can qualify.,helene,community_discussion,
loawm2f,t3_1fmd8ud,t3_1fmd8ud,tampa,skyeric875,1726970677,2024-09-22 02:04,1,Tampa Hybrids. You can get decent Toyota cars in that range and it’s non negotiating and a very low dealer fee.,helene,community_discussion,
loaws1k,t3_1fmd8ud,t1_loaoi70,tampa,skyeric875,1726970747,2024-09-22 02:05,2,+1 on Tampa hybrids. Best car purchasing experience I’ve had without all the junk fees.,helene,community_discussion,
lobbmoz,t3_1fmd8ud,t3_1fmd8ud,tampa,IHaveAZomboner,1726977492,2024-09-22 03:58,1,I really wish I had the ability to help you. I really do. All I can do is hope for the best and pray you find what you need.,helene,community_discussion,
lobdreg,t3_1fmd8ud,t1_loawm2f,tampa,jbird2204,1726978598,2024-09-22 04:16,0,Thank you!! I feel really stupid asking this but do you know if all of their cars are hybrids? She lives in an apartment complex so I’d imagine charging will be complicated.,helene,community_discussion,
locvaie,t3_1fmd8ud,t1_lobdreg,tampa,skyeric875,1727010884,2024-09-22 13:14,1,"Yea most are regular hybrids. Sometimes there are plugin hybrids. Even if you did buy a plugin and never plugged it in, it still is a regular hybrids by adding gas. I’d go and look, the guy Todd and Mike took a lot of time explaining hybrids to my wife and then we bought it. Pretty low to no pressure sales, it’s more of a take it or leave it type of deal.",helene,community_discussion,
lod1q4b,t3_1fmd8ud,t3_1fmd8ud,tampa,keekswthecheeks,1727013348,2024-09-22 13:55,1,My boyfriend owns a wholesale car business. Him and his dad have been selling cars for 40+ years. Message me if you’re interested. They deal with a lot of ford escape hybrids which are virtually indestructible. They have one that they use around the shop that has almost 400k miles on it! They’re super reliable and great SUVs for children :)),helene,community_discussion,
lod1wa9,t3_1fmd8ud,t1_lod1q4b,tampa,keekswthecheeks,1727013404,2024-09-22 13:56,1,I also would like to say they don’t have any dealer fees and are stand up guys. They can help get her into something that suits her needs!,helene,community_discussion,
lod2ngn,t3_1fmd8ud,t3_1fmd8ud,tampa,SlendyTheMan,1727013689,2024-09-22 14:01,1,r/WhatCarShouldIBuy is great,helene,community_discussion,
lod6ni1,t3_1fmd8ud,t1_lod1wa9,tampa,jbird2204,1727015176,2024-09-22 14:26,1,Thank you!! Messaging you!,helene,community_discussion,
lod6sew,t3_1fmd8ud,t1_lobbmoz,tampa,jbird2204,1727015226,2024-09-22 14:27,1,Thank you! 🙏,helene,community_discussion,
loa2dro,t3_1fmenp7,t3_1fmenp7,tampa,RaeAllen77,1726958427,2024-09-21 22:40,3,Hungry Harry’s! It’s in lando maybe 25 minutes away from chapel.,helene,community_discussion,
loa2h3o,t3_1fmenp7,t3_1fmenp7,tampa,CanSignificant8444,1726958461,2024-09-21 22:41,5,"A bit of a drive, but up in Brooksville there’s this place called Deep South. It’s only open Thursday thru Sunday and if you thought a corporate chain like Dickey’s was good, then Deep South will blow your mind.",helene,community_discussion,
loa3fbi,t3_1fmenp7,t1_loa2dro,tampa,DontBeThatGuyFieri,1726958811,2024-09-21 22:46,5,Hungry Harry’s is repulsive,helene,community_discussion,
loa3jak,t3_1fmenp7,t1_loa3fbi,tampa,RaeAllen77,1726958853,2024-09-21 22:47,3,Don’t be that guy fieri,helene,community_discussion,
loa3k4q,t3_1fmenp7,t3_1fmenp7,tampa,WranglerJR83,1726958862,2024-09-21 22:47,13,"If you think Dickey’s is on point, go to Sonny’s. Not gonna waste the good BBQ on you.",helene,community_discussion,
loa3olt,t3_1fmenp7,t1_loa3fbi,tampa,Sobrietyishot,1726958909,2024-09-21 22:48,5,"I mean if Dickeys is being considered good then there’s a lot on the table, lol.",helene,community_discussion,
loa45wn,t3_1fmenp7,t3_1fmenp7,tampa,ComfortablyNumb863,1726959092,2024-09-21 22:51,2,Smoke your own meats,helene,community_discussion,
loa4qjy,t3_1fmenp7,t3_1fmenp7,tampa,barryclarkjax,1726959313,2024-09-21 22:55,1,"If a place has brunswick stew I count that as a great place.  Use to have a place in Brandon called Holy Hog.  Best I ever had.  Can't find one place that has it.  Smokey Bones only place, but it's terrible",helene,community_discussion,
loa63sw,t3_1fmenp7,t3_1fmenp7,tampa,TEHKNOB,1726959843,2024-09-21 23:04,5,"Nothing honestly. Go to Tampa for Brisket Shoppe, Unkle Reem’s and Wicked Oak.",helene,community_discussion,
loa7ksg,t3_1fmenp7,t1_loa3k4q,tampa,REDfohawk,1726960419,2024-09-21 23:13,1,This level gatekeeping by someone with a jeep wrangler is hilarious 😂,helene,community_discussion,
loa8o16,t3_1fmenp7,t1_loa7ksg,tampa,Daves_not_here_mannn,1726960845,2024-09-21 23:20,4,I’ll have you know he is the rubber duck procurement officer for his club!  🥺,helene,community_discussion,
loa8vuu,t3_1fmenp7,t1_loa7ksg,tampa,WranglerJR83,1726960931,2024-09-21 23:22,5,"Haven’t had a wrangler in years hoss, but anyone who thinks Dickey’s brisket is “on point” clearly hasn’t had actual BBQ. 

You want good BBQ, you find a 300+ lb black man on the side of the road with a smoker. After you hit 3-4 of them, we’ll talk.",helene,community_discussion,
loa97el,t3_1fmenp7,t1_loa8vuu,tampa,[deleted],1726961061,2024-09-21 23:24,1,[removed],helene,community_discussion,
loa9ncl,t3_1fmenp7,t1_loa63sw,tampa,FugginOld,1726961239,2024-09-21 23:27,2,Wicked oak is good.,helene,community_discussion,
loa9q8y,t3_1fmenp7,t3_1fmenp7,tampa,FugginOld,1726961270,2024-09-21 23:27,4,"For fast food BBQ, Sonny's > Dickeys",helene,community_discussion,
loaaf2j,t3_1fmenp7,t3_1fmenp7,tampa,Tampa_Legend,1726961541,2024-09-21 23:32,1,Al’s finger licking in ybor if you’re down for a drive,helene,community_discussion,
loaaot6,t3_1fmenp7,t3_1fmenp7,tampa,TheCemeteryHunter,1726961648,2024-09-21 23:34,1,Hungry Harry’s off of US-41,helene,community_discussion,
loaas2u,t3_1fmenp7,t1_loa2h3o,tampa,madbadger89,1726961683,2024-09-21 23:34,3,Seconded for Deep South - put some in yo mouth. Right now they got a special sausage made by a local butcher - it’s a buffalo chicken sausage and it’s covered in fried jalapeños.,helene,community_discussion,
loaawk8,t3_1fmenp7,t3_1fmenp7,tampa,madbadger89,1726961733,2024-09-21 23:35,1,Station House bbq in Lutz is pretty good.,helene,community_discussion,
loabbac,t3_1fmenp7,t3_1fmenp7,tampa,QuerulousPanda,1726961896,2024-09-21 23:38,2,"Not gonna lie, in my experience bbq joints are either utterly garbage, or completely fine. There's not really any other variation. I've had ""beats"" and fancies before and it's all basically the same.

The same with burger places, they're either awful or ok, people will swear one is better than another but really unless they're absolutely trash they're all just fine.",helene,community_discussion,
loac90u,t3_1fmenp7,t3_1fmenp7,tampa,Appropriate_Pound233,1726962272,2024-09-21 23:44,1,Yuck!,helene,community_discussion,
loacpzg,t3_1fmenp7,t1_loa2dro,tampa,skinnnymike,1726962460,2024-09-21 23:47,1,"We’ve tried hungry Harry’s twice and both times we weren’t impressed. The place is always busy, so they have something going for them.",helene,community_discussion,
loadcdk,t3_1fmenp7,t1_loacpzg,tampa,brennok,1726962708,2024-09-21 23:51,1,They used to be a lot better. The owner died around 6 years ago or so and it went downhill. The big reason to go is the cheap all you can eat every day.,helene,community_discussion,
loadkro,t3_1fmenp7,t1_loa3k4q,tampa,brennok,1726962801,2024-09-21 23:53,0,"When they first opened by Sam's Club, it was pretty consistent and good. Corporate bought the original franchise owner out though and then changed everything.",helene,community_discussion,
loae0oa,t3_1fmenp7,t1_loa8vuu,tampa,brennok,1726962978,2024-09-21 23:56,1,"Speaking of a smoker, Pibb's Rib Shack by Cross Creek on Bruce B Downs is supposed to be pretty good.",helene,community_discussion,
loae9lk,t3_1fmenp7,t3_1fmenp7,tampa,tampa-ModTeam,1726963077,2024-09-21 23:57,1,Your post is better suited for the stickied Discussion thread.,helene,community_discussion,
loaenua,t3_1fmenp7,t3_1fmenp7,tampa,Glad_Damage5429,1726963235,2024-09-22 00:00,1,Smittys smokehouse in Dade city,helene,community_discussion,
loaetwu,t3_1fmenp7,t1_loa9ncl,tampa,TEHKNOB,1726963301,2024-09-22 00:01,1,Burnt end Friday FTW,helene,community_discussion,
loaf5gu,t3_1fmenp7,t1_loae0oa,tampa,WranglerJR83,1726963433,2024-09-22 00:03,1,Stop sharing our secrets!!,helene,community_discussion,
loafhpa,t3_1fmenp7,t1_loadkro,tampa,WranglerJR83,1726963569,2024-09-22 00:06,1,"I’ve never been a huge fan of Hungry Harry’s, but they’re definitely better than Dickeys. My jam was always Hot Rods, but they’ve been gone for 20 years. Pibbs is awesome. Also, go into Ybor and hit Al’s. Alabamas was awesome before he kicked the bucket.",helene,community_discussion,
loamyo2,t3_1fmenp7,t1_loafhpa,tampa,brennok,1726966624,2024-09-22 00:57,1,"I liked the original Al's, but wasn't impressed after the move and it was probably after he died.",helene,community_discussion,
loafjq9,t3_1fmgh12,t3_1fmgh12,tampa,BarnacleMcBarndoor,1726963592,2024-09-22 00:06,2,It used to be Publix but they got too expensive so now I’m all in at Aldi and sometimes Win Dixie.,helene,community_discussion,
loafron,t3_1fmgh12,t3_1fmgh12,tampa,WranglerJR83,1726963681,2024-09-22 00:08,5,Like just any food or groceries or what?,helene,community_discussion,
loafwel,t3_1fmgh12,t3_1fmgh12,tampa,[deleted],1726963733,2024-09-22 00:08,1,[removed],helene,community_discussion,
loag0gm,t3_1fmgh12,t3_1fmgh12,tampa,vaultboy1,1726963779,2024-09-22 00:09,-1,I'm a slut for the Cheesecake Factory. Order the mac & cheese balls then thank me later.,helene,community_discussion,
loag3j2,t3_1fmgh12,t3_1fmgh12,tampa,Envoyager,1726963814,2024-09-22 00:10,0,La Teresita,helene,community_discussion,
loagi81,t3_1fmgh12,t3_1fmgh12,tampa,aryndelvyst,1726963982,2024-09-22 00:13,3,I too enjoy food,helene,community_discussion,
loagn13,t3_1fmgh12,t3_1fmgh12,tampa,pyscle,1726964037,2024-09-22 00:13,1,Kroger.,helene,community_discussion,
loags51,t3_1fmgh12,t3_1fmgh12,tampa,[deleted],1726964096,2024-09-22 00:14,1,[removed],helene,community_discussion,
loagxw1,t3_1fmgh12,t3_1fmgh12,tampa,[deleted],1726964161,2024-09-22 00:16,1,[removed],helene,community_discussion,
loah0bp,t3_1fmgh12,t3_1fmgh12,tampa,HCSOThrowaway,1726964188,2024-09-22 00:16,1,Burger King for sure.,helene,community_discussion,
loah36p,t3_1fmgh12,t3_1fmgh12,tampa,[deleted],1726964221,2024-09-22 00:17,1,[removed],helene,community_discussion,
loah9d5,t3_1fmgh12,t3_1fmgh12,tampa,tampa-ModTeam,1726964291,2024-09-22 00:18,1,Your post is better suited for the stickied Discussion thread.,helene,community_discussion,
loahe7e,t3_1fmgh12,t3_1fmgh12,tampa,AeroIsthmus,1726964345,2024-09-22 00:19,0,Funny thing is most of the good food is in st pete/pinellas,helene,community_discussion,
loahz0w,t3_1fmgh12,t3_1fmgh12,tampa,JCPennessey,1726964584,2024-09-22 00:23,1,"Yuppi Wings, Oak and Ola, Chanko, Noble Rice, Boozy Pig, Loli’s Tacos, Taqueria Emanuel, Thai 5, Angry Chair Brewey, Trophy Fish, On Swann, Psomi.",helene,community_discussion,
loahmfd,t3_1fmgt2t,t3_1fmgt2t,tampa,[deleted],1726964438,2024-09-22 00:20,1,[removed],helene,community_discussion,
loaodme,t3_1fmhgs6,t3_1fmhgs6,tampa,jared2580,1726967208,2024-09-22 01:06,49,"I guarantee if they had spent 1/8th of the 8 million they spent on this new “Synergy” system on bringing the system they built in-house up to standard it would have been much better for everyone. 

But some consultant told them to do this instead so 🤷‍♂️",helene,community_discussion,
loar5pz,t3_1fmhgs6,t1_loaodme,tampa,Half__Half,1726968362,2024-09-22 01:26,28,"Former HCPS teacher here, synergy was a mess when they started introducing it and it seems like nothing has changed. Vet teachers all griped about it being one of the worst additions in recent years, and even as a tech-savvy newer teacher I struggled with it. Absolute joke and definitely only served to line some consultant’s pockets.",helene,community_discussion,
loat704,t3_1fmhgs6,t3_1fmhgs6,tampa,scootaloo732,1726969221,2024-09-22 01:40,2,Do not hire the dollar tree sysadmin,helene,community_discussion,
loatdcc,t3_1fmhgs6,t3_1fmhgs6,tampa,HeyGirlBye,1726969297,2024-09-22 01:41,20,"My kids IEP is stuck in limbo over this shit, she said it would have taken 15 minutes it took over an hour and a half and the most important info wasn’t even able to be added. I felt so bad for her she seemed so overwhelmed",helene,community_discussion,
loav2tv,t3_1fmhgs6,t1_loar5pz,tampa,WrathofRagnar,1726970025,2024-09-22 01:53,2,"Teacher side of synergy is literally point and click in every aspect.  So this is false.  It's the ""backend"" functionality that is like a 3rd grader programmed it",helene,community_discussion,
loawafu,t3_1fmhgs6,t1_loav2tv,tampa,Half__Half,1726970538,2024-09-22 02:02,7,"Maybe things have changed since I was working with it, but even the “point and click” aspects didn’t work as intended so we all had issues. I know personally I would see certain percentages / numbers on my end but then when it updated I’d see different values.",helene,community_discussion,
loawlst,t3_1fmhgs6,t1_loawafu,tampa,WrathofRagnar,1726970673,2024-09-22 02:04,1,Percentages and numbers for what?  Synergy is literally just roster/attendance/referrals/ notes for teachers,helene,community_discussion,
loawohp,t3_1fmhgs6,t1_loawlst,tampa,Half__Half,1726970705,2024-09-22 02:05,5,My school used it for progress reports / report cards,helene,community_discussion,
loawt49,t3_1fmhgs6,t1_loatdcc,tampa,realKevinNash,1726970760,2024-09-22 02:06,3,I feel this is only the tip of the iceberg with the school district mismanagement.,helene,community_discussion,
loawv54,t3_1fmhgs6,t3_1fmhgs6,tampa,Johnny_Manson,1726970784,2024-09-22 02:06,3,How much does this cost tax payers?,helene,community_discussion,
loawz5a,t3_1fmhgs6,t1_loaodme,tampa,realKevinNash,1726970831,2024-09-22 02:07,1,"Eh, im not so sure. That said, this could have been done smarter probably.",helene,community_discussion,
loay4da,t3_1fmhgs6,t1_loawohp,tampa,WrathofRagnar,1726971317,2024-09-22 02:15,5,"Ahhh, I forgot about that fiasco. You're right. That part is garbage too..",helene,community_discussion,
loayjcn,t3_1fmhgs6,t3_1fmhgs6,tampa,RndmIntrntStranger,1726971495,2024-09-22 02:18,4,"the article is behind a paywall, so idk what else it’s saying, but Canvas, iReady, & Clever has not been working since the beginning of the school year. And schools use iReady as one of the assessments for student progress",helene,community_discussion,
lob2e4p,t3_1fmhgs6,t1_loayjcn,tampa,realKevinNash,1726973179,2024-09-22 02:46,6,">The district bought the program, Synergy, in 2019 for more than $8.5 million to replace the aging system it had built in-house more than 30 years ago. The pandemic and technological problems caused delays, and the 2024-25 school year was its last chance to put the program into action under the original contract. Had it delayed implementation until next year, it would have cost the district another $2 million for something it wasn’t using, the district’s chief of information technology, Thomas Weeks, said in a recent meeting.

>But so far, the school year has been marred by both technical complaints about Synergy and a bumpy rollout that has left many district employees with little or no training on how to use it. Board members have described teachers reverting to taking attendance on paper; students facing inaccurate class schedules and errors on transcripts, some falsely showing they’re not on track to graduate; and enormous burdens for staff in filling out forms, especially those required by law for students with special needs.",helene,community_discussion,
lob4ove,t3_1fmhgs6,t1_lob2e4p,tampa,RndmIntrntStranger,1726974207,2024-09-22 03:03,3,"Thank you!

wow, $8.5million spent (& counting) and they still can’t get it to work…",helene,community_discussion,
lob5twk,t3_1fmhgs6,t3_1fmhgs6,tampa,Khue,1726974730,2024-09-22 03:12,21,"Is the TL;DR on this that we let the private sector into a government funded project because ""the free market is always better"" and they over charged and under delivered?",helene,community_discussion,
lob7je1,t3_1fmhgs6,t1_lob5twk,tampa,realKevinNash,1726975519,2024-09-22 03:25,1,"I think the TLDR is no matter if it is private sector, any massive program needs to be evaluated for the successes they have had in similar systems, those people should be interviewed for implementation problems and cost overruns, and then our own implementation needs to be monitored and action taken before it gets to this level.",helene,community_discussion,
lobgd2t,t3_1fmhgs6,t3_1fmhgs6,tampa,Neverender26,1726979997,2024-09-22 04:39,4,"For what it’s worth, this was a deal brokered by the previous, money grabbing superintendent who had a private driver and an entourage follow him everywhere. Some hand certainly got greased for this abomination of a program. 

Also, when they purchased it, they didn’t purchase live support. Just the rights to use it. So when shit breaks and we don’t know how to work it, there’s no one to call at synergy to get it fixed.",helene,community_discussion,
lobghr0,t3_1fmhgs6,t1_loawlst,tampa,ChallengeFine243,1726980068,2024-09-22 04:41,1,Ummmm the whole ESE department uses it for IEP's.. doesn't work,helene,community_discussion,
lobgm7w,t3_1fmhgs6,t1_loayjcn,tampa,ChallengeFine243,1726980136,2024-09-22 04:42,1,Everything that you listed is working.,helene,community_discussion,
lobgn5n,t3_1fmhgs6,t1_loatdcc,tampa,Neverender26,1726980150,2024-09-22 04:42,5,"Yeah, our ese teachers have it the worst. One at my school spent 6 hours at home getting it to write and update  an IEP only to come in Monday and the entire thing was deleted because of a system refresh issue. 

The whole thing is a shit show and I wish Addison Davis hadn’t basically started the district on fire with this program right before he up and left. Terrible system, terrible deal, terrible former superintendent.",helene,community_discussion,
lobidul,t3_1fmhgs6,t1_lobgm7w,tampa,RndmIntrntStranger,1726981120,2024-09-22 04:58,2,not for my child’s school,helene,community_discussion,
lobrz4y,t3_1fmhgs6,t1_lobgd2t,tampa,DarkStar265,1726987015,2024-09-22 06:36,1,"False. Synergy was selected as the same time as Canvas, it just took way longer to implement. Both systems were chosen before the superintendent you reference.",helene,community_discussion,
loceeaj,t3_1fmhgs6,t1_lobgn5n,tampa,HeyGirlBye,1727002283,2024-09-22 10:51,4,Right reading the article I’m like hmmmm who’s brother in law got a nice 8.5 mill contract,helene,community_discussion,
locg2xr,t3_1fmhgs6,t1_lob5twk,tampa,[deleted],1727003324,2024-09-22 11:08,1,[removed],helene,community_discussion,
locg3el,t3_1fmhgs6,t3_1fmhgs6,tampa,statix138,1727003331,2024-09-22 11:08,5,"I've seen the pay rates for Hillsborough County Schools IT roles, doesn't surprise me.",helene,community_discussion,
locq2ey,t3_1fmhgs6,t3_1fmhgs6,tampa,The_Droker,1727008579,2024-09-22 12:36,3,Damn my moms has been bitching about this system since beginning of the school year. I guess she was right.,helene,community_discussion,
locxetv,t3_1fmhgs6,t3_1fmhgs6,tampa,OminousG,1727011761,2024-09-22 13:29,6,"When the school year started my high schooler was assigned a class that didn't exist with a teacher who didn't know he was teaching.  Given 2 classes during the same period, and no lunch.  It took a full week to get it fixed because of how many kids got screwed.  The guidance department was so overwhelmed that they email system they set up to address scheduling issues was abandoned before the first day of school and they would only see students during lunch periods.  
  
The news reporters were all over the high school facebook pages asking for parent remarks because they could see this coming from a mile away.",helene,community_discussion,
lodwr9x,t3_1fmhgs6,t3_1fmhgs6,tampa,chazzeromus,1727023575,2024-09-22 16:46,2,"Should have gone with the Pinellas county original: Focus

Yes it’s it’s written in PHP but the folks there have a strong local relationship with the districts and have SLA compliance with some clients.",helene,community_discussion,
lodxody,t3_1fmhgs6,t1_loaodme,tampa,HCSOThrowaway,1727023859,2024-09-22 16:50,4,"Makes you wonder who's getting the kickbacks.

We switched to an entirely different handgun (FN FS9...S?), which of course incurred the cost of the purchase and retraining of all of our deputies, then we switched back. Rumor had it there was a major who just retired and got hired at FN who benefited.",helene,community_discussion,
loe2gxl,t3_1fmhgs6,t3_1fmhgs6,tampa,_Breakfast24hours,1727025329,2024-09-22 17:15,2,"8 million fucking dollars? Sorry, they got bent way over on this. Even if it worked 100%, that's still insane.   

If any of you school staffers are reading: Just for comparison, I could have built everything (all cloud infrastructure, backend(s), frontend(s), monitoring on everything, tooling for devs, etc.) on my own for, I dunno, 4% of that cost. As far as everything else they would need (documentation, support, maintenance, new features, updates, ongoing cloud costs): There's no way it would eat up the rest of that $8,000,000 price tag.    

Yikes.",helene,community_discussion,
loethr1,t3_1fmhgs6,t3_1fmhgs6,tampa,[deleted],1727033347,2024-09-22 19:29,1,[removed],helene,community_discussion,
lob4sqw,t3_1fmjof4,t3_1fmjof4,tampa,roadrunner0969,1726974257,2024-09-22 03:04,3,"Edit, green onions and parsley*** sorry gotta give credit for the few ingredients he did use albeit poorly",helene,community_discussion,
lob5u67,t3_1fmjof4,t3_1fmjof4,tampa,Jolteon24,1726974733,2024-09-22 03:12,23,Wasn’t super impressed when I got take out from there either. I ordered fried rice and it had so much cooking oil that it was basically soup for me,helene,community_discussion,
lob60q9,t3_1fmjof4,t3_1fmjof4,tampa,wiltznucs,1726974816,2024-09-22 03:13,30,Not at all; I’ll admit that I haven’t been and that’s mostly because the reviews I’ve heard have been very mixed.,helene,community_discussion,
lob6k42,t3_1fmjof4,t1_lob60q9,tampa,roadrunner0969,1726975065,2024-09-22 03:17,16,Every person whose opinion I trust and respect when it comes to local food spots have not liked it… seems like an influencer trap,helene,community_discussion,
lob6ksv,t3_1fmjof4,t3_1fmjof4,tampa,ll1020,1726975074,2024-09-22 03:17,13,Food wasn’t good and it was extremely expensive. The staff was great though,helene,community_discussion,
lob6lfu,t3_1fmjof4,t1_lob5u67,tampa,roadrunner0969,1726975082,2024-09-22 03:18,12,I also tried the rice it was awful ): and so expensive,helene,community_discussion,
lob6og0,t3_1fmjof4,t3_1fmjof4,tampa,aetuf,1726975121,2024-09-22 03:18,16,I read the menu and website and got the vibe the place was overhyped. Couldn't bring myself to spend the money on overpriced inauthentic food.,helene,community_discussion,
lob6qmo,t3_1fmjof4,t1_lob6ksv,tampa,roadrunner0969,1726975149,2024-09-22 03:19,9,"My waitress was so kind, I felt bad for her and wanted to tell her to RUN",helene,community_discussion,
lob7lbd,t3_1fmjof4,t3_1fmjof4,tampa,drr777,1726975545,2024-09-22 03:25,5,"I had some good meals there early on, the last couple times, I was like WTF. I wonder if some of it is due to the new location being developed on Platt.",helene,community_discussion,
lob9zbd,t3_1fmjof4,t3_1fmjof4,tampa,[deleted],1726976686,2024-09-22 03:44,1,[removed],helene,community_discussion,
lobb0rb,t3_1fmjof4,t3_1fmjof4,tampa,GolfCartMafia,1726977189,2024-09-22 03:53,29,Lol it’s weird inside because it was a fucking sweet diner for like 20 years before it became Hale’s. They must not have done much renovating.,helene,community_discussion,
lobbce9,t3_1fmjof4,t3_1fmjof4,tampa,[deleted],1726977346,2024-09-22 03:55,1,[removed],helene,community_discussion,
lobbtt4,t3_1fmjof4,t3_1fmjof4,tampa,CyberAsura,1726977593,2024-09-22 03:59,50,This is a Chinese restaurant? No offensive but it has 0% Cantonese vibe. It looks 100% pure American.,helene,community_discussion,
lobcddh,t3_1fmjof4,t3_1fmjof4,tampa,[deleted],1726977871,2024-09-22 04:04,1,[removed],helene,community_discussion,
lobcdry,t3_1fmjof4,t1_lobb0rb,tampa,roadrunner0969,1726977877,2024-09-22 04:04,4,"I’ve lived here my whole life and never ate at whatever was in that spot, I’m sure it was better than this gruel",helene,community_discussion,
lobcgpn,t3_1fmjof4,t1_lob6k42,tampa,twinflame42069,1726977919,2024-09-22 04:05,12,"Same same. I tried it myself after hearing many underwhelming reviews. It was, underwhelming for sure.",helene,community_discussion,
lobd30p,t3_1fmjof4,t3_1fmjof4,tampa,mschnzr,1726978242,2024-09-22 04:10,10,"Went one time, not going back. Cantonese cuisine is best left to Cantonese cooks.",helene,community_discussion,
lobdijz,t3_1fmjof4,t3_1fmjof4,tampa,Return_to_monke_69,1726978469,2024-09-22 04:14,34,I LOVE MING AND HIS GARDEN,helene,community_discussion,
lobe3wq,t3_1fmjof4,t1_lobdijz,tampa,roadrunner0969,1726978785,2024-09-22 04:19,14,They really are the best I’d take ming garden or honestly anywhere else on the list over black brick,helene,community_discussion,
lobed1p,t3_1fmjof4,t1_lobd30p,tampa,roadrunner0969,1726978920,2024-09-22 04:22,7,I just learned he might actually be trying to go for hunan/ anhui style more which is also wild because he has several dishes commonly seen in Cantonese cuisine so I think he is truly jaded,helene,community_discussion,
lobeg54,t3_1fmjof4,t3_1fmjof4,tampa,tmi_or_nah,1726978967,2024-09-22 04:22,8,"Tampa’s “food scene” isn’t very complex yet. We were basically a chain restaurant city for years so obviously anything that’s a step above chain food gets high praise. 

I haven’t been but it’s been recommended to me, but after hearing this still not sure if I’ll be going",helene,community_discussion,
lobelxi,t3_1fmjof4,t1_lobeg54,tampa,roadrunner0969,1726979053,2024-09-22 04:24,-3,"Are you joking or just not from here? Tampa has an incredibly diverse and rich food scene, but you have to do some digging and take risks sometimes which I’m seeing a lot of new residents fail to do. So you stumble upon these traps and think it’s the best in town. Get better taste buds, explore the city, then come back and talk.",helene,community_discussion,
lobf1yr,t3_1fmjof4,t1_lobelxi,tampa,roadrunner0969,1726979291,2024-09-22 04:28,5,I posted a list of other Chinese restaurants that deserve the hype worlds more than this colonizer. That was in no way exhaustive. There are also other kinds of Asian restaurants that are some of the best I’ve had in the world Lucky Tigre (Filipino) Saigon deli (Vietnamese). Disrespectful.,helene,community_discussion,
lobf93d,t3_1fmjof4,t3_1fmjof4,tampa,roadrunner0969,1726979399,2024-09-22 04:29,23,The best translation I have for the characters on his site: “not so Chinese” at least that’s accurate 😭,helene,community_discussion,
lobfamn,t3_1fmjof4,t3_1fmjof4,tampa,Kotruljevic1458,1726979423,2024-09-22 04:30,14,"We did not have a good experience - very expensive and food was average to bad.  We sat outside and it was not comfortable which just made things worse.  The chef came around and was pleasant, staff was good too.  Never going back.  Family had hyped it for the duck so I know now not to trust them.",helene,community_discussion,
lobfjc2,t3_1fmjof4,t1_lobfamn,tampa,roadrunner0969,1726979552,2024-09-22 04:32,7,It’s so disappointing when you get excited for an experience and it simply does not compare. I hope you have many yummy food adventures in the future!,helene,community_discussion,
lobfjpe,t3_1fmjof4,t1_lobed1p,tampa,mschnzr,1726979557,2024-09-22 04:32,10,"The problem is that, just because you cook fancy fried rice with truffle oil and served in a fancy wooden bowl doesn’t mean it is great.  99% diners are white. I’m Asian, my husband is white.My husband felt so uncomfortable with the whole dining experience. Most of the people were so pretentious and thought they know Chinese Cantonese, well they don’t. It is so over hyped, overpriced, atmosphere is so 90s and dated. I don’t even know what to say.",helene,community_discussion,
lobfwu7,t3_1fmjof4,t1_lobfjpe,tampa,roadrunner0969,1726979751,2024-09-22 04:35,6,"I am white and felt extremely uncomfortable, I have been in so many family owned, mom and pop food spots that have nearly brought me to tears with how beautiful the cooking and experience is. He is robbing others of this experience and making them think American chefs can do anything better which time and time again is proven to be incredibly false. I hope people can see past the facade and give their money to people who really deserve it and have lived the food and tradition. I will never trust a middle aged white man who thinks he can do century year old food better than anyone before him.",helene,community_discussion,
lobg927,t3_1fmjof4,t3_1fmjof4,tampa,[deleted],1726979935,2024-09-22 04:38,1,[removed],helene,community_discussion,
lobgds5,t3_1fmjof4,t1_lobbtt4,tampa,[deleted],1726980007,2024-09-22 04:40,1,[removed],helene,community_discussion,
lobgnpj,t3_1fmjof4,t1_lobelxi,tampa,[deleted],1726980159,2024-09-22 04:42,1,[removed],helene,community_discussion,
lobgzno,t3_1fmjof4,t1_lobfwu7,tampa,mschnzr,1726980341,2024-09-22 04:45,7,"I whole heartedly agreed with you. I have so many people ask me, where is the best Chinese food, I said my mom’s house :). It is such bogus with all these fancy, overhyped restaurants in tampa. Me and my husband are foodies and travel all over the world for great food. And then you come back and you have these white people making cuisines that they have no idea about. Did you realized all these restaurants have ‘Asian fusion’. All they put was the sweet chilly sauce from Asian market and mix it in every dishes. lol

Have you try UNION on Westshore blvd? If you haven’t, don’t go. Have you try Ro Hyde Park? Don’t go. My mom makes a million times better peking duck than that place. I don’t even know if they understand what is Peking duck. Sushi, terrible and overpriced. Tell me, how are these restaurants still in operation. So pathetic",helene,community_discussion,
lobi3s9,t3_1fmjof4,t1_lobgzno,tampa,alphatrader06,1726980964,2024-09-22 04:56,6,"Is there a Chinese restaurant that you would recommend? I respect and receive wholeheartedly what you said about moms kitchen, but not all of us have a Chinese mom😃.

It's been a real struggle to find good Chinese around here. Any help is appreciated.",helene,community_discussion,
lobifgt,t3_1fmjof4,t1_lobelxi,tampa,tmi_or_nah,1726981146,2024-09-22 04:59,10,"I’m talking as someone born and raised here. Yes I completely agree that there are some amazing restaurants and I applaud how international we are. But it’s not the mainstream. 

I know people (not just a handful) who were here for generations and had no idea how diverse the food is *because* of how chain oriented Tampa (and Florida) was mostly due to legislation if I understand correctly. I firmly believe had I and my family not been ethnic looking for places that taste like the homeland we would’ve considered chilis and carrabas as nice places to eat and not the microwaved chicken places that they are. 

You can see it in the industry people are just not on the same level as established destinations. There’s mixed level of care when it comes to the popular places. We could be so much better with all the diversity we have here, but we’re also a growing city and I’m sure in 10 years we’ll be there",helene,community_discussion,
lobikx6,t3_1fmjof4,t1_lobf1yr,tampa,tmi_or_nah,1726981230,2024-09-22 05:00,4,I could not agree more about the colonizer thing. In my line of work I had to research him and felt very disgusted and just off put by how “celebrity chef” he was coming off as.,helene,community_discussion,
lobisne,t3_1fmjof4,t1_lobi3s9,tampa,mschnzr,1726981352,2024-09-22 05:02,10,"I know. I’m pretty darn lucky. 
Way back then, Yummy house (the original location) used to be pretty authentic. And then I’m not sure what happened. Several popped up and no longer as great as it used to be. I guess it used to as good as it gets. 

I think I would recommend Lan Zhou Lamen Noodle House. Only been once, and I would go back and try something new.
Let me know what you think?",helene,community_discussion,
lobj4nq,t3_1fmjof4,t1_lobisne,tampa,alphatrader06,1726981546,2024-09-22 05:05,5,You are  very appreciated 🙌🏿! I will give it a go. Unfortunately so called US Chinese food has gotten so bad I just stay away unless a get a good tip or recommendation not from yelp or Google. Thanks again.,helene,community_discussion,
lobmij5,t3_1fmjof4,t3_1fmjof4,tampa,Totalweirdo42,1726983549,2024-09-22 05:39,56,"Did you see what’s on their yelp page?

https://preview.redd.it/ziiaaydqsaqd1.jpeg?width=1170&format=pjpg&auto=webp&s=8563897d06057fef23c97e836a6a2fedeb45f603",helene,community_discussion,
lobomct,t3_1fmjof4,t1_lobifgt,tampa,ConvenientAmnesia,1726984849,2024-09-22 06:00,1,Just gotta know where to look.,helene,community_discussion,
lobq1ep,t3_1fmjof4,t1_lobmij5,tampa,roadrunner0969,1726985747,2024-09-22 06:15,35,I love that yelp shows that alert 🥰 absolutely insane behavior but it makes sense why I’m seeing so many positive reviews now,helene,community_discussion,
lobq7wp,t3_1fmjof4,t1_lobq1ep,tampa,Totalweirdo42,1726985866,2024-09-22 06:17,10,Yeah I hadn’t seen that before but I love it too. The letter is insane. There were a couple bad reviews with some salty responses from the owner but not many for how bad of an experience you and other here describe. You should def leave a review 😂,helene,community_discussion,
lobq9gl,t3_1fmjof4,t3_1fmjof4,tampa,brennok,1726985893,2024-09-22 06:18,11,It is creative loafing so tends to just be a popularity contest and you can vote daily. It is like taking reviews from Neighborhood News.,helene,community_discussion,
lobv14u,t3_1fmjof4,t3_1fmjof4,tampa,jakkare,1726989014,2024-09-22 07:10,7,"Have gone twice, take out another time or two. Only pro for me was it being gluten free (dumb allergy). First dining experience wasn’t horrible, had a good cocktail, tried a bunch of dishes with friends, only thing left desirable was service (never checked up on, couldn’t even get the tab for 30 mins). Second time was unremarkable, food was bland. Both times I’ve ordered take out for a basic fried rice dish and a veggie side (ginger eggplant) it was abysmal—bland, oily, somehow too salty but not even seasoned, less than generous shrimp/char sui pork. Haven’t gone back since.",helene,community_discussion,
locbjeq,t3_1fmjof4,t3_1fmjof4,tampa,m3x_aries,1727000395,2024-09-22 10:19,8,"My girlfriend and I went there for date night. She was excited to try that place out after looking at their menu. The food was stupidly overpriced for what it was. Honestly I've gotten better food from microwave dinners. Fast forward the next day we both had horrible stomach pains from this place. He should have kept it as Pop's Diner. And the owner came out to every table putting everyone on the spot about how his food was and just seemed full of himself.
The inside just look like a hot mess I don't think he had any idea what he was doing when he designed it",helene,community_discussion,
locco34,t3_1fmjof4,t3_1fmjof4,tampa,FLman42069,1727001154,2024-09-22 10:32,7,Is that Chinese spaghetti? Lol,helene,community_discussion,
locdso0,t3_1fmjof4,t3_1fmjof4,tampa,aaronscott13,1727001902,2024-09-22 10:45,5,"I need to be honest, I forgot this place existed. I was a huge fan of the diner there before (RIP Mom and Pops!) but I don’t think I’ve ever heard someone say they went there as Hales. Interesting though! Thanks for an honest review.",helene,community_discussion,
locgwmn,t3_1fmjof4,t1_lobq9gl,tampa,[deleted],1727003810,2024-09-22 11:16,1,[removed],helene,community_discussion,
locgy15,t3_1fmjof4,t1_lob6k42,tampa,jaybad34,1727003833,2024-09-22 11:17,7,"In general, I don’t trust anyone’s opinion when it comes to food, good or bad. I prefer to experience it myself.",helene,community_discussion,
lochies,t3_1fmjof4,t3_1fmjof4,tampa,iam2bz2p,1727004164,2024-09-22 11:22,3,"The chef is earnest, but the food is awful generally. Most dishes have this lingering black licorice taste. I can't place it, but it's consistent and unpleasant.",helene,community_discussion,
locjw8s,t3_1fmjof4,t3_1fmjof4,tampa,[deleted],1727005500,2024-09-22 11:45,1,[removed],helene,community_discussion,
lockjkb,t3_1fmjof4,t3_1fmjof4,tampa,Left_Perception_1049,1727005840,2024-09-22 11:50,6,"It is the hype.  Richard Hale is some great top chef.  Was on Guy Fieri's show and Guy was gushing about how great the food is.  Too many places live off a reputation and no one wants to say ""Hey, I ate there and it wasn't good"".",helene,community_discussion,
locohw4,t3_1fmjof4,t3_1fmjof4,tampa,BBCrohn,1727007834,2024-09-22 12:23,1,yup. Everything good but most of the food.,helene,community_discussion,
locqtyx,t3_1fmjof4,t1_lobq7wp,tampa,roadrunner0969,1727008935,2024-09-22 12:42,6,"I have before, very early on too! he removed mine within days I can’t see it anymore",helene,community_discussion,
locr5vu,t3_1fmjof4,t1_locco34,tampa,roadrunner0969,1727009087,2024-09-22 12:44,4,"That’s honestly a good way of describing it, in my original review a year ago I suggested he let people know he’s using bucatini in an Asian dish before ordering it and he said “it’s a fusion restaurant” 🤔",helene,community_discussion,
locr9yq,t3_1fmjof4,t1_lockjkb,tampa,roadrunner0969,1727009138,2024-09-22 12:45,4,Apparently in this case you’ll get a cease and desist 😂,helene,community_discussion,
locsgw5,t3_1fmjof4,t1_locdso0,tampa,LandscapeWest2037,1727009673,2024-09-22 12:54,2,"Last I checked, Mom's is still there. It's just Pop's that closed. Ironic that it was called Pop's & Sons and the daughter ultimately closed it.",helene,community_discussion,
locsp73,t3_1fmjof4,t1_lobi3s9,tampa,Nalgene_Budz,1727009774,2024-09-22 12:56,6,red bowl - amazing lady who cooks everything,helene,community_discussion,
locssbv,t3_1fmjof4,t1_lobf1yr,tampa,LandscapeWest2037,1727009813,2024-09-22 12:56,2,"Have you tried Ahi off of Dale Mabry and Bearss? Not sure how authentic it is, but I've never had a bad meal there.",helene,community_discussion,
locvbse,t3_1fmjof4,t3_1fmjof4,tampa,AxelNyre,1727010898,2024-09-22 13:14,2,China yuan is the best.,helene,community_discussion,
locxzd3,t3_1fmjof4,t3_1fmjof4,tampa,Aggravating_Permit_4,1727011990,2024-09-22 13:33,-6,What does it matter that he’s “white” and middle-aged? Why does race have to be interjected into everything today?  We all bleed the same color..,helene,community_discussion,
locybpy,t3_1fmjof4,t1_locxzd3,tampa,roadrunner0969,1727012128,2024-09-22 13:35,3,"It normally doesn’t, it was just something I took notice of as we sat down due to the fact that his face is posted 100 times on the wall. It did matter when I put his food in my mouth and realized exactly what was going on. Another person who thinks just because they studied under a chef for 3 months or however long they can take their craft and do it better. Well he can’t, white, black, Pacific Islander, if any one aside from someone who has practiced their cultures food for decades, I know they will have more food knowledge than some dude who came up on the scene 10 years ago because guy fieri likes him.",helene,community_discussion,
locyg4w,t3_1fmjof4,t1_locxzd3,tampa,roadrunner0969,1727012177,2024-09-22 13:36,6,"I think it’s important to consider when sitting down for a meal. Food is not something that can be easily stolen and revamped by a race who thinks their food is superior. Aside from that, screw it I agree.",helene,community_discussion,
locyjbc,t3_1fmjof4,t1_locsgw5,tampa,aaronscott13,1727012212,2024-09-22 13:36,3,You’re totally right. It felt weird when I wrote that. Pop N Sons **,helene,community_discussion,
locyo18,t3_1fmjof4,t1_locgy15,tampa,roadrunner0969,1727012264,2024-09-22 13:37,3,"Same but… if you hear 10+ people say a spot isn’t great that’s something to make me pause before eating somewhere new, especially when the chef seems like he’s tooting his own horn/ expanding too quickly.",helene,community_discussion,
locyu25,t3_1fmjof4,t1_lobgzno,tampa,roadrunner0969,1727012330,2024-09-22 13:38,4,Union is DISGUSTING I could not believe that place either!!! It was so nice discussing this with you. I hope you and your husband have many beautiful future foodie experiences ✨,helene,community_discussion,
locz6yb,t3_1fmjof4,t1_locsp73,tampa,billyhtchcoc,1727012473,2024-09-22 13:41,2,I absolutely *love* Red Bowl,helene,community_discussion,
lod6sc5,t3_1fmjof4,t3_1fmjof4,tampa,shark1818,1727015226,2024-09-22 14:27,9,"Nope. Food just okay. And they played movies all night of people getting chopped up. And to top it off they have a huge gold framed picture of Donald trump in the restroom. 

An odd place overall.",helene,community_discussion,
lod6y64,t3_1fmjof4,t1_lod6sc5,tampa,roadrunner0969,1727015284,2024-09-22 14:28,13,The Donald trump photo would’ve been the nail in the coffin for me oh NAHHHH 😭,helene,community_discussion,
lodah2r,t3_1fmjof4,t3_1fmjof4,tampa,2347690,1727016537,2024-09-22 14:48,9,"TL:DR - I know Chinese Food, this is not worth the hype. 
  
OCH here... 
Let me establish some credibility for my comments.
My 2nd 10-year China visa expires next September...
Heading to Shanghai for 3 weeks on Thursday, as it happens, and I'm hoping to get my 3rd 10-year while I'm there.  
I've eaten Chinese cuisine around the world: NYC (super good), LA (some good), London (nothing special, but the Indian cuisine 🤌 , Paris (horrible), Milan & Rome (meh), Moscow (awful), Kazan (worse), Krasnodar (surprisingly good), Sydney (Amazing), Singapore (2nd best Sichuan I've had), a tiny town way north of Brisbane called Agnes Water  (wonderful)... I feel like I have a good basis for evaluating Chinese food.  

All that being said-  
I have eaten at HBB twice -  
The first experience was less than mediocre...  
Since anyone can have an off night, I went back a couple weeks later. The experience was even worse. 
The taste of the food was nothing special, the variations on the classic added nothing (the dumplings, shu mai, etc) or were just downright bad (General Tso Gator, Lamb).  
The manager stopped to inquire how we were enjoying things. I politely expressed my disappointment in several dishes - I had heard so much about the Xian cumin lamb- it did not live up to the hype, the ma la chicken had only a tiny amount of sichuan pepper on it so there was only a hint of the spicy/numbness promised.  
The  wrappers for their xiao long bao were (imo) badly executed, so there was no broth in the XLB because it all leaked out through the broken wrappers. (The have to serve them in spoons because they can't be handled without falling apart. XLB service is an art form... if a chef served these at Din Tai Fung, theyd be fired for serving a bad product) 
I was informed that HBB wasn't supposed to be and *authentic* experience, but a *fusion*, variations on the classics.  
Well- if fusion means prettliy-plated dumplings that fall apart, melted eggplant that tasted bad, and Mom's special eggroll that wasn't very special... hard pass.  
Well, maybe if swapping out some elements of ""the Classics"" is the aim of Fusion cuisine, the elements that are used need to 1) bring some novel and tasty flavors to the party,  2) need to be executed well, (not just arranged on a plate ready for the Instagram shot... and 3) be appropriately priced... this is Tampa, not New York or LA. I don't like paying twice the price for a dish, then only getting a smaller, albiet artfully-arranged, portion...  
I don't mind paying premium, but it has to be worth it, and this wasn't.  
Food wise, I didn't expect to be re-living my visit to Siju Minfu in Beijing or GuYi or Di Shui Dong in Shanghai. But I expect to enjoy the experience.  
Sadly I did not.  
Was anything good? Hmmm. Pork Belly was pretty good,  as was the Kung Pao Asparagus.  
I will not be visiting the new location in Hyde Park... 
I'll go to Yummy House, China Yuan, or Grand Fortune for my MSG fix.",helene,community_discussion,
lodazpn,t3_1fmjof4,t1_lobcdry,tampa,sillyspacewitch,1727016717,2024-09-22 14:51,13,Pop n sons will always be better than black brick,helene,community_discussion,
lodb6i0,t3_1fmjof4,t1_lodah2r,tampa,roadrunner0969,1727016782,2024-09-22 14:53,3,"This is an awesome review, thank you for sharing and I hope we get better options in the future. I agree with you on the three essentials and I saw none of them here. Really hoping the Hyde park location does not go easy on them, they need the hard truth from someone and it seems like they don’t like to listen to any form of constructive criticism.",helene,community_discussion,
lodc5cc,t3_1fmjof4,t1_locssbv,tampa,tmi_or_nah,1727017111,2024-09-22 14:58,4,"We tried the newly opened Grand Fortune and liked it quite a bit, they seem pretty authentic and I love that they served tea immediately. We did prefer their main menu over dim sum but both were great.",helene,community_discussion,
lodck13,t3_1fmjof4,t1_lobelxi,tampa,tmi_or_nah,1727017247,2024-09-22 15:00,3,"That’s fair enough! I’ve never been the biggest fan of my hometown however I do appreciate and recognize how it’s been growing so I get where you’re coming from. There are certain spots I will defend with my life, one of which is also Saigon deli lol",helene,community_discussion,
lodddms,t3_1fmjof4,t3_1fmjof4,tampa,LeastAd9721,1727017525,2024-09-22 15:05,7,I remember seeing Richard Hale on some competition on Food Network and thought “Huh. Let me check this place out.” The responses to some of the reviews immediately made me think he was one of those chef stereotypes who will argue with someone if they don’t like something and try to “educate” them.,helene,community_discussion,
lodj63i,t3_1fmjof4,t3_1fmjof4,tampa,1morcast,1727019451,2024-09-22 15:37,3,"Went with my wife and was very excited to get some more authentic Chinese cuisine that we could not find easily in Tampa. We have lived in Philly and DC area and loved to going to ethnic Chinese restaurants for both family style meals and small hand drawn noodle places. 

I didn't like the food here because most of the menu featured what seemed to be ""upscaled"" versions of some traditional Chinese food. The only thing that felt upscale was the price. Whatever the chef did to these dishes made them worse. 

I am.not Chinese, nor a culinary expert. These are.just.mt opinions based on eating similar food elsewhere.",helene,community_discussion,
lodmed3,t3_1fmjof4,t3_1fmjof4,tampa,[deleted],1727020469,2024-09-22 15:54,1,[removed],helene,community_discussion,
lodon35,t3_1fmjof4,t1_lod6sc5,tampa,DontCallMeMillenial,1727021165,2024-09-22 16:06,4,"A place that has a dinner dress code plays movies on TV?

What the fuck?",helene,community_discussion,
lodsgtw,t3_1fmjof4,t1_lod6sc5,tampa,floofylizard,1727022331,2024-09-22 16:25,3,"The new location is close to where I live and I was excited for a new restaurant to try out, but it looks like I’m gonna skip it!",helene,community_discussion,
lodsvnu,t3_1fmjof4,t3_1fmjof4,tampa,floofylizard,1727022446,2024-09-22 16:27,2,Dang the new location is close to where I live but I guess I’m gonna skip it.,helene,community_discussion,
lodt2mj,t3_1fmjof4,t1_lobfwu7,tampa,sketchedoutcomics,1727022500,2024-09-22 16:28,-5,"American chefs can do anything better which time and time again is proven to be incredibly false.

[You're wrong](https://whitehorsenewport.com/)

I think the problem is you because when you say ""American chef"" you are trying to exclude middle aged WHITE AMERICANS.

This feels like propaganda at this point, and it is no wonder our country is in such a rotten state.

Cut the racism, the ageism, and the sexism. Shut your mouth and fill it with food. And if you don't like the food, REVIEW THE FOOD.",helene,community_discussion,
lodvycc,t3_1fmjof4,t1_lodt2mj,tampa,roadrunner0969,1727023329,2024-09-22 16:42,4,"I did, the owner fought me on it and I can’t see my review anymore. If you think I’m the problem that’s your opinion but I’m not a fan of white washed, Americanized, overpriced shit excuses for food.",helene,community_discussion,
lodw3wu,t3_1fmjof4,t1_lodt2mj,tampa,roadrunner0969,1727023376,2024-09-22 16:42,3,"Boiling the issues we have in the US down to this is so sad and I hope you have a better day, so sorry I’m causing these problems for us 😩",helene,community_discussion,
lodwtny,t3_1fmjof4,t3_1fmjof4,tampa,SacTu,1727023596,2024-09-22 16:46,2,Food is garbage for any price,helene,community_discussion,
lodxwtd,t3_1fmjof4,t3_1fmjof4,tampa,JCPennessey,1727023932,2024-09-22 16:52,8,"I cannot agree more. The interior is extremely gaudy, not giving Cantonese American at all, similar experience, all the dumplings were “meh” we ended up not even committing to entrees due to the quality of the appetizers. Don’t even get me started on the wine list, obviously getting a kick back from southern glazers cause they own his beverage program. 

So many great Asian eateries. Go to retrohouse people! It just opened and is amazing. Especially if you’re craving authentic Cantonese dishes. (Made by actual Cantonese folks)",helene,community_discussion,
lody65f,t3_1fmjof4,t1_lodxwtd,tampa,roadrunner0969,1727024012,2024-09-22 16:53,5,I LOVEEEE retro house oh my gosh this!!! I couldn’t remember their name but their food was insanely good and I saw a grandma cooking in the back!,helene,community_discussion,
lodz89b,t3_1fmjof4,t1_lody65f,tampa,JCPennessey,1727024338,2024-09-22 16:58,4,They have a mini dim sum cart figurine in their window and it makes me want to go to china just to get one. Grandma cooking in the back doesn’t surprise me at all. Their Hong Kong noodles went absolutely bonkers,helene,community_discussion,
lodza7s,t3_1fmjof4,t1_lobj4nq,tampa,roadrunner0969,1727024354,2024-09-22 16:59,3,Someone just also mentioned retro house which I totally forgot about but their food is SO GOOD and cheap!!! Amazing people too.,helene,community_discussion,
lodzjij,t3_1fmjof4,t1_lodz89b,tampa,roadrunner0969,1727024435,2024-09-22 17:00,3,"https://preview.redd.it/2gukehj96eqd1.jpeg?width=3024&format=pjpg&auto=webp&s=e56822184c280b600a1618a86173997cbdccb6b9

That’s exactly what caught my eye too how funny!!! Here’s a photo I took last I was there because they are so incredible and actually deserve the hype HBB gets",helene,community_discussion,
lodzm3o,t3_1fmjof4,t1_lodzjij,tampa,roadrunner0969,1727024457,2024-09-22 17:00,2,I got the ube panna cotta and ohhhh my,helene,community_discussion,
loebp46,t3_1fmjof4,t1_lodwtny,tampa,roadrunner0969,1727028000,2024-09-22 18:00,2,Correct,helene,community_discussion,
loecw61,t3_1fmjof4,t3_1fmjof4,tampa,ilikekillingflies,1727028349,2024-09-22 18:05,5,"I was really excited about this place. Went on a Saturday for lunch. Two other tables were sat. Food took forfuckingever. It was ok, at best. Small portions. Overpriced. I couldn’t believe how barely ok the entire thing was. Did some work for them later on. They’re absolute assholes too. Fuck that place.",helene,community_discussion,
loejj6b,t3_1fmjof4,t1_lodza7s,tampa,mschnzr,1727030359,2024-09-22 18:39,2,Great to know. Might give it a shot! Hole in a wall places are the best!,helene,community_discussion,
loeke2q,t3_1fmjof4,t1_lodvycc,tampa,[deleted],1727030622,2024-09-22 18:43,1,[removed],helene,community_discussion,
loeleck,t3_1fmjof4,t1_lodvycc,tampa,sketchedoutcomics,1727030920,2024-09-22 18:48,-4,"I'll go one further.

  
If a WHITE AMERICAN has no business cooking Cantonese food, what business is it of yours as a white person to even be eating it?

That is how utterly ridiculous you are. Seriously. Food is food. If Chinese food didn't taste so good, they should have kept it in China and we could all be the more miserable for it. The fact is there were PLENTY of Asian cooking shows that I (as a WHITE AMERICAN) have watched throughout the years, and have enjoyed cooking at home. Oh the humanity. Had I known the shows were not for me, I could have saved myself the trouble of eating succulent Chinese dinners.",helene,community_discussion,
loem9wj,t3_1fmjof4,t1_loeleck,tampa,roadrunner0969,1727031183,2024-09-22 18:53,3,"You’re wild for this 😭 those are two wildly different concepts and situations to discuss and you’re generalizing them once again. I said I do not think it’s a white American chefs place to claim they have the best Chinese food, then fight back against anyone who disagrees with him. He thinks he knows best and no one can tell him otherwise, he’s full of himself and on an ego trip. I have met some incredible white American middle aged chefs who pay an incredible homage to Chinese dishes while also still respecting the cultures they are borrowing food from. I’m so sorry you have a different stance on this, but food is for everyone to eat. Sadly, many people who eat out are white due to several factors, one of them being people know they can sometimes just get better food if they get it home cooked. White people have the ability to explore other cultures food and give thanks to the chefs that put their blood sweat and tears into preparing the food. Let me guess, you’re a fan of the trump poster in the restroom too huh?",helene,community_discussion,
loexzv5,t3_1fmjof4,t1_loem9wj,tampa,sketchedoutcomics,1727034691,2024-09-22 19:51,-3,"This chef poured blood, sweat and tears into his food. Food is for everyone to cook. If the recipe makes delicious food, and someone can follow it, it doesn't matter what their culture is. Robots will be making food in 50 years, if not sooner.",helene,community_discussion,
lof1c8a,t3_1fmjof4,t1_loexzv5,tampa,roadrunner0969,1727035705,2024-09-22 20:08,3,"Is the chef who poured blood sweat and tears into his food in the room with us right now? Because I’m talking about chef hale and he in no way is doing so, in my personal opinion. He is enjoying success provided by his closeness to guy fieri, and don’t even get me started on that turd muffin. Robots might be making food but that won’t stop people who truly love food from seeking out restaurants that make them feel like home. Hope you find some happiness in your Sunday!",helene,community_discussion,
lof1hmo,t3_1fmjof4,t1_loexzv5,tampa,roadrunner0969,1727035751,2024-09-22 20:09,2,Do you think chefs will just quit and be like okay 👍🏼 they got it from here! That’s some end of day boomer shit if so. Touch grass.,helene,community_discussion,
lofaa18,t3_1fmjof4,t1_lobmij5,tampa,J_Case,1727038476,2024-09-22 20:54,1,Probably the OP.,helene,community_discussion,
loffkvb,t3_1fmjof4,t3_1fmjof4,tampa,buffalochickencats,1727040199,2024-09-22 21:23,1,Beijing house is where its at,helene,community_discussion,
log29ko,t3_1fmjof4,t3_1fmjof4,tampa,5in8,1727048082,2024-09-22 23:34,2,"Imo, ABC was the only legit Cantonese restaurant, that is, until the original owner retired. As for Yummy House, the one on Dale Mabry is OK, but the one in Orlando and Altamonte Springs is way better. Recently, Grand Fortune opened by MD Oriental, but that place isn't ran by Cantonese people, which you can tell by how they do  the beef flat noodles. As for ABC, one of the students of the original owner took over and moved to a new location in St. Petersburg, which is OK.",helene,community_discussion,
lobe049,t3_1fmkui9,t3_1fmkui9,tampa,Supremealexander,1726978729,2024-09-22 04:18,225,"https://preview.redd.it/mu412zvceaqd1.jpeg?width=4032&format=pjpg&auto=webp&s=45fb15becfb57b01029ae2b33089debebdb318cf

23 cop cars and  swat van… some shit went down",helene,community_discussion,
lobe3bs,t3_1fmkui9,t1_lobe049,tampa,Electronic_Depth8936,1726978777,2024-09-22 04:19,49,right behind u man 😭 hope no one died,helene,community_discussion,
lobehyx,t3_1fmkui9,t1_lobe049,tampa,Electronic_Depth8936,1726978993,2024-09-22 04:23,52,motorcycle accident …,helene,community_discussion,
lobel80,t3_1fmkui9,t1_lobe3bs,tampa,Supremealexander,1726979042,2024-09-22 04:24,60,I saw two cars a corvette and some Infiniti fly by us at like 120mph… I honestly think maybe they were shooting at each other or some shit idk why else there would be swat involved,helene,community_discussion,
lobeqzz,t3_1fmkui9,t1_lobel80,tampa,Electronic_Depth8936,1726979129,2024-09-22 04:25,32,"dang we’ll see it in the news, there’s a motorcycle laying in the middle of the lanes idk what could have happened but didn’t see 🩸which hopefully is a good thing for them",helene,community_discussion,
lobgipf,t3_1fmkui9,t3_1fmkui9,tampa,suminvr,1726980082,2024-09-22 04:41,10,oh my this always happens after a game,helene,community_discussion,
lobgurw,t3_1fmkui9,t1_lobgipf,tampa,hoppydud,1726980267,2024-09-22 04:44,12,There was a car show at Armature,helene,community_discussion,
lobh6f2,t3_1fmkui9,t3_1fmkui9,tampa,ManLikeSloth,1726980446,2024-09-22 04:47,35,My wife was caught up in this and said it didn’t clear up until the i4-i275 interchange.,helene,community_discussion,
lobhi17,t3_1fmkui9,t3_1fmkui9,tampa,ChallengeFine243,1726980625,2024-09-22 04:50,57,"Oh my gosh... a group of motorcyclists were in a pack acting like idiots on Westshore. One of them smacked our car hard with his hand. They all proceeded onto 275 going north. I hope it wasn't one of them....they seemed ""younger"".",helene,community_discussion,
lobkpey,t3_1fmkui9,t1_lobe049,tampa,Comfortable_Art2955,1726982466,2024-09-22 05:21,18,"Seems logical, not insane at all",helene,community_discussion,
lobnxdq,t3_1fmkui9,t1_lobh6f2,tampa,tmi_or_nah,1726984410,2024-09-22 05:53,5,Was wondering bc we just got home but we came up from downtown so thankfully we missed it,helene,community_discussion,
lobq3y0,t3_1fmkui9,t3_1fmkui9,tampa,roadrunner0969,1726985793,2024-09-22 06:16,9,Right before all the clubs let out too… I hope everyone gets home safe tonight,helene,community_discussion,
locajoc,t3_1fmkui9,t3_1fmkui9,tampa,DerivativesDonkey,1726999717,2024-09-22 10:08,69,"My dad always said ""nothing good ever happens after midnight""",helene,community_discussion,
locc3qk,t3_1fmkui9,t1_locajoc,tampa,fuzzy_peach91,1727000771,2024-09-22 10:26,14,Chappel,helene,community_discussion,
loccie4,t3_1fmkui9,t1_locc3qk,tampa,DerivativesDonkey,1727001045,2024-09-22 10:30,60,"No, thats not his name",helene,community_discussion,
loccugz,t3_1fmkui9,t3_1fmkui9,tampa,akkisner,1727001275,2024-09-22 10:34,-1,[I think this is the accident you are asking about](https://localaccidentreports.com/tampa-fl-vehicle-crash-with-injuries-on-i-275-sb/),helene,community_discussion,
locelus,t3_1fmkui9,t1_loccugz,tampa,JHDCO,1727002416,2024-09-22 10:53,3,That says 12pm unless it's a typo that wouldn't be right,helene,community_discussion,
locmr8j,t3_1fmkui9,t1_lobe049,tampa,Lost_Investment_9883,1727006979,2024-09-22 12:09,41,It was a young kid on a motorcycle.  We watched the whole thing unfold. Black Mercedes ran from the scen and the kid was on the ground and bike was 800 feet away from him. So sad.,helene,community_discussion,
locpmp0,t3_1fmkui9,t1_lobe049,tampa,justmesayingmything,1727008376,2024-09-22 12:32,16,"Wow, hurry up I have to go save people also I may kill some getting there, I don't care. That guy should be fired. What a tool.",helene,community_discussion,
locppyk,t3_1fmkui9,t3_1fmkui9,tampa,fukano7,1727008419,2024-09-22 12:33,47,When they stop all lanes. Means someone died,helene,community_discussion,
locq7nv,t3_1fmkui9,t1_locpmp0,tampa,True_Lie_2615,1727008646,2024-09-22 12:37,-2,Right!?,helene,community_discussion,
locr1wr,t3_1fmkui9,t1_loccie4,tampa,BlueKoi_69,1727009037,2024-09-22 12:43,5,😄,helene,community_discussion,
locr9tv,t3_1fmkui9,t1_lobgurw,tampa,BlueKoi_69,1727009136,2024-09-22 12:45,10,All the guys who can afford powerful cars and don't know how to drive them. All puffed up after showing them off all night. Terrible combination.,helene,community_discussion,
locs8sk,t3_1fmkui9,t3_1fmkui9,tampa,madthescientist,1727009571,2024-09-22 12:52,18,Has anyone found any news articles about it?,helene,community_discussion,
locsp00,t3_1fmkui9,t3_1fmkui9,tampa,MissSuperSilver,1727009772,2024-09-22 12:56,1,Was it this? https://iontb.com/orlando-man-arrested-after-high-speed-chase-and-crash-on-i-275-in-pinellas/,helene,community_discussion,
loct7e0,t3_1fmkui9,t1_locq7nv,tampa,Context-Downtown,1727009994,2024-09-22 12:59,-14,Micro penis strikes again,helene,community_discussion,
loctlxh,t3_1fmkui9,t1_locsp00,tampa,cabo169,1727010166,2024-09-22 13:02,0,That’s a good possibility.,helene,community_discussion,
locty8f,t3_1fmkui9,t3_1fmkui9,tampa,cabo169,1727010314,2024-09-22 13:05,7,"At first I was thinking.. another wrong way drunk driver… since there’s always someone drunk going the wrong way on 275 in Pinellas. 

But, this is not out of the norm spilling out of Tampa on a Saturday night.",helene,community_discussion,
loctylg,t3_1fmkui9,t1_locsp00,tampa,VagueUsernameHere,1727010318,2024-09-22 13:05,6,"I don’t think so, this person was heading northbound. The person in the article was southbound and the accident didn’t occur on 275",helene,community_discussion,
locurwn,t3_1fmkui9,t1_locs8sk,tampa,roadrunner0969,1727010667,2024-09-22 13:11,23,Still no… so weird,helene,community_discussion,
locvcr5,t3_1fmkui9,t3_1fmkui9,tampa,Ok-Tax-9382,1727010909,2024-09-22 13:15,3,Happened in front of me last night on 75 N. Car ended up standing straight up and down between center barriers. No news today?,helene,community_discussion,
locvmml,t3_1fmkui9,t1_loctylg,tampa,Jonathan_Rivera,1727011024,2024-09-22 13:17,2,"A truck ran the red light in front of me on the still Pete side this week being chased by CHP. Seems to be more frequent,",helene,community_discussion,
locy0a8,t3_1fmkui9,t1_lobhi17,tampa,St_BobbyBarbarian,1727012000,2024-09-22 13:33,19,I assume it was young dudes on those crotch rocket Suzuki type bikes. Always huge assholes when spotted in groups,helene,community_discussion,
lod1o3c,t3_1fmkui9,t3_1fmkui9,tampa,ThisGuyIRLv2,1727013331,2024-09-22 13:55,1,!remindme 1 day,helene,community_discussion,
lod1oeg,t3_1fmkui9,t3_1fmkui9,tampa,ThisGuyIRLv2,1727013331,2024-09-22 13:55,1,!remindme 1 day,helene,community_discussion,
lod1p13,t3_1fmkui9,t3_1fmkui9,tampa,ThisGuyIRLv2,1727013340,2024-09-22 13:55,3,!remindme 1 day,helene,community_discussion,
lod1t2m,t3_1fmkui9,t1_lod1p13,tampa,RemindMeBot,1727013372,2024-09-22 13:56,2,"I will be messaging you in 1 day on [**2024-09-23 13:55:40 UTC**](http://www.wolframalpha.com/input/?i=2024-09-23%2013:55:40%20UTC%20To%20Local%20Time) to remind you of [**this link**](https://www.reddit.com/r/tampa/comments/1fmkui9/i275_freeway_closed/lod1p13/?context=3)

[**CLICK THIS LINK**](https://www.reddit.com/message/compose/?to=RemindMeBot&subject=Reminder&message=%5Bhttps%3A%2F%2Fwww.reddit.com%2Fr%2Ftampa%2Fcomments%2F1fmkui9%2Fi275_freeway_closed%2Flod1p13%2F%5D%0A%0ARemindMe%21%202024-09-23%2013%3A55%3A40%20UTC) to send a PM to also be reminded and to reduce spam.

^(Parent commenter can ) [^(delete this message to hide from others.)](https://www.reddit.com/message/compose/?to=RemindMeBot&subject=Delete%20Comment&message=Delete%21%201fmkui9)

*****

|[^(Info)](https://www.reddit.com/r/RemindMeBot/comments/e1bko7/remindmebot_info_v21/)|[^(Custom)](https://www.reddit.com/message/compose/?to=RemindMeBot&subject=Reminder&message=%5BLink%20or%20message%20inside%20square%20brackets%5D%0A%0ARemindMe%21%20Time%20period%20here)|[^(Your Reminders)](https://www.reddit.com/message/compose/?to=RemindMeBot&subject=List%20Of%20Reminders&message=MyReminders%21)|[^(Feedback)](https://www.reddit.com/message/compose/?to=Watchful1&subject=RemindMeBot%20Feedback)|
|-|-|-|-|",helene,community_discussion,
lod1yzv,t3_1fmkui9,t3_1fmkui9,tampa,Additional_Ground743,1727013433,2024-09-22 13:57,-1,UPDATE?,helene,community_discussion,
lod26sb,t3_1fmkui9,t1_locpmp0,tampa,Supremealexander,1727013514,2024-09-22 13:58,40,In his defense people were being dipshits and tying To use the emergency lane to “get around the traffic”,helene,community_discussion,
lod2bx0,t3_1fmkui9,t3_1fmkui9,tampa,Additional_Ground743,1727013568,2024-09-22 13:59,5,ANY UPDATE ON WHAT HAPPENED,helene,community_discussion,
lod2fw8,t3_1fmkui9,t1_lod26sb,tampa,justmesayingmything,1727013610,2024-09-22 14:00,-11,"Then he should be threatening to ticket them not hit them. No defense of him, he clearly can't keep his cool in hectic situations and cops need to master that.",helene,community_discussion,
loddg20,t3_1fmkui9,t1_lod2fw8,tampa,ELLLI0TTT,1727017549,2024-09-22 15:05,21,I personally always hope those people get hit for trying to take that as a shortcut.,helene,community_discussion,
loddjiu,t3_1fmkui9,t1_locppyk,tampa,IamLunaMystique,1727017582,2024-09-22 15:06,17,Yes or Life Flight is coming in to land and rescue,helene,community_discussion,
loddq72,t3_1fmkui9,t1_locajoc,tampa,ELLLI0TTT,1727017645,2024-09-22 15:07,6,I think we might be siblings. 😋,helene,community_discussion,
lodeht7,t3_1fmkui9,t1_loddjiu,tampa,Gomillionaire1206,1727017903,2024-09-22 15:11,9,They don’t fly within city limits….TGH is like 2 miles away and SJH is like 3 miles away…no reason to launch a helicopter unless it saves time.,helene,community_discussion,
lodih73,t3_1fmkui9,t1_lod2fw8,tampa,tropicalsoul,1727019227,2024-09-22 15:33,16,"Right.  So people (maybe lots of people or maybe even someone you know and love) may be dying where he's trying to go, so stopping assholes who think they're special and don't have to wait like everyone else and giving them a ticket is a better idea?  I doubt he would have killed anyone by nudging them out of the way.

I'm not a fan of cops, especially HCSO, but when they need to get by, GET THE FUCK OUT OF THE WAY.  Someone's life may depend on it.  There are too many morons around here who either don't hear or are ignoring emergency vehicles when they are trying to get through traffic or a red light.  Maybe if the cops nudged them out of the way every time they did it, people would think twice about doing it in the future.

I'm not talking Mad Max or even pit maneuvers here, I'm saying if you're selfish and stupid enough to block a first responder then maybe you need a little reminder of what the laws are regarding emergency vehicles.",helene,community_discussion,
lodiumu,t3_1fmkui9,t1_loddg20,tampa,tropicalsoul,1727019347,2024-09-22 15:35,12,"Same.  It's infuriating seeing the number of entitled, ignorant people who use the shoulder/emergency lane, an exit/entrance ramp, or even the grassy shoulder to get around traffic.",helene,community_discussion,
lodtte6,t3_1fmkui9,t1_lodiumu,tampa,GodFeedethTheRavens,1727022707,2024-09-22 16:31,6,"Eh. I know they're probably mostly all just selfish pricks, but on the *off* chance that some unlucky soul is actually in some kind of emergency, I'm not going to block them; because if I ever find myself in that kind of an emergency, I wouldn't want some self-righteous asshole to stop me from something where a life might be on the line.",helene,community_discussion,
loe0e84,t3_1fmkui9,t1_locajoc,tampa,ItaDapiza,1727024702,2024-09-22 17:05,15,Only thing open after midnight is legs and liquor stores. Lol heard the old folks say that all my life.,helene,community_discussion,
loe3ti8,t3_1fmkui9,t3_1fmkui9,tampa,[deleted],1727025729,2024-09-22 17:22,1,[removed],helene,community_discussion,
loe95gp,t3_1fmkui9,t1_lobhi17,tampa,Little_Dragonfly2420,1727027262,2024-09-22 17:47,8,"In St. Petersburg yesterday, there was a memorial for a motorcycle rider who passed away a year ago on US19. I heard a tonnnn of riders in the neighborhood going by and paying their respects around 8pm (around of the time of the accident last year). I wonder if this group you saw was part of that and kept riding to Tampa.",helene,community_discussion,
loec80i,t3_1fmkui9,t1_lobehyx,tampa,HCSOThrowaway,1727028149,2024-09-22 18:02,16,SWAT for a motorcycle crash? Not likely.,helene,community_discussion,
loecffd,t3_1fmkui9,t1_loec80i,tampa,Electronic_Depth8936,1727028211,2024-09-22 18:03,-6,no like it was.. prob not just that but a cyclist got hit,helene,community_discussion,
loecilr,t3_1fmkui9,t1_lod2fw8,tampa,HCSOThrowaway,1727028238,2024-09-22 18:03,5,"Bad drivers know that if emergency vehicles are going lights and sirens they don't have time to cut a citation.

... but they definitely have time to shove someone's car out of the way, and they will depending on the emergency.",helene,community_discussion,
loecpz8,t3_1fmkui9,t1_locppyk,tampa,HCSOThrowaway,1727028298,2024-09-22 18:04,9,"Not necessarily, but the logic is true in reverse, i.e. if someone died they're going to shut down all lanes for a while.

I've stopped all lanes of I4 without a fatality before.",helene,community_discussion,
loed2cg,t3_1fmkui9,t3_1fmkui9,tampa,bkoz727,1727028400,2024-09-22 18:06,2,A gopher turtle was trying to cross,helene,community_discussion,
loeg8te,t3_1fmkui9,t1_loddq72,tampa,MoistyCheeks,1727029349,2024-09-22 18:22,2,Same lol,helene,community_discussion,
loehtfj,t3_1fmkui9,t1_lodtte6,tampa,ELLLI0TTT,1727029827,2024-09-22 18:30,4,Same. I don't block I just judge 😂,helene,community_discussion,
loet8a2,t3_1fmkui9,t1_loecilr,tampa,justmesayingmything,1727033269,2024-09-22 19:27,-5,"I am not arguing people shouldn't be douches. I get out of the way of emergency vehicles always. However, a cop threatening to hit your car is not an acceptable response. As we all learned in Kindergarten two wrongs don't make a right. Both of their behavior is unacceptable.",helene,community_discussion,
loeutdn,t3_1fmkui9,t1_lod26sb,tampa,AccomplishedDrive470,1727033747,2024-09-22 19:35,8,There was a fatality when I lived I. Cincy. An asshole was driving at a really high speed (like over 100mph) in the emergency lane. An older man had pulled over bc he had a car issue like a flat tire. The speeder plowed into him and killed him😢,helene,community_discussion,
loexboc,t3_1fmkui9,t1_loet8a2,tampa,superusergoose,1727034493,2024-09-22 19:48,4,"In a life-threatening emergency, it’s not an acceptable response for an officer to move a vehicle out of the way of rescue?",helene,community_discussion,
loexr5z,t3_1fmkui9,t1_loexboc,tampa,justmesayingmything,1727034620,2024-09-22 19:50,-5,"It is, where he went overboard was threatening to hit people. You can't act like you are that concerned about a life threatening emergency when you are also willing to create another one.  He doesn't show good judgment and cops with bad judgment put us all in jeopardy. Those are the kind of guys that shoot when an acorn hits the ground.",helene,community_discussion,
lof3n2k,t3_1fmkui9,t3_1fmkui9,tampa,TheDevilsFruitLicker,1727036404,2024-09-22 20:20,2,Wasn’t this before or the officer that died after a construction truck ran him over? There was a 9 hr manhunt for that worker,helene,community_discussion,
lofnuj7,t3_1fmkui9,t1_locs8sk,tampa,PublixBot,1727042983,2024-09-22 22:09,2,"They also shut down all oncoming lanes of selmon yesterday, wonder if it’s related",helene,community_discussion,
lobdy8d,t3_1fmkwii,t3_1fmkwii,tampa,PenguinGrandeur,1726978700,2024-09-22 04:18,6,What caused it?,helene,community_discussion,
lobfjnk,t3_1fmkwii,t3_1fmkwii,tampa,[deleted],1726979556,2024-09-22 04:32,1,[removed],helene,community_discussion,
lobg4dc,t3_1fmkwii,t1_lobdy8d,tampa,[deleted],1726979864,2024-09-22 04:37,1,[removed],helene,community_discussion,
lobh5nb,t3_1fmkwii,t1_lobdy8d,tampa,[deleted],1726980434,2024-09-22 04:47,1,[removed],helene,community_discussion,
lobrrvr,t3_1fmkwii,t1_lobdy8d,tampa,GoldPhoenix24,1726986883,2024-09-22 06:34,18,"big accident. saw a motorcycle laying in middle of highway, lots of car debris, and three cars pulled over that seemed to have been involved. i got to it after ambulances left, but still bottlenecked to one lane. 

and to all you ass hats driving in the breakdown lane to cut around people, youre awful. i watched as yall got in the way of emergency vehicles, dumb.",helene,community_discussion,
locpha7,t3_1fmkwii,t3_1fmkwii,tampa,fukano7,1727008306,2024-09-22 12:31,3,When they stop all lanes like that. Means someone died,helene,community_discussion,
locpjeq,t3_1fmkwii,t3_1fmkwii,tampa,fukano7,1727008334,2024-09-22 12:32,1,When they stop all lanes. Means someone died,helene,community_discussion,
lod712w,t3_1fmkwii,t1_lobdy8d,tampa,Canijustbekim,1727015313,2024-09-22 14:28,1,"I will say when I was looking ahead, there was a complete line of police lights and they kept coming cars and ambulances so it must’ve been a very big thing",helene,community_discussion,
lobh0n2,t3_1fml9w7,t3_1fml9w7,tampa,DJErikD,1726980356,2024-09-22 04:45,3,Did you get hurt?,helene,community_discussion,
lobh8p6,t3_1fml9w7,t3_1fml9w7,tampa,FLHCv2,1726980482,2024-09-22 04:48,7,"Idk call the cops? 


Give them the evidence? 


You want us to do something about this? I could literally take a picture of someone's license plate outside right now, post it, and say whatever the fuck I want. That is exactly what you're doing  right now. ",helene,community_discussion,
lobhx17,t3_1fml9w7,t3_1fml9w7,tampa,dbizzytrick,1726980858,2024-09-22 04:54,2,I mean people should pay attention but I certainly wouldn’t have enough faith in that to ride a bike at night,helene,community_discussion,
loe1g7h,t3_1fml9w7,t3_1fml9w7,tampa,ZakkCat,1727025022,2024-09-22 17:10,1,I get nervous for bikers I see on the road knowing how so many people here drive like idiots.  🙏🏼,helene,community_discussion,
loe1o7u,t3_1fml9w7,t1_lobhx17,tampa,ZakkCat,1727025088,2024-09-22 17:11,2,"Yes, especially at night, some of us can’t see well at night,  I’m extra cautious when driving after dark",helene,community_discussion,
loc9wlb,t3_1fmpcn7,t3_1fmpcn7,tampa,[deleted],1726999277,2024-09-22 10:01,1,[removed],helene,community_discussion,
loca0z0,t3_1fmpcn7,t3_1fmpcn7,tampa,BadChris666,1726999360,2024-09-22 10:02,8,And I’m sure none of them are interested in you!,helene,community_discussion,
locdzq2,t3_1fmpcn7,t3_1fmpcn7,tampa,aaronscott13,1727002028,2024-09-22 10:47,17,OP has the most bizarre portfolio of interests I’ve ever seen in a redditor 😬,helene,community_discussion,
locvxhx,t3_1fmpcn7,t3_1fmpcn7,tampa,tampa-ModTeam,1727011148,2024-09-22 13:19,1,Your post is spam.,helene,community_discussion,
locv1ky,t3_1fmq5c5,t3_1fmq5c5,tampa,swjebsus,1727010781,2024-09-22 13:13,13,"""The victim and Parker did not know eachother"" 

""First degree premeditated murder""

While this is senseless violence, I'm curious how the prosecutors could call this premeditated when the two had met just that day.",helene,community_discussion,
locxoup,t3_1fmq5c5,t1_locv1ky,tampa,Aguyintampa323,1727011874,2024-09-22 13:31,25,"There is no hard and fast time requirement on how long you have to premeditate.  

If he saw the guy with a package of socks walking down the street, and said “I’ll get ahead of him, and hide in the shadows under the bridge , and then when he walks up to my hiding spot I will jump out and shoot him in the head and take the socks”, that can constitute premeditation, combined with the enhancement of murder while committing armed robbery",helene,community_discussion,
lod46cq,t3_1fmq5c5,t1_locxoup,tampa,swjebsus,1727014262,2024-09-22 14:11,4,"Didn't know that, TIL",helene,community_discussion,
lod51qv,t3_1fmq5c5,t3_1fmq5c5,tampa,elsinore11,1727014588,2024-09-22 14:16,11,That’s quite a feat,helene,community_discussion,
lod6xwa,t3_1fmq5c5,t1_locv1ky,tampa,Maxcactus,1727015281,2024-09-22 14:28,6,"If the shooter said, “Hand over those socks or I am going to shoot you. “ I think that would show premeditation.",helene,community_discussion,
loda6t3,t3_1fmq5c5,t3_1fmq5c5,tampa,PeanutButterOlives,1727016438,2024-09-22 14:47,5,"Ignorant here.

Does the Stand Your Ground apply?",helene,community_discussion,
lodb0zt,t3_1fmq5c5,t1_loda6t3,tampa,Maxcactus,1727016729,2024-09-22 14:52,-1,This being Florida and the unpredictability of jurors maybe. Just look at that want to be security official Zimmerman when he shot that unarmed black kid for not being deferential to him. Or that old cop in Wesley Chapel who shot that unarmed man for throwing popcorn at him and talking when he ordered him to shut up.,helene,community_discussion,
lodhgvp,t3_1fmq5c5,t3_1fmq5c5,tampa,Arkhamsbx,1727018899,2024-09-22 15:28,9,All of this over socks. Yo some people are just complete pieces of shit.,helene,community_discussion,
lodtk6d,t3_1fmq5c5,t3_1fmq5c5,tampa,sdpthrowaway3,1727022637,2024-09-22 16:30,3,"People used to dial up for shoes, now they killing over socks. Times really do change smh",helene,community_discussion,
lodv6wu,t3_1fmq5c5,t3_1fmq5c5,tampa,HCSOThrowaway,1727023106,2024-09-22 16:38,13,One very easy thing to figure out when it comes to violence over seemingly nothing is that it's almost never about the thing it's about. It's about pride.,helene,community_discussion,
loeb8xp,t3_1fmq5c5,t1_loda6t3,tampa,Whitetrashblackops,1727027868,2024-09-22 17:57,5,"You can’t use a firearm in Florida in defense of theft or stolen property. The victim did use physical force, however, it sounds like shooter was already brandishing a firearm.",helene,community_discussion,
loeiye5,t3_1fmq5c5,t1_loda6t3,tampa,[deleted],1727030179,2024-09-22 18:36,1,[removed],helene,community_discussion,
loekgr3,t3_1fmq5c5,t3_1fmq5c5,tampa,paipodclassic,1727030643,2024-09-22 18:44,3,And... this is precisely why i never plan to interact with anyone negatively in public.,helene,community_discussion,
loeuxj7,t3_1fmq5c5,t3_1fmq5c5,tampa,jazzy095,1727033780,2024-09-22 19:36,2,When keeping it real goes wrong,helene,community_discussion,
lofxcte,t3_1fmq5c5,t3_1fmq5c5,tampa,Babybackguy,1727046331,2024-09-22 23:05,1,Maybe he should have just let Parker keep the socks.,helene,community_discussion,
locjenc,t3_1fmqwdp,t3_1fmqwdp,tampa,maimou1,1727005234,2024-09-22 11:40,1,What med is she on?,helene,community_discussion,
locnjju,t3_1fmqwdp,t3_1fmqwdp,tampa,Small_Lion4068,1727007369,2024-09-22 12:16,2,"Shelters probably won’t give her the meds. They’ll put her down. 

Maybe a rescue?",helene,community_discussion,
locqyr9,t3_1fms0fz,t3_1fms0fz,tampa,BosJC,1727008996,2024-09-22 12:43,16,what’s he mad about? traffic? transplants? trump?,helene,community_discussion,
locye5f,t3_1fms0fz,t3_1fms0fz,tampa,AvailableDirt9837,1727012156,2024-09-22 13:35,4,It wasn’t that long ago that you couldn’t go anywhere in public without someone coming up to you and trying to sell you their mixtape.,helene,community_discussion,
locztet,t3_1fms0fz,t1_locqyr9,tampa,amazonrme,1727012716,2024-09-22 13:45,6,This is the best possible response if you add unnecessarily high real estate prices. 😂,helene,community_discussion,
lod3f1t,t3_1fms0fz,t1_locqyr9,tampa,methpartysupplies,1727013977,2024-09-22 14:06,5,Love bugs probably,helene,community_discussion,
lodaq01,t3_1fms0fz,t3_1fms0fz,tampa,KidAtmos,1727016623,2024-09-22 14:50,9,"I saw a lady take a piss right on the sidewalk in front of everyone on Fletcher and Nebraska, then go on her merry way. Hope that helps.",helene,community_discussion,
lodcnzs,t3_1fms0fz,t3_1fms0fz,tampa,FunnyPiccolo7086,1727017284,2024-09-22 15:01,3,"Yeah, that's DreadTripleSix. I see him in Ybor all the time, great dude.",helene,community_discussion,
lodi63w,t3_1fms0fz,t1_lodcnzs,tampa,roadrunner0969,1727019127,2024-09-22 15:32,1,Is he still giving out his CD??,helene,community_discussion,
lod8asw,t3_1fmu5gd,t3_1fmu5gd,tampa,jah814,1727015769,2024-09-22 14:36,1,"The stop is clearly marked at USF you won't be able to miss it. 
The stop is located on Holly drive.",helene,community_discussion,
lodduc6,t3_1fmu5gd,t1_lod8asw,tampa,Westcoastwildman1,1727017684,2024-09-22 15:08,2,I really appreciate you. You have a great day. 🙂🙂🙂,helene,community_discussion,
lodcwu3,t3_1fmv5lp,t3_1fmv5lp,tampa,BiscuitsMay,1727017367,2024-09-22 15:02,7,Gotta give more info than that. Likes? Budget? Dietary restrictions?,helene,community_discussion,
loddf1x,t3_1fmv5lp,t1_lodcwu3,tampa,LandscapeWest2037,1727017539,2024-09-22 15:05,13,Or check the pinned thread that's set up for this question per the rules of this sub.,helene,community_discussion,
lodfk9u,t3_1fmv5lp,t3_1fmv5lp,tampa,ellwood27,1727018263,2024-09-22 15:17,-2,Rocca,helene,community_discussion,
lodfynz,t3_1fmv5lp,t3_1fmv5lp,tampa,Comfortable_Art2955,1727018398,2024-09-22 15:19,22,Chilis,helene,community_discussion,
lodgoam,t3_1fmv5lp,t3_1fmv5lp,tampa,Karatedom11,1727018638,2024-09-22 15:23,2,Rocca. Olivia. Mise en place.,helene,community_discussion,
lodjgb1,t3_1fmv5lp,t3_1fmv5lp,tampa,rfboisvert12,1727019543,2024-09-22 15:39,-3,Columbia,helene,community_discussion,
lodo2lf,t3_1fmv5lp,t3_1fmv5lp,tampa,DarkClouds92,1727020984,2024-09-22 16:03,3,McDonald’s,helene,community_discussion,
lodowck,t3_1fmv5lp,t3_1fmv5lp,tampa,coolbobbyhill,1727021244,2024-09-22 16:07,5,Just had my wife’s at Olivia. Was great.,helene,community_discussion,
lodp73e,t3_1fmv5lp,t1_lodgoam,tampa,stupidwhiteman42,1727021338,2024-09-22 16:08,2,"Given all the jokes from other comments, u/karatedom still took the time to write great advice. Those places always deliver, and without the trendy garbage produced by some of the other Bib Gourmand in this area.",helene,community_discussion,
lodqj3q,t3_1fmv5lp,t1_lodowck,tampa,Ancient_Hyper_Sniper,1727021754,2024-09-22 16:15,5,That's my purse! I don't know you!,helene,community_discussion,
lodr30g,t3_1fmv5lp,t3_1fmv5lp,tampa,SeaEnergy,1727021922,2024-09-22 16:18,2,"On Swann, Rooster & the Till",helene,community_discussion,
lodr56p,t3_1fmv5lp,t3_1fmv5lp,tampa,SeaEnergy,1727021939,2024-09-22 16:18,1,"On Swann, Rooster & the Till",helene,community_discussion,
lodsr7b,t3_1fmv5lp,t1_lodqj3q,tampa,coolbobbyhill,1727022412,2024-09-22 16:26,2,"I was getting ready, but I worked up an appetite looking for dress pants, so I ordered a pizza, and that ate up a chunk of time.",helene,community_discussion,
lodsuip,t3_1fmv5lp,t1_lodfynz,tampa,sineofthetimes,1727022437,2024-09-22 16:27,5,"She wants her baby back, baby back, baby back, baby back, baby back...",helene,community_discussion,
lodtn5d,t3_1fmv5lp,t1_lodsr7b,tampa,Ancient_Hyper_Sniper,1727022660,2024-09-22 16:31,2,"Dad, can I put a gun rack on my bike?",helene,community_discussion,
loej2cd,t3_1fmv5lp,t1_lodfynz,tampa,OreadaholicO,1727030214,2024-09-22 18:36,1,💯,helene,community_discussion,
lofd845,t3_1fmv5lp,t1_lodtn5d,tampa,coolbobbyhill,1727039418,2024-09-22 21:10,2,I'm a little worried about being a slut.,helene,community_discussion,
lofs8ob,t3_1fmv5lp,t1_loddf1x,tampa,md28usmc,1727044523,2024-09-22 22:35,2,And we even have a link in the thread for birthday restaurant ideas,helene,community_discussion,
lodnsly,t3_1fmwfae,t3_1fmwfae,tampa,1312_Tampa_161,1727020894,2024-09-22 16:01,2,"https://www.instagram.com/p/C7CpfDzRMHQ/?igsh=Y3RxanB0MWlvN3h3


Closed since May 20th for renovation
 No updates since.",helene,community_discussion,
loduwb2,t3_1fmwfae,t1_lodnsly,tampa,ElefantPharts,1727023020,2024-09-22 16:37,2,"Ah, thank you, I always forget to check peoples Instas.  I feel like I drove by it a couple times a week and never saw it open, I wonder what they’re renovating, they haven’t even been there that long",helene,community_discussion,
lodvhek,t3_1fmwfae,t1_loduwb2,tampa,1312_Tampa_161,1727023191,2024-09-22 16:39,1,"Good question, it was pretty vague.",helene,community_discussion,
lofh7qc,t3_1fmwfae,t3_1fmwfae,tampa,MachineOk3097,1727040738,2024-09-22 21:32,2,"They say they are opening back up with a concept that the neighborhood ‘is looking for’. I live down the street, went a couple times, some good items but horribly expensive and low inventory.",helene,community_discussion,
lodsl0h,t3_1fmwziy,t3_1fmwziy,tampa,whatacharacter,1727022364,2024-09-22 16:26,14,Read the stickied post.,helene,community_discussion,
lodt0w2,t3_1fmwziy,t3_1fmwziy,tampa,readycock,1727022486,2024-09-22 16:28,-4,Morgan’s Cove Speakeasy,helene,community_discussion,
lodtr7e,t3_1fmwziy,t3_1fmwziy,tampa,PriceIsNotAnArgument,1727022690,2024-09-22 16:31,0,"""Exploring the food scene"" isn't asking us what we think.",helene,community_discussion,
lodv4nz,t3_1fmwziy,t3_1fmwziy,tampa,brightsparkeys,1727023088,2024-09-22 16:38,0,"Look these up so you can get a sense of what they serve. Ulele and Mise en place  are highly recommended (if you go to Ulele, the surrounding area is wonderful to walk through):

Mise en place
Edison’s
Ulele 
The Columbia 
Rooster and the Till
Oak and Ola
La Teresita
Goody goody
Case Santo stefano
La Casona
Wright’s Deli
Cappy’s pizza
Yummy House Bistro
Oxford exchange (restaurant and bookstore)",helene,community_discussion,
lodv7ve,t3_1fmwziy,t3_1fmwziy,tampa,BigCrawgaDawga,1727023114,2024-09-22 16:38,1,TacoSon,helene,community_discussion,
lodymn1,t3_1fmwziy,t1_lodv4nz,tampa,[deleted],1727024153,2024-09-22 16:55,1,[removed],helene,community_discussion,
loe0h50,t3_1fmwziy,t3_1fmwziy,tampa,ellwood27,1727024727,2024-09-22 17:05,-1,Rocca,helene,community_discussion,
loe26sa,t3_1fmwziy,t1_lodt0w2,tampa,Popsi_CEO,1727025243,2024-09-22 17:14,-1,Food is meh. Vibe is cool though. Drinks are all pretty sweet,helene,community_discussion,
loea3un,t3_1fmwziy,t3_1fmwziy,tampa,Jbeez4117,1727027538,2024-09-22 17:52,0,Lees pizza,helene,community_discussion,
loeat9w,t3_1fmwziy,t3_1fmwziy,tampa,[deleted],1727027740,2024-09-22 17:55,1,[removed],helene,community_discussion,
loeb6tw,t3_1fmwziy,t3_1fmwziy,tampa,[deleted],1727027850,2024-09-22 17:57,1,[removed],helene,community_discussion,
loeboes,t3_1fmwziy,t3_1fmwziy,tampa,CarlosAVP,1727027994,2024-09-22 17:59,1,Bascom’s. The pork chop is damn amazing!,helene,community_discussion,
loeek3b,t3_1fmwziy,t3_1fmwziy,tampa,krakatoa83,1727028851,2024-09-22 18:14,-2,Food scene is so cringe.,helene,community_discussion,
loefjjk,t3_1fmwziy,t3_1fmwziy,tampa,Evil_Garen,1727029148,2024-09-22 18:19,2,"Hale’s black brick

Pricey but great.",helene,community_discussion,
loeghh6,t3_1fmwziy,t1_lodv4nz,tampa,brightsparkeys,1727029420,2024-09-22 18:23,3,Ha! Why am I being downvoted for sharing some recommendations?,helene,community_discussion,
loegxd9,t3_1fmwziy,t3_1fmwziy,tampa,floofylizard,1727029552,2024-09-22 18:25,1,"Byblos, On Swann, Frenchies, Si-am",helene,community_discussion,
loeh1c2,t3_1fmwziy,t1_lodv7ve,tampa,skinnnymike,1727029586,2024-09-22 18:26,1,Tacoson is my favorite.,helene,community_discussion,
loeifxd,t3_1fmwziy,t3_1fmwziy,tampa,[deleted],1727030019,2024-09-22 18:33,1,[removed],helene,community_discussion,
loejzym,t3_1fmwziy,t1_loeghh6,tampa,Soatch,1727030503,2024-09-22 18:41,0,"I upvoted you but a lot of your restaurants are good on paper but I’ve had disappointing experiences at a lot of them.  

 
* Had a piece of plastic in my burger at Oak and Ola.  

* The lasagna at Casa Stefano was too salty.  

* Had high expectations for Ulele based on ratings but I didn’t have anything remarkable the couple times I went.",helene,community_discussion,
loekrrq,t3_1fmwziy,t1_loeghh6,tampa,DripDrop777,1727030732,2024-09-22 18:45,1,Bc people are weird.,helene,community_discussion,
loel4mu,t3_1fmwziy,t3_1fmwziy,tampa,DripDrop777,1727030839,2024-09-22 18:47,0,"Trips Diner, Miguel’s, The Pearl, Ulele, Cappy’s Pizza",helene,community_discussion,
loelqsj,t3_1fmwziy,t1_lodt0w2,tampa,sushiboi4,1727031022,2024-09-22 18:50,1,Went there last week and ordered a dark and stormy…. Watched the bartender make me a drink that was not a dark and stormy whatsoever. When I asked him what he made me he argued with me that it’s “how they make dark and stormies” which is a blatant lie because they have a dark and stormy on their menu online that is listed with ten correct ingredients.,helene,community_discussion,
loep6dh,t3_1fmwziy,t3_1fmwziy,tampa,tampa-ModTeam,1727032054,2024-09-22 19:07,1,Your post is better suited for the stickied Discussion thread.,helene,community_discussion,
lodxdqd,t3_1fmxidm,t3_1fmxidm,tampa,PriceIsNotAnArgument,1727023768,2024-09-22 16:49,46,GOOGLE IT.,helene,community_discussion,
loe1nze,t3_1fmxidm,t3_1fmxidm,tampa,Uller85,1727025086,2024-09-22 17:11,8,No outlets nearby. But most of the malls still have a Hollister.,helene,community_discussion,
loe2h5l,t3_1fmxidm,t3_1fmxidm,tampa,r1khard,1727025331,2024-09-22 17:15,4,"Tampa Premium Outlets in Lutz I've been to a few times, it is 20-30 mins depending on traffic and where you start.",helene,community_discussion,
loeh618,t3_1fmxidm,t3_1fmxidm,tampa,grump500,1727029626,2024-09-22 18:27,14,Man Google would be so good for this,helene,community_discussion,
lofdlk6,t3_1fmxidm,t3_1fmxidm,tampa,DontBeThatGuyFieri,1727039541,2024-09-22 21:12,1,If only there was a search engine where you could figure this out,helene,community_discussion,
lofsnpj,t3_1fmxidm,t3_1fmxidm,tampa,md28usmc,1727044669,2024-09-22 22:37,1,This sub is not Google,helene,community_discussion,
loe22xh,t3_1fmxkle,t3_1fmxkle,tampa,1312_Tampa_161,1727025209,2024-09-22 17:13,-1,A time machine to the 90s would help,helene,community_discussion,
loe5su5,t3_1fmxkle,t3_1fmxkle,tampa,tampatechman,1727026307,2024-09-22 17:31,3,Skaters choice inside united skates,helene,community_discussion,
loea2tu,t3_1fmxkle,t1_loe5su5,tampa,kuyamoks,1727027530,2024-09-22 17:52,1,Thank you.,helene,community_discussion,
loeteck,t3_1fmyz77,t3_1fmyz77,tampa,hoppydud,1727033319,2024-09-22 19:28,4,What kind of predator?,helene,community_discussion,
lof0ykq,t3_1fmyz77,t1_loeteck,tampa,EnnisSavant,1727035590,2024-09-22 20:06,3,Modeled after the Jungle Predator.,helene,community_discussion,
lofghsv,t3_1fmyz77,t3_1fmyz77,tampa,Snoo15541,1727040502,2024-09-22 21:28,1,"She did some dope work for me as well, highly reccomend",helene,community_discussion,
loetog8,t3_1fn0v5b,t3_1fn0v5b,tampa,WATUP_BRAH,1727033402,2024-09-22 19:30,12,I found out about the event this morning 😔 glad you had a good time though!,helene,community_discussion,
loeukkw,t3_1fn0v5b,t3_1fn0v5b,tampa,Ybor_Rooster,1727033672,2024-09-22 19:34,49,Would rather have this type of car meet than the crap the smooth brains put together where streets are shut down or tires are burned,helene,community_discussion,
loeuuyp,t3_1fn0v5b,t3_1fn0v5b,tampa,UnpopularCrayon,1727033759,2024-09-22 19:35,41,Dang.  I didn't know about this.  I would have brought my 2013 Nissan Leaf over there to show off!,helene,community_discussion,
lof0et8,t3_1fn0v5b,t1_loeukkw,tampa,TEHKNOB,1727035424,2024-09-22 20:03,7,Those aren’t car enthusiasts doing that intersection stuff and true car guys wish they were deleted.,helene,community_discussion,
lof2icz,t3_1fn0v5b,t3_1fn0v5b,tampa,P00pooplata,1727036056,2024-09-22 20:14,7,Even crazier all those cars that are lined up in the back are owned by one person,helene,community_discussion,
lof4dou,t3_1fn0v5b,t3_1fn0v5b,tampa,jeremyvr46,1727036631,2024-09-22 20:23,7,The one time I don’t go…🤦🏻‍♂️,helene,community_discussion,
lof4qw6,t3_1fn0v5b,t3_1fn0v5b,tampa,aggressive_bears,1727036745,2024-09-22 20:25,1,Nice,helene,community_discussion,
lof4vap,t3_1fn0v5b,t3_1fn0v5b,tampa,Sparmery,1727036783,2024-09-22 20:26,1,What was this called? Wouldn’t want to miss it next time around,helene,community_discussion,
lof5wcj,t3_1fn0v5b,t1_loeuuyp,tampa,Nostradomusknows,1727037110,2024-09-22 20:31,11,I picture all the Ferrari guys heads down kicking rocks “I was feeling pretty good till that beauty showed up.”,helene,community_discussion,
lof79ue,t3_1fn0v5b,t1_lof2icz,tampa,Safye,1727037538,2024-09-22 20:38,2,Who?,helene,community_discussion,
lof7ni1,t3_1fn0v5b,t1_lof4vap,tampa,taco_bell_sharts,1727037656,2024-09-22 20:40,2,Rides by the River- Armature Works posts the event on their FB,helene,community_discussion,
lof7q1f,t3_1fn0v5b,t3_1fn0v5b,tampa,iwantthisnowdammit,1727037678,2024-09-22 20:41,3,"There were some real showings out last night. I kinda chuckled that there was a number of plain ol’ lambos, p-cars and a couple rolls just street parked casually.

A good $25M laying around those lots last night.",helene,community_discussion,
lof9dn5,t3_1fn0v5b,t3_1fn0v5b,tampa,Mysterious_Ad_3992,1727038195,2024-09-22 20:49,3,Loving all the rumors about who owns the zonda….. who knows!,helene,community_discussion,
lofc5ww,t3_1fn0v5b,t3_1fn0v5b,tampa,twinflame42069,1727039078,2024-09-22 21:04,1,Damn can’t believe I missed this one,helene,community_discussion,
lofd25u,t3_1fn0v5b,t1_loetog8,tampa,IDontWantAPickle,1727039365,2024-09-22 21:09,6,Found out about it just now 😞,helene,community_discussion,
lofdevo,t3_1fn0v5b,t1_lof79ue,tampa,Traditional_Exit_815,1727039480,2024-09-22 21:11,-5,John Morgan. For the people. So long as they add more Ferraris to his collection.,helene,community_discussion,
lofdiht,t3_1fn0v5b,t3_1fn0v5b,tampa,lipper2005,1727039513,2024-09-22 21:11,3,Horrible traffic trying to get there at 7pm,helene,community_discussion,
lofe680,t3_1fn0v5b,t1_lofdevo,tampa,Safye,1727039731,2024-09-22 21:15,1,"Ahh, dope. Does he live in the area or does someone manage the collection? 

I saw him before at a local airport when I was training to be a pilot. He had his own helicopter of course",helene,community_discussion,
loff0qp,t3_1fn0v5b,t1_lofe680,tampa,Traditional_Exit_815,1727040011,2024-09-22 21:20,-2,"Sorry, man. I was just totally be sarcastic. I have no clue who they are. But probably are his. 🤣.",helene,community_discussion,
loff6zo,t3_1fn0v5b,t1_loff0qp,tampa,Safye,1727040069,2024-09-22 21:21,1,LMAO 😂 you’re good bro,helene,community_discussion,
loffy98,t3_1fn0v5b,t1_lofdevo,tampa,drr777,1727040322,2024-09-22 21:25,3,Aren't those all Chas Bruck's cars?,helene,community_discussion,
lofgo35,t3_1fn0v5b,t1_lof79ue,tampa,P00pooplata,1727040560,2024-09-22 21:29,6,The person who owns all of armature works,helene,community_discussion,
lofgs3s,t3_1fn0v5b,t1_lofgo35,tampa,Safye,1727040597,2024-09-22 21:29,3,"Oh, Chaz. Ain’t that him in the middle?",helene,community_discussion,
lofgu4o,t3_1fn0v5b,t1_loffy98,tampa,P00pooplata,1727040615,2024-09-22 21:30,1,Yeah,helene,community_discussion,
lofgz24,t3_1fn0v5b,t1_lof4vap,tampa,P00pooplata,1727040659,2024-09-22 21:30,1,Usually done around 8-11am once in a while they do a night one and bring out a lot of cars,helene,community_discussion,
lofh9yg,t3_1fn0v5b,t1_loffy98,tampa,Traditional_Exit_815,1727040758,2024-09-22 21:32,0,No clue who that is. I was just totally joking. I guess Reddit doesn’t like sarcasm 🙁,helene,community_discussion,
lofhaf9,t3_1fn0v5b,t1_lofgs3s,tampa,P00pooplata,1727040762,2024-09-22 21:32,2,Yeah,helene,community_discussion,
lofj7h6,t3_1fn0v5b,t1_lofdiht,tampa,Iliketogrowstuf,1727041382,2024-09-22 21:43,2,"We there by 5:00, traffic was nutz",helene,community_discussion,
lofordh,t3_1fn0v5b,t1_loff0qp,tampa,md28usmc,1727043307,2024-09-22 22:15,1,"Yes, they are all his cars",helene,community_discussion,
lofpk79,t3_1fn0v5b,t1_lof9dn5,tampa,md28usmc,1727043582,2024-09-22 22:19,1,Probably the same guy that owns all the rest of the cars in the photo...Chas Bruck,helene,community_discussion,
log4ygv,t3_1fn0v5b,t3_1fn0v5b,tampa,haxmire,1727049061,2024-09-22 23:51,1,Ugh I wish I had known about this. It is funny though the Zonda is marked off and there is a fucking F40 (IMO the best Ferrari ever made) next to a fucking Enzo just chilling with nothing. Are the Zondas that inflated in price now? I mean they weren't cheap to begin with but I never would have thought it would be like F40/Enzo territory.,helene,community_discussion,
loezclu,t3_1fn1uz3,t3_1fn1uz3,tampa,Ok-Ingenuity-7709,1727035102,2024-09-22 19:58,1,Fire alarm at 101 meridian apartments,helene,community_discussion,
loezj3x,t3_1fn1uz3,t3_1fn1uz3,tampa,gloystertheoyster,1727035157,2024-09-22 19:59,4,"was a fire in a unit at 101 merdian, nothing major tho",helene,community_discussion,
loezm7w,t3_1fn1uz3,t1_loezj3x,tampa,jeffrey911,1727035184,2024-09-22 19:59,1,Thank you,helene,community_discussion,
loffcms,t3_1fn1uz3,t1_loezj3x,tampa,Ihaveamodel3,1727040123,2024-09-22 21:22,2,Calls for service app had two fires in downtown at the same time. Do you know what the other one was?,helene,community_discussion,
lofl4dm,t3_1fn1uz3,t1_loffcms,tampa,gloystertheoyster,1727042030,2024-09-22 21:53,1,"Noticed a fender bender by towers that blocked Cumberland and 12th, also PD escort for sports team… was a busy hour in downtown lol",helene,community_discussion,
loflo6c,t3_1fn1uz3,t1_loffcms,tampa,HotWingHank,1727042220,2024-09-22 21:57,1,They have an app? I only knew of the website.,helene,community_discussion,
loflotz,t3_1fn1uz3,t1_loffcms,tampa,HotWingHank,1727042227,2024-09-22 21:57,2,They have an app? I only knew of the website.,helene,community_discussion,
lofm5cd,t3_1fn1uz3,t1_loflo6c,tampa,Ihaveamodel3,1727042383,2024-09-22 21:59,2,"Website, app. Tomato, to-mah-to. 

Just the website",helene,community_discussion,
lofmk6w,t3_1fn1uz3,t1_lofm5cd,tampa,HotWingHank,1727042528,2024-09-22 22:02,1,"Oh okay, nbd, if they made an app for phones thatd be cool too.

![gif](giphy|ChmEWOL7Vaz5u|downsized)",helene,community_discussion,
lofcxea,t3_1fn28j9,t3_1fn28j9,tampa,Tiggerilla,1727039322,2024-09-22 21:08,6,Any chance you found it at the Manatee Viewing Center? I lost one walking to/from the parking lot. :(,helene,community_discussion,
lofokrd,t3_1fn28j9,t1_lofcxea,tampa,Informal_Vacation_17,1727043242,2024-09-22 22:14,4,Sorry. No. Nowhere near there. Hope you find it!,helene,community_discussion,
lofai5x,t3_1fn33a0,t3_1fn33a0,tampa,figbatdiggernickk,1727038546,2024-09-22 20:55,2,Great pics!,helene,community_discussion,
lofer65,t3_1fn33a0,t3_1fn33a0,tampa,JOSTNYC,1727039922,2024-09-22 21:18,19,Great pics! Wish I would have known I would have gone.,helene,community_discussion,
loff324,t3_1fn33a0,t3_1fn33a0,tampa,Danny_Fantasma,1727040033,2024-09-22 21:20,2,Dope pics! Wanted to go so bad,helene,community_discussion,
lofgs8n,t3_1fn33a0,t3_1fn33a0,tampa,AeroIsthmus,1727040598,2024-09-22 21:29,12,Someone told me it was cancelled I will now proceed to throttle them,helene,community_discussion,
lofllfy,t3_1fn33a0,t3_1fn33a0,tampa,josevoge,1727042194,2024-09-22 21:56,3,how'd you find out about this event? I'd like to start going to these,helene,community_discussion,
lofqv2i,t3_1fn33a0,t1_lofllfy,tampa,md28usmc,1727044035,2024-09-22 22:27,9,Just google rides by the river 2024. The next one is November 16 @8am,helene,community_discussion,
loffze7,t3_1fn3ccd,t3_1fn3ccd,tampa,SCOTCHZETTA,1727040333,2024-09-22 21:25,1,Yum! I need to invest in a dehydrator. Homemade is sooooo much better than store bought.,helene,community_discussion,
lofh8fn,t3_1fn3ccd,t3_1fn3ccd,tampa,[deleted],1727040745,2024-09-22 21:32,1,[removed],helene,community_discussion,
lofib6d,t3_1fn3ccd,t1_loffze7,tampa,Tenchi2020,1727041094,2024-09-22 21:38,2,"I make it anywhere from 3 to 5 times a year, I use London broil and it is amazing",helene,community_discussion,
lofmy7b,t3_1fn3ccd,t1_loffze7,tampa,madbadger89,1727042666,2024-09-22 22:04,2,"If you have a pellet grill or a smoker that can keep a good temp, you can make smoked jerky. Dehydrator is super convenient, smoked adds another element.",helene,community_discussion,
lofi3xb,t3_1fn42s7,t3_1fn42s7,tampa,Interesting-Ad9286,1727041027,2024-09-22 21:37,1,Budget at TPA has always been good when I travel to see my son.  Just book ahead of time.,helene,community_discussion,
lofilet,t3_1fn42s7,t3_1fn42s7,tampa,PriceIsNotAnArgument,1727041185,2024-09-22 21:39,11,"We get it, you don't want to pay extra, Jesus calm down.

I've easily rented over a hundred cars from TPA. National IS the best.",helene,community_discussion,
lofjl2x,t3_1fn42s7,t3_1fn42s7,tampa,DontCallMeMillenial,1727041508,2024-09-22 21:45,10,How often do you think the people who live here rent cars from the airport?,helene,community_discussion,
loflu3g,t3_1fn42s7,t3_1fn42s7,tampa,Inthecards21,1727042277,2024-09-22 21:57,1,whichever one is cheapest.  they are all the same.,helene,community_discussion,
lofmine,t3_1fn42s7,t3_1fn42s7,tampa,RGN_Preacher,1727042512,2024-09-22 22:01,1,Pickup away from the airport at an enterprise location that is open during your time. Uber to and from the airport. Save yourself the 11% airport fee markup and other bs.,helene,community_discussion,
lofn31h,t3_1fn42s7,t3_1fn42s7,tampa,Jawnnnnn,1727042714,2024-09-22 22:05,-6,"Was I yelling? I just asked a question so I can avoid booking what I should rightfully assume is the rental price, only to pick up the car and be told there are other costs and fees that were never stated. 

But thank you, I’ll look into National and some of the other big five. When I look into them is the total cost up front?

Scam, dishonesty, not being transparent, call it whatever you want. Not being told of all potential charges for something is not right.",helene,community_discussion,
lofnral,t3_1fn42s7,t1_loflu3g,tampa,Jawnnnnn,1727042952,2024-09-22 22:09,-2,"Thank you. I was initially looking at that but then read reviews of additional charges like $15 a day for a toll pass, and others people were being told of at the time of the rental pickup. I’d like to avoid this if possible haha.",helene,community_discussion,
lofny6k,t3_1fn42s7,t1_lofmine,tampa,Jawnnnnn,1727043021,2024-09-22 22:10,-1,Thank you! Is that airport fee from the shuttle or something?,helene,community_discussion,
lofo5lb,t3_1fn42s7,t3_1fn42s7,tampa,Puzzleheaded-Eye-104,1727043094,2024-09-22 22:11,1,"I rented from Alamo last weekend… Couldn’t have had a better experience
Highly recommend",helene,community_discussion,
lofoqvu,t3_1fn42s7,t1_lofn31h,tampa,PriceIsNotAnArgument,1727043302,2024-09-22 22:15,2,"They show you all of the fees before checking out.

Don't with the cheapest company possible, won't have to worry about it and always book direct.

Here's what you can expect fee wise for one day in a mid-size(dates/cost may vary):

https://preview.redd.it/cnh07aqeqfqd1.jpeg?width=1125&format=pjpg&auto=webp&s=01c323a1eb629ac39e19c962ef2603aa262aedbb",helene,community_discussion,
lofpck4,t3_1fn42s7,t1_lofoqvu,tampa,Jawnnnnn,1727043510,2024-09-22 22:18,1,Thank you. Yeah I just looked myself and saw those there. I just didn’t want to book and then be told about other potential additional fees at pick up.,helene,community_discussion,
lofpgp1,t3_1fn42s7,t3_1fn42s7,tampa,What_the_mocha,1727043549,2024-09-22 22:19,1,"Also, if you make a reservation early, check back frequently before the pick up date. Ours dropped 200$ for a one week rental. Glad we checked.",helene,community_discussion,
lofpt3p,t3_1fn42s7,t1_lofilet,tampa,Esagashi,1727043666,2024-09-22 22:21,2,I love the extra perk at National where you can walk the aisle and pick out your car. No worries about getting in one you find uncomfortable as long as there hasn’t been a weird run on cars leaving you without options.,helene,community_discussion,
lofpxvk,t3_1fn42s7,t1_lofpgp1,tampa,Jawnnnnn,1727043714,2024-09-22 22:21,2,"Dang that’s nice. So like if I book now and check later, just cancel the original and book the new one?",helene,community_discussion,
lofq7ng,t3_1fn42s7,t1_lofpck4,tampa,PriceIsNotAnArgument,1727043809,2024-09-22 22:23,1,"National has never charged me more than what I booked, have over 1,000 rentals with them.",helene,community_discussion,
lofrmuy,t3_1fn42s7,t1_lofpxvk,tampa,What_the_mocha,1727044308,2024-09-22 22:31,1,"Yes, they made us cancel and rebook. It was Thrifty car rental.",helene,community_discussion,
lofvuix,t3_1fn42s7,t3_1fn42s7,tampa,abj,1727045798,2024-09-22 22:56,1,Try out carrentalsavers.com. It basically is a search engine for all the major agencies.,helene,community_discussion,
lofiz99,t3_1fn4dfs,t3_1fn4dfs,tampa,tampa-ModTeam,1727041308,2024-09-22 21:41,1,Your post is better suited for the stickied Discussion thread.,helene,community_discussion,
lofqgak,t3_1fn5099,t3_1fn5099,tampa,RosamundRosemary,1727043892,2024-09-22 22:24,2,Have you tried petfinder? They generally have every type of cat you just may have to wait until one comes up if you have specific ages/breeds in mind.,helene,community_discussion,
lofqn3s,t3_1fn5099,t1_lofqgak,tampa,IndustryGradient,1727043958,2024-09-22 22:25,2,That’s actually where we found all 3! Great suggestion :),helene,community_discussion,
lofu614,t3_1fn5mnr,t3_1fn5mnr,tampa,Kruse,1727045204,2024-09-22 22:46,518,Dispute the ticket.,helene,community_discussion,
lofuh79,t3_1fn5mnr,t3_1fn5mnr,tampa,el_americano,1727045313,2024-09-22 22:48,13,Sounds like BS.  In the future keep a paper copy in your glove box it's a lot easier to show that than to dispute a ticket.  Best of luck,helene,community_discussion,
lofuoeh,t3_1fn5mnr,t3_1fn5mnr,tampa,cadff,1727045384,2024-09-22 22:49,3,"We're you stopped for something else and this was just a way to give you a break? It should be easy to just go show the court and pay the $10 fee and be done or you can go to court. 

What was the primary cause for the stop and is this the only ticket you received?",helene,community_discussion,
lofuouy,t3_1fn5mnr,t3_1fn5mnr,tampa,barryclarkjax,1727045389,2024-09-22 22:49,1,"Total bs. It's only not allowed in New Mexico, for some reason.  I would go to the county clerk with the ticket and they will probably erase the ticket, IF that is the only violation.",helene,community_discussion,
lofv5gn,t3_1fn5mnr,t3_1fn5mnr,tampa,AgentLead_TTV,1727045553,2024-09-22 22:52,85,get yourself a printed card. you should never hand the cops your unlocked phone.,helene,community_discussion,
lofva64,t3_1fn5mnr,t3_1fn5mnr,tampa,[deleted],1727045599,2024-09-22 22:53,1,[removed],helene,community_discussion,
lofvcel,t3_1fn5mnr,t3_1fn5mnr,tampa,doveclyn,1727045621,2024-09-22 22:53,120,"I had this happen, disputed it, and won all in about a month",helene,community_discussion,
lofwgwr,t3_1fn5mnr,t1_lofu614,tampa,shootingdolphins,1727046019,2024-09-22 23:00,62,Maybe - maybe not. A lot of “missing insurance” tickets are easy to go down to the clerk or tax office where you pay tickets and show proof and they drop it entirely. The cop may have been giving OP a break and wrote the lack of insurance as an easy “fix it” ticket. Happened to me when I drove like an asshole in my younger years and the cop maybe didn’t have radar or couldn’t pace me but knew I was hauling ass. “Slow down and here’s an easy to handle ticket” so we don’t know the whole story here. Why did OP get pulled over?,helene,community_discussion,
lofwzhk,t3_1fn5mnr,t3_1fn5mnr,tampa,HeyGirlBye,1727046201,2024-09-22 23:03,196,Yes FL allows digital proof of insurance,helene,community_discussion,
lofxnat,t3_1fn5mnr,t3_1fn5mnr,tampa,db33511,1727046437,2024-09-22 23:07,45,Cop was being a dick.  Maybe there was a reason - maybe he's just a dick.,helene,community_discussion,
lofy32v,t3_1fn5mnr,t1_lofxnat,tampa,IndecisiveTuna,1727046594,2024-09-22 23:09,15,Probably the latter.,helene,community_discussion,
lofyr62,t3_1fn5mnr,t3_1fn5mnr,tampa,CrunkNugget64,1727046831,2024-09-22 23:13,12,Yeah he’s wrong,helene,community_discussion,
lofyvvs,t3_1fn5mnr,t1_lofvcel,tampa,[deleted],1727046878,2024-09-22 23:14,1,[deleted],helene,community_discussion,
lofyw80,t3_1fn5mnr,t1_lofv5gn,tampa,SlodenSaltPepper6,1727046882,2024-09-22 23:14,43,On the iPhone you can put the insurance card in your wallet. Your phone is not unlocked when you display it.,helene,community_discussion,
lofyyon,t3_1fn5mnr,t1_lofv5gn,tampa,srfman,1727046906,2024-09-22 23:15,11,https://preview.redd.it/a2caa9b51gqd1.jpeg?width=1200&format=pjpg&auto=webp&s=53729efa764817927d4c19129f0921fd384563e2,helene,community_discussion,
lofzn7e,t3_1fn5mnr,t3_1fn5mnr,tampa,Dieeile,1727047150,2024-09-22 23:19,76,"Just a quick snippet, but this is the answer 

F.S.S. 316.646 

(a) Such proof shall be in a uniform paper or electronic format, as prescribed by the department, a valid insurance policy, an insurance policy binder, a certificate of insurance, or such other proof as may be prescribed by the department.",helene,community_discussion,
lofzo9o,t3_1fn5mnr,t3_1fn5mnr,tampa,Jezer2979,1727047161,2024-09-22 23:19,2,What insurance company do you have? It doesn’t have its own app?,helene,community_discussion,
log0ew3,t3_1fn5mnr,t1_lofwgwr,tampa,SkylineCrash,1727047425,2024-09-22 23:23,52,Why not just give op a warning then instead of an incorrect ticket?,helene,community_discussion,
log0n78,t3_1fn5mnr,t3_1fn5mnr,tampa,Sobrietyishot,1727047504,2024-09-22 23:25,113,I got pulled over in Tampa last week and the cop literally told me not to worry about pulling it up on my phone. He told me when he runs my registration it will tell him.,helene,community_discussion,
log162m,t3_1fn5mnr,t1_log0ew3,tampa,BlackHorseTuxedo,1727047690,2024-09-22 23:28,66,"because the penalty is the time you have to invest to rectify it.  If you get just a warning, most people won't even think about it after a day.  With this, every action you have to take to get it dismissed is time invested that should teach you a lesson ( taking time off work, going to the courthouse, waiting in line, etc).  More effective than a warning IMO.",helene,community_discussion,
log1acq,t3_1fn5mnr,t3_1fn5mnr,tampa,AziMeeshka,1727047732,2024-09-22 23:28,5,Digital proof of insurance is legal in Florida but you never know when a cop is going to be a fucking idiot and make you waste your time by giving you a fix it ticket and make you waste your day at the courthouse. Might as well just print one out so you don't have to worry about it.,helene,community_discussion,
log1ydo,t3_1fn5mnr,t3_1fn5mnr,tampa,TheySleptOnMe,1727047972,2024-09-22 23:32,-2,“I got stopped by a Cop” Why?,helene,community_discussion,
log25eq,t3_1fn5mnr,t1_log0n78,tampa,penultimatelevel,1727048040,2024-09-22 23:34,26,"Makes sense. If you mess up and cancel your insurance before unregistering your tag after a sale, they suspend your license immediately.",helene,community_discussion,
log3ggc,t3_1fn5mnr,t3_1fn5mnr,tampa,LALW1118,1727048509,2024-09-22 23:41,13,I was specifically told by the DMV when I went to register my car that digital insurance cards are completely valid in the state of Florida.,helene,community_discussion,
log43qj,t3_1fn5mnr,t1_lofv5gn,tampa,xtyxtbx,1727048742,2024-09-22 23:45,3,Been pulled over twice before (both just warnings for minor infractions aka cops bored at 3-4am) and both times they didn’t literally take my phone just wanted to make sure the car had insurance. Has a cop actually tried taking the phone back to their car before?,helene,community_discussion,
log4hvd,t3_1fn5mnr,t1_log162m,tampa,shootingdolphins,1727048888,2024-09-22 23:48,18,"Yep. Had it happen a ton as a younger driver and remember awkwardly assuring the cop they the paper insurance in my hand was good and how I was going to fight it etc - and dude tells me “you realize I’m trying to give you a break right, this isn’t any points but we’ve been here for 20 minutes of you arguing with me.” And I shut up. So who knows, why OP was stopped initially matters for context",helene,community_discussion,
log4pp9,t3_1fn5mnr,t3_1fn5mnr,tampa,i_heart_kermit,1727048970,2024-09-22 23:49,0,Yes it's a new law as of July.... You have a to have a physical copy but if you bring in your proof within I think 7 days you can contest the ticket.   It's a pointless ticket meaning no points on your license.,helene,community_discussion,
log5lec,t3_1fn5mnr,t3_1fn5mnr,tampa,MakeMeFamous7,1727049301,2024-09-22 23:55,1,"I have even showed a photo of my drivers license over my phone because I forgot my wallet at home, and the cop was fine with that",helene,community_discussion,
lofwiq5,t3_1fn5q0w,t3_1fn5q0w,tampa,littlecattleya,1727046036,2024-09-22 23:00,1,"Water ? Like, from the toilet ?",helene,community_discussion,
lofxvzh,t3_1fn5q0w,t3_1fn5q0w,tampa,Zsofia_Valentine,1727046523,2024-09-22 23:08,43,"A bat, in the daylight... avoiding water... not good sigs unfortunately. You didn't get bit, did you?",helene,community_discussion,
lofyk6w,t3_1fn5q0w,t3_1fn5q0w,tampa,GalacticGDDS224,1727046762,2024-09-22 23:12,2,"Aww 🦇🖤 Your such a great samaritan! 
      Let’s name it…",helene,community_discussion,
lofzzdn,t3_1fn5q0w,t1_lofxvzh,tampa,BosJC,1727047270,2024-09-22 23:21,6,🧛🏻‍♂️,helene,community_discussion,
log041l,t3_1fn5q0w,t1_lofxvzh,tampa,Swampbrewja,1727047317,2024-09-22 23:21,22,I was like awww and then read the post and was like nooooooo.,helene,community_discussion,
log4iy9,t3_1fn5q0w,t3_1fn5q0w,tampa,IDrinkMyBreakfast,1727048900,2024-09-22 23:48,6,That’s not a baby,helene,community_discussion,
log5p82,t3_1fn5q0w,t3_1fn5q0w,tampa,FalconBurcham,1727049342,2024-09-22 23:55,27,"That’s a mexican free tail bat…they’re just small. If a bat is on the ground during the day it’s probably sick. Water avoidance is a symptom of rabies, by the way… it may have just been scared, but make sure you don’t have any scratches, however small. If you do, call the health department. They’ll tell you what to do next. 

The SPCA of Tampa Bay has information and advice about what to do 

[SPCA Tampa Bay: Finding baby or injured bats in the wild](https://spcatampabay.org/about-bats-in-tampa-bay/)",helene,community_discussion,
log0azs,t3_1fn6771,t3_1fn6771,tampa,yphemery,1727047387,2024-09-22 23:23,20,"Similar to The Beacham in Orlando. The area is perfectly safe, despite what others might say. The place is crawling with police on Thursday-Saturday. There’s a parking garage immediately behind the venue. 

Don’t know what you mean by pushy with ordering drinks… it’s a standard concert venue, so there are a lot of bars, with plenty of bartenders.",helene,community_discussion,
log0cjn,t3_1fn6771,t3_1fn6771,tampa,anon1984,1727047402,2024-09-22 23:23,5,This question has been answered several times with great detail if you search this subreddit. Try googling “reddit ritz ybor”.,helene,community_discussion,
log0g79,t3_1fn6771,t3_1fn6771,tampa,PriceIsNotAnArgument,1727047438,2024-09-22 23:23,13,"> obviously he doesn't drink.

Haha, anyways it's a fun venue, pretty good security and staff every time I've been, not pushy at all with drinks and safe.",helene,community_discussion,
log0wc4,t3_1fn6771,t3_1fn6771,tampa,srfman,1727047593,2024-09-22 23:26,2,"Age limit is based on the event. You don't have to buy any drinks. It can get pretty packed depending on the artist. Ybor is safer than it used to be, but it is a nightlife city. He'll be safe as long as he uses his head.",helene,community_discussion,
log2zum,t3_1fn6771,t3_1fn6771,tampa,krakatoa83,1727048344,2024-09-22 23:39,2,At a place like this it’s usually hRd to get attention to order a drink.,helene,community_discussion,
log3hld,t3_1fn6771,t3_1fn6771,tampa,landsharkxx,1727048520,2024-09-22 23:42,2,It’s fine for a 19 year old guy. Just don’t be dumb. He’ll be fine.,helene,community_discussion,
log4v8r,t3_1fn6771,t3_1fn6771,tampa,KrombopulusMichael04,1727049027,2024-09-22 23:50,1,He’s going to have an amazing time!! Always friendly vibes and people there for the music from my experiences :),helene,community_discussion,
log4y3t,t3_1fn6771,t3_1fn6771,tampa,[deleted],1727049057,2024-09-22 23:50,1,[removed],helene,community_discussion,
log4y4x,t3_1fn6771,t1_log4v8r,tampa,KrombopulusMichael04,1727049057,2024-09-22 23:50,2,"But also yes, tell him not to wonder too far off 7th Ave late night",helene,community_discussion,
lofz952,t3_1fn6f46,t3_1fn6f46,tampa,Taco_Champ,1727047009,2024-09-22 23:16,-5,How much will you compensate me for my time?,helene,community_discussion,
log0uea,t3_1fn6f46,t3_1fn6f46,tampa,tampa-ModTeam,1727047575,2024-09-22 23:26,1,Your post is spam.,helene,community_discussion,
