id,link_id,parent_id,subreddit,author,created_utc,created_date,score,body,hurricane,source_type,keyword_hit
lo5j967,t3_1flqc1g,t3_1flqc1g,florida,Warm-Loan6853,1726887177,2024-09-21 02:52,1,Florida has the second lowest teacher pay in the country and the cost of living is pretty high depending on where you choose to live.,helene,community_discussion,
lo5kne4,t3_1flqc1g,t1_lo5j967,florida,Frodo_Skypotter,1726887809,2024-09-21 03:03,1,"In have family that is a teacher. They make it work. But I know what you mean. I think I’m just gonna give the dream up. I’ve been trying for close to 4 years, but the state and country seem to only care about money and not people. I’ve lost hope in the USA.",helene,community_discussion,
lo5o6oi,t3_1flqc1g,t1_lo5kne4,florida,Warm-Loan6853,1726889467,2024-09-21 03:31,1,"I didn’t mean to crush your spirits, just wanted to make you aware it’s expensive here these days. Don’t give up so easy, chase your dream.",helene,community_discussion,
lo5q4q4,t3_1flqc1g,t1_lo5o6oi,florida,Frodo_Skypotter,1726890385,2024-09-21 03:46,1,"It’s expensive everywhere man. I’ve been chasing this dream to teach since 2013, only to be met with more requirements and complications. I don’t want to give up, but I’m completely at a standstill. I’m about to lose it!",helene,community_discussion,
lo4yo4q,t3_1flqre5,t3_1flqre5,florida,AutoModerator,1726878407,2024-09-21 00:26,1,"
Please note that only active users in the subreddit may comment in this discussion. If your comments are not showing up, please ensure you have active non-news/non-political contributions to the subreddit before contacting the moderators.

 [See our posting guidelines for more information.](https://www.reddit.com/r/florida/wiki/index/political_guidelines/)

**Remember the following:**

**Be Civil:**

* You are welcome to debate, discussion, and argue ideas, but don't resort to personal attacks on other users. 
* We do not allow any form of hate speech or any suggestion/support of harm, violence, or death.

**Must be related strictly to Florida:**

* National News/Elections are not specific to Florida. 
* Just because someone lives in Florida, doesn't mean their entire life is relevant to Floridians. 

If you see comments in violation of our rules, please report them.

#[Click this link to register to vote, update your voter information, or check your status.](https://registertovoteflorida.gov/)


*I am a bot, and this action was performed automatically. Please [contact the moderators of this subreddit](/message/compose/?to=/r/florida) if you have any questions or concerns.*",helene,community_discussion,
lo57z0a,t3_1flqre5,t3_1flqre5,florida,ACs_Grandma,1726882248,2024-09-21 01:30,37,The mother and her boyfriend need the death penalty. The horrible abuse this child suffered is so heartbreaking.,helene,community_discussion,
lo5apg8,t3_1flqre5,t3_1flqre5,florida,EmberedEmbrace,1726883413,2024-09-21 01:50,7,"wtf! tthis is heartbreaking to hear about a child getting hurt, and the allegations of neglect are serious!! she aint deserve to be a mother",helene,community_discussion,
lo5bn1z,t3_1flqre5,t3_1flqre5,florida,ivylass,1726883804,2024-09-21 01:56,7,I don't want to click on the link...is the child in a safe place now?,helene,community_discussion,
lo5clf7,t3_1flqre5,t1_lo5bn1z,florida,aPizzaLicker,1726884210,2024-09-21 02:03,20,She has passed 😭. It is so so sad.,helene,community_discussion,
lo5cvg2,t3_1flqre5,t1_lo5bn1z,florida,plantgeekin16,1726884331,2024-09-21 02:05,13,"No, the child didn’t survive her injuries. 😣
Some people do not deserve to be parents",helene,community_discussion,
lo5fohs,t3_1flqre5,t3_1flqre5,florida,Pernicious-Peach,1726885572,2024-09-21 02:26,24,This is why I support unfettered access to abortions. These people probably didn't wanted to be parents and they were stuck with a kid they didn't want and did this to that poor kid,helene,community_discussion,
lo5foyk,t3_1flqre5,t3_1flqre5,florida,JonClaudSanchez,1726885578,2024-09-21 02:26,3,Based off that mugshot just looks guilty af,helene,community_discussion,
lo5kxlx,t3_1flqre5,t1_lo5cvg2,florida,alexbeingsocial,1726887938,2024-09-21 03:05,11,*to be alive,helene,community_discussion,
lo5om03,t3_1flqre5,t3_1flqre5,florida,ayatollahofdietcola_,1726889667,2024-09-21 03:34,2,"I am no expert on this stuff, but why does there always seem to be bathtub involved in an abusers story?

Every time I have ever read a news story, police report, or some other account of child neglect or abuse, it *always* comes down to the bathtub, from the abusers POV.

It’s always something like “he banged his head, so I put him in a bath tub full of water.”

“It happened when he/she slipped in the bath tub.” 

I don’t have data to back this up, it’s just something I’ve observed. There’s always a bathtub.",helene,community_discussion,
lo5qw67,t3_1flqre5,t3_1flqre5,florida,lickityclit-69,1726890761,2024-09-21 03:52,2,The bitch ain’t,helene,community_discussion,
lo5tde0,t3_1flqre5,t3_1flqre5,florida,kittykrunk,1726892030,2024-09-21 04:13,2,Poor child……she was only one year old,helene,community_discussion,
lo5ukzd,t3_1flqre5,t3_1flqre5,florida,Rose-Red-Witch,1726892671,2024-09-21 04:24,4,Bury her under the fuckin’ prison.,helene,community_discussion,
lo5uyp1,t3_1flqre5,t1_lo5fohs,florida,[deleted],1726892875,2024-09-21 04:27,1,[removed],helene,community_discussion,
lo6fruj,t3_1flqre5,t3_1flqre5,florida,Visible_Day9146,1726905955,2024-09-21 08:05,12,"The thing that always angers me the most: someone else could have loved that baby and given her the life she deserved. These people were so selfish and evil they saw her as property that they could destroy. 

If they didn't want to be parents they could have given her up at birth no questions asked. But here we are yet again.",helene,community_discussion,
lo6hy7j,t3_1flqre5,t1_lo5bn1z,florida,Visible_Day9146,1726907492,2024-09-21 08:31,4,Don't open the link. It's horrific.,helene,community_discussion,
lo6wemr,t3_1flqre5,t1_lo5fohs,florida,WarOk87,1726917352,2024-09-21 11:15,-14,Killing the child is not the answer,helene,community_discussion,
lo6yube,t3_1flqre5,t3_1flqre5,florida,[deleted],1726918718,2024-09-21 11:38,1,[removed],helene,community_discussion,
lo7fll4,t3_1flqre5,t1_lo5fohs,florida,pinelandpuppy,1726926101,2024-09-21 13:41,5,100%,helene,community_discussion,
lo7guzk,t3_1flqre5,t1_lo6wemr,florida,Pernicious-Peach,1726926575,2024-09-21 13:49,10,"A fetus being aborted in conception is much much better than an infant child dying from this abuse.

Hope this helps",helene,community_discussion,
lo819m6,t3_1flqre5,t1_lo7guzk,florida,WarOk87,1726933531,2024-09-21 15:45,-8,"Not wanting to be parents means don’t get pregnant, hope this helps",helene,community_discussion,
lo9iah2,t3_1flqre5,t1_lo6wemr,florida,rubies-and-doobies81,1726951214,2024-09-21 20:40,6,Are you one of those people who believe doctors are aborting actual babies?,helene,community_discussion,
loc3jrv,t3_1flqre5,t3_1flqre5,florida,QAZ1974,1726994850,2024-09-22 08:47,1,"Damn this woman and the dick she was hooked up with.  At least this precious baby girl will not suffer at her mommies hand. 

![gif](giphy|11tTNkNy1SdXGg|downsized)",helene,community_discussion,
loemz0c,t3_1flqre5,t1_lo5fohs,florida,etheos99,1727031396,2024-09-22 18:56,2,"100%. Imagine the absolute misery of being an abused baby—day after day, not trusting the person who's supposed to love and protect you, or even worse, thinking you deserve it, and having your brain wired that way for life. That’s hell on earth. The suffering of enduring that kind of trauma, being completely helpless, is infinitely worse than simply never existing in the first place. Abortion isn’t some abstract moral dilemma—it’s as real as deciding whether to bring a child into unimaginable pain. Not existing because of abortion is the same as not existing if someone used a condom, or birth control, or if your parents just skipped sex that night. It’s the same result: you simply never came to be, but at least no one gets condemned to live a nightmare",helene,community_discussion,
lo52yit,t3_1flr48u,t3_1flr48u,florida,OSRSWSM,1726880150,2024-09-21 00:55,1,I mean if there’s a police report stating she’s at fault I think you just need to show up but that’s me just being optimistic for you more than knowing anything lol,helene,community_discussion,
lo53rl7,t3_1flr48u,t3_1flr48u,florida,Jaded-Moose983,1726880485,2024-09-21 01:01,1,Please obscure the license plate of the car who’s owner you are upset with. That’s not cool.,helene,community_discussion,
lo54vxv,t3_1flr48u,t3_1flr48u,florida,ColtonSRD,1726880954,2024-09-21 01:09,1,"Yes if the officer doesn’t show up the case is dismissed, though the officer has a subpoena to show up so they usually do, especially for crashes. Show up be cordial, saying “your honor” does go a long way, and explain your side of the story. 

Also a commenter said to blur out licenses plates, I also agree. Even though the other driver seems like a jerk it’s not best practice to be posting their plates like that. I’m sure both of you guys wanted to get into an accident.",helene,community_discussion,
lo54y3l,t3_1flr48u,t3_1flr48u,florida,chefjpv_,1726880979,2024-09-21 01:09,1,File a claim with your insurance company and they will go after her insurance,helene,community_discussion,
lo554fs,t3_1flr48u,t1_lo53rl7,florida,Current-Bet1668,1726881051,2024-09-21 01:10,0,"I tried but couldn’t, now I’m trying to edit it and delete it but I’m literally new to Reddit so I don’t know … also I think you would understand if you were in the position in which I can’t use my car because she’s been delaying the process…",helene,community_discussion,
lo556d4,t3_1flr48u,t3_1flr48u,florida,Capable-Influence955,1726881072,2024-09-21 01:11,2,"Florida is a no fault state. So, the LEO only records his opinion of fault on the report. That is not the final determination. Fault is legally determined by the insurance companies, lawyers and the court.",helene,community_discussion,
lo55br6,t3_1flr48u,t1_lo556d4,florida,ColtonSRD,1726881133,2024-09-21 01:12,1,Also this^^^^,helene,community_discussion,
lo57jjk,t3_1flr48u,t1_lo554fs,florida,Jaded-Moose983,1726882066,2024-09-21 01:27,1,"No, actually I don’t think they are the same at all. 

She clearly thinks she has a case. She maybe delisional, but it’s the way the system works. 

If you have collision insurance, then the right way to solve the problem is to put the claim into your own insurance, pay the deductible and if/when the case is settled in your favor, the deductible will be returned to you. Of you don’t have collision insurance, well, now you know why most people actually do have it.

If this were me and I found out you posted this calling me out by plate number, I might try to take action against you for that. And insurance wouldn’t be there to help.",helene,community_discussion,
lo5286m,t3_1flr7ns,t3_1flr7ns,florida,AutoModerator,1726879848,2024-09-21 00:50,1,"
Please note that only active users in the subreddit may comment in this discussion. If your comments are not showing up, please ensure you have active non-news/non-political contributions to the subreddit before contacting the moderators.

 [See our posting guidelines for more information.](https://www.reddit.com/r/florida/wiki/index/political_guidelines/)

**Remember the following:**

**Be Civil:**

* You are welcome to debate, discussion, and argue ideas, but don't resort to personal attacks on other users. 
* We do not allow any form of hate speech or any suggestion/support of harm, violence, or death.

**Must be related strictly to Florida:**

* National News/Elections are not specific to Florida. 
* Just because someone lives in Florida, doesn't mean their entire life is relevant to Floridians. 

If you see comments in violation of our rules, please report them.

#[Click this link to register to vote, update your voter information, or check your status.](https://registertovoteflorida.gov/)


*I am a bot, and this action was performed automatically. Please [contact the moderators of this subreddit](/message/compose/?to=/r/florida) if you have any questions or concerns.*",helene,community_discussion,
lo53jsh,t3_1flr7ns,t3_1flr7ns,florida,honeybakedman,1726880395,2024-09-21 00:59,60,Before reading the article I'm going to guess that this is meatball throwing yet another tantrum that will cost the taxpayers millions.,helene,community_discussion,
lo54de2,t3_1flr7ns,t1_lo53jsh,florida,Celestial8Mumps,1726880740,2024-09-21 01:05,20,"Its even funnier, Florida said its a ""non issue"" ""just ask the (feds)"".",helene,community_discussion,
lo54jle,t3_1flr7ns,t3_1flr7ns,florida,AAA_Dolfan,1726880812,2024-09-21 01:06,85,Floridas Medicaid system has been corrupt and flawed since the fucking 80s,helene,community_discussion,
lo57k8f,t3_1flr7ns,t1_lo54jle,florida,Yes-Relayer,1726882073,2024-09-21 01:27,65,One hundred percent.  That whole Medicaid program is a mess.  I applied for Medicaid for my mom this year to get her in a nursing home.  She had 1200 bucks in her savings account.  I get a letter from them that she has too much money at time for Medicaid.  Are u fucking kidding me after I sent like 50 documents for proof of equity?  And they say it takes about 30 days to get a social worker to get back to you.  It was 2 months before they sent that letter.  This fucking state doesn’t give a shit about citizens who have paid their taxes for 60 years.  Meatball Marinara should find another state to ruin.,helene,community_discussion,
lo5afnh,t3_1flr7ns,t1_lo57k8f,florida,AAA_Dolfan,1726883299,2024-09-21 01:48,26,I’ve seen it from the provider side and they just fuck over everybody. The amount of waste is uncanny and they don’t respect the patients nor the doctors.,helene,community_discussion,
lo5artj,t3_1flr7ns,t3_1flr7ns,florida,senioradvisortoo,1726883440,2024-09-21 01:50,13,It’s little Ronnie’s fault,helene,community_discussion,
lo5d9io,t3_1flr7ns,t1_lo5artj,florida,video-engineer,1726884502,2024-09-21 02:08,15,"Him and probably his meat-puppet, vaccine denying, idiot “Surgeon General”.",helene,community_discussion,
lo5e9eb,t3_1flr7ns,t3_1flr7ns,florida,jjune4991,1726884940,2024-09-21 02:15,8,I used to work with AHCA for health data research about 6 years. It's pretty sad to see how awful they've become in the last few years.,helene,community_discussion,
lo5fr26,t3_1flr7ns,t3_1flr7ns,florida,AccomplishedBrain309,1726885604,2024-09-21 02:26,14,I'm guessing 40m is a fraction of the fraud they're hiding.,helene,community_discussion,
lo5n3tc,t3_1flr7ns,t3_1flr7ns,florida,VoiceRed,1726888948,2024-09-21 03:22,19,"Is there any part of this state government not being systematically broken by DeSatan? It’s daily. We’re talking ruining lives, killing people, stripping Florida of its natural resources. When will federal government stop him?",helene,community_discussion,
lo5npt6,t3_1flr7ns,t3_1flr7ns,florida,Mickey6382,1726889242,2024-09-21 03:27,5,Just another issue with governor Dumbass!,helene,community_discussion,
lo5tbdh,t3_1flr7ns,t1_lo54de2,florida,OriginalFaCough,1726892001,2024-09-21 04:13,6,Do you mean Rick Scott?...,helene,community_discussion,
lo5tqa8,t3_1flr7ns,t1_lo5artj,florida,OriginalFaCough,1726892215,2024-09-21 04:16,6,Not Rick Scott*this* time? The guy that fucked the fed so hard they sent him to Washington?,helene,community_discussion,
lo5tx2m,t3_1flr7ns,t1_lo5n3tc,florida,OriginalFaCough,1726892314,2024-09-21 04:18,-5,It started with Chiles. Just been getting worse since.,helene,community_discussion,
lo5vjqp,t3_1flr7ns,t1_lo54jle,florida,BusStopKnifeFight,1726893196,2024-09-21 04:33,12,Didn't Rick Scott get busted for massive medicaid fraud?,helene,community_discussion,
lo6n8hp,t3_1flr7ns,t1_lo5tx2m,florida,bozosonthebus,1726911296,2024-09-21 09:34,4,How did Chiles start it? He was one of the few decent governors we’ve had in the past 30 years.,helene,community_discussion,
lo6ptbg,t3_1flr7ns,t1_lo57k8f,florida,12altoids34,1726913081,2024-09-21 10:04,7,I know three different people that gave their children or dependents their inheritance early so that they could drop theue net worth low enough to get into assisted living. Imagine working and Saving hard your whole life to make money to take care of yourself and your Twilight years only to have to give the majority of it away in order to get that care. It's an actual thing in florida. I don't know about it anywhere else,helene,community_discussion,
lo6t4sg,t3_1flr7ns,t1_lo6ptbg,florida,Mrknowitall666,1726915332,2024-09-21 10:42,11,"That's the rule everywhere, and usually is only used by the middle class, where their meager inheritance would bar them from medicare and ALF until they sold homes and spent it all down. While the rich don't use that tactic... They buy long term care insurance, use home care nurses, or pay privately when it becomes a necessity - like >100k a year.",helene,community_discussion,
lo6uyni,t3_1flr7ns,t1_lo5tbdh,florida,SupermarketOverall73,1726916491,2024-09-21 11:01,8,Rick Scott is a criminal.,helene,community_discussion,
lo6vimj,t3_1flr7ns,t1_lo5vjqp,florida,New-Understanding930,1726916833,2024-09-21 11:07,8,The massivist ever.,helene,community_discussion,
lo6vjds,t3_1flr7ns,t1_lo53jsh,florida,Funkyokra,1726916845,2024-09-21 11:07,5,While complaining about spending state money to help Florida citizens.,helene,community_discussion,
lo6x2hk,t3_1flr7ns,t1_lo6t4sg,florida,12altoids34,1726917732,2024-09-21 11:22,3,Thank you for explaining this a little bit more. I apologize for my ignorance.,helene,community_discussion,
lo6xdu2,t3_1flr7ns,t1_lo5vjqp,florida,not2old4fun,1726917913,2024-09-21 11:25,9,Medicare,helene,community_discussion,
lo70fzb,t3_1flr7ns,t3_1flr7ns,florida,BlaktimusPrime,1726919554,2024-09-21 11:52,6,Cool. More of my tax dollars going to another shit screwup by Governor Ronald. and of helping a single Florida citizen.,helene,community_discussion,
lo70la0,t3_1flr7ns,t1_lo57k8f,florida,BlaktimusPrime,1726919630,2024-09-21 11:53,3,I laughed hysterically when my lady tried to get her kid on Medicaid and saw that she had to make ONLY $14K to even be considered,helene,community_discussion,
lo71h5m,t3_1flr7ns,t1_lo6x2hk,florida,Yes-Relayer,1726920082,2024-09-21 12:01,3,You’re not ignorant.  It affects a lot of different folks.  My heart goes out to the kids especially.,helene,community_discussion,
lo71ykm,t3_1flr7ns,t1_lo5n3tc,florida,ZakkCat,1726920327,2024-09-21 12:05,0,It was broken beforw,helene,community_discussion,
lo7fz8c,t3_1flr7ns,t1_lo5vjqp,florida,Cryptdust,1726926242,2024-09-21 13:44,11,"Rick Scott didn’t get busted, his company did. Under his leadership, it committed the biggest Medicare fraud in history. His punishment? Elected governor and then upgraded to senator. USA! USA!",helene,community_discussion,
lo7gf2y,t3_1flr7ns,t1_lo71h5m,florida,12altoids34,1726926410,2024-09-21 13:46,3,Don't you dare tell me I'm not ignorant! (Grin).,helene,community_discussion,
lo7ltd3,t3_1flr7ns,t1_lo7gf2y,florida,Yes-Relayer,1726928344,2024-09-21 14:19,1,🤐🤐🤐🤐,helene,community_discussion,
lo7nenh,t3_1flr7ns,t1_lo5n3tc,florida,Elegant-Baseball-691,1726928892,2024-09-21 14:28,4,The government won't stop him long as he is doing what trump wants him to do. Both desantis and Scott need to be replaced.,helene,community_discussion,
lo7nrsv,t3_1flr7ns,t1_lo7fz8c,florida,Vanilla_Gorilluh,1726929012,2024-09-21 14:30,8,There were fines levied against his Corp. For much much less than he stole so win win.,helene,community_discussion,
lo7s09q,t3_1flr7ns,t3_1flr7ns,florida,AltoidStrong,1726930445,2024-09-21 14:54,2,Did Florida put Rick Scott in charge of this one?,helene,community_discussion,
lo7uijz,t3_1flr7ns,t1_lo6x2hk,florida,Mrknowitall666,1726931288,2024-09-21 15:08,1,"No ignorance, you had a solid question which I was trying to help answer for you.",helene,community_discussion,
lo80bbi,t3_1flr7ns,t3_1flr7ns,florida,Expensive-Career-672,1726933215,2024-09-21 15:40,4,Cheating ass Richard head Scott,helene,community_discussion,
lo86rr6,t3_1flr7ns,t1_lo7uijz,florida,12altoids34,1726935357,2024-09-21 16:15,1,"And you did, and it was appreciated.",helene,community_discussion,
lo8rk27,t3_1flr7ns,t1_lo6ptbg,florida,CCWaterBug,1726942061,2024-09-21 18:07,1,"That's an actual federal thing.


So, ya. Everywhere else.",helene,community_discussion,
lo8w8as,t3_1flr7ns,t1_lo54jle,florida,Heavy_Exit_4269,1726943618,2024-09-21 18:33,1,Way before that my friend. I had no idea till I started in the medical field.,helene,community_discussion,
lo8wxoh,t3_1flr7ns,t1_lo8w8as,florida,AAA_Dolfan,1726943858,2024-09-21 18:37,1,So sad.,helene,community_discussion,
lo96nas,t3_1flr7ns,t3_1flr7ns,florida,CharliAP,1726947266,2024-09-21 19:34,5,So purge thousands of children from Medicaid and don't submit reports to the Feds. The Feds need to do a full audit of the DeSantis administration. ,helene,community_discussion,
lo9dd1q,t3_1flr7ns,t1_lo57k8f,florida,AAA_Dolfan,1726949574,2024-09-21 20:12,1,"For a specific example - my angel of an orthodontist went bankrupt because she refused to close her doors after the state withheld roughly 400k from her treatments because of policy change, various paperwork problems and a few clerical issues.  

Now we have nobody to treat kids like these.  This poor woman was run down and spit out. 

https://www.miamiherald.com/news/state/florida/article48554515.html

I can’t stand it. It’s disgusting.",helene,community_discussion,
lo9sbbt,t3_1flr7ns,t1_lo9dd1q,florida,Yes-Relayer,1726954677,2024-09-21 21:37,2,"OMG!  The people that want to do good in our society are treated like shit.  This is what this country has become.  I have 21 year old son and I’m terrified of the future holds for these kids.  I told him when I get older, don’t take care of me.  Take care of yourself.",helene,community_discussion,
loa1bw4,t3_1flr7ns,t1_lo57k8f,florida,SASTire2001,1726958035,2024-09-21 22:33,2,"It is a federal issue because I know people in Michigan Tennessee South Carolina and Florida. They cancelled everyone’s Medicaid when Biden cut the COVID Medicaid out. My Dad lives in Michigan and has Medicare and a private supplement policy and they apparently assigned Medicaid to him??? There was no reason to do that but he and his wife were unaware of it the whole time so when they received the cancel and you h e to reapply, my parents were very confused. My sister in Michigan has had it for her son because he was neurologically damaged at birth- they cancelled his and then told my sister 2k in her annuity was in excess plus her husband works. I immediately told her it is going to the illegals and they took everyone’s Medicaid and have made them reapply and some will not get it back. My nephews occupational therapy is $800 a month after their private ins pays. I feel you because it is not fair.",helene,community_discussion,
loa1jo8,t3_1flr7ns,t1_lo6ptbg,florida,SASTire2001,1726958117,2024-09-21 22:35,1,In some states they will take all your property too if you have e Medicaid. That was a smart move e and now the two year wait begins.,helene,community_discussion,
loa7v6x,t3_1flr7ns,t1_lo54jle,florida,ted-clubber-lang,1726960531,2024-09-21 23:15,1,"Senator Scott, Governor Scott --",helene,community_discussion,
lob3yy8,t3_1flr7ns,t1_lo5vjqp,florida,Toothfairy51,1726973881,2024-09-22 02:58,3,"But, HE DIDN'T KNOW!!! /s",helene,community_discussion,
lobk0z0,t3_1flr7ns,t1_lo6uyni,florida,RicksterA2,1726982074,2024-09-22 05:14,3,Life long criminal at that.  Look at Trump - a life of crime and he's always talking about 'criminals'.  Both he and Scott come from crime families who have been robbing people and the government forever.,helene,community_discussion,
lodzthk,t3_1flr7ns,t1_lo7fz8c,florida,Annedi-rn,1727024523,2024-09-22 17:02,1,And he’ll probably run for president…..,helene,community_discussion,
loeqq4a,t3_1flr7ns,t1_lo5tqa8,florida,Spare_Pollution_6088,1727032515,2024-09-22 19:15,1,Idiot voters,helene,community_discussion,
lo5b096,t3_1flrqh8,t3_1flrqh8,florida,edogg40,1726883538,2024-09-21 01:52,7,"Just went through similar but was on the other side where I was at fault. My lawyer told me that since neither the ticketing officer nor the other party showed up, my case was dismissed. But had the other party showed up as a witness, the case would have proceeded.

If you want the ticket to stick to this person, then do your part to show up to court.",helene,community_discussion,
lo5b9oy,t3_1flrqh8,t1_lo5b096,florida,Current-Bet1668,1726883648,2024-09-21 01:54,2,Thank you ! What do you recommend? And do you know how the court process would be if I show up?,helene,community_discussion,
lo5fc02,t3_1flrqh8,t3_1flrqh8,florida,JonClaudSanchez,1726885418,2024-09-21 02:23,2,"You just need to show up to win in Florida for a case like this is the simplest answer.

It doesn't affect judgement if anyone decides not to go unless that person is you.",helene,community_discussion,
lo5u6g1,t3_1flrqh8,t3_1flrqh8,florida,Inevitable-Set3621,1726892455,2024-09-21 04:20,1,"You got lucky. I got fucked, had a guy follow a car that ran a red light before I got to the light there was no one behind him for like 3 seconds the second I get right to the green light a silver jeep patriot just pulls out in front of me and basically comes to a complete stop in front of me as I'm doing 40 in a 45. I slowed down a bit when I saw the first car pull out. When I saw the first car pull out I looked up at the light to make sure I didn't need to stop for a red light, and it was green so I proceeded. Whelp when the second car pulled out I could not avoid hitting them cause he came to a complete stop I had like a couple seconds to yank my steering wheel to the left and avoid t-boning him and ended up grazing him with my front and smacking the shit out of the side of his car with the side of mine. Both cars totaled my engine was stuck in throttle but wouldn't move I was able to turn the car off. Anyways because he had 3 other people in his car and a third car who said I hit their car also (the third car I did not hit at all and they never pursued me because they knew they were lying) and basically planned a story against me with the person who I ended up hitting because I couldn't avoid them while we were sitting in McDonald's waiting for FHP. In the end I lost my car I bought literally a month before this happened, and  ended up with a lower back herniation just above my tailbone. The accident wasn't my fault but because there was only me telling my side of the story and the other party had 5 other people siding with them I got fucked out of any compensation.",helene,community_discussion,
lo6nr1d,t3_1flrqh8,t1_lo5b9oy,florida,edogg40,1726911665,2024-09-21 09:41,2,"I don’t really know since I hired a lawyer to show up and present my argument on my behalf. All I know is that it was on zoom. You should receive a summons with instructions, though. And the judge will likely tell you what you need to do and will likely be understanding that you might mess up since you’re not a lawyer.",helene,community_discussion,
lo72wi2,t3_1flrqh8,t1_lo5b9oy,florida,Zsofia_Valentine,1726920794,2024-09-21 12:13,0,Why is your insurance not involved? They should send a lawyer to court for you.,helene,community_discussion,
lo7kry1,t3_1flrqh8,t1_lo72wi2,florida,Legitimate-Fan-3415,1726927979,2024-09-21 14:12,1,Insurance isn't going to pay to send a lawyer to court for the other guy's court case.,helene,community_discussion,
lo7ydvl,t3_1flrqh8,t3_1flrqh8,florida,No-Notice565,1726932572,2024-09-21 15:29,1,"In my area, if the witness shows up and the officer doesnt, they will either dismiss the case or have the case reset. The defense will usually object to the extension, but thats their job.",helene,community_discussion,
lo8bvr3,t3_1flrqh8,t3_1flrqh8,florida,Let_It_Jingle,1726937038,2024-09-21 16:43,1,"Unless the cop witnessed the crash, it doesn’t matter if they show up or not, it will get dismissed.  There has to be a witness.",helene,community_discussion,
lo56v6e,t3_1flrsil,t3_1flrsil,florida,AutoModerator,1726881781,2024-09-21 01:23,1,"
Please note that only active users in the subreddit may comment in this discussion. If your comments are not showing up, please ensure you have active non-news/non-political contributions to the subreddit before contacting the moderators.

 [See our posting guidelines for more information.](https://www.reddit.com/r/florida/wiki/index/political_guidelines/)

**Remember the following:**

**Be Civil:**

* You are welcome to debate, discussion, and argue ideas, but don't resort to personal attacks on other users. 
* We do not allow any form of hate speech or any suggestion/support of harm, violence, or death.

**Must be related strictly to Florida:**

* National News/Elections are not specific to Florida. 
* Just because someone lives in Florida, doesn't mean their entire life is relevant to Floridians. 

If you see comments in violation of our rules, please report them.

#[Click this link to register to vote, update your voter information, or check your status.](https://registertovoteflorida.gov/)


*I am a bot, and this action was performed automatically. Please [contact the moderators of this subreddit](/message/compose/?to=/r/florida) if you have any questions or concerns.*",helene,community_discussion,
lo58e6g,t3_1flrsil,t3_1flrsil,florida,Careful-Inflation875,1726882425,2024-09-21 01:33,1,"Florida health officials reiterated Thursday that state law allows abortions at any point in pregnancy to save the life of the mother, responding to concerns that Florida’s new six-week abortion ban is tying doctors’ hands and putting women in danger.

The state’s “provider alert” said abortions can be performed “to save the pregnant woman’s life or avert a serious risk of substantial and irreversible physical impairment of a major bodily function.” 

Failing to provide that “life-saving treatment” could constitute medical malpractice, the Florida Agency for Health Care Administration and the Florida Department of Health warned in a notice to providers distributed by email and social media.

The notice was released a day after several doctors supporting Amendment 4 — which would enshrine abortion rights into the state constitution — said in news conference that the exceptions in Florida’s abortion ban aren’t real exceptions.

“These so-called exceptions are a mirage,” said Dr. Jerry Goodman, a Sarasota-based OB-GYN, who spoke at the pro-Amendment 4 event on Wednesday. “Patients face overwhelming legal and procedural and logistical hurdles making accessing care nearly impossible, particularly at three ‘o clock in the morning when these emergencies often arise.”

Florida’s abortion ban, which went into effect May 1, has exceptions up to 15 weeks for pregnancies resulting from rape, incest, or human trafficking, or if a “fatal fetal abnormality” is detected, the notice added. The memo included a line in bold that “a miscarriage is not an abortion.”

Abortions are permissible for women who experience premature rupture of membranes, as well as ectopic or molar pregnancies, all of which are serious complications, according to the memo.

But several doctors supporting Amendment 4 said at the news conference that the state’s abortion exceptions could be hard to meet. For instance, the law requires women who are raped to provide legal documentation, such as a police report, a barrier that the doctors said can delay care or block access.

The state’s ban has sparked fear and led to confusion over what constitutes a serious health risk under Florida’s “narrow medical exceptions,” according to a report from Physicians for Human Rights released on Tuesday.

“Several clinicians described cases of being required by their hospitals to wait until patients become ‘sick enough’ to qualify for care,” the report found.

A physician who performs an illegal abortion could face a third-degree felony charge punishable by up to five years in prison and a $5,000 fine.

State officials said they issued the notice in response to “misinformation” about Florida’s abortion laws.

Their guidance comes as voters prepare to take up Amendment 4, which would overturn the state’s six-week ban and protect abortion access up until viability, typically defined as about 24 weeks of pregnancy. If approved by at least 60% of voters in November, it also would guarantee abortion access “when necessary to protect the patient’s health, as determined by the patient’s health care provider.”

Dr. Chelsea Daniels, a Miami-based provider, also urged voters to support Amendment 4. She said she has seen patients with nonviable pregnancies who have been turned away from care.

“I saw a patient a few weeks ago who came to me with four ultrasounds from four different clinics showing a nonviable pregnancy and she was still carrying this pregnancy when she came to me,” Daniels said.

Opponents argue Amendment 4 is vague and misleads voters by failing to define key terms like “viability” and “healthcare provider.” A group called Physicians Against Amendment 4 denounced the measure at an event earlier this month in Orlando, calling it “overreaching,” “too permissive” and “irresponsible.”

Gov. Ron DeSantis and state officials have been under fire from critics who accuse them of unlawfully using taxpayer resources to try to sway the results of Amendment 4. The agency launched a webpage earlier this month, proclaiming that existing Florida law “protects women” while the initiative enshrining abortion rights into the state constitution “threatens women’s safety.”

It also released a “public service announcement” video that includes information about Florida’s abortion laws and an assurance that “Florida cares about women and families.”

Two lawsuits have been filed challenging the agency’s webpage, and Florida Democrats have pushed for a criminal investigation.

Florida law stipulates that “no employee in the career service” shall “use the authority of his or her position to secure support for, or oppose, any candidate, party, or issue in a partisan election or affect the results thereof.”

State officials, though, say the website is informational and complies with that law.",helene,community_discussion,
lo5767x,t3_1flrtyk,t3_1flrtyk,florida,AutoModerator,1726881909,2024-09-21 01:25,1,"
Please note that only active users in the subreddit may comment in this discussion. If your comments are not showing up, please ensure you have active non-news/non-political contributions to the subreddit before contacting the moderators.

 [See our posting guidelines for more information.](https://www.reddit.com/r/florida/wiki/index/political_guidelines/)

**Remember the following:**

**Be Civil:**

* You are welcome to debate, discussion, and argue ideas, but don't resort to personal attacks on other users. 
* We do not allow any form of hate speech or any suggestion/support of harm, violence, or death.

**Must be related strictly to Florida:**

* National News/Elections are not specific to Florida. 
* Just because someone lives in Florida, doesn't mean their entire life is relevant to Floridians. 

If you see comments in violation of our rules, please report them.

#[Click this link to register to vote, update your voter information, or check your status.](https://registertovoteflorida.gov/)


*I am a bot, and this action was performed automatically. Please [contact the moderators of this subreddit](/message/compose/?to=/r/florida) if you have any questions or concerns.*",helene,community_discussion,
lo59sbi,t3_1flrtyk,t3_1flrtyk,florida,Careful-Inflation875,1726883023,2024-09-21 01:43,1,"He said violations were unintentional, result of confusion over when restrictions in 2022 law took effect

An administrative law judge Thursday said a physician should face a $10,000 fine and a reprimand after she did not comply in 2022 with a law requiring 24-hour waiting periods before abortions can be performed.

The case stems from 193 abortions that Candace Sue Cooley, an obstetrician and gynecologist, performed at the Center of Orlando for Women clinic during a two-week period immediately after the waiting-period law took effect.

The Florida Department of Health last month filed a document at the state Division of Administrative Hearings that called for revoking Cooley’s license to practice medicine. But in a 19-page recommended order Thursday, Administrative Law Judge James H. Peterson III said Cooley should pay a $10,000 fine and be reprimanded.

Peterson, in part, wrote that the clinic repeatedly sought information from the state Agency for Health Care Administration about when the waiting-period law would take effect after an April 2022 ruling by a Leon County circuit judge upheld it. Peterson said the agency did not provide information and that Cooley performed the abortions between April 26, 2022, and May 7, 2022 — after the law took effect April 25, 2022.

Leon County Circuit Judge Angela Dempsey’s ruling that upheld the law came after a legal battle that started in 2015. An Agency for Health Care Administration official informed the clinic of the law’s effective date during a May 11, 2022, inspection, and the agency issued a notice on June 9, 2022, about the effective date.

Peterson wrote that “the violation was unintentional and occurred despite reasonable efforts by the clinic and respondent (Cooley) to determine the effective date of the waiting period. Unlike the Department (of Health) and AHCA, neither respondent nor the clinic were parties to the litigation which occurred in Leon County, some 250 miles from the clinic. There was nothing readily accessible online about the final judgment having been issued on April 25, 2022. AHCA’s subsequent after-the-fact notice to providers on June 9, 2022, was insufficient to provide timely and effective information as to the effective date of the amended law.”

The judge also wrote that “the evidence indicates that no patients suffered physical harm as a result of respondent’s violation. While there was evidence that patients sometimes changed their mind (about having abortions) before the waiting period was law, there was no evidence showing that any patients were harmed by not having a 24-hour delay in receiving their abortion.”

But in the document last month calling for revocation of Cooley’s license, the Department of Health said Cooley was responsible for knowing when the waiting-period law took effect.

“Ultimately, respondent had a duty as a licensed physician to ensure that her practice of medicine was in accordance with Florida law,” the document said. “Rather than make diligent efforts to learn about this important legal change affecting the entirety of her medical practice, she effectively passed this responsibility on to others.The evidence is clear that respondent could have learned the effective date of the waiting period, as many others had done, by availing herself of publicly available information and professional resources.”

Under administrative law, Peterson’s recommended order will go to the Department of Health and the state Board of Medicine for final action.

The Legislature passed the waiting-period requirement in 2015. It requires women to receive information from doctors about abortions and then wait at least 24 hours before having the procedures.

The Agency for Health Care Administration filed a series of cases against clinics after inspecting records about compliance with the law following Dempsey’s ruling. That included a case against the Center of Orlando for Women clinic, where Cooley worked.

Administrative Law Judge J. Bruce Culpepper in 2023 issued a recommended order that said the clinic should pay a $67,550 fine — $350 for each violation. But the Agency for Health Care Administration rejected the recommendation and ordered the clinic to pay a $193,000 fine — $1,000 for each violation.

The agency regulates clinics, while the Department of Health and Board of Medicine regulate physicians.",helene,community_discussion,
lo5kgsm,t3_1flsl99,t3_1flsl99,florida,Mountain_Grab,1726887728,2024-09-21 03:02,4,"There is an answer. You may not wish to know, considering the surrounding area. Let’s go with algae. Do not, under any circumstances go into that water.",helene,community_discussion,
lo5kplh,t3_1flsl99,t1_lo5kgsm,florida,Mountain_Grab,1726887838,2024-09-21 03:03,1,https://preview.redd.it/xbu4x6a5w2qd1.jpeg?width=1170&format=pjpg&auto=webp&s=b26a29a2df45b02bdf35b66ca694040a69fc3b8a,helene,community_discussion,
lo5lcqg,t3_1flsl99,t1_lo5kgsm,florida,Wolpfack,1726888131,2024-09-21 03:08,1,"That was never my plan, that's for sure.",helene,community_discussion,
lo5loi6,t3_1flsl99,t1_lo5lcqg,florida,Mountain_Grab,1726888281,2024-09-21 03:11,-1,👍 glad to hear. Never know in FL. Fresh water is far more dangerous than the ocean shoreline for sure. Be safe.,helene,community_discussion,
lo5p57k,t3_1flsl99,t3_1flsl99,florida,Beginning_Emotion995,1726889919,2024-09-21 03:38,0,"A person

Look closely",helene,community_discussion,
lo5t5wh,t3_1flsl99,t3_1flsl99,florida,Sothisislife_eh,1726891922,2024-09-21 04:12,23,"The white stringy biofilm in fresh stream water is likely a surface biofilm, which is caused by bacteria feeding on decaying plant or animal life. This can happen when algae or animal life dies faster than bacteria can break it down. The bacteria feed on the excess organic waste in the water, which can come from fish, plants, and wood.",helene,community_discussion,
lo6prki,t3_1flsl99,t1_lo5t5wh,florida,OleDoxieDad,1726913047,2024-09-21 10:04,10,Sulfur eating bacteria specifically. I've seen it in Florida . Our ground water has enough sulfur that it can grow in the aerators of water plants.,helene,community_discussion,
lo6rm9j,t3_1flsl99,t3_1flsl99,florida,Distinct_Food_9235,1726914319,2024-09-21 10:25,8,"That is bacteria my friend. the smell you smell, is not sulfur, it is the smell of organic bacteria.",helene,community_discussion,
lo7hryy,t3_1flsl99,t1_lo6prki,florida,Wolpfack,1726926913,2024-09-21 13:55,3,"You could definitely smell sulfur at the spot where I recorded this...but not at the spring vent. Sulfur is part of the water in the vent according to different things I've read, so it makes sense that the bacteria were consuming and then outgassing a little sulfur as they feasted.",helene,community_discussion,
lo7zwv0,t3_1flsl99,t1_lo5kgsm,florida,ryfr4742,1726933085,2024-09-21 15:38,1,I used to bike that trail a lot and would frequently see kids jumping in that deep blue spring off the big oak trees. Next to all of the No Swimming signs,helene,community_discussion,
lo9fin8,t3_1flsl99,t1_lo5kplh,florida,torukmakto4,1726950291,2024-09-21 20:24,0,"If you are aware of a pollution issue it would be much better to post evidence than to vaguely fear monger. ""that water"" - is a spring (a sulfurous one hence OP's question). Almost certainly, referenced posting is motivated by high gator activity and conservation purposes.",helene,community_discussion,
lo9ptn4,t3_1flsl99,t1_lo9fin8,florida,Mountain_Grab,1726953783,2024-09-21 21:23,0,It’s a known issue my brother. Good luck getting anyone involved to “fix” it. IYKYK,helene,community_discussion,
lo5jjgv,t3_1flsu38,t3_1flsu38,florida,[deleted],1726887307,2024-09-21 02:55,1,[removed],helene,community_discussion,
lo6rjuv,t3_1flsu38,t3_1flsu38,florida,florida-ModTeam,1726914274,2024-09-21 10:24,1,"This submission has been removed:

**4. News/Politics - Please Follow Our Guidelines**

- Use a Reputable Source - Social Media is NOT considered a source
- Refrain from Crossposting
- No screenshots/videos/etc.
- No Political Memes

Please see our [Politics Posting Guidelines](
https://reddit.com/r/florida/w/index/political_guidelines) for more information. 

If you believe we made a mistake, please [message the moderators](https://www.reddit.com/message/compose?to=/r/florida)",helene,community_discussion,
lo5md5x,t3_1fltslo,t3_1fltslo,florida,AutoModerator,1726888603,2024-09-21 03:16,1,"
Your [submission](https://www.reddit.com/r/florida/comments/1fltslo/ron_desantis_foragainst/) has been removed from r/Florida. 

**All News/Political posts must be correctly flaired either ""News"" or ""Politics"".** 

How to assign or edit flair on mobile:

* The button to assign flair is under the post title.
* To edit flair after you’ve posted, go to your post, hit the menu (three dots ...). Then “change post flair.”

How to assign or edit flair on desktop:

* When making your post, click on “flair” underneath the text box.
* To edit flair after you’ve posted, go to your post, hit the menu (three dots ...), then “Edit flair.” 


*I am a bot, and this action was performed automatically. Please [contact the moderators of this subreddit](/message/compose/?to=/r/florida) if you have any questions or concerns.*",helene,community_discussion,
lo5twiz,t3_1fluopn,t3_1fluopn,florida,DragonTHC,1726892306,2024-09-21 04:18,2,"Testers don't pay to test. They test products for free. 

Otherwise this is just spam.",helene,community_discussion,
lo5t0jr,t3_1flupaz,t3_1flupaz,florida,AutoModerator,1726891844,2024-09-21 04:10,1,"
Your [submission](https://www.reddit.com/r/florida/comments/1flupaz/new_docs_reveal_horrific_extent_of_matt_gaetzs/) has been removed from r/Florida. 

**All News/Political posts must link to a credible news source.** 

* No text posts.
* No images. 
* No Videos
* No screenshots of tweets/facebook/truth/etc posts. 
* No Political Memes. 
* No Crossposts.

[Please see our posting guidelines for more information.](https://www.reddit.com/r/florida/wiki/index/political_guidelines/)

If you believe this post was filtered in error, please let us know.


*I am a bot, and this action was performed automatically. Please [contact the moderators of this subreddit](/message/compose/?to=/r/florida) if you have any questions or concerns.*",helene,community_discussion,
lo686ab,t3_1flwqk2,t3_1flwqk2,florida,Propsroadfool,1726900819,2024-09-21 06:40,-1,"Gotta keep literally everything spotless I had them bad when I moved into my place and learned fast that I had to take the trash out immediately after throwing something away. Had to make sure there was any standing water anywhere, even drops of water on the counter tops. No food crumbs anywhere. Haven't seen one in over a year.",helene,community_discussion,
lo68ewh,t3_1flwqk2,t1_lo686ab,florida,Propsroadfool,1726900976,2024-09-21 06:42,1,"Baking soda in places you think they're coming from kinda works, too. But only a very light dusting.",helene,community_discussion,
lo6b1tr,t3_1flwqk2,t3_1flwqk2,florida,BOMBOclaatBwoy,1726902721,2024-09-21 07:12,0,"Start eating them, literally free protein and it’ll send a message to them that you’re basically a giant spider so they’ll back off. These things existed longer than Jesus, they are smarter than ppl give them credit imo",helene,community_discussion,
lo6c363,t3_1flwqk2,t3_1flwqk2,florida,teacherette,1726903425,2024-09-21 07:23,7,We cut down 4 huge palm trees. After a rain we would see them in the house. Haven’t seen a palmetto roach since.,helene,community_discussion,
lo6e07b,t3_1flwqk2,t3_1flwqk2,florida,Karsticles,1726904732,2024-09-21 07:45,5,Alpine WSG.,helene,community_discussion,
lo6gjec,t3_1flwqk2,t3_1flwqk2,florida,starbabyonline,1726906494,2024-09-21 08:14,255,Palmetto bugs don't care how clean your house is. They're one of the many wonders of Florida.,helene,community_discussion,
lo6kow1,t3_1flwqk2,t3_1flwqk2,florida,thunderwolf69,1726909455,2024-09-21 09:04,87,"That’s the neat part! You don’t!

Jokes aside, I keep a clean house, but they always find a way in, especially after hard or heavy rain or if you’ve got trees or shrubs around the dwelling (we had many, many large trees). I had the pest guy spray about once a month or so around doors and openings and that was about the only thing that kept them out.",helene,community_discussion,
lo6n4e4,t3_1flwqk2,t3_1flwqk2,florida,Brief-Pair6391,1726911211,2024-09-21 09:33,13,"Boric acid. Non toxic, to pets or humans and...  it's cheap, by comparison to the cost of toxic chemicals (that are marketed to, but really have no place in the home)

It's sold in powder form and, typically with a nozzle tip that directs the powder when you squeeze the bottle- you can aim it. Put it along the walls in the perimeter of rooms (baseboards), especially closets, pantries, behind appliances, etc etc and at entryway exterior doors. 
Can apply it outside, again- it's cheap",helene,community_discussion,
lo6o2up,t3_1flwqk2,t3_1flwqk2,florida,OleDoxieDad,1726911897,2024-09-21 09:44,30,"There is a roach bait that comes in a big syringe, industrial looking shit, on Amazon, but it use it. You will find ded fkrs in morning .",helene,community_discussion,
lo6qiry,t3_1flwqk2,t3_1flwqk2,florida,BigBootyWholes,1726913568,2024-09-21 10:12,30,"They get in the house from time to time, especially at night. It has nothing to do with cleanliness. I have two indoor cats and every once in a while I’ll find a dead one in the morning.",helene,community_discussion,
lo6r6c1,t3_1flwqk2,t1_lo6e07b,florida,TheProfessional9,1726914018,2024-09-21 10:20,10,How does a round of warsong gulch help?,helene,community_discussion,
lo6re6q,t3_1flwqk2,t3_1flwqk2,florida,Metal_Florida,1726914165,2024-09-21 10:22,1,We spray our yard with insecticide and place those circular traps inside our home.,helene,community_discussion,
lo6sn3e,t3_1flwqk2,t3_1flwqk2,florida,so-rayray,1726915009,2024-09-21 10:36,10,"Once in a while, they will get in no matter what you do. I’ve lived here 30 years and I’d say that I see one inside my house about once a year. It doesn’t happen too often, but it does happen. It’s usually after we’ve had a lot of rain. Get a cat. Hahaha.",helene,community_discussion,
lo6sogc,t3_1flwqk2,t3_1flwqk2,florida,Independent-Basil617,1726915034,2024-09-21 10:37,1,Gggguuurrrlll same issue. Ptsd and following this post.,helene,community_discussion,
lo6srji,t3_1flwqk2,t3_1flwqk2,florida,grapefruitsnacks,1726915091,2024-09-21 10:38,8,Try to seal up any holes like in the laundry room,helene,community_discussion,
lo6st38,t3_1flwqk2,t1_lo6re6q,florida,Independent-Basil617,1726915119,2024-09-21 10:38,3,What circular traps,helene,community_discussion,
lo6tcgu,t3_1flwqk2,t3_1flwqk2,florida,JustABlueDot,1726915468,2024-09-21 10:44,17,Professional pest control sprays the perimeter of the outside of our house once a month. I think we’ve seen maybe two roaches in five years.,helene,community_discussion,
lo6tfm1,t3_1flwqk2,t1_lo6o2up,florida,Squishy_Otter,1726915523,2024-09-21 10:45,10,Yes! I used this and they were dead within days. That stuff is gold.,helene,community_discussion,
lo6ttkn,t3_1flwqk2,t3_1flwqk2,florida,HockeyRules9186,1726915770,2024-09-21 10:49,1,In Florida they are free say Thank You.  Dipped in chocolate they are very nutritious and healthy for you.,helene,community_discussion,
lo6tvqx,t3_1flwqk2,t3_1flwqk2,florida,ckouf96,1726915809,2024-09-21 10:50,3,"My house is very clean. I clean it every day. We still see the occasional huge palmetto that I have to blast with raid. Doesn’t happen often but it’s bound to, there’s very little you can do to prevent it.",helene,community_discussion,
lo6typp,t3_1flwqk2,t3_1flwqk2,florida,RMG-OG-CB,1726915862,2024-09-21 10:51,3,Keep your food in the kitchen and in sealed containers.,helene,community_discussion,
lo6u6h4,t3_1flwqk2,t3_1flwqk2,florida,jmartin2683,1726916000,2024-09-21 10:53,1,You just enjoy them.  They’re pretty rare and don’t bite or hurt you at all.  They want less to do with you than you do with them.,helene,community_discussion,
lo6uicu,t3_1flwqk2,t3_1flwqk2,florida,fl33543,1726916210,2024-09-21 10:56,6,Dehumidifiers. If you can manage to keep things below 50% they won’t linger,helene,community_discussion,
lo6vaww,t3_1flwqk2,t1_lo6st38,florida,Metal_Florida,1726916703,2024-09-21 11:05,4,Combat,helene,community_discussion,
lo6veln,t3_1flwqk2,t3_1flwqk2,florida,Patriahts,1726916765,2024-09-21 11:06,3,Mix sugar and borax and sprinkle that shit in weird places.,helene,community_discussion,
lo6vvq0,t3_1flwqk2,t3_1flwqk2,florida,llamallama-dingdong,1726917048,2024-09-21 11:10,3,Cover your drains when not in use.,helene,community_discussion,
lo6vyxn,t3_1flwqk2,t3_1flwqk2,florida,Zsofia_Valentine,1726917101,2024-09-21 11:11,13,"You can't stop them from flying in an open door, but otherwise they mostly seen to enter through drains. I started keeping my bathtub drain closed and haven't seen one inside in several years now.",helene,community_discussion,
lo6vzk0,t3_1flwqk2,t3_1flwqk2,florida,crownhimking,1726917111,2024-09-21 11:11,1,"I have an exterminator spray  my house once a month for 60 bucks


I think of the spray  as a barrier that keeps them from coming in


So far so good


Before  they use to just find ways in no matter how clean my house was",helene,community_discussion,
lo6x5nc,t3_1flwqk2,t3_1flwqk2,florida,PurpleSkittlezzzzz,1726917782,2024-09-21 11:23,3,One of my four cats will kill them.,helene,community_discussion,
lo6xjnw,t3_1flwqk2,t3_1flwqk2,florida,Vegetable-Source6556,1726918003,2024-09-21 11:26,1,"So I've only found 1 in our house in years,  miracle! What i did and do is slowly walk the exterior of your house,  i mean slow and look for any, and i mean Any cracks, seams, door thresholds with light coming in,  dryer lent seams and caulk, or threshold tape or cement patch or foam etc.  You need to make it Very hard to come in.  They Love water,  so make sure down spouts are running your water away from your house/ foundation.  The food part isn't really their draw,  it's the wet then dry. I spray Home defence ( walmart/ depot) with electric trigger ( costs $7 MORE-battery) on edge of entire home and especially garage and doors edges and up sides.  That's my cryptonite.",helene,community_discussion,
lo6xnn9,t3_1flwqk2,t1_lo6xjnw,florida,Vegetable-Source6556,1726918065,2024-09-21 11:27,1,"1 spraying a month,  every month",helene,community_discussion,
lo6xs43,t3_1flwqk2,t3_1flwqk2,florida,Strenue,1726918137,2024-09-21 11:28,3,Flamethrower,helene,community_discussion,
lo6y9ae,t3_1flwqk2,t3_1flwqk2,florida,Lissypooh628,1726918403,2024-09-21 11:33,6,You don’t.  They’ll get in any way they please just like lizards seem to find a way.,helene,community_discussion,
lo6yfei,t3_1flwqk2,t1_lo6kow1,florida,LiletBlanc42,1726918496,2024-09-21 11:34,11,"also adding boric acid tablets. cheap, not messy, and very effective. i habitually put two or three behind the fridge and stove a few times a year.",helene,community_discussion,
lo6ylg7,t3_1flwqk2,t3_1flwqk2,florida,ZakA77ack,1726918586,2024-09-21 11:36,1,"
*
This is the American Roach (which is actually a non-natuve species from spain)
They are impossible to keep out. Roach gel and boric acid. The gel comes in a syringe. Add it to electrical outlets, the backs of cabinets, the back of the fridge box and behind your oven",helene,community_discussion,
lo6ypp9,t3_1flwqk2,t3_1flwqk2,florida,ZakA77ack,1726918648,2024-09-21 11:37,2,"
*

This is the American Roach.
impossible to keep out. Roach gel and boric acid. The gel comes in a syringe. Add it to electrical outlets, the backs of cabinets, the back of the fridge box and behind your oven",helene,community_discussion,
lo6z5qh,t3_1flwqk2,t3_1flwqk2,florida,C-LOgreen,1726918888,2024-09-21 11:41,0,You have to spray around the house and buy all the openings of your house at least once a month,helene,community_discussion,
lo70osw,t3_1flwqk2,t3_1flwqk2,florida,Survivaleast,1726919681,2024-09-21 11:54,1,"I put a dang sign on my door that says, “Beware, this grandma is locked and loaded.” Sometimes we sit out there on the back porch with the pump action just tryna lure those suckers in. Moment they fly towards that door it’s just like skeet shooting. My wood floor is peppered in buckshot, ain’t no creepy crawlies in my house!",helene,community_discussion,
lo70rp3,t3_1flwqk2,t1_lo6e07b,florida,OldStDick,1726919723,2024-09-21 11:55,1,This is the answer.,helene,community_discussion,
lo71vad,t3_1flwqk2,t1_lo6tfm1,florida,OleDoxieDad,1726920282,2024-09-21 12:04,1,What's the brand I need more?,helene,community_discussion,
lo72vlh,t3_1flwqk2,t1_lo71vad,florida,Squishy_Otter,1726920783,2024-09-21 12:13,18,Syngenta 30 gram tube Advion Cockroach Gel Bait w/Plunger,helene,community_discussion,
lo731jt,t3_1flwqk2,t3_1flwqk2,florida,chompy283,1726920860,2024-09-21 12:14,6,You live in the tropics basically.  It's part of life.,helene,community_discussion,
lo732ut,t3_1flwqk2,t1_lo72vlh,florida,OleDoxieDad,1726920877,2024-09-21 12:14,0,Thanks I just put it in my cart!,helene,community_discussion,
lo73i0j,t3_1flwqk2,t3_1flwqk2,florida,Mickey6382,1726921073,2024-09-21 12:17,1,Leave Florida!,helene,community_discussion,
lo74i5e,t3_1flwqk2,t1_lo6u6h4,florida,FluffyLlamaPants,1726921541,2024-09-21 12:25,4,That's opossums.,helene,community_discussion,
lo74uet,t3_1flwqk2,t3_1flwqk2,florida,ArressFTW,1726921698,2024-09-21 12:28,27,"i tried stomping on a palmetto bug once. this mfer looked at me, put his cigarette out and cracked is knuckles. i thought it was gonna kill me.",helene,community_discussion,
lo75umf,t3_1flwqk2,t3_1flwqk2,florida,BayBandit1,1726922160,2024-09-21 12:36,1,"Anything left outside overnight, like boxes of stuff (even sealed), will most probably have Palmetto bugs in it. Just one of the facts of life when living in Florida. They’ll also get into your house through even the slightest crack in a seam. If you don’t have pets you can go the poison route, otherwise you’ll have to get good with swatting them 😢",helene,community_discussion,
lo77rw7,t3_1flwqk2,t3_1flwqk2,florida,Salt_Carpenter_1927,1726922988,2024-09-21 12:49,4,"Nothing to do with cleanliness, they just come in sometimes. They don’t infest in the same way German cockroaches do.",helene,community_discussion,
lo77trq,t3_1flwqk2,t3_1flwqk2,florida,TheRateBeerian,1726923010,2024-09-21 12:50,1,"I just use home defense spray around the entire perimeter once a month, paying extra attention to doors, windows, garage. And then also inside esp in the kitchen.

Even this isn’t 100% foolproof but it stays fairly bug free.",helene,community_discussion,
lo78802,t3_1flwqk2,t3_1flwqk2,florida,takeoffyr,1726923175,2024-09-21 12:52,1,"There are “roach baits” that you slide under fridges, stoves, in closets, etc. That kill the nest. It takes up to 2 months to kill all of them, and you’ll see a few more when you first start, but it will help a ton. “Natural remedies “ dont do much. Roaches eat and are attracted to anything. Water, dirt, soap, etc. Just make sure you dont leave anything lying out, and leave everything dry.",helene,community_discussion,
lo78c8y,t3_1flwqk2,t3_1flwqk2,florida,hausccat,1726923222,2024-09-21 12:53,1,"So I’m from Ny and when you go on vacation, you’re supposed to cover your drains because they dry out and bugs can crawl out. I noticed I would get a big ass plametto roach thing in my unused bathroom in Florida. I now keep a bowl over the sink, bought a better shower drain catcher. Haven’t seen one since.",helene,community_discussion,
lo78nfo,t3_1flwqk2,t3_1flwqk2,florida,NomadFeet,1726923350,2024-09-21 12:55,1,Things that help are checking the weather stripping around your doors and other places they might get in but they WILL get in. This year has been particularly bad at our house. I buy Ortho Home Defense spray at Lowes or the Depot and spray baseboards and especially around water sources in kitchen and bathrooms every couple of months. By the time I see a roach it is almost always dead or on it's way to being dead but definitely finding more lately.,helene,community_discussion,weather
lo78yij,t3_1flwqk2,t3_1flwqk2,florida,LivingEnd44,1726923476,2024-09-21 12:57,1,"I've had success with boric acid tablets. They are cheap and easy to use. Insects think they are delicious and the tablets are lethal to them. We have a bug guy spray inside bad outside once a month for $30 also...I forget what it's called, but it's non-toxic to animals. It works very well on bugs though.


Palmetto roaches are not like the German roaches in other states though. They're adapted for humidity. So if your house is air conditioned, they actually don't want to be there. If they're inside it's by accident. If I see one alive I don't kill it. I just relocate it outside. They're gross but I still feel bad for them lol. ",helene,community_discussion,
lo79q1j,t3_1flwqk2,t1_lo6tcgu,florida,LivingEnd44,1726923784,2024-09-21 13:03,4,The spray is effective. I have not seen any in months. And the ones I saw before that were always dead by the time I saw them. ,helene,community_discussion,
lo7b7qw,t3_1flwqk2,t3_1flwqk2,florida,shira9652,1726924386,2024-09-21 13:13,3,"It’s not about clean. They come in when it rains. Otherwise, they are an outdoor bug and have no interest in your home. I can’t say that I recommend using pesticides indoors",helene,community_discussion,
lo7blvd,t3_1flwqk2,t3_1flwqk2,florida,ChaosEmerald21,1726924544,2024-09-21 13:15,2,Moving to the north might work,helene,community_discussion,
lo7bzmo,t3_1flwqk2,t1_lo6r6c1,florida,LIZardStreams,1726924696,2024-09-21 13:18,1,r/unexpectedwarcraft,helene,community_discussion,
lo7cdww,t3_1flwqk2,t3_1flwqk2,florida,ScottyMoments,1726924854,2024-09-21 13:20,2,Move to another state,helene,community_discussion,
lo7ceo9,t3_1flwqk2,t1_lo6qiry,florida,FederalAd6011,1726924862,2024-09-21 13:21,14,It’s always fun coming home to a dead palmetto or a dead gecko that my cat was playing with. And she never eats the head so there’s just a half carcass laying around.,helene,community_discussion,
lo7cxi5,t3_1flwqk2,t3_1flwqk2,florida,Ordinary_Only,1726925064,2024-09-21 13:24,1,"Once, at a friend's, I saw a huge cockroach walk across the room into the closet. Then a fucking tennis ball rolled out of the closet.",helene,community_discussion,
lo7d14r,t3_1flwqk2,t1_lo7ceo9,florida,not-a-creative-id,1726925104,2024-09-21 13:25,5,Just leaving a little gift for ya,helene,community_discussion,
lo7ddke,t3_1flwqk2,t1_lo6n4e4,florida,not-a-creative-id,1726925237,2024-09-21 13:27,3,Pretty sure that’s what our pest guy (Massey) uses inside the house.,helene,community_discussion,
lo7dgcx,t3_1flwqk2,t3_1flwqk2,florida,NeerDeth,1726925267,2024-09-21 13:27,2,"Basically they get lost and come inside. An occasional one is the price you pay for living in Florida.  If you see multiple ones, then you have a problem.",helene,community_discussion,
lo7dpu7,t3_1flwqk2,t3_1flwqk2,florida,RudeInvestigatorNo3,1726925369,2024-09-21 13:29,3,"Some folks ain’t made for Florida.   They are a part of life here, they’ll find a way in no matter what you do.    Also, a spotless clean house doesn’t do much to keep them away",helene,community_discussion,
lo7dtu3,t3_1flwqk2,t1_lo6tcgu,florida,RudeInvestigatorNo3,1726925412,2024-09-21 13:30,0,"Yum, pesticides seeping into the aquifer and into our storm drainage",helene,community_discussion,storm
lo7dxir,t3_1flwqk2,t1_lo6c363,florida,RudeInvestigatorNo3,1726925451,2024-09-21 13:30,6,That’s sad you cut down 4 huge palms,helene,community_discussion,
lo7e243,t3_1flwqk2,t1_lo7blvd,florida,RudeInvestigatorNo3,1726925501,2024-09-21 13:31,1,This is the way,helene,community_discussion,
lo7ea6t,t3_1flwqk2,t1_lo686ab,florida,RudeInvestigatorNo3,1726925589,2024-09-21 13:33,2,"You really dont have to keep things spotless, that really doesn’t help.   I have a normal “dirtiness” lived in home and see them juts a few times a month.  It’s all about the seals and how your drains are",helene,community_discussion,
lo7ei5c,t3_1flwqk2,t1_lo6re6q,florida,RudeInvestigatorNo3,1726925672,2024-09-21 13:34,-1,Yeah who doesn’t love pesticides that seep into our Aquifer when it rains,helene,community_discussion,
lo7epyx,t3_1flwqk2,t3_1flwqk2,florida,FoundationAny7601,1726925756,2024-09-21 13:35,1,Don't squash them whatever you do.  The  smell is bad!!,helene,community_discussion,
lo7fpow,t3_1flwqk2,t1_lo7ddke,florida,Brief-Pair6391,1726926144,2024-09-21 13:42,3,"Right on 

Old school 'home remedy'

People have known about and been using it for a very long time, as i understand it",helene,community_discussion,
lo7ftxr,t3_1flwqk2,t1_lo732ut,florida,Same_Recipe2729,1726926188,2024-09-21 13:43,6,"Slap on some insect growth regulator too, it'll make them abort their eggs, sterilize any young ones, and cause birth defects. Gentrol is a good one.",helene,community_discussion,
lo7gk9i,t3_1flwqk2,t1_lo6gjec,florida,mechapoitier,1726926464,2024-09-21 13:47,44,"You can stop them for like $20 a year. 

We used to obsess about not having a dirty kitchen to keep out roaches. We still got roaches. Usually one in the house somewhere half-dead every day or two. 

We also started having ants make scouting trips into the house. 

Then reading on here about liquid boric acid bait stations and boric acid roach pills. Scattered that stuff around and threw pills through the attic. No ants and no roaches. We’ve maybe had a single roach in two years, and it was quite dead.",helene,community_discussion,
lo7gy7g,t3_1flwqk2,t1_lo7d14r,florida,dwightnight,1726926609,2024-09-21 13:50,6,I saved you some!,helene,community_discussion,
lo7idck,t3_1flwqk2,t1_lo6vyxn,florida,Commandmanda,1726927125,2024-09-21 13:58,5,"THIS. You *must* cover or close all drains - kitchen sinks, laundry sinks, and tub drains. I haven't a tub drain closer, but I bought a flat drain cover and I just put a bottle of shampoo on it to keep it rock steady. 

When I remember to cover my drains, the palmetto population falls to nil. None.",helene,community_discussion,
lo7j5y3,t3_1flwqk2,t3_1flwqk2,florida,Moondoobious,1726927410,2024-09-21 14:03,1,"The best pest control is a physical barrier between you and the bug. Go outside and identify any and all and I mean *all* openings wider than a business card. Because fully grown gorilla roaches can flatten to the width of a nickel. Smaller roach, smaller gap needed to fit. Seal them. They’ll likely still be able to get in through your window jams and sliding doors if you have any. Stuff the gaps with steel scouring pads on the windows and doors you don’t use. Fix any rubber seals or gaskets around doors that may be insufficient or missing. Dust bomb in your attic. Identify any leaks in your house and fix them. Palmettos are drawn to moisture. Glue boards help if you can identify where their point of origin is. I really could go on and on, but that’s the synopsis of what needs to be done.",helene,community_discussion,
lo7jj8x,t3_1flwqk2,t3_1flwqk2,florida,Redland3r,1726927540,2024-09-21 14:05,1,"Hot Shot Fogger bombs.  Maybe once a year.   Have to leave the house closed up for a few hours.  Open, vaccum and mop w the windows open, ac off, will be hot as shit but no bugs, mostly anyway",helene,community_discussion,
lo7jwio,t3_1flwqk2,t1_lo6kow1,florida,HeathrJarrod,1726927671,2024-09-21 14:07,4,Diatomaceous earth works…. Big sticky baits to go in corners too.,helene,community_discussion,
lo7jy81,t3_1flwqk2,t3_1flwqk2,florida,rdell1974,1726927688,2024-09-21 14:08,1,Water bugs,helene,community_discussion,
lo7k9s4,t3_1flwqk2,t3_1flwqk2,florida,teamhae,1726927800,2024-09-21 14:10,1,We’ve had at least one a week all summer despite our pest control company coming out every couple of weeks. They’re disgusting and awful. My recommendation is to get a cat that loves hunting so at least they’ll catch and kill them for you 😅,helene,community_discussion,
lo7lmbx,t3_1flwqk2,t3_1flwqk2,florida,Soto1969,1726928276,2024-09-21 14:17,1,A cat. Her name is Jem.,helene,community_discussion,
lo7pf5p,t3_1flwqk2,t1_lo6n4e4,florida,Propsroadfool,1726929572,2024-09-21 14:39,3,"https://www.poison.org/articles/borates#:~:text=Ingestion%3A%20If%20swallowed%20in%20significant,cases%2C%20kidney%20damage%20and%20seizures.",helene,community_discussion,
lo7plza,t3_1flwqk2,t3_1flwqk2,florida,BlackieT,1726929635,2024-09-21 14:40,1,"I heard this loud crack, saw my cat trying to chase something under my chair in the 4 seasons room. Next morning, huge dead palmetto bug, she broke through its shell.",helene,community_discussion,
lo7pv3n,t3_1flwqk2,t3_1flwqk2,florida,xshrxoomx3,1726929721,2024-09-21 14:42,1,Food grade diatomaceous earth indoors and out.,helene,community_discussion,
lo7pw28,t3_1flwqk2,t3_1flwqk2,florida,Ricky_Vaughn86,1726929730,2024-09-21 14:42,1,I’ve started trapping them with an electric flyswatter and leaving them on little toothpick piles so their friends can see them wriggling and tormented. Hopefully that’ll make them flee in terror.,helene,community_discussion,
lo7qrax,t3_1flwqk2,t1_lo7gk9i,florida,malloryduncan,1726930026,2024-09-21 14:47,1,Can I find that in stores?,helene,community_discussion,
lo7qwyo,t3_1flwqk2,t1_lo7gk9i,florida,AuntSigne,1726930079,2024-09-21 14:47,18,"Boric acid works because it causes gas & roaches can't fart, so they explode.  But it works.  Also, cucumber slices to deter ants.",helene,community_discussion,
lo7t5jk,t3_1flwqk2,t3_1flwqk2,florida,pocketMagician,1726930832,2024-09-21 15:00,2,Palmettoes are outside bugs and only seek shelter inside a house if they're lost or there is a dry spell. They look for water not food. If you have a clean house you don't have an infestation and that is nature in Florida.,helene,community_discussion,
lo7tq6l,t3_1flwqk2,t3_1flwqk2,florida,jjl10c,1726931024,2024-09-21 15:03,1,Get the cheapest pest control you can find,helene,community_discussion,
lo7uhbd,t3_1flwqk2,t3_1flwqk2,florida,[deleted],1726931277,2024-09-21 15:07,1,[removed],helene,community_discussion,
lo7wckg,t3_1flwqk2,t3_1flwqk2,florida,A-Gigolo,1726931903,2024-09-21 15:18,1,Get some tokay geckos.,helene,community_discussion,
lo7x3zm,t3_1flwqk2,t1_lo7pf5p,florida,Brief-Pair6391,1726932152,2024-09-21 15:22,1,"Ok, i stand corrected. Thanks- all things being relative, I'm not going to be any more or less about it. 
Been using it for years, in the home with pets and have never, apparently, put out too much. 

What was a nothing burger, is now a slider ? 

Thanks again",helene,community_discussion,
lo7xcfx,t3_1flwqk2,t1_lo7x3zm,florida,Propsroadfool,1726932230,2024-09-21 15:23,1,"Np, I just know she said she had a baby, and I didn't want there to be any mix ups.",helene,community_discussion,
lo7xdk2,t3_1flwqk2,t1_lo7qrax,florida,frooootloops,1726932240,2024-09-21 15:24,6,"Yep, brand name Terro",helene,community_discussion,
lo7ymfv,t3_1flwqk2,t3_1flwqk2,florida,Friendly-Papaya1135,1726932651,2024-09-21 15:30,1,"Make sure drains are filled/closed. Seal cracks and crevices around the house. Hire a good pest control company that does more than spraying, or if you want to DIY there are granules you can place in the perimeter around your house as well as barrier sprays and baits.",helene,community_discussion,
lo7z5g2,t3_1flwqk2,t3_1flwqk2,florida,Brofasuh,1726932830,2024-09-21 15:33,1,"I bought a backpack sprayer and spray Talstar pro on the perimeter of the house, kills any roaches and knocks the mosquito population down significantly.  I spray every 3 weeks from March to October ish. Works wonders",helene,community_discussion,
lo7z767,t3_1flwqk2,t3_1flwqk2,florida,FrankTheFurnaceGuy,1726932846,2024-09-21 15:34,1,"Boric acid powder sèems to help a fair amount.

Had a house for a while that had some scattered all over, under drawers and behind the trash bin built into the kitchen and the like.

Never saw a palmetto bug inside.",helene,community_discussion,
lo811a1,t3_1flwqk2,t1_lo7qwyo,florida,pigeon_idk,1726933455,2024-09-21 15:44,2,Um what??? I thought it was just poison omg that's hilarious if true wtf,helene,community_discussion,
lo8190o,t3_1flwqk2,t1_lo7xcfx,florida,Brief-Pair6391,1726933526,2024-09-21 15:45,1,I hear ya !,helene,community_discussion,
lo81o59,t3_1flwqk2,t1_lo7xcfx,florida,Brief-Pair6391,1726933664,2024-09-21 15:47,1,"This is the part i left out, as i didn't feel was necessary to mention... 

https://www.healthline.com/health/womens-health/boric-acid-for-yeast-infection",helene,community_discussion,
lo82xtc,t3_1flwqk2,t1_lo74uet,florida,epsylonne,1726934083,2024-09-21 15:54,13,"Nice try, palmetto bug. You've killed this user and assumed his role on the Internet to scare society into leaving you lot alone. We're onto you...",helene,community_discussion,
lo83j1i,t3_1flwqk2,t3_1flwqk2,florida,Ok_Friend5225,1726934278,2024-09-21 15:57,1,Orange oil.,helene,community_discussion,
lo84b17,t3_1flwqk2,t3_1flwqk2,florida,Chrome_Armadillo,1726934537,2024-09-21 16:02,2,Everyone has roaches. People who say they don’t just haven’t seen one yet.,helene,community_discussion,
lo84nn2,t3_1flwqk2,t3_1flwqk2,florida,duochromepalmtree,1726934654,2024-09-21 16:04,1,I see probably one a year in my house. I kill it and that’s the end of my thoughts about it. They aren’t like regular roaches they don’t usually come in packs.,helene,community_discussion,
lo858r7,t3_1flwqk2,t3_1flwqk2,florida,Longjumping_Mobile_6,1726934849,2024-09-21 16:07,1,"Have lived in Florida for 38 years and there is NO way to keep them out without some type of spray especially when rainy seaon starts up.....always spray around doors (full frame including threshold), windows AND near the soffit....those buggers can walk up the side of a house, squeeze in thru the soffit and then if you have any pocket doors come in that way as pocket doors don't have a sealed door casing. Hate them with a passion but better than freaking wolf spiders that try to attack you when you're trying to kill them.",helene,community_discussion,
lo859qs,t3_1flwqk2,t1_lo6srji,florida,RestlessChickens,1726934858,2024-09-21 16:07,4,"Underrated comment, roaches and bugs in general, can get pretty flat and will look for cover from the weather like any animal, so well sealed doors and windows are one of the best lines of defense",helene,community_discussion,weather
lo87ljf,t3_1flwqk2,t3_1flwqk2,florida,Minimum_Rice555,1726935632,2024-09-21 16:20,1,Plug sinks and tubs overnight. Keep toilet lid down. Wash up with insecticide cleaning liquid.,helene,community_discussion,
lo87s0u,t3_1flwqk2,t1_lo74uet,florida,Minimum_Rice555,1726935691,2024-09-21 16:21,1,"You shouldn't do that, it spreads the eggs that way.",helene,community_discussion,
lo87wt9,t3_1flwqk2,t1_lo6qiry,florida,phulton,1726935734,2024-09-21 16:22,2,Yep once I got a cat I stopped seeing them. I’d find a leg or two but otherwise never really had much of a problem after that.,helene,community_discussion,
lo88dr7,t3_1flwqk2,t3_1flwqk2,florida,SeaCryptographer2653,1726935890,2024-09-21 16:24,1,You don’t. 😆😫,helene,community_discussion,
lo88dwb,t3_1flwqk2,t1_lo6gjec,florida,EarthInternational9,1726935891,2024-09-21 16:24,10,"I agree with this. They are NOT normal roaches. Only thing you can do is check for cracks and seal them: windows, foundation and especially by plumbing. Even cracks in sliding doors. I lived in three different states with palmetto bugs. Mild weather has a price: ugly bugs.",helene,community_discussion,weather
lo88gtd,t3_1flwqk2,t1_lo6c363,florida,Minimum_Rice555,1726935918,2024-09-21 16:25,1,"Maybe was a weevil? They look pretty similar to roaches, they dine on palm tree sap",helene,community_discussion,
lo88j75,t3_1flwqk2,t3_1flwqk2,florida,Bliss-Smith,1726935939,2024-09-21 16:25,1,"Combat roach motels are my go to. If you're really phobic of them like me, shove one or two under the furniture/cabinet toe kicks in every room.",helene,community_discussion,
lo89snu,t3_1flwqk2,t3_1flwqk2,florida,Fishbulb2,1726936354,2024-09-21 16:32,2,AC to dehumidify. Glue traps for roaches. Big black cat.,helene,community_discussion,
lo8abwt,t3_1flwqk2,t1_lo7qwyo,florida,Ironxgal,1726936532,2024-09-21 16:35,5,Explode??? Hmm lol I’d rather them just die. Ha wtf,helene,community_discussion,
lo8acqm,t3_1flwqk2,t1_lo6o2up,florida,Coconut-bird,1726936539,2024-09-21 16:35,2,"This is what finally worked for us. I put it on wax paper and place it in corners, cabinets, under furniture and in closets. The wax paper saves my walls and furniture from the ugly brown stains it causes.",helene,community_discussion,
lo8ajt7,t3_1flwqk2,t3_1flwqk2,florida,cheesedog3,1726936602,2024-09-21 16:36,1,"La Cucaracha is one big ugly MFer. Been living in Florida forever and do I have a lot of stories concerning these things. 
They will get in your house, it’s a fact of life here in South Florida. A clean house will help and also “plugging up” any
holes and crevices where they can find a way in. 

Make sure you have a can of Raid in EVERY room. You don’t want to be looking for it when a cockroach appears.
Spray it around doors and windows too. I usually spray from the outside around sliding glass doors and such. 
Remember they can squeeze through small spaces.

Every time I see one in my house I say how did that fucker get in here! I hate them!",helene,community_discussion,
lo8ax74,t3_1flwqk2,t1_lo6qiry,florida,EcksRidgehead,1726936723,2024-09-21 16:38,4,I'm sorry to hear about your dead cats.,helene,community_discussion,
lo8bgkw,t3_1flwqk2,t1_lo811a1,florida,AuntSigne,1726936900,2024-09-21 16:41,4,"I would find a circle of legs around a sticky spot.  And once, saw a staggering roach explode.",helene,community_discussion,
lo8bmt9,t3_1flwqk2,t1_lo7gk9i,florida,rose_colored_boy,1726936959,2024-09-21 16:42,2,"I finally tried boric acid for the palmetto bugs that kept finding their way into the crevices in my kitchen and closet. I have only seen one live one since then, and that was like the day after I used the tablets behind my fridge and stove and in the back of the closet.",helene,community_discussion,
lo8bn58,t3_1flwqk2,t1_lo8bgkw,florida,pigeon_idk,1726936962,2024-09-21 16:42,1,That's kinda horrifying omg. Glad it worked tho!,helene,community_discussion,
lo8cdzk,t3_1flwqk2,t1_lo6tcgu,florida,Fiasko21,1726937198,2024-09-21 16:46,2,"This.
I've had my newly built home for 2.5 years and never seen one bug inside.

I sprayed the shit out of it before they were even done building.
Inside, sliders, the grass, mulch, everywhere.

Now I spray every 45 days in the hotter months, and 2 months in the colder months.",helene,community_discussion,
lo8cn1o,t3_1flwqk2,t3_1flwqk2,florida,rongz765,1726937280,2024-09-21 16:48,2,"You are wrong state to be, Florida is a natural habitat to a lot of bugs. Personally, I prefer palmettos bugs more than termites though.",helene,community_discussion,
lo8d713,t3_1flwqk2,t1_lo8ax74,florida,DefiantLemming,1726937458,2024-09-21 16:50,0,😆,helene,community_discussion,
lo8ek2i,t3_1flwqk2,t1_lo7gk9i,florida,happylioness,1726937894,2024-09-21 16:58,1,"The boric acid pellets/pills work so well!!! They were coming in through our garage, so we put a few in there. Problem solved. 

And if we ever go away for the weekend, I put them out in the kitchen etc.",helene,community_discussion,
lo8f2fr,t3_1flwqk2,t3_1flwqk2,florida,motherboy,1726938054,2024-09-21 17:00,2,They don't infest houses but they pass through every once and awhile. I'd just say deal with it - catch them in a cup and throw them outside.,helene,community_discussion,
lo8f3be,t3_1flwqk2,t3_1flwqk2,florida,Specialist-Southern,1726938061,2024-09-21 17:01,1,Also keep the P-traps primed. If you have a sink or drain that doesn’t get used often it will allow these guys easier access to your house in addition to a sewer odor. Just pour a good amount of water in periodically.,helene,community_discussion,
lo8g1ix,t3_1flwqk2,t1_lo7dtu3,florida,starbabyonline,1726938374,2024-09-21 17:06,1,"People don't realize that they end up ingesting all that pesticide eventually. Plus, the pesticides kill spiders (who eat the roaches), and kill other animals who feed on insects who've ingested that poison like our beautiful songbirds, our friendly black racers, anoles, geckos, and more. Don't even get me started on outside rat poison placement which ends up killing our owls, hawks, and Bald eagles who fed on that poison.  Treat Florida better, y'all!",helene,community_discussion,
lo8gmp2,t3_1flwqk2,t3_1flwqk2,florida,exoxe,1726938561,2024-09-21 17:09,1,"My theory besides the obvious stuff like gaps under doors is that they get in by being snug up against the door just chilling and when someone opens the door they sneak in. So yeah, just get used to seeing them. 😂",helene,community_discussion,
lo8h6fi,t3_1flwqk2,t3_1flwqk2,florida,bde959,1726938731,2024-09-21 17:12,2,"There is no such thing as Palmetto bugs. They are fucking roaches and no, you can’t do anything about them.   If you’re talking about the big roaches, they usually don’t come in your house but if they do, they die pretty quickly.",helene,community_discussion,
lo8hos6,t3_1flwqk2,t3_1flwqk2,florida,fledflorida,1726938890,2024-09-21 17:14,1,"How to keep them out?  You don’t 
Learn to duck quickly as to avoid them getting stuck in your hair.  Have you seen them fly yet?  Looks like a bird.  Welcome to Florida 
Bienvenidos",helene,community_discussion,
lo8laon,t3_1flwqk2,t1_lo7qwyo,florida,jmac94wp,1726940030,2024-09-21 17:33,10,"Idk about farting, but I do know that boric acid attacks the roaches’ nervous and digestive systems. The best part is, when they die, any other roaches around will eat them, then die as well!",helene,community_discussion,
lo8podp,t3_1flwqk2,t1_lo6vyxn,florida,ScrambyEggs79,1726941424,2024-09-21 17:57,4,This is often overlooked. They like to come through plumbing in the kitchen and bathroom so focus there. Doesn't matter the cleanliness of your house. The ones you don't want to see are the small ones as if there's one of those there are also a lot more.,helene,community_discussion,
lo8qgrs,t3_1flwqk2,t1_lo7idck,florida,HarpersGhost,1726941692,2024-09-21 18:01,2,They like to come up through my dishwasher drain. Fun!,helene,community_discussion,
lo8qnyv,t3_1flwqk2,t1_lo88dwb,florida,adatsstonks,1726941760,2024-09-21 18:02,1,MILD?!,helene,community_discussion,
lo8rlev,t3_1flwqk2,t3_1flwqk2,florida,GoodMango3731,1726942073,2024-09-21 18:07,1,"Boric acid as said several times here. That’s the powder stuff the pest control companies use in the little bottle with the small hose. They puff it behind switch plates and small cracks, under your refrigerator places that are small or hard to get into.",helene,community_discussion,
lo8rr7y,t3_1flwqk2,t3_1flwqk2,florida,ericorbit,1726942125,2024-09-21 18:08,1,"south florida here.  we get them every once i mn a while and Combat roach bait works wonders.  they'll also lure the hiding bugs to come out too.  youll have to clean up the corpses the next morning tho.

https://a.co/d/4ChcfsW",helene,community_discussion,
lo8s4ie,t3_1flwqk2,t1_lo8qnyv,florida,EarthInternational9,1726942247,2024-09-21 18:10,4,\*\*\* I meant mild winters!,helene,community_discussion,
lo8wdib,t3_1flwqk2,t1_lo8qgrs,florida,Commandmanda,1726943666,2024-09-21 18:34,1,Scald 'em. ;),helene,community_discussion,
lo8xg3p,t3_1flwqk2,t1_lo7xdk2,florida,malloryduncan,1726944034,2024-09-21 18:40,1,Thanks!,helene,community_discussion,
lo8yutv,t3_1flwqk2,t3_1flwqk2,florida,MovementMechanic,1726944517,2024-09-21 18:48,1,"Our house had a bang up amateur refurb. No matter how clean we kept the house we kept finding them. Biggest thing that kept them out was spray foaming around random small holes and gaps around cabinets, baseboards, etc. making sure plumbing inside cabinets had appropriate finishing grommets to eliminate transfer from behind walls into house. 

Have seen maybe 1 over the past year that probably got in letting dog out. I also have some small sticky max catch traps on either side of the garage door and along the walls as that’s the most likely entrance point for bugs.",helene,community_discussion,
lo91nhd,t3_1flwqk2,t1_lo88dwb,florida,Ok-Hawk-8034,1726945499,2024-09-21 19:04,1,I heard from an exterminator that they will hide in the door way and run inside if they can! They are in the grass. In the plants etc,helene,community_discussion,
lo922qo,t3_1flwqk2,t3_1flwqk2,florida,CampLiveWithoutYou,1726945647,2024-09-21 19:07,1,"Personally, we rarely see roaches in our home (maybe 1 dead one every few months?) since we've taken multiple preventative measures to keep roaches out. 
I sprinkle diatomaceous earth (aka ""d earth"" - cost about $12 for a 4lb bag) on the interior of my kitchen storage cabinets and inside the garage. I also caulked all my baseboards in the house so there are no gaps where pesky palmetto bugs can get in. I mixed d earth into the caulk, so anytime a bug gets in, as soon as they touch the baseboards, their exoskeleton gets affected, and they die soon after. 
I use Harris Roach Tablets, which have boric acid, and hide those under the sink, next to washer-dryer, next to the bathroom sink, pretty much anywhere there might be an entryway for pesky palmettos. Lastly, my husband and I take out the kitchen trash every night before sleeping and store any compostable items in resealable glass jars so there are no food items out to ""tempt"" any bug visitors. If you have pets or small children, these preventative measures might not be for you, but if you don't have either pets or kids, these would be an almost surefire way to palmetto proof your house.",helene,community_discussion,
lo92d09,t3_1flwqk2,t1_lo7gk9i,florida,CryingTearsOfGold,1726945748,2024-09-21 19:09,1,Yep these are great for roaches.,helene,community_discussion,
lo92gy5,t3_1flwqk2,t3_1flwqk2,florida,r56_mk6,1726945786,2024-09-21 19:09,1,You don’t,helene,community_discussion,
lo94alc,t3_1flwqk2,t3_1flwqk2,florida,torukmakto4,1726946433,2024-09-21 19:20,0,"These are not infestors that actively live in buildings and evolved to co-occur with humans like any of the smaller roaches. If they are in a building, it is because they have a route of entry and are wandering in. They often get lost in buildings and die of dehydration.

Find and plug the entry routes. This is the singular answer to this question if you want to not find them inside. They can squeeze through a tiny clearance and if they have a way in, they will get in.

The best method for catching any that do get in is a good fine bristled broom to shoo, plus a lobby dustpan with a self-closing cover to trap.

Baits, spraying poison all over the place, etc. are not relevant, these are not a symptom of an infestation. You might incidentally kill a few of them with this stuff, but to no end for you except having a dead big ass roach and an insecticide residual in your house.

Also, do not swat at, try to step on, etc. This usually results in property damage and a roach that is not dead after dodging or shrugging off the impact. Freaking or making a ruckus around them in general will liven them up as well and cause them to run like hell and/or fly, getting away. If you want trapping success, stay calm.

No idea about whether claimed repellents are effective at deterring them from entering an area. I wouldn't think so.

Cleanliness is not relevant, they don't really show up because they smell food crumbs inside or so forth. That's more infestor species.",helene,community_discussion,
lo95g1u,t3_1flwqk2,t3_1flwqk2,florida,AccomplishedBrain309,1726946841,2024-09-21 19:27,1,I don't know about getting rid of them but I do remember putting twenty of them in a ziploc bag with 2 cups of water  and letting it marinate  for week . It makes the most putrid smell you have ever experience. It can be usefull if you have a problem neighbor.,helene,community_discussion,
lo95nlk,t3_1flwqk2,t3_1flwqk2,florida,Away-Regular1335,1726946916,2024-09-21 19:28,1,Just keep a flip flop nearby and give em a well timed wack..it's not the end of the world..well it is for them.,helene,community_discussion,
lo96c5t,t3_1flwqk2,t3_1flwqk2,florida,diversalarums,1726947158,2024-09-21 19:32,1,"As someone else mentioned, palmetto bugs aren't the type of roaches that generally infest a house. But one thing that may help is to make sure you have no trees, especially palmettos or palms, touching your house. They're called palmetto bugs (so I've been told) because they actually do live in palmettos, and if you have palmetto/palm fronds brushing your house they will sometimes come in that way. So cutting those back, as well as any shrubs that abut the house, may help. Look at that as well as sealing cracks, doors, and windows.",helene,community_discussion,
lo9acco,t3_1flwqk2,t3_1flwqk2,florida,MammothUniversity724,1726948542,2024-09-21 19:55,1,"Call your bug service,  they'll give the house a perimeter another shot of poison",helene,community_discussion,
lo9gfom,t3_1flwqk2,t3_1flwqk2,florida,StilesmanleyCAP,1726950601,2024-09-21 20:30,1,"Diatomaceous Earth

Put it near your doors",helene,community_discussion,
lo9gs8q,t3_1flwqk2,t3_1flwqk2,florida,[deleted],1726950719,2024-09-21 20:31,1,[removed],helene,community_discussion,
lo9jq1q,t3_1flwqk2,t3_1flwqk2,florida,CameraClassic9188,1726951686,2024-09-21 20:48,1,"I’ve worked in pest control for many years. Insecticides will work to kill the roaches but it won’t stop the root cause…. The reason you’re getting them is because you most likely don’t have very good weather stripping around your doors. If you can see daylight through the cracks, the roaches can fit through it. 
Usually they come in through the garage door.",helene,community_discussion,weather
loa0ebb,t3_1flwqk2,t3_1flwqk2,florida,[deleted],1726957684,2024-09-21 22:28,1,[removed],helene,community_discussion,
loa1c6s,t3_1flwqk2,t3_1flwqk2,florida,icyycme,1726958038,2024-09-21 22:33,1,Found this sucker crawling up on my leg in the shower another day,helene,community_discussion,
loa1wln,t3_1flwqk2,t3_1flwqk2,florida,Revolutionary_Buy943,1726958252,2024-09-21 22:37,1,"Make sure your exterior foliage doesn't touch your house, including any mulch you have on your flower beds outside.  Screens on your exterior doors help, as do good tight thresholds.  They find a way, though, which is why the best defense is to keep your trees away from your windows and roof.",helene,community_discussion,
loa5ygh,t3_1flwqk2,t3_1flwqk2,florida,New_Strawberry_5105,1726959786,2024-09-21 23:03,1,There is a bait called Max-Force. I treated my home 20 years ago the first time and retreated my home as a precaution 10 years ago. Haven’t seen a roach since. You can buy it online. The best 40 bucks I ever spent.,helene,community_discussion,
loae5ko,t3_1flwqk2,t3_1flwqk2,florida,JayRen,1726963032,2024-09-21 23:57,1,"We have had the same pest care service for 15 years now, in Central FL.  The only time we see bugs in the house are sugar ants when it rains heavily for a few days in the summer. And then pest care comes out and takes care of them.   I’m trying to remember their name.  I think it’s Home Defense.   They’ve been great.  And have honored our yearly rate that we agreed to 15 years ago.  They’ve never even hinted at raising our rate.",helene,community_discussion,
loae6aw,t3_1flwqk2,t3_1flwqk2,florida,No_You_7545,1726963040,2024-09-21 23:57,1,"It has little to do with cleanliness. We are humans, we eat, they smell it or sense it or however that works with them - they know we are the keepers of food. In addition to your exterior pest control, you can line the outside perimeter of your house with boric acid each time we have a stretch of dry weather. It's cheap and very effective. It gets on their legs and the6 carry back to wherever they're nesting to kill themselves and any others that have contact with them. Inside the house, you should use either the powder or the tablets in dark, warm, and most areas that your kids and pets cannot access. Garage, under kitchen and bathroom sinks, etc. Then buy a non-toxic spray for when you do find them in the house. We use ones made from mint oil, they literally gum up the bugs breathing holes, causing them to suffocate.  As your baby grows and is more mobile you'll need to reassess the what and where of your placement.",helene,community_discussion,weather
loaenxo,t3_1flwqk2,t3_1flwqk2,florida,spyder7723,1726963237,2024-09-22 00:00,1,Boric acid in the house and poison the shit out of the yard.,helene,community_discussion,
loaf5df,t3_1flwqk2,t1_lo8g1ix,florida,spyder7723,1726963432,2024-09-22 00:03,0,">Plus, the pesticides kill spiders

Good. 

>and kill other animals who feed on insects who've ingested that poison like our beautiful songbirds, our friendly black racers, anoles, geckos, 

Again.  Good.  

I'll start caring about the spiders snakes and lizard when they start paying me rent.  Until then I'm going to enjoy a bug snake and lizard free home.",helene,community_discussion,
loatdsi,t3_1flwqk2,t3_1flwqk2,florida,The_Confirminator,1726969302,2024-09-22 01:41,1,"I've tried a bug bait recently from Walmart that are these little pills of poison. I haven't had issues since I put them down but maybe that's just response bias.

I will say that if you have pets, these aren't a great solution since I could totally see a dog or cat eating these",helene,community_discussion,
loazi97,t3_1flwqk2,t3_1flwqk2,florida,U420281,1726971916,2024-09-22 02:25,1,"They can hide in the dirt of your house plants. Plus, they love the water in the bottom. Keep larger plants outside.",helene,community_discussion,
lob0468,t3_1flwqk2,t3_1flwqk2,florida,collegefurtrader,1726972183,2024-09-22 02:29,1,"boric acid, sticky traps, diatomaceous earth. 

And then when they come in anyway, I step on them.",helene,community_discussion,
lobgqzy,t3_1flwqk2,t1_lo6gjec,florida,karendonner,1726980209,2024-09-22 04:43,2,"As in ""I wonder what evil incarnate looks like """,helene,community_discussion,
lobngk2,t3_1flwqk2,t1_lo7dxir,florida,iriestace,1726984122,2024-09-22 05:48,1,"Most palm trees are not so good for the environment. They suck up a lot of water and don't provide much shade or pull much carbon from the air. They are tropical and pretty to look at, but I would rather have fewer palms so I don't have to deal with palmettos.  Please note: not a horticulturalist, so just my opinion.",helene,community_discussion,
lobo143,t3_1flwqk2,t1_lo6uicu,florida,Sandene,1726984475,2024-09-22 05:54,1,"This is the way. It's also just great to keep mold and mustiness down in your closet and carpet.    
Also, get rid of your carpet if you have carpet",helene,community_discussion,
lobo7tc,t3_1flwqk2,t1_lobngk2,florida,Sandene,1726984592,2024-09-22 05:56,1,They do provide a lot of shelter for bats and food for a lot of animals. I would recommend keeping them because they are more of a pro than con for the environment,helene,community_discussion,
lobogm9,t3_1flwqk2,t1_lobo7tc,florida,iriestace,1726984748,2024-09-22 05:59,1,"Shelter for bats, yes, that is good. Food for rats, no good.",helene,community_discussion,
lobpeic,t3_1flwqk2,t1_lobogm9,florida,Sandene,1726985343,2024-09-22 06:09,1,"Black bears, white-tailed deer, feral hogs, raccoons, opossums, squirrels, gopher tortoises, wild turkeys, bobwhite quail, American robins, northern mockingbirds, yellow-rumped warblers, pileated woodpeckers, Florida box turtles, fish and waterfowl all eat palmetto berries. Yes, I'm sure rats do too, but rats feed snakes and we have quite a few endangered snakes here",helene,community_discussion,
lobr751,t3_1flwqk2,t1_lo8s4ie,florida,tryfingersinbutthole,1726986500,2024-09-22 06:28,1,Lmaoo This was so obvious from everyone who doesn't live down south. Like my Minnesota ass lol,helene,community_discussion,
locf8dt,t3_1flwqk2,t1_lo6kow1,florida,GW_Beach,1727002811,2024-09-22 11:00,2,"I second the diatomaceous earth. sprinkle under cabinets, behind the fridge, and so on. It’s non-toxic (to people and pets) and also does a good job on ants. We’ve had several very large colonies of stinging ants in our yard and I’ve used it on them. after a few days - gone.",helene,community_discussion,
locl4wm,t3_1flwqk2,t1_lobngk2,florida,RudeInvestigatorNo3,1727006152,2024-09-22 11:55,1,"“They suck up a lot of water”

 And people wonder why our overdeveloped areas are experiencing crazy flooding like we haven’t seen just a few short years ago",helene,community_discussion,
lod6s4t,t3_1flwqk2,t3_1flwqk2,florida,StockStatistician373,1727015224,2024-09-22 14:27,1,They just want water.... Usually in your bath or kitchen,helene,community_discussion,
lo67ce7,t3_1flwszp,t3_1flwszp,florida,AutoModerator,1726900281,2024-09-21 06:31,1,"
Your [submission](https://www.reddit.com/r/florida/comments/1flwszp/amigos/) has been removed from r/Florida. 

**All News/Political posts must link to a credible news source.** 

* No text posts.
* No images. 
* No Videos
* No screenshots of tweets/facebook/truth/etc posts. 
* No Political Memes. 
* No Crossposts.

[Please see our posting guidelines for more information.](https://www.reddit.com/r/florida/wiki/index/political_guidelines/)

If you believe this post was filtered in error, please let us know.


*I am a bot, and this action was performed automatically. Please [contact the moderators of this subreddit](/message/compose/?to=/r/florida) if you have any questions or concerns.*",helene,community_discussion,
lo6psb8,t3_1flzaz9,t3_1flzaz9,florida,Hex_Harrow,1726913061,2024-09-21 10:04,0,"This happens across the country and, yes, we know GTA6 is a parody of Florida.",helene,community_discussion,
lo6pug6,t3_1flzaz9,t1_lo6psb8,florida,EmirTanis,1726913103,2024-09-21 10:05,-5,That's irrelevant to what I am asking,helene,community_discussion,
lo6ufu5,t3_1flzaz9,t3_1flzaz9,florida,Jordan78910,1726916166,2024-09-21 10:56,2,"Idk where exactly but just want to say the rockstar devs nailed Florida infrastructure in this pic, sideways traffic lights and zero bike lanes is undeniably Florida",helene,community_discussion,
lo6xhsk,t3_1flzaz9,t3_1flzaz9,florida,Beginning_Emotion995,1726917975,2024-09-21 11:26,1,OBT daywalkers,helene,community_discussion,
lo6yts3,t3_1flzaz9,t1_lo6pug6,florida,Hex_Harrow,1726918710,2024-09-21 11:38,1,Post removed.  Lawl,helene,community_discussion,
lo6qqom,t3_1flzsw7,t3_1flzsw7,florida,AutoModerator,1726913718,2024-09-21 10:15,1,"
Please note that only active users in the subreddit may comment in this discussion. If your comments are not showing up, please ensure you have active non-news/non-political contributions to the subreddit before contacting the moderators.

 [See our posting guidelines for more information.](https://www.reddit.com/r/florida/wiki/index/political_guidelines/)

**Remember the following:**

**Be Civil:**

* You are welcome to debate, discussion, and argue ideas, but don't resort to personal attacks on other users. 
* We do not allow any form of hate speech or any suggestion/support of harm, violence, or death.

**Must be related strictly to Florida:**

* National News/Elections are not specific to Florida. 
* Just because someone lives in Florida, doesn't mean their entire life is relevant to Floridians. 

If you see comments in violation of our rules, please report them.

#[Click this link to register to vote, update your voter information, or check your status.](https://registertovoteflorida.gov/)


*I am a bot, and this action was performed automatically. Please [contact the moderators of this subreddit](/message/compose/?to=/r/florida) if you have any questions or concerns.*",helene,community_discussion,
lo6sobh,t3_1flzsw7,t3_1flzsw7,florida,Tyrell_Hicks_4FLHD68,1726915032,2024-09-21 10:37,156,"“The state has disenrolled hundreds of thousands of children losing Medicaid coverage during the unwinding many of whom likely remain eligible and appears to be the only state that has kicked off thousands of children from (the children’s health insurance program) in contravention to the new federal law which went into effect January 1, 2024.”

We wasted tax payer dollars hurting poor kids? And it wasn't one or two, or even a fucking handful; but hundreds of thousands of our most vulnerable. 

DeSantis and his shitstain legislature don't care about us and it is time to take away their power. Kick out these cowards and elect folks who will reign in our out of control governor and put him in time out where he belongs. 

We have a chance to make our State better this November, I really hope we take it.",helene,community_discussion,power
lo6tsks,t3_1flzsw7,t3_1flzsw7,florida,Beginning_Emotion995,1726915753,2024-09-21 10:49,28,"The aim is anything that shows promise for African Americans…cut it, modify, criminalize it.",helene,community_discussion,
lo6wtq3,t3_1flzsw7,t3_1flzsw7,florida,FlaAirborne,1726917594,2024-09-21 11:19,271,He doesn’t flinch to giving some buddies state park land to build a golf course but God help him if he lifts a finger for the poor.   Real Christian of him.,helene,community_discussion,
lo6wz8d,t3_1flzsw7,t1_lo6sobh,florida,12altoids34,1726917681,2024-09-21 11:21,36,"Well, not hundreds of thousands but thousands. 22,000 roughly. 15,000 of which the government says should not have been disqualified in the first place. But I agree with the sentiment",helene,community_discussion,
lo6x2st,t3_1flzsw7,t3_1flzsw7,florida,AdComfortable2761,1726917736,2024-09-21 11:22,29,"""Pro-life"" ""Christians"": *crickets*",helene,community_discussion,
lo6xs67,t3_1flzsw7,t1_lo6wz8d,florida,Tyrell_Hicks_4FLHD68,1726918138,2024-09-21 11:28,21,"It's a quote straight from the article you posted.

It says the State has kicked hundreds of thousands off in the past year. I am assuming the 15000/22000 is a different timeframe.",helene,community_discussion,
lo6xvhb,t3_1flzsw7,t3_1flzsw7,florida,[deleted],1726918190,2024-09-21 11:29,1,[removed],helene,community_discussion,
lo6ym1l,t3_1flzsw7,t1_lo6sobh,florida,BlaktimusPrime,1726918595,2024-09-21 11:36,11,I don’t see it happening. This is state has a lot of dipshits who simply don’t pay attention and will still blame Obama for everything.,helene,community_discussion,
lo6yxxt,t3_1flzsw7,t1_lo6xs67,florida,dancegoddess1971,1726918772,2024-09-21 11:39,11,Article says that was just while the judge was thinking about how to tell Desatis that he's an evil ahole without profanities.,helene,community_discussion,
lo6zqek,t3_1flzsw7,t1_lo6ym1l,florida,Tyrell_Hicks_4FLHD68,1726919190,2024-09-21 11:46,11,"Well hopefully you're wrong. We out here putting in the work to make it happen, maybe it'll be enough this time.",helene,community_discussion,
lo701hc,t3_1flzsw7,t3_1flzsw7,florida,Argosnautics,1726919352,2024-09-21 11:49,14,This creep is like a real world villain from a Dickens novel.,helene,community_discussion,
lo704dp,t3_1flzsw7,t1_lo6zqek,florida,BlaktimusPrime,1726919392,2024-09-21 11:49,12,"I am praying that I am wrong. I’ve been begging for something new path and vision for Florida since Crooked Rick Scott. 

And shoutout to you and everyone else going door to door, setting up pop ups and getting the word out. Appreciate you,",helene,community_discussion,
lo70g7j,t3_1flzsw7,t3_1flzsw7,florida,NoMayoForReal,1726919557,2024-09-21 11:52,22,Forced birth party taking health care away from kids. Gee it’s almost like they rejected the free school lunch program too.,helene,community_discussion,
lo70u08,t3_1flzsw7,t3_1flzsw7,florida,SMC540,1726919756,2024-09-21 11:55,201,"As a provider (ABA) that serves children and adults under Medicaid, I don’t think people really grasp how heinous these purges are. For people with developmental disabilities, Medicaid pays for a lot of supports that a person needs to live. Beyond medical, it pays for group homes, transportation, work training, personal care supports, in-home care, supported living coaching, most therapies (ABA, Speech, OT, PT, etc.) and so forth. 

For children these services support the families and losing them suddenly can be hugely detrimental. So most providers I know choose to try and continue in hopes that we will be paid retroactively once the issues are resolved (which does happen most of the time). But this can mean covering months of service out of pocket with no guarantee of reimbursement if they are denied fully. 

For adults, these services help them pay their bills, get groceries, go to medical appointments, get out into their communities, get job training, etc. If there is a part of daily life that a person needs to do, Medicaid pays for a support to help with it. Legally speaking, if a person is kicked out of the Medicaid program, those providers have no legal obligation to continue to support that person. Which leads to news articles we’ve seen where people living in their own apartments lose their supports and have nobody checking on them. Thankfully the vast majority of providers I know refuse to do that, and are continuing for free because they can’t abandon their clients. But many are running the risk of going out of business trying to sustain these losses. 

The one thing I do want to share though, is that I don’t want people assuming that everyone that works for the state supports this. The workers interact with every week at the local and regional level are just as upset and frustrated as everyone else. They are trying to help. These directives are coming from the top, and unfortunately they’re stuck trying to clean up the mess. 

I’m glad this is getting more and more media coverage as well. More people are coming forward and being vocal, and putting this in front of people is probably the only way it’s going to get better.",helene,community_discussion,
lo71ce7,t3_1flzsw7,t1_lo6yxxt,florida,Tyrell_Hicks_4FLHD68,1726920016,2024-09-21 12:00,16,"Yea so 22,000 kicked off when likely 15,000 shouldn't have been. That is 100% asshole territory, but that wasn't what the judge said. He said not my job and pointed them to the right place to file. Lucky us (taxpayers), we get to foot the bill when they refile.",helene,community_discussion,
lo71ean,t3_1flzsw7,t1_lo6wtq3,florida,Forever-Retired,1726920042,2024-09-21 12:00,-36,Yet you are still better off than us. We have Kathy Hochul.,helene,community_discussion,
lo71uhn,t3_1flzsw7,t1_lo6xs67,florida,DJ5Hole,1726920270,2024-09-21 12:04,-23,"My friend, you are absolutely wrong. 

The ‘hundreds of thousands’ quote is attributed to Georgetown leftist Joan Alker, not the state. Classic gas lighting/political hyperbole, since the number is between 15-22k.

Sometimes our (political) bias makes us want to believe things that simply are not true.",helene,community_discussion,
lo72fnt,t3_1flzsw7,t3_1flzsw7,florida,Icy-Commission974,1726920566,2024-09-21 12:09,25,Florida fuck sick kids… Minnesota he lets feed hungry kids.  GOP V Democrats.,helene,community_discussion,
lo72tn4,t3_1flzsw7,t1_lo704dp,florida,Tyrell_Hicks_4FLHD68,1726920757,2024-09-21 12:12,11,"Thanks, but make sure you aren't just praying. Make sure your friends and family check their voter registration and know what their candidates actually stand for. Then make them show up on November 5th or use mail in voting. That's the way to a new path.

If we show up and elect people who care about our communities and the people who live in them we can have better. The parties aren't the answer, hell they've been around to cause all the problems. People over party.",helene,community_discussion,
lo73x2h,t3_1flzsw7,t3_1flzsw7,florida,TonyG_from_NYC,1726921269,2024-09-21 12:21,10,"Nothing says ""family values"" like kicking kids off a health insurance plan.",helene,community_discussion,
lo73z3i,t3_1flzsw7,t1_lo71uhn,florida,Tyrell_Hicks_4FLHD68,1726921296,2024-09-21 12:21,27,"That's just not true, you can see the data yourself. Georgetown pulled from the State reporting on Medicaid enrollment.

Click the 'see our enrollment data sources' link and follow the link on the .csv, goes right to the States site.

https://ccf.georgetown.edu/2023/09/27/how-many-children-are-losing-medicaid/",helene,community_discussion,
lo74mnq,t3_1flzsw7,t1_lo6ym1l,florida,meatbeater,1726921598,2024-09-21 12:26,11,"Bro, why did Obama kick all those kids off health ins? All the republicans

/s",helene,community_discussion,
lo74toi,t3_1flzsw7,t1_lo74mnq,florida,BlaktimusPrime,1726921689,2024-09-21 12:28,9,"I couldn’t tell ya exactly why but I’ll tell ya what it’s Obama’s fault. He got us in this mess dammit!

/s",helene,community_discussion,
lo74w1j,t3_1flzsw7,t3_1flzsw7,florida,Gloomy_Yoghurt_2836,1726921719,2024-09-21 12:28,15,De Santis had to cut coverage to poor children. How else can he afford to pay for corporate tax cuts and pay for golf courses in state parks. Republicans really think cutting care is ending woke socialism and it forces people mtf be personally responsible and not depend on handouts taken from others. Conservatives really don't care about anyone without money,helene,community_discussion,
lo76o9x,t3_1flzsw7,t3_1flzsw7,florida,EJK54,1726922521,2024-09-21 12:42,11,It’s just lovely how he spends (wastes) our money on cruelty and ridiculous lawsuits.,helene,community_discussion,
lo76ubv,t3_1flzsw7,t1_lo74toi,florida,meatbeater,1726922594,2024-09-21 12:43,8,"It’s wild, I’m back in Florida for a day since we are catching a cruise out of Miami. Dinner with old friends and a few have been talking about the great job DeSantis has done. I put them on the spot asking what exactly. No answer aside from “the economy”. Not that North Carolina where I moved to 2 years ago is any better",helene,community_discussion,
lo77j2j,t3_1flzsw7,t1_lo71ean,florida,political_og,1726922887,2024-09-21 12:48,30,If you think she’s worse than rhonda uhhhh you might be slightly fascistic,helene,community_discussion,
lo79s1t,t3_1flzsw7,t3_1flzsw7,florida,video-engineer,1726923807,2024-09-21 13:03,4,“Those kids all wanted free sex change surgery.” - I’m Rhonda Fascist and I approve this message.,helene,community_discussion,
lo7d7x7,t3_1flzsw7,t1_lo71ean,florida,PaladinHan,1726925177,2024-09-21 13:26,21,I will make that trade in a heartbeat.,helene,community_discussion,
lo7d8tc,t3_1flzsw7,t1_lo71uhn,florida,lovetheoceanfl,1726925186,2024-09-21 13:26,12,I’m kinda at a loss why anyone is debating about the numbers of kids kicked off.  15-22k is still reprehensible.,helene,community_discussion,
lo7dnx5,t3_1flzsw7,t1_lo6wtq3,florida,GonzoPS,1726925349,2024-09-21 13:29,104,He isn’t a Christian.   He is a fascist NAZI hate monger.,helene,community_discussion,
lo7edhe,t3_1flzsw7,t1_lo70u08,florida,Tyrell_Hicks_4FLHD68,1726925622,2024-09-21 13:33,59,"I've seen it a few times, but it doesn't get much traction. The amount of unnecessary pain and suffering this is causing children and their families is unacceptable. We must demand better from our representatives. 

At least there are wonderful providers like yourself out there so not everyone is falling to the wayside, but you shouldn't need to; and their care should be tethered to how charitable a person's provider can be.",helene,community_discussion,
lo7em7o,t3_1flzsw7,t1_lo7dnx5,florida,ChefLocal3940,1726925715,2024-09-21 13:35,56,So a Christian,helene,community_discussion,
lo7f7rq,t3_1flzsw7,t1_lo76o9x,florida,Tyrell_Hicks_4FLHD68,1726925952,2024-09-21 13:39,6,"Well good news is the judge didn't say they can't kick poor kids off Medicaid, just that they haven't taken the right steps yet so they need to try again. 

Which means more of our tax dollars go to fighting against helping kids, instead of just using the money to help the kids (yay us!).  

/s",helene,community_discussion,
lo7fpzk,t3_1flzsw7,t1_lo6xs67,florida,12altoids34,1726926147,2024-09-21 13:42,9,Ah well... thank you for the correction.,helene,community_discussion,
lo7g2rv,t3_1flzsw7,t3_1flzsw7,florida,NeedzFoodBadly,1726926279,2024-09-21 13:44,1,">Florida was protesting new federal guidelines that stated that families could not be removed from the Florida KidCare program for failing to pay premiums. While awaiting a ruling, the state removed 22,000 children from state administered health insurance programs, including 15,000 whom the federal government maintains should not have been dropped.",helene,community_discussion,
lo7gkj5,t3_1flzsw7,t1_lo72fnt,florida,12altoids34,1726926466,2024-09-21 13:47,8,The same could be said for personal hygiene products poor kids in schools. Minnesota went all in on it and Florida went against it.,helene,community_discussion,
lo7gqta,t3_1flzsw7,t1_lo7fpzk,florida,Tyrell_Hicks_4FLHD68,1726926531,2024-09-21 13:48,8,"No worries, wouldn't want you thinking desantis and the rest were turds for only kicking off 22,000 poor kids, when in fact they are giant pieces of shit who did it to ten times that.",helene,community_discussion,
lo7hbq9,t3_1flzsw7,t1_lo6sobh,florida,owlthebeer97,1726926749,2024-09-21 13:52,29,"Not to mention, with a 6 wk abortion ban that means more catastrophically disabled kids are going to be born into a state that has been sued by the feds because they warehouse disabled kids in nursing homes instead of providing in home care. It's disgusting how they force birth then gleefully deny benefits once the baby is here.",helene,community_discussion,
lo7ip0d,t3_1flzsw7,t3_1flzsw7,florida,usernamechecksout67,1726927241,2024-09-21 14:00,1,Day by day I’m losing more sympathy for Floridians who do not vote or vote for these idiots against their own interests.,helene,community_discussion,
lo7j97z,t3_1flzsw7,t3_1flzsw7,florida,Status_Iron_3706,1726927442,2024-09-21 14:04,1,Bye Ronda and skeletor,helene,community_discussion,
lo7ja6d,t3_1flzsw7,t1_lo7hbq9,florida,Tyrell_Hicks_4FLHD68,1726927452,2024-09-21 14:04,17,"Yea, desantis and anyone who supports this are horrible people and only deserve bad things in life. While we can't get rid of the governor for two more years, we can elect enough people to ensure his power is weakened to the point he can no longer hurt our communities and our people.",helene,community_discussion,power
lo7lb2e,t3_1flzsw7,t1_lo6ym1l,florida,Calvech,1726928166,2024-09-21 14:16,4,"This is the first time I’ve heard of any of this story. This is absolutely despicable morally. But from a political perspective, I really can’t imagine a worse policy stance than blocking thousands of children from getting medical care. Like what are we even doing at this point. Makes me sick",helene,community_discussion,
lo7n3jn,t3_1flzsw7,t3_1flzsw7,florida,PoisonIdea77,1726928787,2024-09-21 14:26,4,Stop voting for Republicans. Tell your parents to stop as it is actively hurting your life and the lives of all floridians that aren't uber wealthy,helene,community_discussion,
lo7o53f,t3_1flzsw7,t3_1flzsw7,florida,Switchgamer1970,1726929136,2024-09-21 14:32,1,Vote Blue.,helene,community_discussion,
lo7o7bh,t3_1flzsw7,t1_lo70u08,florida,lizerlfunk,1726929159,2024-09-21 14:32,34,"My late husband was an attorney for a nonprofit that routinely sued the state of Florida for their nonsense with Medicaid waivers. It’s sad, but completely unsurprising, that things are exactly the same as they were ten years ago.",helene,community_discussion,
lo7oyee,t3_1flzsw7,t1_lo7hbq9,florida,daneilthemule,1726929416,2024-09-21 14:36,12,It’s funny. They are “pro-life” up until actual life then they turn to burden mindset.,helene,community_discussion,
lo7oyqp,t3_1flzsw7,t1_lo7edhe,florida,DankDankmark,1726929419,2024-09-21 14:36,47,Republicans only care about kids while they are still a fetus… once they are born they are on their own… They need to pull themselves by their bootstraps!,helene,community_discussion,
lo7qo58,t3_1flzsw7,t1_lo7oyqp,florida,Tyrell_Hicks_4FLHD68,1726929996,2024-09-21 14:46,22,"They say they care about kids, but like you said their actions and words aren't aligning.",helene,community_discussion,
lo7twca,t3_1flzsw7,t1_lo7f7rq,florida,EJK54,1726931081,2024-09-21 15:04,2,Yup.,helene,community_discussion,
lo7vcle,t3_1flzsw7,t1_lo71ean,florida,honeybakedman,1726931568,2024-09-21 15:12,9,meatball is the worst governor in the country.,helene,community_discussion,
lo7vnm9,t3_1flzsw7,t1_lo7vcle,florida,KinseyH,1726931671,2024-09-21 15:14,2,I live in Texas.,helene,community_discussion,
lo7xvpq,t3_1flzsw7,t1_lo7em7o,florida,GonzoPS,1726932406,2024-09-21 15:26,13,I stand corrected.  And you win the internet today!!😂,helene,community_discussion,
lo81t1d,t3_1flzsw7,t3_1flzsw7,florida,Popular-Drummer-7989,1726933709,2024-09-21 15:48,2,All the winning,helene,community_discussion,
lo84m8p,t3_1flzsw7,t3_1flzsw7,florida,Organic-Strain-7981,1726934640,2024-09-21 16:04,1,"But Florida Republicans are all about the kids and being prolife shit, they wouldn't booted kids off health insurance....right...right?",helene,community_discussion,
lo84yu6,t3_1flzsw7,t1_lo70u08,florida,Mountain_Fig_9253,1726934758,2024-09-21 16:05,28,"The people that vote for MAGA understand how horrible these policies are. 

Supporters of fascism have historically made it a goal to get rid of disabled people. Once they successfully “other” them it’s a quick journey down the road to “we can’t afford to care for them”. 

We need to stop pretending people vote for MAGA out of ignorance. We have seen 8 years of MAGA policies in action. They are embracing the pain inflected on fellow Americans.",helene,community_discussion,
lo854ji,t3_1flzsw7,t1_lo77j2j,florida,Mountain_Fig_9253,1726934811,2024-09-21 16:06,5,“Fascist curious”,helene,community_discussion,
lo8566v,t3_1flzsw7,t1_lo7vnm9,florida,Mountain_Fig_9253,1726934826,2024-09-21 16:07,5,That tree had one job!,helene,community_discussion,
lo85prh,t3_1flzsw7,t1_lo74w1j,florida,12altoids34,1726935006,2024-09-21 16:10,3,"Republicans : ""let's preserve and protect our rare and one of a kind natural ecosystem by building a golf course on top of it""",helene,community_discussion,
lo8681t,t3_1flzsw7,t1_lo7ip0d,florida,12altoids34,1726935175,2024-09-21 16:12,1,"You still have some sympathy left? Then my friend, you are a bit above the Curve.",helene,community_discussion,
lo86i7r,t3_1flzsw7,t1_lo7n3jn,florida,12altoids34,1726935269,2024-09-21 16:14,5,Believe me. As politely as I can I am trying to convince anyone I know that votes Republican to vote Democrat or at least not vote republican..,helene,community_discussion,
lo877tm,t3_1flzsw7,t1_lo71ce7,florida,dancegoddess1971,1726935507,2024-09-21 16:18,4,That's just garbage. Politicians that want to fight the feds should pay for it themselves. Make them borrow that money from a PAC that wants us all to die or use their campaign funds or something.,helene,community_discussion,
lo87omr,t3_1flzsw7,t1_lo84m8p,florida,12altoids34,1726935660,2024-09-21 16:21,1,Republicans : defending children's God given right to be undereducated and underinsured Every single day. Never forget that Ron DeSatan is working hard everyday spending your tax dollars to guarantee that your children neither get an education nor get health care. Because he cares about them so much.,helene,community_discussion,
lo883rz,t3_1flzsw7,t1_lo7ip0d,florida,CaptainOwlBeard,1726935798,2024-09-21 16:23,1,"The people voting red don't have small children that need subsidized insurance. They are retirees that had careers in northern states, likely bluec states, that relocate to Florida to retire. Why would they want to pay for our kids? It isn't like they have any compassion or empathy.",helene,community_discussion,
lo8882m,t3_1flzsw7,t1_lo877tm,florida,Tyrell_Hicks_4FLHD68,1726935837,2024-09-21 16:23,3,"That'd be great, but our only remedy is to vote this November and get them out of office. Get enough of us elected that truly care and we can start investing in our people and their futures.",helene,community_discussion,
lo89mt5,t3_1flzsw7,t3_1flzsw7,florida,Naive_Wolf3740,1726936301,2024-09-21 16:31,2,Denying kids medical treatment and handing state land to developers…is beating the plucky teens in the local <insert competition> for ownership of the rec center next?,helene,community_discussion,
lo89uv2,t3_1flzsw7,t1_lo8882m,florida,dancegoddess1971,1726936374,2024-09-21 16:32,2,"We can't get rid of Desatis until 2026. But this year we CAN and SHOULD trade old creepy Mcfraudster for someone who has the interests of Floridians and Americans as priorities. And if you're in district 1, please consider voting for Gay Valimont for congress. At least she hasn't been caught being a pervert. I'm so sick of being represented by perverts and thieves.",helene,community_discussion,
lo8bexo,t3_1flzsw7,t1_lo74mnq,florida,DJ5Hole,1726936886,2024-09-21 16:41,1,If you like your doctor you can keep them! - Obama,helene,community_discussion,
lo8boyq,t3_1flzsw7,t1_lo8566v,florida,KinseyH,1726936978,2024-09-21 16:42,6,@mothersagainstgregabbott,helene,community_discussion,
lo8hs2q,t3_1flzsw7,t3_1flzsw7,florida,RepulsiveRooster1153,1726938918,2024-09-21 17:15,1,"duh-santis only cares about wealthy publicans, the hell with everyone else. it's apparent in the way he tries to get the less well off to leave the state. outlaw homelessness without provides any funds to cover it? total publican maddness",helene,community_discussion,
lo8jnoe,t3_1flzsw7,t1_lo7lb2e,florida,BlaktimusPrime,1726939509,2024-09-21 17:25,1,It’s gonna get worse when the being homeless is illegal Act goes into effect.,helene,community_discussion,
lo8ky2f,t3_1flzsw7,t3_1flzsw7,florida,thejohnmc963,1726939917,2024-09-21 17:31,1,Deathsantis not caring about children? It’s the devils lettuce causing it.,helene,community_discussion,
lo8mh5b,t3_1flzsw7,t1_lo73z3i,florida,DJ5Hole,1726940404,2024-09-21 17:40,-8,"Dude, you MADE MY POINT! Congrats!

The data you are citing is from Georgetown, not from the state! (100’s of thousands)

IF you actually look at the state data on CMS, “Centers for Medicare and Medicaid Services (CMS)”.  
- CMS registered 1/23 - 97,563	
- CMS registered 1/24 -92,295

So not only are YOU wrong, the article is wrong! That’s a little over 5k, not ‘hundreds of thousands’, not 15 or 22k, but 5,268.

Keep chanting into the echo chamber. Dude.
🤡🤡🤡🤡
  
Keep down voting the truth, facts matter. Liberal clowns.

If you weren’t sure - YOU are the problem!",helene,community_discussion,
lo8o2dd,t3_1flzsw7,t1_lo7d8tc,florida,DJ5Hole,1726940905,2024-09-21 17:48,-1,"If you actually look at the FL data it’s 5,268 from 1/23 to 1/24.
- About 5-6% and did Georgetown look at or investigate why premiums weren’t paid? Did mom or dad get a new job that has health insurance?

Of course not, because it’s easier to make wild accusations that piss people off, fits the MSM political narrative and creates hate.

“Hundreds of thousands “ - actual 5,268 -  definitely gaslighting!!! Come on man… it’s ridiculous.",helene,community_discussion,
lo91jhn,t3_1flzsw7,t1_lo8o2dd,florida,lovetheoceanfl,1726945459,2024-09-21 19:04,2,"One, where’d you pull that data from?

Two, I still can’t believe you are arguing this.  One child, 5k children, 20k children, hundreds of thousands of children, it makes no difference. It was a shitty move by DeSantis.",helene,community_discussion,
lo923at,t3_1flzsw7,t3_1flzsw7,florida,CharliAP,1726945653,2024-09-21 19:07,1,Vote out DeSantis' legislators in November. All State Representatives are up for reelection this year. Vote Blue up and down the ballot and purge some of the evil from Florida.,helene,community_discussion,
lo92mhu,t3_1flzsw7,t3_1flzsw7,florida,Mental_Camel_4954,1726945842,2024-09-21 19:10,1,Florida has a surplus of money. A lack of premiums does nothing for a balanced budget for the state per the Constitution.,helene,community_discussion,
lo92ygi,t3_1flzsw7,t1_lo8mh5b,florida,Mental_Camel_4954,1726945960,2024-09-21 19:12,2,It shouldn't even be 1.,helene,community_discussion,
lo9314i,t3_1flzsw7,t1_lo91jhn,florida,DJ5Hole,1726945987,2024-09-21 19:13,-1,"So what are you doing about the 300,000 children the Biden/Harris admin has lost at the border?
- oh that doesn’t fit the narrative, so who is the hypocrite? 🙄
- child human trafficking promoted the Harris/Biden admin",helene,community_discussion,
lo98sbq,t3_1flzsw7,t3_1flzsw7,florida,squidinink,1726948007,2024-09-21 19:46,1,"If you’re upset about this but vote for Republicans bc of some bullshit excuse like “I don’t want socialism” in the US, then YOU ARE responsible for this. You need to shut up and go vote for Democrats!",helene,community_discussion,
lo98yq2,t3_1flzsw7,t1_lo8mh5b,florida,Tyrell_Hicks_4FLHD68,1726948068,2024-09-21 19:47,2,"You're absolutely right, my point was you're wrong.

I led you by the hand to the Florida Agency for Health Care Administration (the State agency that manages Medicare and reports the numbers) website to the data Georgetown (a well respected educational institution) used in an analytical product, that even has an AGEGROUP tab with the States totals going back to 2014.

ACHA reported numbers July 2023: 2,408,024
                                              July 2024: 2,046,911


What echo chamber are you on about? You tried to make a point you were wrong, accept it, grow and move on. If facts mattered to you this reply wouldn't exist. 



For anyone else seeing this make sure you vote, this person will.....",helene,community_discussion,
lo9ieao,t3_1flzsw7,t1_lo883rz,florida,usernamechecksout67,1726951249,2024-09-21 20:40,1,"I doubt Rhonda has much to offer to those people either, as we see the insurance market is fucked and him just standing there and watches without lifting a finger.",helene,community_discussion,
lo9pwh0,t3_1flzsw7,t1_lo98yq2,florida,DJ5Hole,1726953811,2024-09-21 21:23,-4,"Dude, you’re reading the WRONG line! Thats the total number on Medicare, the article is about kids in the CMS program. FFS! Are you this dumb or intentionally misrepresenting facts? So gross that even one person will vote for you! 
- no critical thinking
- mixing data
- trying to confuse voters

Leave it to Dem. politician to make a clown of themselves. Honk! Honk! 🤡🤡🤡",helene,community_discussion,
lo9trcr,t3_1flzsw7,t3_1flzsw7,florida,ButtBread98,1726955206,2024-09-21 21:46,1,DeSantis is a Nazi and a ghoul,helene,community_discussion,
lo9ujd3,t3_1flzsw7,t1_lo9ieao,florida,CaptainOwlBeard,1726955492,2024-09-21 21:51,1,"To be fair, I'm not sure there is a long term solution to the insurance market. It's either a massive, unsustainable, subsidy, or most people just won't be able to carry insurance and banks will stop lending to anyone that doesn't carry, resulting in a massive revaluation of the market.",helene,community_discussion,
lo9xaqm,t3_1flzsw7,t1_lo9pwh0,florida,Tyrell_Hicks_4FLHD68,1726956522,2024-09-21 22:08,3,"First you're wrong, the article is on CHIP which is the title of the all encompassing program that covers children's health insurance. 

Second, my initial comment was regarding kids kicked off Medicaid, again I showed you the numbers. 

Third, I'm No Party Affiliated. 

Who's the clown?",helene,community_discussion,
loa0ror,t3_1flzsw7,t1_lo6x2st,florida,desertdude69,1726957826,2024-09-21 22:30,2,"Once a kid is born, they are on their own. - R's",helene,community_discussion,
loa9akp,t3_1flzsw7,t3_1flzsw7,florida,Cracked_Actor,1726961095,2024-09-21 23:24,2,F’in Rhonda simply wasting MORE taxpayer dollars defending the ILLEGAL/UNCONSTITUTIONAL actions of his administration and the goddamn legislature!  I can’t wait till the day Florida is rid of ALL these f’in MAGAt Republicans holed up in Tallahassee!,helene,community_discussion,
loaag9a,t3_1flzsw7,t1_lo9xaqm,florida,DJ5Hole,1726961554,2024-09-21 23:32,-5,🤡🤡🤡,helene,community_discussion,
loag5qb,t3_1flzsw7,t3_1flzsw7,florida,nazuswahs,1726963838,2024-09-22 00:10,1,Keep tossing Desantis.   Come on.  You know know better than this asshole.,helene,community_discussion,
loah1g0,t3_1flzsw7,t3_1flzsw7,florida,nazuswahs,1726964200,2024-09-22 00:16,1,I had to come back for a second comment:  they want to cut little kids from healthcare but won’t let women CHOOSE whether or not to bear these children. Either you care or you don’t. You can’t have it both ways!!!,helene,community_discussion,
loahuc9,t3_1flzsw7,t3_1flzsw7,florida,Hercules1579,1726964529,2024-09-22 00:22,1,"Ron DeSantis has this playbook where he pushes laws he knows might get shot down in court, but that’s kind of the point. It’s all about flexing for his base and showing he’s willing to go to bat for conservative values, even if the laws don’t stick. He’s not just aiming to win every legal battle; it’s more about making a statement and stirring up his supporters. 

By passing these controversial laws, he’s pushing the limits, testing how far he can go, and sometimes setting the stage for future fights in the courts. Even when judges strike down his moves, he flips it into a win by calling out the courts as biased or overreaching, which just fires up his base more. 

Plus, it keeps him in the headlines, painting him as a warrior against what he frames as a hostile system. It’s all strategic—more about creating a narrative, keeping his name hot, and showing he’s willing to throw punches, win or lose.",helene,community_discussion,
loaptv0,t3_1flzsw7,t1_lo8hs2q,florida,12altoids34,1726967812,2024-09-22 01:16,1,"Well, to be fair it started before him. Rick the dick was in office when the Affordable Care went into effect in the State of Florida decided not to extend the subsidies to anyone who made less than 12,000 a year. But Ron Desatan is desperately fighting to retain his title as Florida's most inhumane governor.DeSatan will not be "" out stupided"" by anyone.",helene,community_discussion,
loarnw9,t3_1flzsw7,t1_lo6wtq3,florida,screenmonkey,1726968571,2024-09-22 01:29,5,"Cruelty is the point for Republicans. 

We had a commissioner here in Hillsborough who literally said ""Thou Shalt Not Steal"" in response to an Affordable Housing advocate quoting Proverbs about caring for the needy. He's since been behind absolutely destroying our Affordable Housing program.",helene,community_discussion,
loas3co,t3_1flzsw7,t1_loag5qb,florida,12altoids34,1726968752,2024-09-22 01:32,1,"I'm not sure what you mean, whether you're being critical or not. But as im human and prone to imperfections im not gonna worry if its intended as an insult. If it was intended as an insult I can guarantee you have probably had meaner things said about me that were true as well.

In case i was unclear i absolutely despise DeSatan and his...""practices"".

Have yourself a great day.",helene,community_discussion,
loas8ln,t3_1flzsw7,t1_loah1g0,florida,12altoids34,1726968814,2024-09-22 01:33,1,"I would say that they absolutely do care. But not about doing what's best for anyone, they care about being in control of what others do.",helene,community_discussion,
loatfp0,t3_1flzsw7,t1_loahuc9,florida,12altoids34,1726969325,2024-09-22 01:42,1,"So basically it sounds like you're saying he is a more intelligent, more dangerous and bolder Donald Trump?

And that is in no way shape or form intended to be a compliment to either Donald Trump or Ron  DeSatan",helene,community_discussion,
loavhnf,t3_1flzsw7,t1_lo7oyqp,florida,HuntersGathers,1726970200,2024-09-22 01:56,16,"https://preview.redd.it/vbvyok72p9qd1.png?width=720&format=pjpg&auto=webp&s=6e90b888f78bce03d09d385ffe6968a1e8f1a7bc

Always has been 🌏👨‍🚀🔫👩‍🚀",helene,community_discussion,
loaxyzs,t3_1flzsw7,t1_loarnw9,florida,FlaAirborne,1726971253,2024-09-22 02:14,2,Ive seen that little pencil neck on tv. GOP scum.,helene,community_discussion,
lobc0tf,t3_1flzsw7,t1_lo9314i,florida,lovetheoceanfl,1726977691,2024-09-22 04:01,2,WTH does that have to do with the subject we are discussing?,helene,community_discussion,
locll5l,t3_1flzsw7,t1_lo98sbq,florida,12altoids34,1727006385,2024-09-22 11:59,1,I'm not Republican nor have I ever voted Republican. I think you might be confusing my explanation of why historically many Cuban immigrants vote Republican as opposed to stating my own viewpoint. I thought it was pretty clear I was not trying to support their decision but explain it to those who were unaware.,helene,community_discussion,
loclxob,t3_1flzsw7,t1_lo9trcr,florida,12altoids34,1727006561,2024-09-22 12:02,1,Interesting. I can't remember the last time when I've seen someone compared to or referred to as a ghoul. I am not in any way shape or form disagreeing with your assessment.,helene,community_discussion,
locw5f7,t3_1flzsw7,t1_locll5l,florida,squidinink,1727011241,2024-09-22 13:20,2,"Oh, I wasn’t saying that was you, specifically. I was addressing everyone, as in “if you (person reading this) is someone who votes . . . “. Didn’t mean you you. 🙂",helene,community_discussion,
loeun5g,t3_1flzsw7,t1_lo71ean,florida,East_Reading_3164,1727033694,2024-09-22 19:34,1,She's a lightweight compared to Desantis.,helene,community_discussion,
loeuv38,t3_1flzsw7,t1_lo8566v,florida,East_Reading_3164,1727033760,2024-09-22 19:36,2,Everything is bigger in Texas except that tree.,helene,community_discussion,
loevcz0,t3_1flzsw7,t1_lo76o9x,florida,East_Reading_3164,1727033907,2024-09-22 19:38,1,"And private planes, and pro-life commercials",helene,community_discussion,
lo6uhmc,t3_1fm0dnh,t3_1fm0dnh,florida,[deleted],1726916197,2024-09-21 10:56,1,[removed],helene,community_discussion,
lo71k9o,t3_1fm1ff4,t3_1fm1ff4,florida,AutoModerator,1726920126,2024-09-21 12:02,1,"
Your [submission](https://www.reddit.com/r/florida/comments/1fm1ff4/politics/) has been removed from r/Florida. 

**All News/Political posts must link to a credible news source.** 

* No text posts.
* No images. 
* No Videos
* No screenshots of tweets/facebook/truth/etc posts. 
* No Political Memes. 
* No Crossposts.

[Please see our posting guidelines for more information.](https://www.reddit.com/r/florida/wiki/index/political_guidelines/)

If you believe this post was filtered in error, please let us know.


*I am a bot, and this action was performed automatically. Please [contact the moderators of this subreddit](/message/compose/?to=/r/florida) if you have any questions or concerns.*",helene,community_discussion,
lo726u3,t3_1fm1ir7,t3_1fm1ir7,florida,AutoModerator,1726920441,2024-09-21 12:07,1,"
Your [submission](https://www.reddit.com/r/florida/comments/1fm1ir7/politics_heavy/) has been removed from r/Florida. 

**All News/Political posts must be correctly flaired either ""News"" or ""Politics"".** 

How to assign or edit flair on mobile:

* The button to assign flair is under the post title.
* To edit flair after you’ve posted, go to your post, hit the menu (three dots ...). Then “change post flair.”

How to assign or edit flair on desktop:

* When making your post, click on “flair” underneath the text box.
* To edit flair after you’ve posted, go to your post, hit the menu (three dots ...), then “Edit flair.” 


*I am a bot, and this action was performed automatically. Please [contact the moderators of this subreddit](/message/compose/?to=/r/florida) if you have any questions or concerns.*",helene,community_discussion,
lo7fp7i,t3_1fm3b8q,t3_1fm3b8q,florida,AutoModerator,1726926139,2024-09-21 13:42,1,"
Your [submission](https://www.reddit.com/r/florida/comments/1fm3b8q/revisited_citrus_county/) has been removed from r/Florida. 

**All News/Political posts must link to a credible news source.** 

* No text posts.
* No images. 
* No Videos
* No screenshots of tweets/facebook/truth/etc posts. 
* No Political Memes. 
* No Crossposts.

[Please see our posting guidelines for more information.](https://www.reddit.com/r/florida/wiki/index/political_guidelines/)

If you believe this post was filtered in error, please let us know.


*I am a bot, and this action was performed automatically. Please [contact the moderators of this subreddit](/message/compose/?to=/r/florida) if you have any questions or concerns.*",helene,community_discussion,
lo7hwrq,t3_1fm3ldm,t3_1fm3ldm,florida,AutoModerator,1726926961,2024-09-21 13:56,1,"
Please note that only active users in the subreddit may comment in this discussion. If your comments are not showing up, please ensure you have active non-news/non-political contributions to the subreddit before contacting the moderators.

 [See our posting guidelines for more information.](https://www.reddit.com/r/florida/wiki/index/political_guidelines/)

**Remember the following:**

**Be Civil:**

* You are welcome to debate, discussion, and argue ideas, but don't resort to personal attacks on other users. 
* We do not allow any form of hate speech or any suggestion/support of harm, violence, or death.

**Must be related strictly to Florida:**

* National News/Elections are not specific to Florida. 
* Just because someone lives in Florida, doesn't mean their entire life is relevant to Floridians. 

If you see comments in violation of our rules, please report them.

#[Click this link to register to vote, update your voter information, or check your status.](https://registertovoteflorida.gov/)


*I am a bot, and this action was performed automatically. Please [contact the moderators of this subreddit](/message/compose/?to=/r/florida) if you have any questions or concerns.*",helene,community_discussion,
lo7j68z,t3_1fm3ldm,t3_1fm3ldm,florida,BackOff2023,1726927414,2024-09-21 14:03,130,It's only as close as it is because of DeSantis' dumpster fire of a term as Governor.,helene,community_discussion,
lo7jttx,t3_1fm3ldm,t3_1fm3ldm,florida,LukewarmLatte,1726927644,2024-09-21 14:07,93,"If everyone gets out and vote we can prove him wrong, let’s wipe that melting wax smirk off his face.",helene,community_discussion,
lo7lgdu,t3_1fm3ldm,t3_1fm3ldm,florida,Cultural_Actuary_994,1726928219,2024-09-21 14:16,63,Desantis is a disgrace and a criminal.  He MUST be investigated NOW,helene,community_discussion,
lo7lucc,t3_1fm3ldm,t3_1fm3ldm,florida,Beginning_Emotion995,1726928354,2024-09-21 14:19,16,"Desantis is Jon Snow 

He knows nothing, he’s so far out the loop it’s funny",helene,community_discussion,
lo7m8l1,t3_1fm3ldm,t3_1fm3ldm,florida,B_Marty_McFly,1726928489,2024-09-21 14:21,1,"He’s wrong on almost everything, but Harris taking Florida is in fact wishful thinking. I’ll believe it when they start spending money in and visiting Florida.",helene,community_discussion,
lo7m9h4,t3_1fm3ldm,t3_1fm3ldm,florida,RiemannSum41,1726928497,2024-09-21 14:21,5,"Roger Stone, Jeb Bush, and George W. Bush come to mind.",helene,community_discussion,
lo7mf5l,t3_1fm3ldm,t3_1fm3ldm,florida,Interesting-Fly-6891,1726928553,2024-09-21 14:22,19,"Yeah. Cuz he is SO in touch with his constituency. Really represents the needs of the populous WHOM HE SERVES. Really makes that effort to listen; you know, town halls, polls, all those things leaders use to really understand the needs of all his people. Really gets the job is about serving the people, as opposed to say, a dictator.",helene,community_discussion,
lo7mgqg,t3_1fm3ldm,t3_1fm3ldm,florida,Switchgamer1970,1726928567,2024-09-21 14:22,16,Vote Blue.,helene,community_discussion,
lo7mjmc,t3_1fm3ldm,t3_1fm3ldm,florida,Portlander,1726928595,2024-09-21 14:23,9,The registered Republicans in the state do have a majority with 5.3 million voters to the 4.3 million voters registered as Democrats. I'm personally hopeful that several Republicans won't vote for trump evening this number out somewhat. If the state stays red then all of the things that made Florida unique will be bulldozed over and developed.,helene,community_discussion,
lo7mxty,t3_1fm3ldm,t1_lo7j68z,florida,mechapoitier,1726928731,2024-09-21 14:25,98,"As soon as the GOP got a supermajority they just completely took off the mask in Florida and just went nakedly corrupt right away. 

Even Republican voters don’t like half of what they do anymore. Only crazy people wanted book bans, and now they’re throughout the state. *Nobody* but developers was asking to sell off nature to be turned into country clubs.",helene,community_discussion,
lo7nevl,t3_1fm3ldm,t3_1fm3ldm,florida,Rinzy2000,1726928894,2024-09-21 14:28,17,"I’ve really enjoyed seeing Desantis fall from grace.  While I’m not expecting it, I would die from schadenfreude if Harris turned Florida blue.",helene,community_discussion,
lo7ng5t,t3_1fm3ldm,t1_lo7mjmc,florida,rogless,1726928906,2024-09-21 14:28,8,"Recent MAGA migrants account for a lot of that registration gap. NPAs are the big wildcard, obviously. And, hopefully some registered Republicans break with MAGA for the good of the country.",helene,community_discussion,
lo7nm3t,t3_1fm3ldm,t3_1fm3ldm,florida,Polyman71,1726928960,2024-09-21 14:29,0,Just his base believes that.  But that is enough.,helene,community_discussion,
lo7nmhn,t3_1fm3ldm,t3_1fm3ldm,florida,davidcopafeel33328,1726928964,2024-09-21 14:29,9,"There are so many reasons to get out and vote in Florida this time... vote for Amendments 3 and 4, Rick Scott being up for reelection... dump his ass, all the congressional seats are up for reelection with every district running a democratic candidate. Our future freedoms at stake from Project 2025. Get out and VOTE BLUE!",helene,community_discussion,
lo7nsve,t3_1fm3ldm,t3_1fm3ldm,florida,shouldabeenalawyer57,1726929022,2024-09-21 14:30,18,"As a Floridian, at least for now, I can tell you that all our boomer friends and us are voting blue across the board, and hoping we’ll see the last of DeStalin after 2026. Could you imagine all the good that could be done with our tax dollars that he’s pissed away on the cruel and unlawful restrictions he’s tried to ram through?",helene,community_discussion,
lo7oc2d,t3_1fm3ldm,t3_1fm3ldm,florida,BeowulfsGhost,1726929202,2024-09-21 14:33,1,Trump seems to have a much greater affinity with leftist communist fascists. He’s the one who likes to fawn all over them and refuses to say anything to contradict their wishes.,helene,community_discussion,
lo7of2b,t3_1fm3ldm,t3_1fm3ldm,florida,Nilabisan,1726929231,2024-09-21 14:33,-1,I thought he was neutered.,helene,community_discussion,
lo7ol51,t3_1fm3ldm,t3_1fm3ldm,florida,feuwbar,1726929290,2024-09-21 14:34,289,Biden pulled 41% in 2020 in very red Brevard County where I live. I bet Harris will improve on that.,helene,community_discussion,
lo7ov4n,t3_1fm3ldm,t1_lo7jttx,florida,antoniamabee,1726929384,2024-09-21 14:36,20,Yes!!! Let’s go!!!,helene,community_discussion,
lo7p4i9,t3_1fm3ldm,t3_1fm3ldm,florida,RemarkableDog4512,1726929473,2024-09-21 14:37,15,Nobody cares what he has to say and we are the only ones who are stuck living with his bullshit.,helene,community_discussion,
lo7p55y,t3_1fm3ldm,t3_1fm3ldm,florida,616abc517,1726929479,2024-09-21 14:37,21,"Embarrass him, vote Harris in a blowout. Associating with Trump is political suicide.",helene,community_discussion,
lo7pl85,t3_1fm3ldm,t3_1fm3ldm,florida,ExactDevelopment4892,1726929628,2024-09-21 14:40,18,He’s setting up the narrative that something must be “wrong” if Kamala wins.,helene,community_discussion,
lo7q70v,t3_1fm3ldm,t1_lo7lgdu,florida,daneilthemule,1726929833,2024-09-21 14:43,20,Sadly he will just end up like Voldemort. Oh I mean Rick Scott.,helene,community_discussion,
lo7q9k6,t3_1fm3ldm,t3_1fm3ldm,florida,badpopeye,1726929857,2024-09-21 14:44,0,"Sg
He has prettier high heels than him  lol",helene,community_discussion,
lo7qbgi,t3_1fm3ldm,t1_lo7ng5t,florida,myobstacle,1726929875,2024-09-21 14:44,8,Yep. A lot of the Maga nutters from NY and NJ have migrated to Florida in recent years,helene,community_discussion,
lo7qyug,t3_1fm3ldm,t3_1fm3ldm,florida,TopoftheBog32,1726930098,2024-09-21 14:48,7,DESPITE THE MAGA GERRYMANDERING THE DISTRICT LINES WE LL BEAT THEM ANYWAY 🌊🌊🌊VOTE BLUE 🇺🇸,helene,community_discussion,
lo7r2n4,t3_1fm3ldm,t3_1fm3ldm,florida,TKOL2,1726930132,2024-09-21 14:48,13,"Does anyone remember DeSantis presidential campaign? 🤣

![gif](giphy|52IbNAxOtuIXS2ria2|downsized)",helene,community_discussion,
lo7r45y,t3_1fm3ldm,t1_lo7jttx,florida,MouseRat_AD,1726930146,2024-09-21 14:49,12,Make him strut off angrily in his big boy boots,helene,community_discussion,
lo7ro88,t3_1fm3ldm,t3_1fm3ldm,florida,vxicepickxv,1726930334,2024-09-21 14:52,81,"The deadline to register is October 7th.

https://dos.fl.gov/elections/for-voters/election-dates/",helene,community_discussion,
lo7rpby,t3_1fm3ldm,t1_lo7ol51,florida,GW_Beach,1726930343,2024-09-21 14:52,206,"I’m in Brevard and you better believe I’m voting Harris. Plus, I’m seeing a lot fewer Trump flags and a surprising number of Harris/Walz signs. There may actually be hope.",helene,community_discussion,
lo7rqz3,t3_1fm3ldm,t1_lo7jttx,florida,GW_Beach,1726930359,2024-09-21 14:52,5,100%!,helene,community_discussion,
lo7rtxz,t3_1fm3ldm,t3_1fm3ldm,florida,Cor2600,1726930388,2024-09-21 14:53,8,https://registration.elections.myflorida.com/en/CheckVoterStatus/Index,helene,community_discussion,
lo7rvvc,t3_1fm3ldm,t3_1fm3ldm,florida,Sydnick101,1726930405,2024-09-21 14:53,7,I don’t really think Florida will turn blue but it would be the best surprise ever!! Hope to at least pass a couple proposals that DeSantis is very opposed to. 💙💙💙,helene,community_discussion,
lo7s3ex,t3_1fm3ldm,t1_lo7ol51,florida,brutal_newz,1726930474,2024-09-21 14:54,30,"Driving around last few weeks, I've been really shocked the amount of Harris signs out.  Now granted theres still about 2/3 more turn out on the primaries for R vs D but that doesn't give context to the unregistered voters in Brevard.  I think it's going to be closer then 2020 for sure.",helene,community_discussion,
lo7sknm,t3_1fm3ldm,t1_lo7ol51,florida,No-Expert8956,1726930634,2024-09-21 14:57,15,Cocoa here! I sure hope so.,helene,community_discussion,
lo7smxs,t3_1fm3ldm,t1_lo7mxty,florida,jenjenjen731,1726930657,2024-09-21 14:57,43,"Plus abortion is on the ballot in Florida, so all those Republican women who claim to want abortion to be legal (while actively voting for the people responsible for taking it away) can finally put their wimpy morals where their mouths are.",helene,community_discussion,
lo7srsl,t3_1fm3ldm,t1_lo7q70v,florida,jenjenjen731,1726930704,2024-09-21 14:58,20,"Running for Senate in 8 years, I'm sure. Let's send Rick Scott packing too! I'd vote for a melting candlestick over Rick Scott",helene,community_discussion,
lo7suh9,t3_1fm3ldm,t1_lo7q9k6,florida,tmodo,1726930728,2024-09-21 14:58,0,White boots with lifts lol,helene,community_discussion,
lo7sxqd,t3_1fm3ldm,t3_1fm3ldm,florida,Artistic-Post-4204,1726930760,2024-09-21 14:59,0,"Says the "" Gay, Not gay, Gay "" Governor.....",helene,community_discussion,
lo7t4b3,t3_1fm3ldm,t3_1fm3ldm,florida,1hill2climb2,1726930820,2024-09-21 15:00,0,Was Ronnie wearing his cute white rubber boots?,helene,community_discussion,
lo7tt2w,t3_1fm3ldm,t1_lo7ol51,florida,Complete_Bear_368,1726931050,2024-09-21 15:04,7,"There were 90,000 more dems registered than repubs in 2020. There are now a million more repubs than dems registered. It's a numbers game",helene,community_discussion,
lo7twad,t3_1fm3ldm,t3_1fm3ldm,florida,underengineered,1726931080,2024-09-21 15:04,1,"Trump is ahead +4.2% in FL, larger than the margin of error. (538 poll)
DeSantis carried FL over a former GOP governor by like 20 points in 2022.
FL really isn't in play unless there is some kind of faux pas or October surprise.",helene,community_discussion,
lo7txo3,t3_1fm3ldm,t3_1fm3ldm,florida,BadAtExisting,1726931093,2024-09-21 15:04,4,Maybe perhaps he knows how Florida will disenfranchise its own voters and send fake Republican electors if necessary,helene,community_discussion,
lo7urv4,t3_1fm3ldm,t3_1fm3ldm,florida,Any-Ad-446,1726931374,2024-09-21 15:09,1,"Mr shoe lifts wants to sell a prime parcel state park  green land to a developer for a golf course.

[https://www.nbcnews.com/politics/politics-news/ron-desantis-hot-water-plan-involving-tiger-woods-jack-nicklaus-put-go-rcna168991](https://www.nbcnews.com/politics/politics-news/ron-desantis-hot-water-plan-involving-tiger-woods-jack-nicklaus-put-go-rcna168991)",helene,community_discussion,
lo7usfu,t3_1fm3ldm,t1_lo7srsl,florida,Peakomegaflare,1726931380,2024-09-21 15:09,7,Lets flip all of Florida to a bastion of Blue and ignite the DNC here to actually be proactive!,helene,community_discussion,
lo7uzui,t3_1fm3ldm,t3_1fm3ldm,florida,bonzoboy2000,1726931449,2024-09-21 15:10,0,Well if he can keep her off the ballot…maybe?,helene,community_discussion,
lo7vcep,t3_1fm3ldm,t3_1fm3ldm,florida,BravoFoxtrotDelta,1726931566,2024-09-21 15:12,0,"Can’t ever really understand what’s going to happen. Have to wait for the results.

Keep encouraging people to vote. If not for President, then at least for/against the many, very important amendments on the ballot.",helene,community_discussion,
lo7vinv,t3_1fm3ldm,t1_lo7smxs,florida,Hntrbdnshog,1726931625,2024-09-21 15:13,18,Not to say they won’t but it’s questionable to expect people with wimpy morality to do anything requiring strength of character and standing up for what you believe in. Florida republicans unfortunately rarely believe in anything and the things they do believe are almost always horrifying to people who aren’t weirdos.,helene,community_discussion,
lo7vnqn,t3_1fm3ldm,t1_lo7tt2w,florida,Ben_Thar,1726931672,2024-09-21 15:14,5,"There's still 3.5 million independents at play. But, yeah...probably wishful thinking.",helene,community_discussion,
lo7vnql,t3_1fm3ldm,t1_lo7tt2w,florida,empoweredmyself,1726931672,2024-09-21 15:14,14,"I'd like to consider in Florida that some ""became"" Republicans to make sure one's vote (or ability to vote) wasn't messed with by Desantis, which will obviously not change who one votes for in November.",helene,community_discussion,
lo7vrsb,t3_1fm3ldm,t1_lo7tt2w,florida,_Sympathy_3000-21_,1726931709,2024-09-21 15:15,39,"But a third of the state’s registered voters are independent/NPA, including myself. I’m definitely voting for Harris/Walz. I am so ready to turn the page on Donald Trump and his nonsense. I’m also smart enough to know that presidents really get too much credit when the economy is good and too much blame when the economy is bad. We are outperforming every western country in terms of our ability to recover from post Covid inflation, Harris is vowing to take on price gouging—which I don’t think got nearly enough attention under Biden— and for me the real kicker is Roe versus Wade. I’m a man, but Trump successfully stripping half of the population of bodily autonomy should terrify the fuck out of everyone.

I don’t need some dumbass boomers telling me about when America was great. Sorry y’all, I’m old enough to know better. We’ve never been greater than we are right now. And I do not want to go back.",helene,community_discussion,
lo7vsc4,t3_1fm3ldm,t3_1fm3ldm,florida,Present-Ad-6509,1726931714,2024-09-21 15:15,-2,Neighbors son is like most of the posters here hates Florida for whatever reason. He packed up moved to Colorado stayed a week said he didn’t feel safe and came back.,helene,community_discussion,
lo7wit6,t3_1fm3ldm,t3_1fm3ldm,florida,dw73,1726931960,2024-09-21 15:19,2,"With abortion on the ballot, I bet she does a lot better than he thinks.",helene,community_discussion,
lo7wlyu,t3_1fm3ldm,t3_1fm3ldm,florida,4EarthNow,1726931989,2024-09-21 15:19,3,"DeSantis is counting on past experience that young and black voters will stay home, and that his gerrymandering and voter suppression tactics will work.
I think he’ll be proven wrong. Young voters are more motivated than ever, and can truly change the direction of this country.",helene,community_discussion,
lo7x2gq,t3_1fm3ldm,t3_1fm3ldm,florida,Silver-Front-1299,1726932139,2024-09-21 15:22,6,"I just want to come on here and say that living in a state like Florida, it’s so nice to see that not everyone here blindly follows Trump and DeSantis. 

I fear for my family because I’m surrounded by others who want nothing but this orange man and his ideology in office.",helene,community_discussion,
lo7xhuy,t3_1fm3ldm,t3_1fm3ldm,florida,Original_Jellyfish73,1726932278,2024-09-21 15:24,84,I’m pretty sure a LOT of Florida is over this jabroni after all the state park nonsense.,helene,community_discussion,
lo7xi6q,t3_1fm3ldm,t3_1fm3ldm,florida,NoPostingAccount04,1726932281,2024-09-21 15:24,5,I hope so! But *spreads hands* Rick Scott,helene,community_discussion,
lo7xjd6,t3_1fm3ldm,t3_1fm3ldm,florida,[deleted],1726932292,2024-09-21 15:24,1,[removed],helene,community_discussion,
lo7xthw,t3_1fm3ldm,t3_1fm3ldm,florida,fledflorida,1726932386,2024-09-21 15:26,2,Would be ironic if the usually non-voting Haitian bloc votes and throws Florida into the blue column and delivers Florida and the White House.  That would be the ultimate FY,helene,community_discussion,
lo7y079,t3_1fm3ldm,t1_lo7vrsb,florida,lindaleolane812,1726932447,2024-09-21 15:27,13,You are indeed a breath of fresh air. I'm 50 years old but honestly anyone who has a sense of pride and moral compass 18-100 years of age can see Trump is not the way. Let's even put away the race card racism will never go away unfortunately. Let's look at his plan for healthcare (none) his plan to help with the housing crisis (none) his plan to help Ukraine (none) his plan for social security and Medicare (cut it) his plan for women's reproductive rights (they don't have to worry about it). Republicans are jumping ship why because they see he's not fit. When have you ever heard of so many people changing parties because their party's candidate is so bad? I admit both sides can do better both sides aren't going to make everyone happy it's impossible but if one is talking about being a dictator and the other one is talking about unity I'm going over there,helene,community_discussion,
lo7yj7u,t3_1fm3ldm,t1_lo7vrsb,florida,Happy_Secret_1299,1726932622,2024-09-21 15:30,-23,"Hello. Independent voter who is voting for trump here.

If you really care about abortion. Vote yes on prop 4. We really don't need Harris in office to legalize abortion in Florida. 

I won't criticize your choice for president but again... No need to put deep state candidate number two in the presidents office to get abortion legalized. 

Thank you!",helene,community_discussion,
lo7yknn,t3_1fm3ldm,t3_1fm3ldm,florida,__Art__Vandalay__,1726932635,2024-09-21 15:30,8,![gif](giphy|d4zHnLjdy48Cc),helene,community_discussion,
lo7ysl6,t3_1fm3ldm,t3_1fm3ldm,florida,Vandermeerr,1726932708,2024-09-21 15:31,2,"Yeah, cause Ron has shown to be a real clairvoyant with his political predictions. ",helene,community_discussion,
lo7yvg5,t3_1fm3ldm,t1_lo7vnql,florida,AgreeableMoose,1726932736,2024-09-21 15:32,1,Seriously doubt people would do that. It’s hard enough to get people to register and if in fact some did it would be a very small number.,helene,community_discussion,
lo7zhlf,t3_1fm3ldm,t3_1fm3ldm,florida,trtsmb,1726932943,2024-09-21 15:35,6,"Sadly, a lot of people in FL are that dumb or they still think it's the 1950s where women aren't competent to do things without a man's guidance.",helene,community_discussion,
lo7zk7t,t3_1fm3ldm,t1_lo7s3ex,florida,feuwbar,1726932967,2024-09-21 15:36,19,"I moved here in October 2021 well after the last presidential election, but even then I recall more Trump flags and stickers everywhere than I do now, which is shocking less than two months out from the election. I also see people out and about wearing Harris/Walz t-shirts and swag. There's a lot of new residents here and it feels like things are turning a bit.",helene,community_discussion,
lo7zkiu,t3_1fm3ldm,t1_lo7mxty,florida,AgreeableMoose,1726932970,2024-09-21 15:36,-2,"Spot on! Not dissimilar to California, same games, different parties. The politics of both states ignore the needs and wills of the people.",helene,community_discussion,
lo7zrto,t3_1fm3ldm,t1_lo7smxs,florida,AgreeableMoose,1726933038,2024-09-21 15:37,-2,You make it sound like 100% of Democrat women support abortion. Thats a fantasy.,helene,community_discussion,
lo7zxvi,t3_1fm3ldm,t3_1fm3ldm,florida,BusStopKnifeFight,1726933094,2024-09-21 15:38,4,"Just because you don’t see yard signs doesn’t mean she has no support. 

I won’t put a sign up because I know the crazy MAGAs will vandalize it or my property. And the MAGA sheriff won’t do anything about. So I’ll just keep donating and vote accordingly.",helene,community_discussion,
lo80327,t3_1fm3ldm,t1_lo7xhuy,florida,NomadFeet,1726933140,2024-09-21 15:39,14,"""Jabroni"" is like the best word. I don't know why I find it so hilarious. The episode of ""What We Do in the Shadows"" where Nandor and Laszlo are just repeatedly calling each other jabroni slayed me.",helene,community_discussion,
lo8031o,t3_1fm3ldm,t1_lo7usfu,florida,AgreeableMoose,1726933140,2024-09-21 15:39,0,"Sure, gotta register appropriately 1,238,000 more voters. You got this-",helene,community_discussion,
lo805k2,t3_1fm3ldm,t1_lo7rpby,florida,feuwbar,1726933164,2024-09-21 15:39,74,"I was just commenting about that on someone's comment. I don't know if Harris will end up carrying Brevard, but if she runs up the numbers in red places, it's possible the populous blue places can put Florida over the top. It's a long shot but I hope it will scare the shit out of the Republican supermajority in the legislature.",helene,community_discussion,
lo8065h,t3_1fm3ldm,t3_1fm3ldm,florida,NomadFeet,1726933169,2024-09-21 15:39,2,"Must be bad if ""The Ronald"" needs to talk about it. :)",helene,community_discussion,
lo80foj,t3_1fm3ldm,t1_lo7yj7u,florida,chefriley76,1726933256,2024-09-21 15:40,11,"What makes you think Harris is deep state, and not Trump? 

If you say Soros, I say Koch. Then I say Heritage foundation. And Federalist society. Actual ""deep state"" organizations that influence modern day policy. 

Deep state lol. Turn off your propaganda.",helene,community_discussion,
lo80fv5,t3_1fm3ldm,t1_lo8031o,florida,Peakomegaflare,1726933257,2024-09-21 15:40,4,"We do it one person at a time. I mean hell, we managed to get Deegan into Mayoral office in Jax. It's not impossible, just REALLY fucking hard.",helene,community_discussion,
lo80g62,t3_1fm3ldm,t1_lo7vinv,florida,Individual_Ad9632,1726933260,2024-09-21 15:41,10,"Agree, but sometimes people with wimpy morality often will do what they say they’re against in secret. There is a plethora of “pro life” women who have had abortions and, since voting is kept confidential, they can vote yes on Amendment 4 while claiming they voted no. 

I’m holding out hope that the combination of it being a presidential election year (which tends to bring out younger, more progressive voters) and the fact that legal weed is on the ballot under Amendment 3, that we may pull in enough yes votes in Amendment 4 to get it passed. 

Now, whether the Republican legislature/governor pull some shitnanigans afterwards to stall and/or make it nearly impossible to implement Amendment 4 is another discussion. But at least if it passes, it would be a reflection on the current movement in the political climate of Florida.",helene,community_discussion,
lo80h6s,t3_1fm3ldm,t1_lo7zrto,florida,jenjenjen731,1726933269,2024-09-21 15:41,6,I specifically said Republican because Republicans are actively banning abortion. Democrat women aren't usually voting for the people taking abortion away.,helene,community_discussion,
lo80lxk,t3_1fm3ldm,t3_1fm3ldm,florida,coldenigma,1726933313,2024-09-21 15:41,5,"I'm suspecting that Florida has only been red because of voter apathy on the Democrats side.

So, I'm hoping Kamala's campaign has boosted moral and DeSantis' dumpster fire of a term is enough to motive registered voters to vote for Kamala and the other Democratic candidates in this election.",helene,community_discussion,
lo80mxw,t3_1fm3ldm,t1_lo7yj7u,florida,kdonirb,1726933323,2024-09-21 15:42,10,this is beyond a one issue presidency - and I won’t criticize your choice for president but again…  No need to put someone who maniacally screams to the world  “They’re eating the cats and dogs” in the president’s office. Full stop.,helene,community_discussion,
lo80ow7,t3_1fm3ldm,t1_lo805k2,florida,GW_Beach,1726933340,2024-09-21 15:42,17,Exactly my feelings,helene,community_discussion,
lo818na,t3_1fm3ldm,t1_lo7srsl,florida,coldenigma,1726933522,2024-09-21 15:45,8,"For real. He has to go.

In 2022, Rick Scott proposed the ""11-Point Plan to Save America"", which is just ""Project 2025 Lite"".",helene,community_discussion,
lo81ar1,t3_1fm3ldm,t1_lo7p4i9,florida,kdonirb,1726933541,2024-09-21 15:45,7,“wishful thinking” - like his presidential campaign?,helene,community_discussion,
lo81i47,t3_1fm3ldm,t1_lo7xhuy,florida,coldenigma,1726933606,2024-09-21 15:46,52,"It's more than just the state park nonsense.

DeSantis lost millions of dollars and thousands of job opportunities for Florida because he picked a fight with Disney, who (in retaliation) cancelled projects that would have bought all that money and jobs to Florida.",helene,community_discussion,
lo81nkc,t3_1fm3ldm,t1_lo7vnql,florida,whereistheidiotemoji,1726933659,2024-09-21 15:47,9,I considered it. I figured if they were gerrymandering then it would negate some of it.,helene,community_discussion,
lo81qw5,t3_1fm3ldm,t1_lo7yj7u,florida,_Sympathy_3000-21_,1726933690,2024-09-21 15:48,9,"What happens at the state level will be useless if there’s a national abortion band. Once again, Republicans believe that 50% of the population’s rights are theirs to you with in order to get the votes of regressive Catholics and evangelicals that protect child molesters. If you have an ounce of libertarian belief in your body anywhere, that’s just not OK.",helene,community_discussion,
lo81wxn,t3_1fm3ldm,t1_lo80foj,florida,Happy_Secret_1299,1726933745,2024-09-21 15:49,-3,"Trump is the Washington outsider, the folks in power have wanted him out since he became popular. 

As for why I call Harris deep state candidate two .. she's a puppet just as much as Biden is. 

To make things worse. Watch any un edited interview she's done.. she's just like Biden, I can't understand her talking in circles speech pattern. She says so much to communicate so little.

I have no confidence things will be any different under her leadership than under Bidens. They just do what their masters tell them to do. They'll still continue to spend our children's tax money on fruitless shit like protecting Ukraine, or Israel. 

The Democrat party in general has turned into the big money, pro war, pro racism party and I can't support that. You could even call them fascists. I don't see the Republicans shutting down free speech anywhere, yet I see Democrats doing it daily. 

I don't normally vote for Republicans but rfk joining Trump's campaign sealed the deal for me this time around. Biden got my vote last time and now my electricity costs 400$ a month. Groceries have nearly doubled.... I'm over it. I'll vote for anyone who isn't a part of the establishment. I'll vote them all out every time I get the opportunity.",helene,community_discussion,power
lo81x4s,t3_1fm3ldm,t3_1fm3ldm,florida,SawgrassSteve,1726933747,2024-09-21 15:49,2,I think Kamala can compete in Florida even though I don't think she could win if the election were held tomorrow.,helene,community_discussion,
lo81xp8,t3_1fm3ldm,t1_lo7ol51,florida,HodgeGodglin,1726933752,2024-09-21 15:49,19,"Here’s hoping. I worked the primary up here and D turnout was better than I thought it was going to be, at least the numbers I took.

One thing that irritates me- whomever prints out local amendment signs made the “Yes on 4” in red. Ive had multiple people say “huh yes on 3 no on 4” when they’ve both been in support. I wish they would change the colors up.

https://preview.redd.it/5qz6b9ono6qd1.jpeg?width=3024&format=pjpg&auto=webp&s=858fa29075165f044f7f0e0a3134e6c2fdb4a2c0",helene,community_discussion,
lo825y4,t3_1fm3ldm,t1_lo80mxw,florida,Happy_Secret_1299,1726933827,2024-09-21 15:50,0,Yeah .. my biggest gripe with trump is that he's a stooge. If the dude kept those stupid comments on the inside he would be a much better candidate.,helene,community_discussion,
lo82a7f,t3_1fm3ldm,t3_1fm3ldm,florida,ted-clubber-lang,1726933866,2024-09-21 15:51,2,From Russia with Lev,helene,community_discussion,
lo82d4v,t3_1fm3ldm,t1_lo81qw5,florida,Happy_Secret_1299,1726933895,2024-09-21 15:51,-8,No body is trying to ban abortion at the national level what are you talking about.,helene,community_discussion,
lo82ie2,t3_1fm3ldm,t1_lo80g62,florida,Hntrbdnshog,1726933941,2024-09-21 15:52,3,"I’m hopeful like you but I want to tamper that with low expectations. I think overall the better bet is to get out the vote as much as we can. If people who are new voters or politically apathetic are helped to understand the issues and know who the people are and what they stand for it’s possible those people will vote in their best interests. 

I’m unsure I can put any amount of faith in republicans who have shown massive amounts of cognitive dissonance and consistently voted for these horrible policies and people in the past.",helene,community_discussion,
lo82q79,t3_1fm3ldm,t1_lo7twad,florida,coldenigma,1726934013,2024-09-21 15:53,3,"The polls mean so little though. Hillary Clinton lead the polls in 2016, but still lost because voters got complacent. So, regardless of what the polls say, Kamala supporters need to show up in masses and vote blue across their ballot.",helene,community_discussion,
lo82qb4,t3_1fm3ldm,t3_1fm3ldm,florida,robbycough,1726934015,2024-09-21 15:53,2,"DeSantis is the kind of brain-damaged narcissist that believes when he says something enough, it will become real.",helene,community_discussion,
lo8303z,t3_1fm3ldm,t3_1fm3ldm,florida,turdferguson850,1726934105,2024-09-21 15:55,0,You are,helene,community_discussion,
lo83czt,t3_1fm3ldm,t1_lo7wit6,florida,coldenigma,1726934223,2024-09-21 15:57,2,"I hope so

I feel like I need to mention this were I can. Based on the sample ballot, there's underhanded tactics on the wording of Amendment 4 (the abortion vote) to scare voters into voting anti-abortion.

Remember to vote YES on Amendment 4 and on Amendment 3 (and NO on every other Amendment)",helene,community_discussion,
lo83iye,t3_1fm3ldm,t1_lo81i47,florida,Original_Jellyfish73,1726934277,2024-09-21 15:57,1,Oh yeah there’s a million reasons to hate the guy. I just think the state park thing really pushed it over the edge.,helene,community_discussion,
lo83jnb,t3_1fm3ldm,t1_lo82d4v,florida,_Sympathy_3000-21_,1726934284,2024-09-21 15:58,9,"https://www.politico.com/news/2024/09/15/vance-trump-abortion-ban-veto-00179224

Seems like if anybody would know it’s this guy… Trump refused to deny it in the debate...",helene,community_discussion,
lo83sdd,t3_1fm3ldm,t3_1fm3ldm,florida,bubblebathory,1726934364,2024-09-21 15:59,7,"I try so hard to not hate anyone. To try to put myself in others’ shoes, think about what makes them the way they are, give the benefit of the doubt, have compassion. Just part of my life ethics. 

I really, REALLY struggle doing this when it comes to DeSantis and Trump.",helene,community_discussion,
lo83zn8,t3_1fm3ldm,t1_lo83jnb,florida,Happy_Secret_1299,1726934432,2024-09-21 16:00,-6,Again maybe you're not understanding. For trump to veto a national abortion ban... A national abortion ban would have to pass the Senate AND Congress. Which ain't happening. Nobody is trying to actively push national abortion ban. Not even trump himself... If you actually listened to the man he has only responded that it's the right thing to do to push abortion legalization down to the state level.,helene,community_discussion,
lo841a2,t3_1fm3ldm,t3_1fm3ldm,florida,ObligationScared4034,1726934447,2024-09-21 16:00,8,"I live on a very red part of Florida, and there seems to be little to no enthusiasm for Trump. My spouse and I are also placing Harris/Walz stickers at any place that has a sticker collection on the wall. It won’t make a dent here, but even if the Democrats get a few more votes than normal, it will make the local GOP grumpy.",helene,community_discussion,
lo84czd,t3_1fm3ldm,t1_lo7vrsb,florida,Red91B20,1726934555,2024-09-21 16:02,-1,"I'm voting Harris/walz for sure but unless I'm missing shit why wasn't any of this done before? She's the damn VP couldn't they have tackled food price gouging awhile ago? Or answer questions instead of telling some story about being middle class? Trump is a damn ass hat I'm only voting so he doesn't get elected. Run on promises to fix things, get elected, break promises rinse and repeat.",helene,community_discussion,
lo84juj,t3_1fm3ldm,t1_lo7vsc4,florida,littleredd11_11,1726934619,2024-09-21 16:03,4,"Oh, did he get scared of big, bad Colorado? And what does that have to do with Harris' ability to be elected in Florida anyways?",helene,community_discussion,
lo8557t,t3_1fm3ldm,t3_1fm3ldm,florida,whitepageskardashian,1726934817,2024-09-21 16:06,-5,We’re happy to have Desantis and Trump.,helene,community_discussion,
lo85g18,t3_1fm3ldm,t1_lo81wxn,florida,Red91B20,1726934917,2024-09-21 16:08,2,At this point if a dude came out saying he is satan and that he cross dresses on the weekends then made the promise of making life semi affordable I would vote for him. Politics aside they really don't care about us. We pay the taxes We are just numbers. Just imo I think they did away with roe vs wade to make sure they have future tax producers. Majority of Americans don't wanna have kids because its to expensive this is where the people crossing the boarder come in because they are future revenue for taxes.,helene,community_discussion,
lo85iux,t3_1fm3ldm,t1_lo81wxn,florida,[deleted],1726934943,2024-09-21 16:09,1,[removed],helene,community_discussion,
lo85okz,t3_1fm3ldm,t1_lo825y4,florida,Complete_Bear_368,1726934995,2024-09-21 16:09,3,"He is literally saying what he's thinking and that's what should scare you - not that he's willing to say it, but that he's willing to think it",helene,community_discussion,
lo85q5u,t3_1fm3ldm,t3_1fm3ldm,florida,elevatorovertimeho,1726935010,2024-09-21 16:10,1,I think everyone on Reddit will vote for Harris! At least that’s the sound it’s making.,helene,community_discussion,
lo85ugc,t3_1fm3ldm,t1_lo825y4,florida,_Sympathy_3000-21_,1726935050,2024-09-21 16:10,6,"I just don’t understand being OK with the leader of the free world being, as you said, a stooge. And I’m not sure what him being there is going to do to lower your energy bill. Presidents don’t really control these things. 

In a command economy, like a communist nation, yes, the government does heavily control the economy. And because of that, a lot of those economies dig themselves a hole in the ground. Turns out, strong men aren’t necessarily good businessmen. I voted for Biden in 2020 because Trump was ridiculous then too, but it was going to be really hard to do this time around. It was just too hard to ignore the senility. Trump is sundowning on TV. Is that really the guy to hold the nuclear briefcase? The cats and dogs guy? The classified docs in the shitter guy?",helene,community_discussion,
lo85vqf,t3_1fm3ldm,t1_lo85g18,florida,Happy_Secret_1299,1726935062,2024-09-21 16:11,-1,"Yeah.. maybe the Satan thing would give me pause. 

But what's wild to me is how many people voting for Harris and they can't even name one policy of hers... I get that this is America but it's kind of a nightmare lately. People should scrutinize their candidates a little better.",helene,community_discussion,
lo85yel,t3_1fm3ldm,t1_lo7yvg5,florida,Red91B20,1726935085,2024-09-21 16:11,3,Its hard to get people to register because honestly whoever we vote we still get shafted. Middle class has been getting demolished for the last 2 decades and even the folks living in poverty. For being such a rich nation government sure likes to shit on everyone,helene,community_discussion,
lo860mi,t3_1fm3ldm,t1_lo83sdd,florida,littleredd11_11,1726935105,2024-09-21 16:11,5,"I do, too, but I have my limits. Especially for those who obliviously do not care about anyone else besides themselves. Which seems like the entire republican party anymore.",helene,community_discussion,
lo864i4,t3_1fm3ldm,t1_lo7mxty,florida,Red91B20,1726935142,2024-09-21 16:12,3,But you know damn well skeletor SCOTT will some how get elected again. And everyone hates the dude,helene,community_discussion,
lo867l4,t3_1fm3ldm,t1_lo8303z,florida,littleredd11_11,1726935171,2024-09-21 16:12,2,What was that? I am what?,helene,community_discussion,
lo868hp,t3_1fm3ldm,t1_lo85okz,florida,Happy_Secret_1299,1726935179,2024-09-21 16:12,2,"So here in America we don't have thought police. And there is some, albeit minor, evidence to suggest that illegal aliens are eating animals. At least people are claiming it. 

You can think whatever you want though really. And here in America you can say whatever you want. At the end of the day actions are what matters.",helene,community_discussion,
lo86azz,t3_1fm3ldm,t3_1fm3ldm,florida,iBoy2G,1726935201,2024-09-21 16:13,4,"For once he’s right, this shithole only elects Nazis like him.",helene,community_discussion,
lo86iaa,t3_1fm3ldm,t1_lo80fv5,florida,AgreeableMoose,1726935270,2024-09-21 16:14,0," No doubt, Jax is a whole different world. And here’s the issue for me, why do we even have parties? How about we vote on resumes and CVs. I’m not affiliated with any but in Maryland I voted on accomplishments and experience. Mike Miller was my guy, absolutely solid and worked with everyone. He’d pop in to out same bay front town and commit to support if we did our part and he always personally followed through. Not a big fan of Hoyers politics, couldn’t vote for the guy but he has deep roots and strong moral character so he deserves much respect. At the national level this country is a mess of which most was preventable, we know this is true. While abortion is number 3 behind 1- the economy 2- immigration, most will vote for the one that will put food on there table and shutdown the border.",helene,community_discussion,
lo86ld7,t3_1fm3ldm,t1_lo867l4,florida,turdferguson850,1726935299,2024-09-21 16:14,0,"The masses are that dumb,lump yourself in if you feel.",helene,community_discussion,
lo86m39,t3_1fm3ldm,t1_lo85ugc,florida,Happy_Secret_1299,1726935306,2024-09-21 16:15,2,"Better a stooge that promises to make my life better and has the stones to put together a plan to get there. 

The alternative here is a puppet who has no real policies of her own and is betting on Trump derangement syndrome and low information voters to get them into office.

And again, I'll always... Always vote for the outsider over the incumbent. Established politicians I know for sure don't care about me or what helps me.",helene,community_discussion,
lo86u0u,t3_1fm3ldm,t1_lo85vqf,florida,MathematicianNo6402,1726935379,2024-09-21 16:16,5,And no one can name a concept of a plan that Trump has. Himself included,helene,community_discussion,
lo86xd6,t3_1fm3ldm,t1_lo86u0u,florida,Happy_Secret_1299,1726935411,2024-09-21 16:16,0,On a singular issue sure. He doesn't have a plan outlined... But neither does Harris.,helene,community_discussion,
lo87424,t3_1fm3ldm,t1_lo868hp,florida,Complete_Bear_368,1726935473,2024-09-21 16:17,4,"You're right, and attempting to overthrow the govt bc you lost an election is an action that should disqualify one from office. There is not one substantiated report of anyone eating a cat. Ppl can claim whatever they want. Facts speak for themselves. We cannot have a president who lies like it's second nature. I'm sorry you've been bamboozled. You aren't alone.",helene,community_discussion,
lo87xfo,t3_1fm3ldm,t1_lo87424,florida,Happy_Secret_1299,1726935740,2024-09-21 16:22,1,"I don't think he was trying to overthrow the govt. Bamboozled definitely possible. I suspect more like the man felt he was cheated and wanted time to figure out his options... At best. 

I saw his communications that day. He was not calling for armed insurrection. 

I suspect maybe some of the boots on the ground in Washington in January 6 were coerced into thinking they were going to take the country back... But let's face it very few were armed and fighting with authorities. The majority of them were there basically protesting.",helene,community_discussion,
lo88olr,t3_1fm3ldm,t1_lo84juj,florida,Present-Ad-6509,1726935987,2024-09-21 16:26,-1,No he got scared of the living conditions (he specifically mentioned the homeless all around the apartment building that he was going to be staying in for $2000 a month) My comment was more directed towards everyone on this thread dissing on Florida and DeSantis.,helene,community_discussion,
lo88tw9,t3_1fm3ldm,t3_1fm3ldm,florida,ittechboy,1726936037,2024-09-21 16:27,3,"That's because Republicans really are cheating when it comes to voter suppression. Why do you think Republicans say the other side cheated so much, it's so they are free to cheat every opportunity they get and can just say well the other side cheats as well with zero proof of it. We all know AG Garland is the opposite of whatever Justice is so no one will stop him.",helene,community_discussion,
lo88x5q,t3_1fm3ldm,t1_lo7j68z,florida,bagehis,1726936065,2024-09-21 16:27,16,"He barely won in 2018. 62% turnout. With a margin of just over 12k votes. In 2022, with 53% turnout, he won by 1.5m votes. He managed to get 31% of eligible voters to vote for him. 

When Democrats lose, it is because they didn't vote.",helene,community_discussion,
lo89lfp,t3_1fm3ldm,t3_1fm3ldm,florida,miamicpt,1726936287,2024-09-21 16:31,0,He can do this because people like you call him a facist. This makes normal people think your position is  not well thought out.,helene,community_discussion,
lo89pdo,t3_1fm3ldm,t1_lo81i47,florida,Experiment626b,1726936325,2024-09-21 16:32,13,"Disney didn’t even stand up to him. Before he picked a fight, we were PISSED at Disney for not being outwardly opposed to the don’t say gay shit. Now they are back to donating millions to the side of Nazis again.",helene,community_discussion,
lo89yjm,t3_1fm3ldm,t3_1fm3ldm,florida,myfeetaremangos12,1726936407,2024-09-21 16:33,3,There was a point in time that I thought Ron was a really smart dude. I truly cannot believe that.,helene,community_discussion,
lo8a51m,t3_1fm3ldm,t1_lo80foj,florida,BeauregardBear,1726936468,2024-09-21 16:34,6,"They kinda lose all credibility the moment “deep state” comes up. Lordy, save us from faux news propaganda brainwashed lunatics.",helene,community_discussion,
lo8af0d,t3_1fm3ldm,t3_1fm3ldm,florida,jchester47,1726936559,2024-09-21 16:35,3,"It may be wishful thinking, but why not at least try and give some hope? Democrats got into the mess they've been in since 2010 partly because they wrote off huge swaths of the country and assumed the blue wall would hold forever.

There are lots of people in FL and giving them a voice and letting them know they're heard isn't a bad thing. Even if you lose it 51-49 instead of 53-47, margins matter, especially downballot.",helene,community_discussion,
lo8apx4,t3_1fm3ldm,t3_1fm3ldm,florida,Bitch_Posse,1726936657,2024-09-21 16:37,1,Because he knows the majority of Floridians are racist pigs like him?,helene,community_discussion,
lo8aqmg,t3_1fm3ldm,t1_lo87xfo,florida,Complete_Bear_368,1726936663,2024-09-21 16:37,3,"Basically protesting?!?! 140 cops were assaulted by these ""protestors"". More than 300 have been charged with assaulting, resisting, or impeding officers or employees. The approximate losses suffered as a result of the siege at the Capitol totaled $2,734,783. 

Let me guess, you have a confederate flag next to your trump flag?",helene,community_discussion,
lo8awcg,t3_1fm3ldm,t3_1fm3ldm,florida,ryanpayne442,1726936715,2024-09-21 16:38,6,"After them giving public lands away for golf courses, they aint getting my vote. Ive been teetering all year, but that sealed the deal for me.",helene,community_discussion,
lo8azel,t3_1fm3ldm,t3_1fm3ldm,florida,thundercunt1980,1726936744,2024-09-21 16:39,2,I think this is the first time this moron has formed a complete sentence without using the word “woke”.,helene,community_discussion,
lo8b0d9,t3_1fm3ldm,t1_lo86m39,florida,[deleted],1726936752,2024-09-21 16:39,1,[removed],helene,community_discussion,
lo8bzx0,t3_1fm3ldm,t3_1fm3ldm,florida,Deadhead602,1726937075,2024-09-21 16:44,3,i can see him and the republicants try to pull a fast one when they see the numbers on election night,helene,community_discussion,
lo8c51o,t3_1fm3ldm,t1_lo85vqf,florida,Redshoe9,1726937119,2024-09-21 16:45,6,"I can name tons of her policies. She’s been very vocal about them plus she has them listed on her campaign website.  

$25,000 for first time home buyers

Rolling back degree requirements for government jobs

$6000 for parents of newborns

 $50,000 tax credit for people who have a small business

Voting rights and reproductive rights. And that’s just a few that I can list off the top of my head.  If you watch the debate, you would know some of her policies.

But I can tell you the best change will be the peace of mind that comes from having adults in charge who will surround themselves with the best people so that we’re not having to doom scroll multiple times a day to see what shit show is happening and who’s being harmed and targeted this week


I think all Americans can agree that it’s not healthy for our mental state to live under such negativity 24-7. We shouldn’t be brainwashed to fear the very community we live in.",helene,community_discussion,
lo8cxdw,t3_1fm3ldm,t3_1fm3ldm,florida,f0164,1726937371,2024-09-21 16:49,1,She won’t win Florida won’t be close,helene,community_discussion,
lo8cz3e,t3_1fm3ldm,t1_lo86m39,florida,Redshoe9,1726937387,2024-09-21 16:49,2,"Why are you relying on a president to make your life better?  
I think the real question here is what are you afraid of and don’t sugarcoat it with political crap.  

What is happening in your life that is causing you to live with such internalized fear?",helene,community_discussion,
lo8d3gl,t3_1fm3ldm,t1_lo86iaa,florida,Peakomegaflare,1726937425,2024-09-21 16:50,1,"Listen, I get it. However down here in FL? We either vote for Desantis and everything else that follows him, or a limp-dicked democratic party for this state that at least will put Dem votes in office. The GOP groups put forward spoiler candidates with similar names to Dem candidates into the Independant party. No paper trail of course and it's just so much of a random chance.",helene,community_discussion,
lo8dcbs,t3_1fm3ldm,t1_lo7jttx,florida,Kissit777,1726937503,2024-09-21 16:51,9,"We could get rid of Rick Scott, too. 

His election was extremely close last time. He is a complete failure and wants to install Project 2025 for the United States. 

I am excited about voting for Debbie Mucarsel-Powell. 

She doesn’t want to ban birth control or IVF.",helene,community_discussion,
lo8dcx7,t3_1fm3ldm,t3_1fm3ldm,florida,the_1_that_knocks,1726937509,2024-09-21 16:51,2,"In the Jacksonville area and not seeing anywhere the number of Trump flags I saw in ‘20.   

A win by Harris is a long shot, but I would be happy to see Scott out.",helene,community_discussion,
lo8ei8h,t3_1fm3ldm,t1_lo88olr,florida,mackenziepaige,1726937878,2024-09-21 16:57,1,Have to been to Miami. You’d pay more in rent and see homeless people outside your building. ,helene,community_discussion,
lo8exwj,t3_1fm3ldm,t1_lo7ol51,florida,BleachedUnicornBHole,1726938014,2024-09-21 17:00,6,"Also, look at what's going down in The Villages. That's another Republican stronghold where residents are openly organizing for Harris. If DeSantis was so confident in his assessment, then his Jimmies wouldn't be rustled so much.",helene,community_discussion,
lo8f8ba,t3_1fm3ldm,t3_1fm3ldm,florida,Complex-Maybe6332,1726938106,2024-09-21 17:01,1,He was against the Loser until he was for him.,helene,community_discussion,
lo8gkp8,t3_1fm3ldm,t3_1fm3ldm,florida,Zaius1968,1726938543,2024-09-21 17:09,1,I would wager Harris get a huge portion of the vote. People are tired of the bullshit that Desantis and others sling. He is yesterday’s news.,helene,community_discussion,
lo8gq7b,t3_1fm3ldm,t3_1fm3ldm,florida,RepulsiveRooster1153,1726938592,2024-09-21 17:09,1,"floridian here, i'm personally tired of duh-santis and his antics. then there are those idiot publicans that enable him. they need to go as [well....](https://imgur.com/VKacTKG)",helene,community_discussion,
lo8gytj,t3_1fm3ldm,t3_1fm3ldm,florida,XHaidencollin,1726938666,2024-09-21 17:11,1,In Englewood Florida I have seen a very large uptick in Harris/walz signs in areas that were previously covered in trump supporters and in areas where I didn’t even see a single sign for Biden last election. I believe it’s more than doable but probable.,helene,community_discussion,
lo8hfew,t3_1fm3ldm,t1_lo7ol51,florida,WhoMD85,1726938810,2024-09-21 17:13,3,And that’s the all she has to do. She just has to pull more votes in red counties than Biden. I bet she gets 47%.,helene,community_discussion,
lo8hkiw,t3_1fm3ldm,t1_lo81xp8,florida,SquidFish66,1726938854,2024-09-21 17:14,7,So some people are not supporting 4 because the sign is red?,helene,community_discussion,
lo8hoj1,t3_1fm3ldm,t3_1fm3ldm,florida,here4knowledge19,1726938888,2024-09-21 17:14,1,"Trump = Totalitarian Racist Unfit Misogynist Pedophile

Let the MAGA’s know when they’re flying their flags who they support.",helene,community_discussion,
lo8hsrn,t3_1fm3ldm,t3_1fm3ldm,florida,grindrisgay,1726938924,2024-09-21 17:15,1,I saw an old beat up pickup with a Harris 2024 sticker on it here in Marion County. Caught me off guard. I feel like a lot of us are energized this election cycle,helene,community_discussion,
lo8i436,t3_1fm3ldm,t1_lo8hkiw,florida,davster39,1726939024,2024-09-21 17:17,14,"Yes, the color scheme is confusing",helene,community_discussion,
lo8i9oq,t3_1fm3ldm,t1_lo8hkiw,florida,HodgeGodglin,1726939073,2024-09-21 17:17,2,"I’m not saying that necessarily but public sentiment definitely drives some people to vote. People like to feel like winners. 

If that’s your issue and you think every yes sign you see is a no, you’d might not even want to go out to vote. 


If public support didn’t drive vote turnout, why are yard signs even a thing?",helene,community_discussion,
lo8ikya,t3_1fm3ldm,t1_lo7ol51,florida,Zendog500,1726939172,2024-09-21 17:19,13,"Florida has two referendums on the ballot on November 5th that will bring voters out of the woodwork.  One is abortion rights (Yes #4) the other is recreational marijuana (Yes #3.)  DeSantis has been spending government money to promote a NO Vote on both (i.e., anti- abortionand anti- Marijuana.)  He would be better off being quiet.",helene,community_discussion,
lo8isgq,t3_1fm3ldm,t1_lo7s3ex,florida,Kevaroo83,1726939238,2024-09-21 17:20,2,"Minus the fact that in 2020 the state had 97,000 more democrat voters than republicans fast forward 4 years now Republicans have 1 million more voters than democrats in the state.",helene,community_discussion,
lo8iz5t,t3_1fm3ldm,t3_1fm3ldm,florida,The_Original_Gronkie,1726939294,2024-09-21 17:21,2,"The Florida election infrastructure is totally rigged, and has been since at least 2000. Thats how a perfectly split state ended up with EVERY state wide office held by Republican, often winning by a razor thin margin, like deSatan's and Rick Scott's initial wins. They challenge and throw out votes in Democratic counties until the Republican takes a slight lead, then call the race. Look at the election results, and it becomes clear.

Obama won in 2008 & 2012, but that's because he won so big, he overwhelmed their cheating strategy, so he could still prevail in a closely divide state. Today, there are a million more Republicans, AND a Governor who doesnt care if his cheating looks obvious. He knows that nobody will ever investigate the results. 

But thats exactly what the Feds should do. Florida needs a comprehensive, top to bottom forensic investigation into organized Republican election fraud.",helene,community_discussion,
lo8j4sh,t3_1fm3ldm,t1_lo86iaa,florida,SquidFish66,1726939344,2024-09-21 17:22,0,We have parties so our corporate overlords can control them. We are just picking the color of the puppet they are all evil. Any sane person would want to get rid of the parties but they wont let that happen. Thats why i vote independent.,helene,community_discussion,
lo8jlxw,t3_1fm3ldm,t1_lo7tt2w,florida,RowdyGrouper,1726939493,2024-09-21 17:24,3,"I switched my registration Republican following 2022, the future has looked pretty damn bleak for dems in statewide offices and I live in a deep red area now. So figured might as well vote for the less crazy Republican in primaries and vote whoever the dem is in the general election. Wouldn’t be surprised if a lot of liberals did the same.",helene,community_discussion,
lo8jnee,t3_1fm3ldm,t1_lo87xfo,florida,Fueradelaula,1726939506,2024-09-21 17:25,2,"bamboozled? a stooge?  you willingly vote for idiots who spout nonsense that ends up getting people killed, includign L.E.O.s and bleeding out women? You don’t have to vote for Harris. Just don’t tick the box for Trump. Jesus",helene,community_discussion,
lo8js1f,t3_1fm3ldm,t3_1fm3ldm,florida,nazuswahs,1726939545,2024-09-21 17:25,1,Oh brother. He’s talking shit just like Trump. Who are all these people that left San Francisco to come to Florida?  Little Ron is so desperate he makes up stories. Somebody should make him stand in the corner,helene,community_discussion,
lo8jwy6,t3_1fm3ldm,t1_lo7ol51,florida,nazuswahs,1726939588,2024-09-21 17:26,2,I hope so!’,helene,community_discussion,
lo8jx05,t3_1fm3ldm,t1_lo84czd,florida,No_Outlandishness50,1726939589,2024-09-21 17:26,2,She’s.. not the current president. She can break ties in the senate. How would you like her to fix price gouging? I’ve seen her answer plenty of questions. When someone asks Dump a question he spreads hateful rhetoric about immigrants and raves about Hannibal Lecter.,helene,community_discussion,
lo8k20b,t3_1fm3ldm,t1_lo7yj7u,florida,No_Outlandishness50,1726939632,2024-09-21 17:27,3,Bless your heart.,helene,community_discussion,
lo8kkrf,t3_1fm3ldm,t1_lo8k20b,florida,Happy_Secret_1299,1726939801,2024-09-21 17:30,1,It's amusing that people down vote me for spreading the word that prop 4 exists and that if abortion is their hill to die on that they should vote for it.,helene,community_discussion,
lo8kp3n,t3_1fm3ldm,t1_lo8hkiw,florida,_Enemias_,1726939838,2024-09-21 17:30,-6,It's symbolised the blood that will be shed with a yes vote.,helene,community_discussion,
lo8krp3,t3_1fm3ldm,t1_lo86azz,florida,Fueradelaula,1726939860,2024-09-21 17:31,3,"ron debanstuff is v good, and I will take it and make it mine, thanks",helene,community_discussion,
lo8l44g,t3_1fm3ldm,t1_lo7x2gq,florida,Fueradelaula,1726939970,2024-09-21 17:32,3,"We are here. Some of us don’t put bumper stickers or signs up or wear gear anymore because the magats and proud boys are so angry and dangerous, but we are here.",helene,community_discussion,
lo8mows,t3_1fm3ldm,t3_1fm3ldm,florida,OrionSupernova99,1726940473,2024-09-21 17:41,-2,"Calm down son. It’s free speech. And Comrade Kamala is not going to to take Fla. Sounds like you support this vapid wench, and that’s sad",helene,community_discussion,
lo8mu45,t3_1fm3ldm,t3_1fm3ldm,florida,JMF4201,1726940520,2024-09-21 17:42,-1,"Florida is not going blue, especially for a cackling idiot like Kamala Harris. Don’t let the leftist echo chamber that is reddit fool you",helene,community_discussion,
lo8nfvx,t3_1fm3ldm,t3_1fm3ldm,florida,No-Expert8956,1726940710,2024-09-21 17:45,1,Florida going back to blue. Maybe not the president race. But gas is higher in Florida insurance is higher grocery are higher. That what happens with a republican lead state.,helene,community_discussion,
lo8njmr,t3_1fm3ldm,t1_lo83zn8,florida,JMF4201,1726940743,2024-09-21 17:45,-5,"The fictitious national abortion ban is just another of many, democrat strawman argument",helene,community_discussion,
lo8o6m7,t3_1fm3ldm,t1_lo7rpby,florida,Schuben,1726940943,2024-09-21 17:49,8,"The only Walz sign I've seen is one with a diatribe on it (next to a road, not sure how I'd read all that) with ""Tim Walz will take your guns!"" in big letters at the top.

Like...WHAT? Is it so he can add to his own fucking collection or something? Sure, I'm all for tighter gun restrictions but these people act like he's going to have a gun melting party on day 1 or something.",helene,community_discussion,
lo8ojt8,t3_1fm3ldm,t1_lo8c51o,florida,JMF4201,1726941061,2024-09-21 17:51,0,"So its basically more free shit for certain people with no explanation of how, and “joy”. She’s a cackling clown.",helene,community_discussion,
lo8pkxw,t3_1fm3ldm,t1_lo84czd,florida,_Sympathy_3000-21_,1726941391,2024-09-21 17:56,3,"I sorta get feeling that way but the reality is that Biden is president, and presidents aren’t kings. And VPs serve presidents. Congress passes laws. I’m not all that unhappy with Biden tbh, he’s done a lot of smart things while having a lot of complicated domestic and foreign policy challenges.

A lot of young people assume low interest rates are normal, they’re not… they’re representative of a need to recover the economy after the effects of a law passed under Clinton blew up under Bush. Low prices were a result of low wages. These interest rates are still very good historically. These things aren’t as simple as bumper stickers.

For her part, it seems that Kamala did the job she was asked to do. 

I don’t assume politicians keep their promises, but I know what I saw 2017-2021 up to and including January 6. I just can’t.",helene,community_discussion,
lo8ppc1,t3_1fm3ldm,t3_1fm3ldm,florida,Bonobos_In_Space,1726941433,2024-09-21 17:57,1,"Ronald. We cannot wait to be rid of you and your cardboard cutout wife. We cannot wait to reverse as many of these laws you and and your clown friends have dumped upon us. We cannot wait to replace you and all of your mouth-breathing friends. 

Also, I will be spending the rest of my time in Florida telling anyone who will listen that this governor spent his entire time in office making himself and other lawyers richer. He introduced legislation that, if passed, would make his base happy. But if fought, would make professional associates of his VERY rich. 

Are you mad about your insurance premium? Be mad that there isn't more of a framework to limit lawsuits (to prevent egregious numbers). Be mad that this state, for the last 16+ years, hasn't punished the perpetrator or fixed anything that previous governors exploited and left beyond broken. Floridians deserve better but damn, the collective whole is fucking stupid for rolling over and taking it.",helene,community_discussion,
lo8qhaa,t3_1fm3ldm,t1_lo8njmr,florida,_Sympathy_3000-21_,1726941696,2024-09-21 18:01,4,Don’t look up…,helene,community_discussion,
lo8r2wz,t3_1fm3ldm,t3_1fm3ldm,florida,dawwie,1726941904,2024-09-21 18:05,1,"Wishful thinking is all DeSatan has.  Harris wins Florida, pot wins, abortion rights wins.  He’s fighting tooth and nail against all of it.  He can’t let any of this happen or it will ruin his plans to look presidential.",helene,community_discussion,
lo8s4ci,t3_1fm3ldm,t3_1fm3ldm,florida,AcceptableLog944,1726942245,2024-09-21 18:10,1,I’m voting for her in Volusia County,helene,community_discussion,
lo8si4j,t3_1fm3ldm,t1_lo8d3gl,florida,AgreeableMoose,1726942374,2024-09-21 18:12,1,"Oh I get it, I’m in PBC. Helped a guy run against Frankels seat. The filing fee is just over $10k, when we went to an event Laura Loomer was there. Watched her get out of a Rolls Royce drop top coupe along with some deep pocket Palm Beacher to meet up with others from “the island”. The cards are stacked.",helene,community_discussion,
lo8t0fv,t3_1fm3ldm,t1_lo7rpby,florida,El_Che1,1726942544,2024-09-21 18:15,6,Northwest Florida Gaetz cesspool here and the Trump signs are non existent. In my neighborhood of about 100 homes in 2020 there were about 40 asshole notification flags. This year between 5-10 let the asshole die if there is a natural disaster flag.,helene,community_discussion,
lo8t4f8,t3_1fm3ldm,t1_lo85yel,florida,AgreeableMoose,1726942583,2024-09-21 18:16,0,"Gotta disagree with ya on the past 20 years, look at the economic data, it does not lie. During the last Republican administration I made bank, good money without a worry, the past 3 years not even close. And, minority unemployment is through the roof, almost double of 3 years ago.",helene,community_discussion,
lo8t9nv,t3_1fm3ldm,t1_lo8j4sh,florida,AgreeableMoose,1726942632,2024-09-21 18:17,3,You don’t even get to pick the puppet.,helene,community_discussion,
lo8v91f,t3_1fm3ldm,t3_1fm3ldm,florida,Hercules1579,1726943283,2024-09-21 18:28,1,"He says that with confidence because of all the things he’s put in place to guaranteed that Florida never turns blue. 

He has been stacking the deck to keep Republicans winning in Florida, using every trick in the book. He’s redrawn voting maps, cutting up Black voting districts to dilute their power and give Republicans a leg up, making it harder for Democrats to win. 

He’s also dropped a bunch of voter suppression laws, like cutting down mail-in ballots, restricting drop boxes, and enforcing strict ID rules—moves that hit Black and low-income voters the hardest.

But he didn’t stop there. DeSantis even set up an election police force, creating this vibe like voter fraud’s a massive issue when it’s not, intimidating people who just want to vote. And let’s not forget how he blocked felons from voting unless they pay all their fines and fees first, even after voters passed a law to restore their rights—basically making them pay to play. 

On top of that, he’s been flexing on local election officials, firing those who don’t fall in line and putting his people in charge. It’s all about tightening his grip on power, suppressing the vote, and making sure the GOP stays on top, no matter the cost.",helene,community_discussion,power
lo8vde7,t3_1fm3ldm,t3_1fm3ldm,florida,ConsiderationJust948,1726943324,2024-09-21 18:28,1,He says it because he is right. There’s no way Harris loses Florida. The number of MAGAts that moved here since the pandemic put Florida way out of reach for a long time.,helene,community_discussion,
lo8vlpq,t3_1fm3ldm,t1_lo7ol51,florida,AaronDM4,1726943404,2024-09-21 18:30,2,"yeah Florida will be ""red"" but its not by much.

she might actually win Florida(doubt) but its not pro Harris as much as anti trump

i think trump thought the same it wasn't pro trump it was anti Hillery/establishment, and then Biden that he did so well against.

Seminole/Orange it seems 3 trump to 1 Harris signage, still better than Joe or Hillery

although the trump sign people go over board there might be one Harris waltz sign in their yard while the trump guy across the street has a sign, sticker on his truck, tattoo and a trump flag.(as a republican this even weirds me out lol)",helene,community_discussion,
lo8vm78,t3_1fm3ldm,t1_lo7yvg5,florida,ConsiderationJust948,1726943409,2024-09-21 18:30,1,I switched from Dem to independent so they couldn’t fuck with me. Couldn’t bring myself to register as a republican. Didn’t want anyone to google my name and see that shit attached to it.,helene,community_discussion,
lo8vydi,t3_1fm3ldm,t3_1fm3ldm,florida,JayeNBTF,1726943524,2024-09-21 18:32,1,"Ron’s confident because he’s aware of the gerrymandering, voter intimidation, and other chicanery that gives his party an advantage in this state",helene,community_discussion,
lo8w7a2,t3_1fm3ldm,t3_1fm3ldm,florida,thecheezewiz79,1726943608,2024-09-21 18:33,1,Wishful thinking is thinking that floridians would even piss on ron desantis if he was on fire,helene,community_discussion,
lo8w8ih,t3_1fm3ldm,t1_lo805k2,florida,AaronDM4,1726943620,2024-09-21 18:33,5,"I hope it will scare the shit out of the Republican supermajority in the legislature.

me too, i feel any parties entrenched people need to get scared that they might lose their job, like bitch welcome to what the rest of us deal with. thats one thing i'm super glad trump did his first term people who thought they were set for life kicked out on their asses.",helene,community_discussion,
lo8wa5q,t3_1fm3ldm,t1_lo8kp3n,florida,HodgeGodglin,1726943635,2024-09-21 18:33,3,You mean the blood that will be saved from the lives of mothers who are rejected the right to healthcare otherwise?,helene,community_discussion,
lo8wfnd,t3_1fm3ldm,t1_lo8vm78,florida,AgreeableMoose,1726943686,2024-09-21 18:34,0,It’s an absolute shame you had to do that.,helene,community_discussion,
lo8wsmg,t3_1fm3ldm,t3_1fm3ldm,florida,MimeGod,1726943810,2024-09-21 18:36,1,"I mean, quite a few Floridians were dumb enough to vote for DeSantis for re-election, despite him being objectively one of the worst governors in state history. This is the same state that voted for Rick ""Largest Medicare Fraud Ever"" for governor and senator. A lot of Floridians just really like criminals. 

Sure, voting for Trump is even dumber, but it's not a huge margin.",helene,community_discussion,
lo8wzob,t3_1fm3ldm,t3_1fm3ldm,florida,A_Spooky_Ghost_1,1726943877,2024-09-21 18:37,1,Thank God the reddit Florida crowd doesn't represent actual voting Floridian opinions. I haven't met any Kamala supporters in my outings in Hillsborough and Pinellas County.,helene,community_discussion,
lo8x6qs,t3_1fm3ldm,t1_lo8hkiw,florida,AaronDM4,1726943944,2024-09-21 18:39,2,"idiots lol

but the good news is both will pass.

not voting Harris probably Chase Oliver if hes on FL's ballot but i will do both those and so far everyone i know who is pro trump is pro weed and doesn't give a shit about abortion.",helene,community_discussion,
lo8xqpz,t3_1fm3ldm,t1_lo8isgq,florida,Mission_Estate_6384,1726944135,2024-09-21 18:42,13,"The independent vote will decide. They are eating cats and dogs is enough for me. Why someone says this is ok,I question their intelligence.",helene,community_discussion,
lo8yhsc,t3_1fm3ldm,t1_lo805k2,florida,Teht,1726944393,2024-09-21 18:46,56,"NPA here, moved into last year, and I'm canvassing for Harris.  There's so much support for Dems here, they're all just hiding.  Come canvas, it's fun, people are friendly!  Vote Debbie Mucarsel-Powell for senator!  Rick Scott needs his walking papers.",helene,community_discussion,
lo9006p,t3_1fm3ldm,t1_lo7pl85,florida,sdhu,1726944918,2024-09-21 18:55,4,"Ding ding ding, that is exactly right. There appears to be a concerted effort across the country to instigate and normalize the next republican Coup 2.0",helene,community_discussion,
lo9059y,t3_1fm3ldm,t3_1fm3ldm,florida,869woodguy,1726944967,2024-09-21 18:56,1,Abortion rights and weed are on the ballot.,helene,community_discussion,
lo906pn,t3_1fm3ldm,t3_1fm3ldm,florida,Old-Veterinarian1994,1726944981,2024-09-21 18:56,2,The only reason that Florida is so red is the Miami area with right wing Cubans and Venezuelans.,helene,community_discussion,
lo90qql,t3_1fm3ldm,t1_lo81wxn,florida,cartermatic,1726945174,2024-09-21 18:59,2,">  I can't understand her talking in circles speech pattern. She says so much to communicate so little.

When asked about what specifically he'd do about child care and specific policies, this was Trump's ""answer"":

>“Well, I would do that, and we’re sitting down. You know, I was somebody — we had, Senator Marco Rubio, and my daughter Ivanka, was so impactful on that issue. It’s a very important issue.

>""But I think when you talk about the kind of numbers that I’m talking about — that, because look, child care is child care, couldn’t — you know, there’s something — you have to have it in this country. You have to have it. But when you talk about those numbers, compared to the kind of numbers that I’m talking about by taxing foreign nations at levels that they’re not used to. But they’ll get used to it very quickly. And it’s not going to stop them from doing business with us. But they’ll have a very substantial tax when they send product into our country. Those numbers are so much bigger than any numbers that we’re talking about, including child care, that it’s going to take care. We’re going to have — I look forward to having no deficits within a fairly short period of time, coupled with the reductions that I told you about on waste and fraud and all of the other things that are going on in our country.

>""Because I have to stay with child care. I want to stay with child care. But those numbers are small relative to the kind of economic numbers that I’m talking about, including growth, but growth also headed up by what the plan is that I just — that I just told you about. We’re going to be taking in trillions of dollars. And as much as child care is talked about as being expensive, it’s, relatively speaking, not very expensive compared to the kind of numbers will be taking in.

>""We’re going to make this into an incredible country that can afford to take care of its people. And then we’ll worry about the rest of the world. Let’s help other people. But we’re going to take care of our country first. This is about America first. It’s about make America great again. We have to do it because right now, we’re a failing nation. So we’ll take care of it. Thank you. Very good question. Thank you.”


Yeah that's so much more coherent than Harris...",helene,community_discussion,
lo90tx5,t3_1fm3ldm,t3_1fm3ldm,florida,Old-Veterinarian1994,1726945205,2024-09-21 19:00,3,I'm voting Harris to save my Social Security and protect my freedoms from Project 2025.,helene,community_discussion,
lo91ypg,t3_1fm3ldm,t1_lo8njmr,florida,Happy_Secret_1299,1726945608,2024-09-21 19:06,1,"It's just another hook to get the female vote. Nobody is going to ban abortion at the federal level. Why anyone thinks otherwise I have no idea .. low information? People that only read headlines? 

Don't know. It's crazy to me that anyone would think this.",helene,community_discussion,
lo9375z,t3_1fm3ldm,t1_lo8ojt8,florida,Redshoe9,1726946046,2024-09-21 19:14,0,"It's not ""free"" shit. It's paid for with money we ALL contribute to have a functioning society. It's just she's making sure actual every day people get to use it instead of just billionaires. 

Like how we all get to use roads, water, fire departments.",helene,community_discussion,
lo93ti3,t3_1fm3ldm,t3_1fm3ldm,florida,dbsteelerfan,1726946266,2024-09-21 19:17,1,calling Ron a fascist dictator is just dumb. let's be real. come on,helene,community_discussion,
lo94knb,t3_1fm3ldm,t1_lo91ypg,florida,JMF4201,1726946531,2024-09-21 19:22,-1,Its because Kamala and the democrats constantly make the claim and their loyal heard of lemmings just believe them,helene,community_discussion,
lo94v80,t3_1fm3ldm,t3_1fm3ldm,florida,SupermarketOverall73,1726946636,2024-09-21 19:23,1,"I think she can win Florida, hopefully all my Haitian neighbors are motivated vote this time. Shit canning the criminal Rick Scott would be a bonus.",helene,community_discussion,
lo952qh,t3_1fm3ldm,t1_lo8kp3n,florida,SquidFish66,1726946709,2024-09-21 19:25,2,Luckily its not the blood of people at least.,helene,community_discussion,
lo95s3q,t3_1fm3ldm,t1_lo8i9oq,florida,SquidFish66,1726946963,2024-09-21 19:29,1,Oh i thought you were implying that red=republican but you mean red=no gotcha. If people are that dense i don’t want them voting anyways they probably would vote against it and vote for trump.,helene,community_discussion,
lo968il,t3_1fm3ldm,t1_lo8yhsc,florida,bde959,1726947123,2024-09-21 19:32,35,I just heard about Debbie recently and you can bet I will be voting for her too.,helene,community_discussion,
lo96ytr,t3_1fm3ldm,t1_lo8x6qs,florida,bde959,1726947378,2024-09-21 19:36,1,Who is Chase Oliver?   I haven’t heard of him running for president.,helene,community_discussion,
lo977n9,t3_1fm3ldm,t3_1fm3ldm,florida,bde959,1726947463,2024-09-21 19:37,1,"Jacksonville here and I hope so.

We did elect a Democratic mayor last year, so hopefully our votes will bump up Harris.",helene,community_discussion,
lo97ihz,t3_1fm3ldm,t3_1fm3ldm,florida,proletariat-man,1726947568,2024-09-21 19:39,1,"Yeah.. good luck with that ~!
[Look here](https://www.270towin.com/states/Florida) !",helene,community_discussion,
lo97pzj,t3_1fm3ldm,t1_lo7vrsb,florida,bde959,1726947640,2024-09-21 19:40,7,"I liked your post and till I got to your dumbass boomer part. You have to be 60 to be a boomer and the dumbasses I see going to Trump’s rallies and getting interviewed look to be in the 40 to 50-year-old range.   I am 65 years old and I grew up in the 60s and we liked smoking weed and we grew up, most of the time anyway, having control of our own bodies.",helene,community_discussion,
lo982nt,t3_1fm3ldm,t1_lo7vnql,florida,bde959,1726947761,2024-09-21 19:42,1,"
You might be right about that    There was a thing going around months ago to register Republican, so people could vote against the DeSantis and the people like him.  


I think it sucks that we can’t vote for who we want to no matter what party they are in. I think that needs to be changed here in Florida.",helene,community_discussion,
lo9886j,t3_1fm3ldm,t1_lo968il,florida,Cracked_Actor,1726947814,2024-09-21 19:43,20,"Republicans HATE this idea, they want to TELL you what you CAN and CAN’T do!  They are “big brother” in a BIG WAY!  Since I can’t tolerate this authoritarianism, I’m voting DEMOCRATIC down the line!",helene,community_discussion,
lo98ep8,t3_1fm3ldm,t1_lo8t4f8,florida,bde959,1726947877,2024-09-21 19:44,2,"The thing is is the Democrats fixed it, think Obama. And at the beginning of Trump’s term, it was good and then he fucked it up, so Biden had to fix it.

Go back and look at the history that is what happens",helene,community_discussion,
lo98evk,t3_1fm3ldm,t3_1fm3ldm,florida,Commercial-Ad-1837,1726947879,2024-09-21 19:44,1,This guy is still under the delusion that most of us don't hate him,helene,community_discussion,
lo98x16,t3_1fm3ldm,t1_lo7s3ex,florida,gymgirl2018,1726948052,2024-09-21 19:47,8,I just saw someone driving around in a truck decked out in Harris gear including giant flags.,helene,community_discussion,
lo9a29y,t3_1fm3ldm,t1_lo864i4,florida,Cracked_Actor,1726948445,2024-09-21 19:54,5,"Yeah, but the prick really has no “base” in Florida except the MAGAts.  He’s universally despised otherwise, mostly because he’s a criminal and a traitor…",helene,community_discussion,
lo9b2wx,t3_1fm3ldm,t3_1fm3ldm,florida,West9Virus,1726948796,2024-09-21 19:59,1,Bitch Boy says what?,helene,community_discussion,
lo9cj9m,t3_1fm3ldm,t1_lo8dcbs,florida,Cracked_Actor,1726949299,2024-09-21 20:08,6,"Rick “the prick” Scott wants to work hard to realize the Republican dream of destroying Social Security and Medicare/Medicaid.  Since the filthy rich have no need for these programs, WHAT’S the sense in using Federal money to fund them?  Especially when those same funds could be used to provide much-needed tax breaks for the uber-wealthy?  I’m voting FOR Debbie Murcarsel-Powell so that I can KEEP the benefits I’ve earned!",helene,community_discussion,
lo9cq3z,t3_1fm3ldm,t1_lo7rpby,florida,deeddqwd,1726949364,2024-09-21 20:09,3,On account of Trump Vance being a party of weird perverts,helene,community_discussion,
lo9cynp,t3_1fm3ldm,t1_lo7ol51,florida,babycatcher2001,1726949442,2024-09-21 20:10,2,"Brevard resident here- we have to turn this county around.  We need to vote blue all the way and get rid of the MAGA scourge here.  And yeah, waaaaay less Trump signs and more Harris/Walz signs in my neighborhood is a good sign.    vote blue, and bring a friend! I am working on my “I’m not into politics” friends to vote this year.  🌊💙🌊💙🌊",helene,community_discussion,
lo9e64c,t3_1fm3ldm,t1_lo8j4sh,florida,Cracked_Actor,1726949842,2024-09-21 20:17,1,"Some more of the “both parties are the same” claptrap, for your amusement…",helene,community_discussion,
lo9h4c6,t3_1fm3ldm,t1_lo805k2,florida,TMNBortles,1726950832,2024-09-21 20:33,5,Or at least improve the state legislature.,helene,community_discussion,
lo9h4n5,t3_1fm3ldm,t1_lo96ytr,florida,AaronDM4,1726950835,2024-09-21 20:33,0,"The [Libertarian Party](https://ballotpedia.org/Libertarian_Party) selected [Chase Oliver](https://ballotpedia.org/Chase_Oliver) as its presidential nominee on May 26, 2024, at the Libertarian National Convention in [Washington, D.C.](https://ballotpedia.org/Washington,_D.C.). [Mike ter Maat](https://ballotpedia.org/Mike_ter_Maat) was selected as the party's vice presidential nominee.

  
and yup never heard of him either, but that SOP for the libertarians.",helene,community_discussion,
lo9hlki,t3_1fm3ldm,t1_lo8o6m7,florida,TMNBortles,1726950989,2024-09-21 20:36,9,"Time Walz did famously say about a Floridian, “Take the guns first, go through due process second.""

Wait a second....",helene,community_discussion,
lo9hy8h,t3_1fm3ldm,t3_1fm3ldm,florida,The_Glutton_Law,1726951102,2024-09-21 20:38,1,Unfortunately Florida's election laws make it hard for Democrats to cheat ,helene,community_discussion,
lo9i20x,t3_1fm3ldm,t1_lo868hp,florida,_Sympathy_3000-21_,1726951137,2024-09-21 20:38,1,Is “people are claiming it” how facts work? Sometimes I feel like I live in crazy land.,helene,community_discussion,
lo9ipbh,t3_1fm3ldm,t1_lo9cj9m,florida,Kissit777,1726951348,2024-09-21 20:42,4,"I hope the Florida senior citizens get the message. 

The Republicans are planning on cutting social security and Medicare completely. 

Social security and Medicare are the “entitlements” they are talking about when they say they want to cut. 

They aren’t joking.",helene,community_discussion,
lo9j2g9,t3_1fm3ldm,t1_lo7rpby,florida,juniper_berry_crunch,1726951468,2024-09-21 20:44,4,"We counted Harris vs. Trump signs on the way to the grocery store today, just for fun (a bit outside of Metro Detroit). Harris: 9; Trump, 0.",helene,community_discussion,
lo9jc02,t3_1fm3ldm,t1_lo8nfvx,florida,halcyon_1991,1726951554,2024-09-21 20:45,1,"Republican lead states have the lowest cost of living in the country, what the fuck are you talking about?",helene,community_discussion,
lo9jdx3,t3_1fm3ldm,t1_lo8mu45,florida,halcyon_1991,1726951572,2024-09-21 20:46,1,I hope you're right,helene,community_discussion,
lo9jekg,t3_1fm3ldm,t1_lo7tt2w,florida,throwaway864388853,1726951579,2024-09-21 20:46,1,I moved down here this summer. Registered a repub solely to vote down MAGA candidates in primaries. I've met many others who are doing the same.,helene,community_discussion,
lo9jiau,t3_1fm3ldm,t1_lo7tt2w,florida,throwaway864388853,1726951613,2024-09-21 20:46,1,I moved down here this summer. Registered a repub solely to vote down MAGA candidates in primaries. I've met many others who are doing the same.,helene,community_discussion,
lo9jro5,t3_1fm3ldm,t1_lo7zhlf,florida,halcyon_1991,1726951702,2024-09-21 20:48,0,"Sounds the complete opposite of where I live in the PNW, filled with radical feminists that hate men and think they're dumb",helene,community_discussion,
lo9k2qx,t3_1fm3ldm,t1_lo8ei8h,florida,halcyon_1991,1726951807,2024-09-21 20:50,0,Colorado is more expensive than anywhere in Florida,helene,community_discussion,
lo9k314,t3_1fm3ldm,t1_lo9ipbh,florida,Cracked_Actor,1726951810,2024-09-21 20:50,5,I think many believe it’s just rhetoric and they  won’t really do anything like that.  Not like the way they overturned 50 years of president with Roe…,helene,community_discussion,
lo9kpmy,t3_1fm3ldm,t1_lo87xfo,florida,_Sympathy_3000-21_,1726952022,2024-09-21 20:53,1,"“It’s gonna be wild!” That’s what Trump posted on Twitter.

I’m not in any kind of counter culture group, and was sufficiently online to see the scary posts and the chatter other people were reposting. How Trump could claim innocence blows my mind. Perhaps Pelosi was flat footed on calling in the guard, but a bunch of yokels dropping in on the lawn revved up by a lie and egged on by THE PRESIDENT is not something that usually happens during the electoral college tally, like, ever in 200+ years. No findings of fraud after many days in many courts in front of many judges including those he and other Republicans appointed. Just baloney and hard losers. You can’t only be for democracy when you win. 

I get that liberals can be annoying, the identity issues tiring, and the whole thing a bit cringe. The theater on the “conservative” side - Hulk Hogan, Joe Rogan, the whole Fox News Cinematic Universe etc is equally cringe. Put it aside. 

At the end of the day two people with pretty clear career track records are running for the most important job in the world. As I see it, there’s a responsible choice and an irresponsible choice. The clown show is just too tiring for me.",helene,community_discussion,
lo9kr49,t3_1fm3ldm,t1_lo9k314,florida,Kissit777,1726952036,2024-09-21 20:53,4,"Yup - and when the scotus overturned the Chevron Act, everyone should have had chills down their spines. 

The Republicans plan on going significantly further.",helene,community_discussion,
lo9l7qb,t3_1fm3ldm,t1_lo8ojt8,florida,_Sympathy_3000-21_,1726952192,2024-09-21 20:56,1,"Does it ever get tiring, counting the money of people who don’t have money? I was taught that was rude.",helene,community_discussion,
lo9ly7i,t3_1fm3ldm,t3_1fm3ldm,florida,Carbon_Gelatin,1726952441,2024-09-21 21:00,1,"Why does he believe that?

Because this is florida. We have decades of gop rule. And we keep doing it to ourselves.

Redhats flicked here in droves during the pandemic, boomers come here to die and vote orange, miami is full of  trump loving Cubans. 

We have some of the worst education levels in the country

And to top it all off the democratic party apparatus doesn't even try and might as well just close shop for as effective as they are.

We elect Medicare fraudsters and pedophiles to positions of power on the regular.


Florida isn't in play. Imma vote, God damned I'm going to vote, but it feels like I'm pissing off the side of a sinking ship thinking I'm bailing water.",helene,community_discussion,power
lo9m8mu,t3_1fm3ldm,t3_1fm3ldm,florida,GSR667,1726952540,2024-09-21 21:02,1,That smirk looks like even if Kamala won she would still lose Florida.,helene,community_discussion,
lo9ncra,t3_1fm3ldm,t1_lo8exwj,florida,feuwbar,1726952922,2024-09-21 21:08,1,I sent Barbie Harden Hall a few bucks. She's running in the Villages in a district that's been republican and unopposed forever.,helene,community_discussion,
lo9nirn,t3_1fm3ldm,t1_lo7r2n4,florida,_Sympathy_3000-21_,1726952979,2024-09-21 21:09,2,It’s just a small salve for this white booted wound,helene,community_discussion,
lo9p3s3,t3_1fm3ldm,t3_1fm3ldm,florida,PossibleSwing4697,1726953526,2024-09-21 21:18,1,"There’s a lot more Harris voters nestled in NPA than he anticipates. It will be close, you can be sure of that.",helene,community_discussion,
lo9pb3d,t3_1fm3ldm,t1_lo8yhsc,florida,PossibleSwing4697,1726953597,2024-09-21 21:19,7,"This is what they are underestimating, NPA here too.",helene,community_discussion,
lo9pz7d,t3_1fm3ldm,t1_lo8xqpz,florida,PossibleSwing4697,1726953838,2024-09-21 21:23,5,"3.5 million NPA, no way she doesn’t win the majority of those.",helene,community_discussion,
lo9q7so,t3_1fm3ldm,t3_1fm3ldm,florida,PsychdelicCrystal,1726953925,2024-09-21 21:25,1,"Biden literally turned his own birthplace, Jacksonville, blue for the first time since 1948.",helene,community_discussion,
lo9q9v3,t3_1fm3ldm,t1_lo7vrsb,florida,PossibleSwing4697,1726953945,2024-09-21 21:25,3,"I keep saying the same thing, they feel awfully safe when you have 3.5 million NPA’s and she will easily run up in that bloc.",helene,community_discussion,
lo9qpgz,t3_1fm3ldm,t1_lo98ep8,florida,PossibleSwing4697,1726954100,2024-09-21 21:28,0,"Right, you can’t cherry pick a couple of years in the last 20 😭😭",helene,community_discussion,
lo9s5wg,t3_1fm3ldm,t1_lo9k2qx,florida,mackenziepaige,1726954621,2024-09-21 21:37,2,That’s a fucking joke. I just checked Zillow,helene,community_discussion,
lo9uf7f,t3_1fm3ldm,t3_1fm3ldm,florida,QuietProfile417,1726955449,2024-09-21 21:50,1,I think Desantis' and the Republican party's terrible job in governing Florida are the reasons Trump's advantage is getting more and more narrow.,helene,community_discussion,
lo9v6cm,t3_1fm3ldm,t1_lo98ep8,florida,AgreeableMoose,1726955730,2024-09-21 21:55,0,"When Obama was in office gas was well over $4/gallon, strategic reserves got depleted to the point it became a national security issue, deficit spending skyrocketed, and we got soaked on trade, GDP was weak, unemployment of minorities was 3,4x the national average. He also gave $5,000,000,000 to Iran, spent billions on Solar companies that went bankrupt a couple years in. 
The last republican administration filled the reserves on the cheap, became energy independence, sold billions of barrels, lowest minority unemployment in history, (people that went to work after the pandemic is not creating jobs), inflation was well under control, households credit card debt was under $500 billion, today it sits at over $1 trillion. Food was 25-35% less than it is today. If my memory serves me correctly the Republicans have always been responsible for the boom years, by why of Presidency or control of the House and Senate. The Clinton years were amazing for growth and prosperity, and the Republicans controlled both Houses.",helene,community_discussion,
lo9wofm,t3_1fm3ldm,t3_1fm3ldm,florida,Comus_Is_My_Guide,1726956287,2024-09-21 22:04,1,"The Village just had a parade of over 100 golf carts, not for Trump. For Harris. That’s also quite telling.",helene,community_discussion,
lo9xqnv,t3_1fm3ldm,t3_1fm3ldm,florida,FL-Cracker,1726956684,2024-09-21 22:11,1,I went biking the other night in random neighborhoods in Orlando the other night. I saw at least 20 Harris signs and not one single Trump sign.,helene,community_discussion,
loa0fdd,t3_1fm3ldm,t1_lo89pdo,florida,BuddhistSagan,1726957695,2024-09-21 22:28,6,"Disney is donating to nazis and not investing in Florida thanks to ultra rich assholes like Desantis, Trump, other billionaires.",helene,community_discussion,
loa1cez,t3_1fm3ldm,t1_loa0fdd,florida,Experiment626b,1726958041,2024-09-21 22:34,4,"They were always donating to both sides. They are doing to because of capitalism, nothing new about Trump or DeSantis.",helene,community_discussion,
loa1e06,t3_1fm3ldm,t3_1fm3ldm,florida,Lolito666,1726958057,2024-09-21 22:34,1,The problem is that Dems are not that strong enough in Dade county . Latin community went strong for Donny Rotisserie in the last few years,helene,community_discussion,
loa3p4p,t3_1fm3ldm,t1_lo7rpby,florida,ComfortablyNumb863,1726958915,2024-09-21 22:48,-4,What about the economy? Are you ok with the cost of goods and services? Honest question not looking for a political debate,helene,community_discussion,
loa3rlb,t3_1fm3ldm,t1_lo968il,florida,ComfortablyNumb863,1726958940,2024-09-21 22:49,-3,What about the economy? Are you ok with the cost of goods and services? Honest question not looking for a political debate,helene,community_discussion,
loa3xed,t3_1fm3ldm,t3_1fm3ldm,florida,ComfortablyNumb863,1726959002,2024-09-21 22:50,1,What about the economy? Are you ok with the cost of goods and services? Honest question not looking for a political debate,helene,community_discussion,
loa4o2y,t3_1fm3ldm,t3_1fm3ldm,florida,urmumlol9,1726959286,2024-09-21 22:54,1,"She could and it’s more likely than Texas or Ohio but it’s a bit of a longshot tbh.  Trump is leading by  ~4-5% here and unfortunately for Harris, Trump usually outperforms his polling numbers.

Odds checker has it at -667, or 6.67 to 1 odds, which is roughly between a 12.5% and 14% chance of happening.

That said, on the off chance Florida flips, and assuming no other surprises, Harris would only need one of Michigan, Georgia, North Carolina, or Pennsylvania to win.  She could also win by flipping Florida and then winning 2 of Wisconsin, Arizona and Nevada.

Basically on the off-chance she wins Florida and holds the rest of her base, pretty much everything would have to go wrong for her to lose.

That said, her easiest and most realistic path to winning is Pennsylvania, Michigan, and Wisconsin.  Fortunately for her, Harris leads all of those states in polling, unfortunately, it is only by a couple points.",helene,community_discussion,
loa59c1,t3_1fm3ldm,t1_loa3rlb,florida,bde959,1726959515,2024-09-21 22:58,4,I’m willing to take a chance that the Harris administration will take care of that or at least try to.   I just retired a few months ago and I was used to a nice salary so it’s a little bit scary for me at the moment but I think the Republican party will be taking us back to the past and we need to be going forward with the Democrats.   At least the Democrats don’t have mostly crazy people in Congress.,helene,community_discussion,
loa6npo,t3_1fm3ldm,t3_1fm3ldm,florida,Backpack456,1726960057,2024-09-21 23:07,1,When do mail in ballots go out?,helene,community_discussion,
loa893h,t3_1fm3ldm,t3_1fm3ldm,florida,allingoodfun13,1726960684,2024-09-21 23:18,1,I live in Florida and both myself and my wife will be voting for Harris.,helene,community_discussion,
loa8gcl,t3_1fm3ldm,t1_lo7rpby,florida,allingoodfun13,1726960761,2024-09-21 23:19,2,"I agree, a lot less Trump gear this time around.",helene,community_discussion,
loa8zj8,t3_1fm3ldm,t3_1fm3ldm,florida,Glittering-Pack-724,1726960972,2024-09-21 23:22,1,I’m in Florida and I’m voting for Harris,helene,community_discussion,
loa9124,t3_1fm3ldm,t1_loa3p4p,florida,allingoodfun13,1726960989,2024-09-21 23:23,7,For clarification inflation is not confined to just the United States. No one person is responsible for inflation. Inflation was the after effects of what happened during COVID.,helene,community_discussion,
loabpq4,t3_1fm3ldm,t3_1fm3ldm,florida,TheSciFiGuy80,1726962058,2024-09-21 23:40,1,I want her to take Florida so badly so everyone can smear this in his face.,helene,community_discussion,
loac9ns,t3_1fm3ldm,t3_1fm3ldm,florida,snugglebliss,1726962280,2024-09-21 23:44,1,I’d love Kamala to win Florida because it would slap that arrogance right off of DeSantis his ugly ass face.,helene,community_discussion,
loacqas,t3_1fm3ldm,t1_lo7nsve,florida,keelanstuart,1726962463,2024-09-21 23:47,1,...or paid to his political allies in the form of salaries for state positions? New college president... Visit Florida folks...,helene,community_discussion,
loacyyh,t3_1fm3ldm,t1_lo80lxk,florida,keelanstuart,1726962560,2024-09-21 23:49,6,It's been red because of the massive gerrymandering that's gone on.,helene,community_discussion,
loaehjs,t3_1fm3ldm,t1_lo7ol51,florida,CKStephenson,1726963166,2024-09-21 23:59,3,"I'm in Brevard and I'm 100% voting for Harris. She talks about how she wants to help the American people, unlike Trump who only wants to help himself.",helene,community_discussion,
loafc2v,t3_1fm3ldm,t3_1fm3ldm,florida,Separate-Read-435,1726963506,2024-09-22 00:05,1,"Rick Scott and DeSantis and their government control of women, books, schools, should be fired immediately",helene,community_discussion,
loaglgr,t3_1fm3ldm,t3_1fm3ldm,florida,crypticaldevelopment,1726964019,2024-09-22 00:13,1,I live in Florida and there’s good reason that we’re the punchline for jokes around the world.,helene,community_discussion,
loahcbr,t3_1fm3ldm,t3_1fm3ldm,florida,Beneficial_Town_5777,1726964324,2024-09-22 00:18,1,I don’t vote for whores.,helene,community_discussion,
loaizo3,t3_1fm3ldm,t3_1fm3ldm,florida,TheNextBattalion,1726965001,2024-09-22 00:30,1,"The thing you have to understand about Republicans is that they really believe that if you don't admit an unpleasant truth it isn't true.

Their word isn't worth a hill of beans",helene,community_discussion,
loalpzo,t3_1fm3ldm,t1_lo7rpby,florida,Less_Wealth5525,1726966116,2024-09-22 00:48,1,"I’m in another county in Florida. I, too, am seeing far fewer Trump signs, but I think people are still going to vote for him. They are too embarrassed to admit it. I hope I am wrong!",helene,community_discussion,
loam758,t3_1fm3ldm,t3_1fm3ldm,florida,tawDry_Union2272,1726966313,2024-09-22 00:51,1,"fuckhim, i'm voting blue down the ballot.",helene,community_discussion,
loanku0,t3_1fm3ldm,t1_loa9124,florida,NAU80,1726966876,2024-09-22 01:01,2,But I heard Trump say that he will bring down prices on day one. /s,helene,community_discussion,
loaqkwq,t3_1fm3ldm,t1_loa3rlb,florida,Less_Wealth5525,1726968118,2024-09-22 01:21,7,Historically the Dems are better on the economy than Republicans are.,helene,community_discussion,
loaqtl8,t3_1fm3ldm,t3_1fm3ldm,florida,FitSeaworthiness8228,1726968219,2024-09-22 01:23,1,Ron is an out of control fascist wanna be. Problem is Desantis keeps getting humiliated at every turn. Just enjoy his reactions to being constantly humiliated.,helene,community_discussion,
loaucj1,t3_1fm3ldm,t3_1fm3ldm,florida,GreenChocolate,1726969715,2024-09-22 01:48,1,"Look, I really, really, REALLY want to be wrong.  But I feel like Florida is staying red this election. 


In 2020, Florida was making headlines for being ""open for business"" during Covid. The real estate relocation maps show the biggest influx into Florida were from California and New York at that time - the people living in those states were against their own states mandates,  and had the kind of income to impulsively move to locations like Sarasota. ($$$)


So you're looking at more red voters pouring in to pad republican numbers.




I suppose if I WERE to be wrong in this crystal ball forecast,  it could be because of any of the following factors: 


- Young voters being motivated and having a lifetime of school lockdown drills and bomb threats causing them to lean Democrat. 
- Older generations of typically republican voters are naturally passing away. 
- Amendments like 3 and 4 will bring in otherwise unmotivated voters to come out.  ",helene,community_discussion,
loaz6k7,t3_1fm3ldm,t3_1fm3ldm,florida,scoopzthepoopz,1726971774,2024-09-22 02:22,1,I've met many floridians... these people know better than to elect Trump. They just don't *care*.,helene,community_discussion,
lob1b2t,t3_1fm3ldm,t1_lo7rpby,florida,adchick,1726972703,2024-09-22 02:38,5,We live in Orange County and just said the same thing today.,helene,community_discussion,
lob1kzb,t3_1fm3ldm,t1_loa3p4p,florida,adchick,1726972824,2024-09-22 02:40,3,"Nope, which is why I will be voting against additional tariffs that will only cause prices to rise for everyday Americans.",helene,community_discussion,
lob22h5,t3_1fm3ldm,t1_lo7zhlf,florida,adchick,1726973037,2024-09-22 02:43,2,"Please don’t insult the women who kept this country running and nursed our soldiers in WWII.  Women have always been competent, but not always allowed to showcase that competence.",helene,community_discussion,
lob2j2w,t3_1fm3ldm,t3_1fm3ldm,florida,bloatedsewerratz,1726973241,2024-09-22 02:47,1,"Dear Ron, eat 14869607938 dicks.",helene,community_discussion,
lob6flx,t3_1fm3ldm,t3_1fm3ldm,florida,congratsonyournap,1726975007,2024-09-22 03:16,1,"You know what, Kamala should have a rally just to spite him then. There are plenty of us that want her to come to Florida. Wish her campaign would push for that.",helene,community_discussion,
lob6kyd,t3_1fm3ldm,t3_1fm3ldm,florida,Spare_Pollution_6088,1726975076,2024-09-22 03:17,1,"Problem is, the Panhandle IS that dumb.
Gaetz country
DMFers",helene,community_discussion,
lob735s,t3_1fm3ldm,t1_lo9h4c6,florida,Spare_Pollution_6088,1726975309,2024-09-22 03:21,6,"Purge the legislature, enough of this GOP BULLSHIT",helene,community_discussion,
lob7hfn,t3_1fm3ldm,t1_loalpzo,florida,[deleted],1726975494,2024-09-22 03:24,1,[removed],helene,community_discussion,
lob89qh,t3_1fm3ldm,t3_1fm3ldm,florida,PresidentElectFLMan,1726975863,2024-09-22 03:31,1,This is an interesting echo chamber chamber chamber chamber,helene,community_discussion,
lob97r0,t3_1fm3ldm,t3_1fm3ldm,florida,BorisBotHunter,1726976312,2024-09-22 03:38,1,Vote blue up and down the ticket. 💙,helene,community_discussion,
lob9roj,t3_1fm3ldm,t1_loa3p4p,florida,BorisBotHunter,1726976581,2024-09-22 03:43,5,"The rising costs is because the distributors and suppliers are artificially inflating goods. Trump loosened regulations in this industry during his term, he also loosened regulation on the industry that just released a listeria outbreak on the country. ",helene,community_discussion,
lobal6n,t3_1fm3ldm,t1_lo97pzj,florida,BorisBotHunter,1726976982,2024-09-22 03:49,2,Boomer isn’t an age group any more it’s a fucking mentality they passed down to their gen-x and millennial kids. I have many 40 something friends I call boomers because they remind me of my boomer parents in thinking. ,helene,community_discussion,
lobcarm,t3_1fm3ldm,t3_1fm3ldm,florida,LevSaysDream,1726977834,2024-09-22 04:03,1,"The Democratic Party pretty much sucks, the Republican Party was even worse and now the Republican Party is just an extension of a corrupt family business whose patriarch is a serial adulterer sociopathic narcissist WTF. 
USA?USA? That said, the only choice is to not vote or vote Harris Walz (which for the sake of the constitution would be advised)",helene,community_discussion,
lobctz0,t3_1fm3ldm,t1_loa59c1,florida,ComfortablyNumb863,1726978111,2024-09-22 04:08,-2,What about the last 3.5 yrs? Her policy is the same.,helene,community_discussion,
lobcw3j,t3_1fm3ldm,t1_loaqkwq,florida,ComfortablyNumb863,1726978143,2024-09-22 04:09,-3,What about the last 3.5 yrs? Her policy is the same,helene,community_discussion,
lobcx65,t3_1fm3ldm,t1_lob1kzb,florida,ComfortablyNumb863,1726978158,2024-09-22 04:09,-2,What about the last 3.5 yrs? Her policy is the same,helene,community_discussion,
lobcyg9,t3_1fm3ldm,t1_lob9roj,florida,ComfortablyNumb863,1726978176,2024-09-22 04:09,-2,What about the last 3.5 yrs? Her policy is the same,helene,community_discussion,
lobgxja,t3_1fm3ldm,t1_lobcyg9,florida,BorisBotHunter,1726980309,2024-09-22 04:45,2,"The GOP controls the house. They make laws, It is their job to fix this problem not the executive branches. Inflation is a global problem, a problem that we have recovered from the best since the pandemic. Trumps economic plan will run us straight into a recession in 9 months. ",helene,community_discussion,
lobh7mc,t3_1fm3ldm,t1_lobgxja,florida,ComfortablyNumb863,1726980465,2024-09-22 04:47,0,What about the last 3.5 yrs? Her policy is the same,helene,community_discussion,
lobhqnt,t3_1fm3ldm,t3_1fm3ldm,florida,honeybear3333,1726980760,2024-09-22 04:52,1,Harris and Walz are commies. Ron is correct.,helene,community_discussion,
lobiy5u,t3_1fm3ldm,t3_1fm3ldm,florida,pneumoniclife,1726981441,2024-09-22 05:04,1,"He's so fucking full of himself he cannot conceive of the WOMEN and the YOUNG PEOPLE showing up and showing out. He got this way honestly. He has a rubberstamping supermajority that's all too happy to do his bidding. He built himself an Army, unaccountable to anyone BUT him and fully funded by Florida tax dollars. He changed the State constitution to give himself the gift of running for POTUS AND getting to keep his cushy Governor's job. His latest trick is selling State land for golf courses (because we definitely need more of THOSE?!) while kicking sick kids off their desperately needed medical insurance. Yeah. That fucking tool is 100% convinced he's untouchable and I hope he gets LEVELED by what's coming.",helene,community_discussion,
lobk4pn,t3_1fm3ldm,t1_lo9pb3d,florida,scubatim_fl,1726982135,2024-09-22 05:15,1,"NPA in conservative martin county also.. seeing the exact same thing, less trump flags and more Harris stickers all the sudden..",helene,community_discussion,
lobm2em,t3_1fm3ldm,t1_lobctz0,florida,aculady,1726983275,2024-09-22 05:34,4,"The last 3.5 years have had inflation primarily due to things that have nothing to do with the administration""s policies, like the economic fallout from the pandemic and the war in Ukraine.",helene,community_discussion,
lobmm3f,t3_1fm3ldm,t1_lobm2em,florida,ComfortablyNumb863,1726983609,2024-09-22 05:40,1,Border? That's directly going to go hand in hand with resources being eaten up which impacts the economy.,helene,community_discussion,
lobmo46,t3_1fm3ldm,t1_lobh7mc,florida,aculady,1726983642,2024-09-22 05:40,2,Stop copy-pasting this response everywhere. Are you a bot or a paid operative?,helene,community_discussion,
lobmqox,t3_1fm3ldm,t1_lobmo46,florida,ComfortablyNumb863,1726983686,2024-09-22 05:41,1,👍,helene,community_discussion,
lobmu4p,t3_1fm3ldm,t1_lobmo46,florida,ComfortablyNumb863,1726983744,2024-09-22 05:42,1,Why are you so hostile and demanding?,helene,community_discussion,
lobnc5y,t3_1fm3ldm,t1_lo7rpby,florida,StarryMind322,1726984048,2024-09-22 05:47,6,"Also in Brevard, also voting Harris. My neighborhood is full of Trump flags though, but I’m willing to bet there are loads of Harris supporters out there who, like me, rather keep our support to ourselves for obvious reasons.",helene,community_discussion,
lobnjvv,t3_1fm3ldm,t1_lo88x5q,florida,StarryMind322,1726984178,2024-09-22 05:49,2,"To be fair 2022 we didn’t have a decent candidate. It was essentially Florida’s version of Trump vs Biden, where Crist was a horrible choice but better than Desantis. I voted knowing full well my vote was futile.",helene,community_discussion,
lobpu75,t3_1fm3ldm,t1_lobmm3f,florida,aculady,1726985619,2024-09-22 06:13,3,"Are you referring to the decline in cheap agricultural labor in states like Florida and Texas due to those states' policies, which has absolutely contributed to rising food prices? Or to things like Texas backing up Mexican produce trucks at the border for ""inspection"", leading to the food being spoiled, as it was excessively delayed in transit?",helene,community_discussion,
lobq514,t3_1fm3ldm,t1_lobmu4p,florida,aculady,1726985813,2024-09-22 06:16,1,"Because you repeatedly post this ""question"", people respond to you as if you are asking in good faith, and your response is to re-post the exact same question, with no actual engagement.",helene,community_discussion,
lobspmb,t3_1fm3ldm,t1_lo81x4s,florida,Plinkyplonkyploo,1726987496,2024-09-22 06:44,1,A lot can happen in 6 weeks in politics.,helene,community_discussion,
lobszxv,t3_1fm3ldm,t1_lo7twad,florida,Plinkyplonkyploo,1726987681,2024-09-22 06:48,1,That's only one poll. Morning Consult poll taken before and after the debate has her within the margin of error.,helene,community_discussion,
lobtaup,t3_1fm3ldm,t1_loa4o2y,florida,Plinkyplonkyploo,1726987880,2024-09-22 06:51,1,"Pollsters are having a notoriously hard time getting young people to answer polls because they don't pick up the phone or click on unknown links. The youth vote is motivated and has important issues at stake, and could make a big difference this cycle. Also the Swiftie effect lol.",helene,community_discussion,
lobtfjg,t3_1fm3ldm,t1_lob6flx,florida,Plinkyplonkyploo,1726987965,2024-09-22 06:52,2,I heard either a Walz or Harris rally is possibly in the works.,helene,community_discussion,
lobv4gw,t3_1fm3ldm,t1_lobspmb,florida,SawgrassSteve,1726989075,2024-09-22 07:11,1,True.,helene,community_discussion,
lobvez2,t3_1fm3ldm,t3_1fm3ldm,florida,ScheduleFormer1394,1726989270,2024-09-22 07:14,1,"Yes, he believes all people in Florida are ignorant and just like him.",helene,community_discussion,
lobwne1,t3_1fm3ldm,t3_1fm3ldm,florida,SingleStructure7784,1726990100,2024-09-22 07:28,1,Ronald DeSantis is a moron.,helene,community_discussion,
lobyxw0,t3_1fm3ldm,t1_lo7ol51,florida,FinsFan305,1726991670,2024-09-22 07:54,2,!remindme November 6 2024,helene,community_discussion,
lobyzoz,t3_1fm3ldm,t1_lobyxw0,florida,[deleted],1726991705,2024-09-22 07:55,1,[removed],helene,community_discussion,
loc2so6,t3_1fm3ldm,t3_1fm3ldm,florida,morgandrew6686,1726994332,2024-09-22 08:38,1,please lets make it happen my fellow floridians,helene,community_discussion,
loc2xbo,t3_1fm3ldm,t3_1fm3ldm,florida,[deleted],1726994419,2024-09-22 08:40,1,[removed],helene,community_discussion,
loc3lnx,t3_1fm3ldm,t1_lo9886j,florida,islandfay,1726994885,2024-09-22 08:48,6,Republicans tell you what to do and claim that it’s freedom. More like freeDUMB,helene,community_discussion,
loc6xlm,t3_1fm3ldm,t1_lo7vrsb,florida,ReaderofReddit411,1726997199,2024-09-22 09:26,3,"Boomers we know are pro Harris and absolutely disgusted by Trump Administration proposals, including Project 2025 which is irrefutably tied to Trump, despite his denials.",helene,community_discussion,
loc72nx,t3_1fm3ldm,t1_lo7ol51,florida,ReaderofReddit411,1726997296,2024-09-22 09:28,2,We are in Brevard and all of us in our household are voting for Harris and got all Dem candidates.,helene,community_discussion,
loc9g7l,t3_1fm3ldm,t3_1fm3ldm,florida,Ariusrevenge,1726998960,2024-09-22 09:56,1,"How many people in South Florida owe assessments over $100,000 on a condo? 990,000 buildings over 30 years old. Who can afford homeowners insurance? Who has seen auto insurance increase 300% since the pandemic? 

Welcome to Florida? It sucks! GOP domination for 30 years at every state level office is showing its many weaknesses for everyday transplants to Florida. So the retirees will vote on mass for old white self right out cultural warriors and nothing will change. Human nature is not aging like fine wine.",helene,community_discussion,
locct9w,t3_1fm3ldm,t1_lobpu75,florida,ComfortablyNumb863,1727001252,2024-09-22 10:34,1,Or the 20 million illegals straining the economy,helene,community_discussion,
loccvov,t3_1fm3ldm,t3_1fm3ldm,florida,quacksthuduck,1727001298,2024-09-22 10:34,1,"(Not a threat,) Be careful what we post . We may get  a visitor from his administration. Like the potion group did.",helene,community_discussion,
loccwn8,t3_1fm3ldm,t1_lobq514,florida,ComfortablyNumb863,1727001315,2024-09-22 10:35,1,It's a question. I don't have to engage. You seem butt hurt. Do you have any constructive additions? If not ✌️,helene,community_discussion,
locfv1y,t3_1fm3ldm,t1_loa3rlb,florida,[deleted],1727003192,2024-09-22 11:06,1,[removed],helene,community_discussion,
locgcit,t3_1fm3ldm,t1_lo8vlpq,florida,JJchris,1727003480,2024-09-22 11:11,1,"To be fair, I’m in Orange and happily voting for Harris but I don’t have any yard signs. I know tons of people who are similar.

I’m honestly not sure how Florida is going to go this time although my gut says light pink vs deep red. I definitely don’t believe Republicans are as secure as they think they are.",helene,community_discussion,
loci2be,t3_1fm3ldm,t3_1fm3ldm,florida,DefKnightSol,1727004484,2024-09-22 11:28,1,"Funny 😄 how they really believe most people moving from Cali are here for the politics , and not the cost of living",helene,community_discussion,
locjbnh,t3_1fm3ldm,t3_1fm3ldm,florida,BigMikeThurs,1727005188,2024-09-22 11:39,1,I will vote all blue until the gop divorces itself from Trump,helene,community_discussion,
locolgv,t3_1fm3ldm,t3_1fm3ldm,florida,NeighborhoodFew1120,1727007882,2024-09-22 12:24,1,"Supervisor for elections of Brevard County breakdown

Democrat=115,394
Republican=197,573
NPA=108,497
Other=15,350
Total=436,814",helene,community_discussion,
locosyx,t3_1fm3ldm,t3_1fm3ldm,florida,Cetophile,1727007981,2024-09-22 12:26,1,"The Harris campaign is investing in Florida.   I imagine if the internals show her trending upward here, she may campaign here.   But right now she needs to ""build the wall""--the blue wall, that is (WI, MI, PA).",helene,community_discussion,
locowh2,t3_1fm3ldm,t3_1fm3ldm,florida,MysteriousTooth2450,1727008029,2024-09-22 12:27,1,He also thinks we are dumb enough to fall for his No on 4 commercials and emails. I hope we aren’t.,helene,community_discussion,
locrz5m,t3_1fm3ldm,t3_1fm3ldm,florida,Cherik847,1727009454,2024-09-22 12:50,1,Make Florida blue!,helene,community_discussion,
loct9mu,t3_1fm3ldm,t3_1fm3ldm,florida,spinzzalot,1727010021,2024-09-22 13:00,1,"As an undecided independent, are you folks really happy with how the past 4 years have gone? I'm not a Trump fan, but wouldn't voting for Harris ensure a copy paste of what we have now? Possibly worse since all we really have to work off now, since she isn't doing press conferences, are the campaign promises she made the last time she ran.",helene,community_discussion,
locugfk,t3_1fm3ldm,t1_locct9w,florida,br1zzle,1727010531,2024-09-22 13:08,3,"Immigration in mass can put strain on government resources, especially local governments with limited budgets. This is a normal progression as locales grow and learn to scale. This is why competent local government officials are so important. 

I'd love to see a citation on how immigration strains an ""economy."" That's an extremely vague statement with no substance whatsoever. 

If one was to take a half semester course on macroeconomics (or a 30 second Google search) they would surely understand that a 20m boost in population is without a doubt great for any economy because those people earn and spend in their new region.

Anti-immigration stances are generally short-sighted, poorly articulated, and stem from a racist Us vs. Them mentality. I'd suggest engaging in some literature distributed by modern academia and unplug from cable TV & Twitter next time you want to drop a public critique on economics.",helene,community_discussion,
locwsd9,t3_1fm3ldm,t3_1fm3ldm,florida,justmesayingmything,1727011506,2024-09-22 13:25,1,Same guy who said he was going to take all of Iowa and took 0 counties.,helene,community_discussion,
locxxv8,t3_1fm3ldm,t1_loccwn8,florida,aculady,1727011974,2024-09-22 13:32,1,"Yes, I replied to you elsewhere in one of the dozens of other places you spammed that question.",helene,community_discussion,
lod3yg2,t3_1fm3ldm,t1_lob22h5,florida,trtsmb,1727014179,2024-09-22 14:09,0,"It's not an insult. It's how men want to perceive women and put them ""back in their place"".",helene,community_discussion,
lodg2l2,t3_1fm3ldm,t3_1fm3ldm,florida,specialbrew70,1727018434,2024-09-22 15:20,1,He's so pretty.,helene,community_discussion,
lodh9eq,t3_1fm3ldm,t1_locugfk,florida,ComfortablyNumb863,1727018830,2024-09-22 15:27,1,"No substance? Look at Scranton. 50,000 population and add 20,000 illegals and strain. It's already strained local resources there which ultimately is federal full circle",helene,community_discussion,
lodhfad,t3_1fm3ldm,t1_locxxv8,florida,ComfortablyNumb863,1727018884,2024-09-22 15:28,1,I'm sorry you came across as rude because I don't do what you like? I hope things get better for you,helene,community_discussion,
lodnv9u,t3_1fm3ldm,t1_loa3rlb,florida,bde959,1727020918,2024-09-22 16:01,1,"I am fine with it and it is getting better. It takes a while to get back on track after a worldwide pandemic.

It would’ve been worse if Trump would’ve been in office.  

Either way Trump is a danger to this country and I would vote for the other party no matter how bad the economy was at this time which it’s not bad",helene,community_discussion,
lodo8em,t3_1fm3ldm,t1_lodh9eq,florida,bde959,1727021037,2024-09-22 16:03,3,"They are there legally, and that city needed those people because they didn’t have enough people for the job they had available.

The Haitians had an invitation to come to that city, and they came to it legally",helene,community_discussion,
lodouiq,t3_1fm3ldm,t1_lobal6n,florida,bde959,1727021228,2024-09-22 16:07,1,I have a kid that was born in 1982 and he’s more dull than I am.   He likes Donald Trump too.,helene,community_discussion,
lodpmp7,t3_1fm3ldm,t1_lodo8em,florida,ComfortablyNumb863,1727021472,2024-09-22 16:11,1,Legally? What are you kidding me? Because the government shipped them folks there certainly doesn't make them legal but wow,helene,community_discussion,
lodqnw7,t3_1fm3ldm,t1_lobcw3j,florida,Less_Wealth5525,1727021795,2024-09-22 16:16,2,Our economic growth has been better than that of the rest of the world.,helene,community_discussion,
lodtwed,t3_1fm3ldm,t1_lodouiq,florida,BorisBotHunter,1727022732,2024-09-22 16:32,3,My state hit $1B in sales but mid June. Last year cannabis sales tax generated $425m in revenue. ,helene,community_discussion,
lodwou2,t3_1fm3ldm,t1_lodtwed,florida,bde959,1727023553,2024-09-22 16:45,2,It’s just plain silly that it’s been illegal for so long.  Think about the money from sales tax we have lost for the last 50 years think about how many people have been sent to prison for possession of small amounts of pot.,helene,community_discussion,
lodxfhu,t3_1fm3ldm,t1_lodpmp7,florida,bde959,1727023783,2024-09-22 16:49,3,"Yes, it does.  The government gave them sanctuary from a bad place and that is perfectly legal.",helene,community_discussion,
lodypk6,t3_1fm3ldm,t3_1fm3ldm,florida,Live-Test-8831,1727024178,2024-09-22 16:56,1,"Has there been any recent news about Ron supporting the 500,000 Haitians in his state?",helene,community_discussion,
lodzult,t3_1fm3ldm,t1_lodqnw7,florida,ComfortablyNumb863,1727024533,2024-09-22 17:02,1,But what about your economic growth?,helene,community_discussion,
loe0gve,t3_1fm3ldm,t1_lo7tt2w,florida,Babylovesim,1727024725,2024-09-22 17:05,1,"the old people alone make our elections, and Trump did wonderful things for the elderly and veterans. they also voted Trump!",helene,community_discussion,
loek6c8,t3_1fm3ldm,t1_lobcx65,florida,adchick,1727030558,2024-09-22 18:42,2,Which specific policy do you take issue with?  Or is this just a general complaint that post COVID prices are higher worldwide (not just in the US)?,helene,community_discussion,
loenps4,t3_1fm3ldm,t1_loek6c8,florida,ComfortablyNumb863,1727031618,2024-09-22 19:00,-1,Inflation border Israel Hamas jobs there's a very long list Ukraine I mean look at your finances now compared and what policy does Harris have? Zero she's shallow and fooling the fools,helene,community_discussion,
lofmyoh,t3_1fm3ldm,t1_loenps4,florida,adchick,1727042671,2024-09-22 22:04,2,What imports from Israel and Hamas are hitting your pocket book the hardest?,helene,community_discussion,
lofska6,t3_1fm3ldm,t1_lofmyoh,florida,ComfortablyNumb863,1727044635,2024-09-22 22:37,0,Trade ships get hit by terrorists. Look it up. High traffic area for important goods. Ukraine for example is it grain? I don't recall but the whole country is in shambles and we lead the world regardless if you agree it's been like that for many years. America is broken in a short time.,helene,community_discussion,
lo7isgt,t3_1fm3peg,t3_1fm3peg,florida,AutoModerator,1726927277,2024-09-21 14:01,0,"
Please note that only active users in the subreddit may comment in this discussion. If your comments are not showing up, please ensure you have active non-news/non-political contributions to the subreddit before contacting the moderators.

 [See our posting guidelines for more information.](https://www.reddit.com/r/florida/wiki/index/political_guidelines/)

**Remember the following:**

**Be Civil:**

* You are welcome to debate, discussion, and argue ideas, but don't resort to personal attacks on other users. 
* We do not allow any form of hate speech or any suggestion/support of harm, violence, or death.

**Must be related strictly to Florida:**

* National News/Elections are not specific to Florida. 
* Just because someone lives in Florida, doesn't mean their entire life is relevant to Floridians. 

If you see comments in violation of our rules, please report them.

#[Click this link to register to vote, update your voter information, or check your status.](https://registertovoteflorida.gov/)


*I am a bot, and this action was performed automatically. Please [contact the moderators of this subreddit](/message/compose/?to=/r/florida) if you have any questions or concerns.*",helene,community_discussion,
lo7mt8e,t3_1fm3peg,t3_1fm3peg,florida,RickTracee,1726928687,2024-09-21 14:24,1,"Abortion is considered necessary healthcare all over the world.

According to 2020 figures from the CDC:

More than 93% of abortions were done at or before 13 weeks.

5.5% were done between 14 and 20 weeks.

Less than 1% were performed after 21 weeks.

https://www.webmd.com/baby/when-can-a-fetus-feel-pain-in-the-womb

https://time.com/6173229/countries-abortion-illegal-restrictions/

https://worldpopulationreview.com/country-rankings/countries-where-abortion-is-illegal",helene,community_discussion,
lo7q8xe,t3_1fm3peg,t1_lo7mt8e,florida,heresmytwopence,1726929852,2024-09-21 14:44,0,"It’s honestly irrelevant to me that there are compelling arguments for keeping abortion legal. There are no compelling arguments for banning it outside of those conjured up in interpretations of old fairy tales. If you want to brag about living in a free state and free country, you need a damn compelling reason for banning something, especially something that happens in a medical facility.",helene,community_discussion,
lo7tk3r,t3_1fm3peg,t3_1fm3peg,florida,florida-ModTeam,1726930967,2024-09-21 15:02,1,"This submission has been removed:

**4. News/Politics - Please Follow Our Guidelines**

- Post Title Should Match Title of Article Word-for-Word Without Editorialization

If you believe we made a mistake, please [message the moderators](https://www.reddit.com/message/compose?to=/r/florida)",helene,community_discussion,
lo7nn4u,t3_1fm4az7,t3_1fm4az7,florida,AutoModerator,1726928970,2024-09-21 14:29,1,"
Your [submission](https://www.reddit.com/r/florida/comments/1fm4az7/pregnancy_deaths_rose_by_56_after_ban_on_abortion/) has been removed from r/Florida. 

**Please link directly to the news article.**

If you have an 'amp' link, get the direct url by pasting it into here: https://www.amputatorbot.com/

If you got it from a news aggrator site (like MSN News, Yahoo news, Apple News, etc.) You can find the source of the article at the top and/or a link to the original article at the bottom: ""This article was originally published on ""

[Please see our posting guidelines for more information.](https://www.reddit.com/r/florida/wiki/index/political_guidelines/)


*I am a bot, and this action was performed automatically. Please [contact the moderators of this subreddit](/message/compose/?to=/r/florida) if you have any questions or concerns.*",helene,community_discussion,
lo7ok9m,t3_1fm4c66,t3_1fm4c66,florida,Starshipstoner420,1726929282,2024-09-21 14:34,6,Clickbait bs,helene,community_discussion,
lo7pjj4,t3_1fm4c66,t1_lo7ok9m,florida,Kei_Kobayashi,1726929613,2024-09-21 14:40,0,onb,helene,community_discussion,
lo7pjxu,t3_1fm4c66,t3_1fm4c66,florida,ArressFTW,1726929617,2024-09-21 14:40,3,riiiight. new to reddit but figured out how to link your OF and other trash accounts on your profile. ,helene,community_discussion,
lo7po70,t3_1fm4c66,t3_1fm4c66,florida,Rose-Red-Witch,1726929656,2024-09-21 14:40,3,Get the fuck outta here with your bullshit bot post because Florida already has way too much dumb bullshit to deal with!,helene,community_discussion,
lo7pse0,t3_1fm4c66,t1_lo7ok9m,florida,[deleted],1726929695,2024-09-21 14:41,1,[removed],helene,community_discussion,
lo7pw9c,t3_1fm4c66,t1_lo7po70,florida,[deleted],1726929732,2024-09-21 14:42,1,[removed],helene,community_discussion,
lo7q0w0,t3_1fm4c66,t1_lo7pjxu,florida,Signal_Trade_1322,1726929775,2024-09-21 14:42,-2,seemed pretty self explanatory,helene,community_discussion,
lo7rjbj,t3_1fm4c66,t3_1fm4c66,florida,MicGuinea,1726930289,2024-09-21 14:51,2,"Of all the fukin places? Haha, desperate ass they with a failing OF",helene,community_discussion,
lo8ymky,t3_1fm4c66,t1_lo7po70,florida,Mariaramos2,1726944438,2024-09-21 18:47,0,Where do you live?,helene,community_discussion,
lo80wfe,t3_1fm5vtq,t3_1fm5vtq,florida,AutoModerator,1726933410,2024-09-21 15:43,1,"
Please note that only active users in the subreddit may comment in this discussion. If your comments are not showing up, please ensure you have active non-news/non-political contributions to the subreddit before contacting the moderators.

 [See our posting guidelines for more information.](https://www.reddit.com/r/florida/wiki/index/political_guidelines/)

**Remember the following:**

**Be Civil:**

* You are welcome to debate, discussion, and argue ideas, but don't resort to personal attacks on other users. 
* We do not allow any form of hate speech or any suggestion/support of harm, violence, or death.

**Must be related strictly to Florida:**

* National News/Elections are not specific to Florida. 
* Just because someone lives in Florida, doesn't mean their entire life is relevant to Floridians. 

If you see comments in violation of our rules, please report them.

#[Click this link to register to vote, update your voter information, or check your status.](https://registertovoteflorida.gov/)


*I am a bot, and this action was performed automatically. Please [contact the moderators of this subreddit](/message/compose/?to=/r/florida) if you have any questions or concerns.*",helene,community_discussion,
lo823is,t3_1fm5vtq,t3_1fm5vtq,florida,Tyrell_Hicks_4FLHD68,1726933805,2024-09-21 15:50,7,![gif](giphy|3ohA2R5QwHMfSqV9oQ|downsized),helene,community_discussion,
lo82bie,t3_1fm5vtq,t3_1fm5vtq,florida,efequalma,1726933879,2024-09-21 15:51,11,Looks like Hochman’s career is marching right along—literally.,helene,community_discussion,
lo836xl,t3_1fm5vtq,t3_1fm5vtq,florida,cgally,1726934168,2024-09-21 15:56,60,The Hypocrisy of a nation founded by immigrants complaining about immigration. It's only the fringe groups but we all need to denounce and reject this type of rhetoric.,helene,community_discussion,
lo85222,t3_1fm5vtq,t3_1fm5vtq,florida,Switchgamer1970,1726934787,2024-09-21 16:06,17,Vote Blue.,helene,community_discussion,
lo876vc,t3_1fm5vtq,t3_1fm5vtq,florida,Eastern-Nothing-8389,1726935499,2024-09-21 16:18,1,Rubio has nice teeth. We all know what that is code for back in the day. Right? The cop didn't lie. I hope that fuck also chokes on a ham sandwich,helene,community_discussion,
lo885jp,t3_1fm5vtq,t3_1fm5vtq,florida,nobodyisfreakinghome,1726935814,2024-09-21 16:23,84,And yet that little twerp has the balls to quote scripture.  Rubio is a low life.,helene,community_discussion,
lo8bqzq,t3_1fm5vtq,t1_lo885jp,florida,Ambitious-Title1963,1726936995,2024-09-21 16:43,9,I found it hypocritical,helene,community_discussion,
lo8cz71,t3_1fm5vtq,t3_1fm5vtq,florida,joshJFSU,1726937388,2024-09-21 16:49,3,To the surprise of no one.,helene,community_discussion,
lo8dn3n,t3_1fm5vtq,t1_lo836xl,florida,DJ5Hole,1726937600,2024-09-21 16:53,-17,"You mean - A nation of laws lead by the lawless, who practice law fare, break the law by ignoring the Supreme Court, fail to prosecute violent criminals and bail out ‘mostly peaceful protesters’ who burn down our cities. 
- now that’s the leadership we need! Vote blue!",helene,community_discussion,
lo8fqnk,t3_1fm5vtq,t3_1fm5vtq,florida,VomitingPotato,1726938272,2024-09-21 17:04,37,Marco Rubio does nothing at all for Florida.,helene,community_discussion,
lo8fzf8,t3_1fm5vtq,t3_1fm5vtq,florida,kdonirb,1726938354,2024-09-21 17:05,15,there is no such thing as a neo nazi - they are nazis,helene,community_discussion,
lo8hoj9,t3_1fm5vtq,t3_1fm5vtq,florida,Killallattys,1726938888,2024-09-21 17:14,18,Fuck all these GOPers/MAGAts. They are all fascists. Didn’t our parents or grandparents fight a war against the Nazi Facist threat?,helene,community_discussion,
lo8ht7a,t3_1fm5vtq,t1_lo8dn3n,florida,Alternative-Tie2366,1726938928,2024-09-21 17:15,9,The fuck you on about?,helene,community_discussion,
lo8iyzq,t3_1fm5vtq,t3_1fm5vtq,florida,Live-Test-8831,1726939292,2024-09-21 17:21,1,Did Marco and Scot announce their condemnation of Donald’s and JD Haitian comments. Wouldn’t they know the truth with the largest Haitian population in US?,helene,community_discussion,
lo8kkh5,t3_1fm5vtq,t1_lo8hoj9,florida,fledflorida,1726939799,2024-09-21 17:29,8,"My dad and my uncle fought WWII.  My uncle came back in a body bag.  Seeing such disrespect of our country and service members is shocking. Every time I see/hear it, never gets easier.  This hate has been passed down through the generations.  We need to stand against the crazies.  Even after this election, we still need to stand and be heard",helene,community_discussion,
lo8kmhu,t3_1fm5vtq,t3_1fm5vtq,florida,RepulsiveRooster1153,1726939816,2024-09-21 17:30,1,[larry](https://imgur.com/DBWJ7Zy) needs to leave,helene,community_discussion,
lo8kuqr,t3_1fm5vtq,t1_lo8ht7a,florida,[deleted],1726939887,2024-09-21 17:31,1,[removed],helene,community_discussion,
lo8m2zn,t3_1fm5vtq,t1_lo836xl,florida,TextualChocolate77,1726940281,2024-09-21 17:38,-4,Are you saying a nation of immigrants has no right to regulate immigration?,helene,community_discussion,
lo8mkdb,t3_1fm5vtq,t1_lo8fqnk,florida,Kissit777,1726940432,2024-09-21 17:40,25,"Neither does Rick Scott. They are both awful. 

Debbie Mucarsel-Powell is running against Scott. She has my enthusiastic vote. She isn’t part of the Project 2025 BS.",helene,community_discussion,
lo8muu5,t3_1fm5vtq,t1_lo8iyzq,florida,Kissit777,1726940526,2024-09-21 17:42,2,"They only know what their handlers tell them to know. 

I can’t wait to vote for Debbie Mucarsel-Powell. She is running against Scott and she wants to actually help the US and Florida. 

Unlike our current two asshats.",helene,community_discussion,
lo8oxxg,t3_1fm5vtq,t1_lo8m2zn,florida,rogless,1726941183,2024-09-21 17:53,2,"That is what they’re saying, yes. Up next will be an excerpt from “The New Colossus”, as though it’s national policy.

We need sensible immigration reform that accounts for the wants and needs of Americans as well as would-be immigrants. That includes controlling our borders as well as humane and fair treatment of the latter.",helene,community_discussion,
lo8p6oy,t3_1fm5vtq,t1_lo885jp,florida,trtsmb,1726941261,2024-09-21 17:54,42,Not to mention his own parents were immigrants but Cubans like to stick it to everyone else and think they're special.,helene,community_discussion,
lo8pht3,t3_1fm5vtq,t1_lo8ht7a,florida,[deleted],1726941362,2024-09-21 17:56,1,[removed],helene,community_discussion,
lo8pi7j,t3_1fm5vtq,t3_1fm5vtq,florida,Ok_Flan4404,1726941366,2024-09-21 17:56,2,"Yes, Cubichi Mojito Rubio's strong  anti-immigrant stance... Where was your anti-immigrant stance when your people had almost carte blanche to come over here?",helene,community_discussion,
lo8q4gt,t3_1fm5vtq,t1_lo8m2zn,florida,incognegro1976,1726941576,2024-09-21 17:59,3,"Not even close to what he's saying. 

At the very least, we would like to stop shitbag conservatives and right wingers from lying on legal immigrants, saying they're eating people's pets and committing crimes when all facts and studies show that immigrants literally commit less crimes than native born Americans. 

While we are at it, can we get racist idiot conservatives to stop applying separate standards to brown and black immigrants and ""white looking"" immigrants? 

That would be cool too. 

Maybe start by ditching Laura Loomer and all the Nazis around your party.",helene,community_discussion,
lo8u2fj,t3_1fm5vtq,t3_1fm5vtq,florida,Coolenough-to,1726942897,2024-09-21 18:21,-6,Everyone who disagrees with Democrats is nazis. Half the country are nazis. We should round them up and put them all in camps. blah blah blah..,helene,community_discussion,
lo8ugbu,t3_1fm5vtq,t3_1fm5vtq,florida,[deleted],1726943020,2024-09-21 18:23,1,[removed],helene,community_discussion,
lo8v78w,t3_1fm5vtq,t1_lo8dn3n,florida,SaliciousB_Crumb,1726943266,2024-09-21 18:27,14,Lol lawfare. The law and order party says breaking laws is now unfair... they prosecuted those who burnt down parts of the city. It was rightwing lunatics from out if state. https://www.latimes.com/california/story/2020-06-17/far-right-boogaloo-boys-linked-to-killing-of-california-lawmen-other-violence https://www.google.com/amp/s/amp.theguardian.com/world/2020/oct/23/texas-boogaloo-boi-minneapolis-police-building-george-floyd,helene,community_discussion,
lo8xhe5,t3_1fm5vtq,t3_1fm5vtq,florida,dallasdude,1726944047,2024-09-21 18:40,1,"“one of the videos was reposted by far-right account End Wokeness, and reposted in turn by Musk to his nearly 200 million followers along with a nugget of political analysis. “Pennsylvania is a swing state,” Musk wrote”

They aren’t even pretending this is anything other than a political stunt",helene,community_discussion,
lo8zmth,t3_1fm5vtq,t1_lo8mkdb,florida,Teht,1726944789,2024-09-21 18:53,8,"Yes!  Debbie Mucarsel-Powell is starting to get attention.  Amendments 3 and 4 and now Harris are bringing so much attention.  I'm starting to see Harris signs in Brevard where I live, I pull over to shake hands and say thank you when I see a new one, and tell them about Debbie.  Rick Scott could be gone in a month if she gets the attention she needs.",helene,community_discussion,
lo928h1,t3_1fm5vtq,t3_1fm5vtq,florida,GizmoGeodog,1726945703,2024-09-21 19:08,1,"The only thing drumpf had right is ""Little Marco"". He is ""little"" - little integrity, little intelligence , little use to our state. He's a little turd that I'd like to scrape off the bottom of my shoe",helene,community_discussion,
lo92l8o,t3_1fm5vtq,t1_lo8u2fj,florida,wintertash,1726945830,2024-09-21 19:10,2,"This guy was fired by Ron DeSantis, who is definitely not a Democrat, for using Nazi imagery in a campaign video.",helene,community_discussion,
lo93mvq,t3_1fm5vtq,t1_lo8v78w,florida,DJ5Hole,1726946202,2024-09-21 19:16,-8,"We all know Democrats are the party of violence, racism and elitism",helene,community_discussion,
lo93txg,t3_1fm5vtq,t3_1fm5vtq,florida,Present-Meet-7999,1726946269,2024-09-21 19:17,2,So much for Cubans being anti Russian.,helene,community_discussion,
lo951o2,t3_1fm5vtq,t1_lo93txg,florida,NIN10DOXD,1726946699,2024-09-21 19:24,1,"They hated the Soviets, but are all for Putin because he's far right. An unfortunate number of Cuban Americans support right-wing authoritarianism because they want to silence the left.",helene,community_discussion,
lo96a4x,t3_1fm5vtq,t1_lo8zmth,florida,Kissit777,1726947139,2024-09-21 19:32,8,It would be great to get rid of Scott. He has done NOTHING for Florida.,helene,community_discussion,
lo99qik,t3_1fm5vtq,t1_lo93mvq,florida,[deleted],1726948333,2024-09-21 19:52,1,[removed],helene,community_discussion,
lo99thb,t3_1fm5vtq,t1_lo8p6oy,florida,Redshoe9,1726948362,2024-09-21 19:52,9,"My grandma used to tell me stories about how it was so scandalous when her English dad married her Irish mother.   Just look at the political cartoons from the time period. ""Irish, need not apply.""  ""Stop the immigrants from the slums of Europe.""  Italians, Greeks, Polish, Irish.  That's hatred was the trend in 1903. That's only 121 years ago. 

Once you start targeting groups it's only a matter of time before it spreads and before you know it Cubans, Italians, Greeks are told to start being afraid.",helene,community_discussion,
lo9nory,t3_1fm5vtq,t1_lo8p6oy,florida,Unfair-Wonder5714,1726953036,2024-09-21 21:10,2,Kickin’ that ladder,helene,community_discussion,
lo9svmb,t3_1fm5vtq,t1_lo96a4x,florida,DontFearTheCreaper,1726954884,2024-09-21 21:41,4,"didn't he literally defraud the state's Medicare recipients?  And then bitch about being, ""politically persecuted?""  

[https://www.miamiherald.com/news/politics-government/article288431251.html](https://www.miamiherald.com/news/politics-government/article288431251.html)

Seems legit...?",helene,community_discussion,
lo9trae,t3_1fm5vtq,t1_lo8muu5,florida,DontFearTheCreaper,1726955205,2024-09-21 21:46,0,"I don't get a vote this cycle, unfortunately, but I don't think Debbie has much of a chance.  for whatever reason, this state has made a pretty hard right turn.  I'd love to be proven wrong, though!  even if she may not win, even a really close race would send a message.  we'll see how it turns out, I'll be watching and hoping... 😉",helene,community_discussion,
lo9ucvl,t3_1fm5vtq,t1_lo9trae,florida,Kissit777,1726955425,2024-09-21 21:50,1,You’re wrong. She does have a chance. Look at the polls. She is gaining fast.,helene,community_discussion,
lo9wcsa,t3_1fm5vtq,t1_lo9ucvl,florida,DontFearTheCreaper,1726956169,2024-09-21 22:02,1,"hey girl, I am totally aware of the polling and I would LOVE for her to win.  I'm just being honest.  no need for the shade, we're on the same page.",helene,community_discussion,
lo9wqfa,t3_1fm5vtq,t3_1fm5vtq,florida,stocksandoptions2,1726956307,2024-09-21 22:05,1,Little Marco needs to go.,helene,community_discussion,
lo9wxu0,t3_1fm5vtq,t1_lo92l8o,florida,Lopsided_Parfait7127,1726956386,2024-09-21 22:06,2,u/Coolenough-to would think Leni Riefenstahl is not really a nazi as long as she voted for trump,helene,community_discussion,
lo9y5vm,t3_1fm5vtq,t1_lo9wxu0,florida,Coolenough-to,1726956843,2024-09-21 22:14,0,"lol, who is that even? Wait- now Im a nazi too ?😨",helene,community_discussion,
loa3zrz,t3_1fm5vtq,t1_lo9y5vm,florida,wintertash,1726959026,2024-09-21 22:50,3,"Dude, when you publicly argue that someone who was fired by one of the most conservative governors in the USA for using Nazi imagery shouldn’t be called a Nazi, that makes you a Nazi apologist, which is certainly Nazi-adjacent. What’s hard to accept about that?",helene,community_discussion,
loa4kjk,t3_1fm5vtq,t1_loa3zrz,florida,Coolenough-to,1726959248,2024-09-21 22:54,0,"The headline is associating Marco Rubio with Naziism. I don't know anything about this other issue. Nor do I care. 

**Tell me Rubio's policy, and I will judge it on its merits**. I don't care who else happens to support it. It doesn't matter.",helene,community_discussion,
loa5w2w,t3_1fm5vtq,t1_lo8p6oy,florida,PsychdelicCrystal,1726959760,2024-09-21 23:02,10,"& he lies about when his parents left Cuba to make himself more electable. There is a Floridian republican Cuban congressman whose father was in Batista’s cabinet & whose aunt married Fidel Castro. 

Both of them have no problem attacking Alejandro Mayorkas, who is a Cuban man that is also the secretary of homeland security, when it suits their interests.",helene,community_discussion,
loaklx3,t3_1fm5vtq,t1_lo99thb,florida,trtsmb,1726965662,2024-09-22 00:41,3,"People always think it will be some other group. During the Dust Bowl era, there were signs up ""Okies go home"". People saw folks from Oklahoma as being troublemakers and shiftless.",helene,community_discussion,
loamjg3,t3_1fm5vtq,t1_loa4kjk,florida,wintertash,1726966451,2024-09-22 00:54,2,"Ah, so you didn’t *read* the article you’re commenting on! The linked article lays out that a think tank that Rubio supports, a think tank whose founding mission statement says that it was formed to advance the ideas Marco Rubio pioneered, and which is run by his former chief of staff, has hired a guy who did Nazi shit when employed by Governor Desantis, to make videos about Haitian immigrants in Pennsylvania (he’s also writing anti-immigrant articles for other outlets).  

No where in the Reddit post you’re commenting on, or in the actual headline or body of the article linked, is Marco Rubio called a Nazi. But this think tank, which is deeply tied to the Senator, hired a Neo Nazi who is pretty infamous in Florida politics, to essentially speak in the Rubio’s name. That’s newsworthy. 

The post title was inarticulate, but you’d know all of that if you’d read the article before commenting. Instead you jumped to the idea that Nazism was only being brought up because the people involved are conservatives, and ended up defending a fucking Neo Nazi, who was too toxic and brazen in his Nazi shit for Governor DeSantis, who sure as hell isn’t a liberal.",helene,community_discussion,
loao0g8,t3_1fm5vtq,t1_loamjg3,florida,Coolenough-to,1726967058,2024-09-22 01:04,1,The headline is meant to portray Rubio as a nazi.,helene,community_discussion,
loapbtk,t3_1fm5vtq,t1_lo8pi7j,florida,Ok-Finish4062,1726967607,2024-09-22 01:13,3,They don't care. Miami Cubans make me SMH.,helene,community_discussion,
loapp0m,t3_1fm5vtq,t1_loao0g8,florida,wintertash,1726967757,2024-09-22 01:15,1,"Nowhere did the article, headline or otherwise, portray Rubio as a Nazi? His think tank hired a Nazi to produce content for it. That’s frankly pretty gross, and newsworthy. 

This isn’t about a DNC “keyword” the dude used Nazi imagery and now he works for an org that represents Rubio. That’s gross and they shouldn’t have hired him knowing his history in Florida politics. But they did.",helene,community_discussion,
loar9d0,t3_1fm5vtq,t1_loapp0m,florida,Coolenough-to,1726968403,2024-09-22 01:26,1,America 2100 was not 'his think-tank.' Just because a group forms and supports a candidate does not mean the candidate has any say over its operations.,helene,community_discussion,
loat3cq,t3_1fm5vtq,t1_loapbtk,florida,aw614,1726969178,2024-09-22 01:39,3,"I've run out of fingers on my list of corrupt Cuban American politicians from Florida, if they are Cuban and from Miami, I've already going to write them off and am no longer surprised by their actions. I can say I am more surprised when I don't find a Cuban American that sees their hypocrisy.",helene,community_discussion,
loaukcr,t3_1fm5vtq,t1_loat3cq,florida,Ok_Flan4404,1726969807,2024-09-22 01:50,2,I would agree.,helene,community_discussion,
loaun6i,t3_1fm5vtq,t1_loapbtk,florida,Ok_Flan4404,1726969840,2024-09-22 01:50,2,Me too...at best.,helene,community_discussion,
lobnz6j,t3_1fm5vtq,t3_1fm5vtq,florida,usernamechecksout67,1726984441,2024-09-22 05:54,1,Where the fuck even are these two twerps? I haven’t seen them in the past year at all! Except that one or two POS moves by Scott.,helene,community_discussion,
lobsg2d,t3_1fm5vtq,t3_1fm5vtq,florida,honeybear3333,1726987323,2024-09-22 06:42,0,FAKE NEWS PROPAGANDA,helene,community_discussion,
locg1vo,t3_1fm5vtq,t1_lo8kkh5,florida,GonzoPS,1727003306,2024-09-22 11:08,2,"No. After this election we need to root out all of the terrorists in our govt.  collude with Russia.  Jail.  Post propoganda like FOX and CNN, jail , march with Nazi flags, jail, try to force religion into out govt.  jail.  Supreme Court justices who lied.  Jail.  Top to bottom.  All judged by juries of their peers. But there are far too many who will get away.  What we have lived under for the last 8 years needs to stop.  Or the USA will fade into history as another failed empire.",helene,community_discussion,
loe10fr,t3_1fm5vtq,t3_1fm5vtq,florida,Babylovesim,1727024889,2024-09-22 17:08,1,"Marco Rubio is only Republican during elections, the rest of the time he sides with democrats. we are so tired of him, but the Cuban voters keep putting him there.  Rubio needs to get out!",helene,community_discussion,
loe20p7,t3_1fm5vtq,t1_locg1vo,florida,Babylovesim,1727025191,2024-09-22 17:13,1,isnt that political persecution. which is why our country has the 2nd amendment to begin with.,helene,community_discussion,
loe7oot,t3_1fm5vtq,t1_loe20p7,florida,GonzoPS,1727026846,2024-09-22 17:40,1,"Political persecution to sell information to an enemy?  To collude with a foreign govt to overthrow a legitimate election?   Please.  Run along , the adults don’t have time for your BS",helene,community_discussion,
log2v8t,t3_1fm5vtq,t1_lo8p6oy,florida,Interesting_Minute24,1727048299,2024-09-22 23:38,1,The Cubans that fled were the RIGHT WING/ GOP of Cuba. That’s why they feel so at home.,helene,community_discussion,
lo812tn,t3_1fm5wlw,t3_1fm5wlw,florida,AutoModerator,1726933470,2024-09-21 15:44,1,"
Your [submission](https://www.reddit.com/r/florida/comments/1fm5wlw/httpsnewrepubliccomarticle186160republicanwarwomen/) has been removed from r/Florida. 

**All News/Political posts must link to a credible news source.** 

* No text posts.
* No images. 
* No Videos
* No screenshots of tweets/facebook/truth/etc posts. 
* No Political Memes. 
* No Crossposts.

[Please see our posting guidelines for more information.](https://www.reddit.com/r/florida/wiki/index/political_guidelines/)

If you believe this post was filtered in error, please let us know.


*I am a bot, and this action was performed automatically. Please [contact the moderators of this subreddit](/message/compose/?to=/r/florida) if you have any questions or concerns.*",helene,community_discussion,
lo84nmr,t3_1fm5x40,t3_1fm5x40,florida,Rose-Red-Witch,1726934654,2024-09-21 16:04,87,"It just means Summer Junior tags in.

(Fall? Autumn? What are these strange words you speak, outsider?)",helene,community_discussion,
lo859nb,t3_1fm5x40,t1_lo84nmr,florida,TensionSame3568,1726934857,2024-09-21 16:07,22,"🤣Well, I might have to break out my Winter clothes...long pants and shirts...",helene,community_discussion,
lo86267,t3_1fm5x40,t3_1fm5x40,florida,Switchgamer1970,1726935120,2024-09-21 16:12,16,It is already getting darker early now.,helene,community_discussion,
lo887f9,t3_1fm5x40,t3_1fm5x40,florida,cottage_babe2004,1726935831,2024-09-21 16:23,9,It's summer part 2 now,helene,community_discussion,
lo88g3q,t3_1fm5x40,t3_1fm5x40,florida,wetbirdsmell,1726935911,2024-09-21 16:25,2,Endless Summer plate became reality. sad to say but it's the truth :\[,helene,community_discussion,
lo88hxi,t3_1fm5x40,t1_lo887f9,florida,Whocanmakemostmoney,1726935928,2024-09-21 16:25,5,It might mean something in Jacksonville or any upper part of Florida.  The temperature is cooler,helene,community_discussion,
lo88vkt,t3_1fm5x40,t3_1fm5x40,florida,Chi-Guy86,1726936051,2024-09-21 16:27,11,It has been excruciating here in Tampa.  Dew points in the mid to high 70s and full sun.,helene,community_discussion,
lo88zma,t3_1fm5x40,t1_lo88g3q,florida,Chi-Guy86,1726936089,2024-09-21 16:28,5,Yeah with climate change we can expect very short periods of cooler weather here going forward.,helene,community_discussion,weather
lo89mk8,t3_1fm5x40,t1_lo88hxi,florida,cottage_babe2004,1726936298,2024-09-21 16:31,5,I'm jealous,helene,community_discussion,
lo8a256,t3_1fm5x40,t3_1fm5x40,florida,doesitevermatter-,1726936441,2024-09-21 16:34,12,"Meanwhile, it's already getting down into the 30s at night here at the Grand Canyon.

This time of year is when I usually wish I had never moved.",helene,community_discussion,
lo8a9bg,t3_1fm5x40,t1_lo859nb,florida,tennisanybody,1726936508,2024-09-21 16:35,14,I had to wear socks to bed last year that one week in December. Trauma.,helene,community_discussion,
lo8aviw,t3_1fm5x40,t1_lo88zma,florida,wetbirdsmell,1726936707,2024-09-21 16:38,5,Our lowest day time temp during winter last year where I live was 55F. If it doesn't break past 60F this year I won't be surprised.,helene,community_discussion,
lo8bksr,t3_1fm5x40,t3_1fm5x40,florida,Talkslow4Me,1726936940,2024-09-21 16:42,48,"Means we can finally go outside and get a tan. 

Seriously summer is our winter where we just hideout inside and wait it out.",helene,community_discussion,
lo8cju9,t3_1fm5x40,t3_1fm5x40,florida,TheJpow,1726937251,2024-09-21 16:47,2,It's January already? Time sure flies,helene,community_discussion,
lo8cop7,t3_1fm5x40,t3_1fm5x40,florida,tr00th,1726937295,2024-09-21 16:48,2,87 degrees in my neck of the state and yes I’m cooking in my summer outfit. 🥵,helene,community_discussion,
lo8dlcb,t3_1fm5x40,t3_1fm5x40,florida,dancehalldeus,1726937584,2024-09-21 16:53,4,This is when it gets nice outside... at nighttime.,helene,community_discussion,
lo8mvrl,t3_1fm5x40,t1_lo887f9,florida,TensionSame3568,1726940534,2024-09-21 17:42,16,Late September and October are fantastic! ...And then the shitbirds come...🤨,helene,community_discussion,
lo8mza6,t3_1fm5x40,t3_1fm5x40,florida,jbc10000,1726940564,2024-09-21 17:42,5,The beginning of second summer,helene,community_discussion,
lo8nddp,t3_1fm5x40,t1_lo88zma,florida,TensionSame3568,1726940687,2024-09-21 17:44,1,"Agreed, the summers have been more roasting every year...",helene,community_discussion,
lo8nn9f,t3_1fm5x40,t1_lo8a9bg,florida,TensionSame3568,1726940774,2024-09-21 17:46,2,🤣🤣🤣🤣We're spoilt!,helene,community_discussion,
lo8ny1b,t3_1fm5x40,t1_lo8mza6,florida,TensionSame3568,1726940868,2024-09-21 17:47,0,The one I 🥰!,helene,community_discussion,
lo8o1k6,t3_1fm5x40,t3_1fm5x40,florida,bulanaboo,1726940898,2024-09-21 17:48,3,![gif](giphy|izspP6uMbMeti),helene,community_discussion,
lo8oj0d,t3_1fm5x40,t1_lo8mza6,florida,[deleted],1726941054,2024-09-21 17:50,1,[removed],helene,community_discussion,
lo8sfsd,t3_1fm5x40,t3_1fm5x40,florida,rogless,1726942352,2024-09-21 18:12,4,"It’s been a bit nicer this week. Not cool, but not as murderously hot as it has been. Humidity is down. Seasons in FL are subtle, to be sure.",helene,community_discussion,
lo8spvj,t3_1fm5x40,t3_1fm5x40,florida,dianesar64,1726942446,2024-09-21 18:14,2,Yup,helene,community_discussion,
lo8stps,t3_1fm5x40,t3_1fm5x40,florida,zestyintestine,1726942482,2024-09-21 18:14,1,It's one step closer to the 'Je Me Souviens' license plates returning.,helene,community_discussion,
lo8t0x5,t3_1fm5x40,t1_lo8mvrl,florida,cottage_babe2004,1726942549,2024-09-21 18:15,4,"Yeah, those damn Snowbirds",helene,community_discussion,
lo8v4k7,t3_1fm5x40,t3_1fm5x40,florida,SnooWalruses9683,1726943240,2024-09-21 18:27,2,Time to hit the beach!,helene,community_discussion,
lo8vqwm,t3_1fm5x40,t1_lo8o1k6,florida,TensionSame3568,1726943453,2024-09-21 18:30,1,🤣🤣🤣🤣,helene,community_discussion,
lo8w1gt,t3_1fm5x40,t1_lo8spvj,florida,TensionSame3568,1726943554,2024-09-21 18:32,1,👍🏻,helene,community_discussion,
lo8wbbe,t3_1fm5x40,t1_lo8t0x5,florida,TensionSame3568,1726943646,2024-09-21 18:34,4,"Well, I call them ""Shitbirds"". Don't tell anyone! 😂",helene,community_discussion,
lo8wdxf,t3_1fm5x40,t1_lo8v4k7,florida,TensionSame3568,1726943670,2024-09-21 18:34,2,Yep!,helene,community_discussion,
lo8xjuf,t3_1fm5x40,t1_lo84nmr,florida,dianesar64,1726944070,2024-09-21 18:41,1,👍🏼,helene,community_discussion,
lo8z3qw,t3_1fm5x40,t3_1fm5x40,florida,lovetheoceanfl,1726944603,2024-09-21 18:50,7,"The seasons are:

Summer
More Summer
Less Summer
Possibly Fall",helene,community_discussion,
lo8zwzo,t3_1fm5x40,t1_lo8z3qw,florida,TensionSame3568,1726944887,2024-09-21 18:54,3,*PERFECT!* 👍🏻,helene,community_discussion,
lo8zy3l,t3_1fm5x40,t3_1fm5x40,florida,SubSoulReaper81,1726944898,2024-09-21 18:54,4,I miss seasons ![gif](emote|free_emotes_pack|sob)![gif](emote|free_emotes_pack|sob),helene,community_discussion,
lo9309m,t3_1fm5x40,t1_lo89mk8,florida,edvek,1726945978,2024-09-21 19:12,4,"Very. Down here in south Florida the forecast is still showing hot as shit and rain every day or every other day. I pray we get a few days or week even of cold weather in ""winter."" A few years ago I think we had a few good days it was nice and cold. Wish we had more of it.",helene,community_discussion,weather
lo94061,t3_1fm5x40,t3_1fm5x40,florida,MX5MONROE,1726946331,2024-09-21 19:18,2,"I absolutely love it. I don't care for winter weather in any way, shape, or form. Bring the heat!!! ❤️‍🔥🔥🔥🔥",helene,community_discussion,weather
lo9414t,t3_1fm5x40,t3_1fm5x40,florida,GizmoGeodog,1726946341,2024-09-21 19:19,4,92* today...bet it's gonna be 92* tomorrow,helene,community_discussion,
lo9449f,t3_1fm5x40,t1_lo859nb,florida,GizmoGeodog,1726946372,2024-09-21 19:19,3,Way too early for that,helene,community_discussion,
lo947tn,t3_1fm5x40,t1_lo8wbbe,florida,MX5MONROE,1726946406,2024-09-21 19:20,3,Thanks for the current terminology! ![gif](emote|free_emotes_pack|joy),helene,community_discussion,
lo95tik,t3_1fm5x40,t3_1fm5x40,florida,weebfrombeyond,1726946975,2024-09-21 19:29,3,Floridian here that moved to Maine. The cold SUCKS,helene,community_discussion,
lo97dq5,t3_1fm5x40,t3_1fm5x40,florida,Aasiyah_,1726947521,2024-09-21 19:38,2,I go outside as little as possible in the summer.,helene,community_discussion,
lo97olx,t3_1fm5x40,t3_1fm5x40,florida,Ok_Flan4404,1726947627,2024-09-21 19:40,2,![gif](giphy|yXScCmJWGZ47VaDyXZ|downsized),helene,community_discussion,
lo982g6,t3_1fm5x40,t1_lo84nmr,florida,ih8windows10,1726947759,2024-09-21 19:42,3,Seasons change?  Not here!,helene,community_discussion,
lo9adch,t3_1fm5x40,t3_1fm5x40,florida,Limp-Artichoke1141,1726948552,2024-09-21 19:55,3,Past couple of weeks Have Been Terrible!! And i work heavy construction all day every day! Something different for sure.,helene,community_discussion,
lo9agg8,t3_1fm5x40,t3_1fm5x40,florida,Desperate-Paper-1810,1726948581,2024-09-21 19:56,2,Snowbirds are returning,helene,community_discussion,
lo9bzqa,t3_1fm5x40,t1_lo94061,florida,Jeskid14,1726949111,2024-09-21 20:05,2,Electric bills be like 🤝,helene,community_discussion,
lo9e1fx,t3_1fm5x40,t1_lo88hxi,florida,Cheekyngeekygirl,1726949799,2024-09-21 20:16,2,Not anymore. Gainesville used to get cool like the week before Halloween. Not anymore. Now we're lucky if we get a child snap in mid to late November,helene,community_discussion,
lo9gcrp,t3_1fm5x40,t3_1fm5x40,florida,seajayacas,1726950575,2024-09-21 20:29,2,"Yep, fall is here and so are the cooler temperatures.  86F at the moment by me with a clear blue sky and lots of sun.  We will survive!",helene,community_discussion,
lo9gmqb,t3_1fm5x40,t3_1fm5x40,florida,StoicJim,1726950668,2024-09-21 20:31,2,Snowbird Season.,helene,community_discussion,
lo9hbxd,t3_1fm5x40,t1_lo94061,florida,TensionSame3568,1726950903,2024-09-21 20:35,3,"I'm 14 years off Lawn Guyland, miss it NOT! 😂",helene,community_discussion,
lo9hlvh,t3_1fm5x40,t1_lo95tik,florida,TensionSame3568,1726950992,2024-09-21 20:36,3,"Now I must ask, WHY!!!",helene,community_discussion,
lo9hz20,t3_1fm5x40,t3_1fm5x40,florida,lysfc,1726951110,2024-09-21 20:38,2,"idk man, it's been in the 80s and actually felt like it's been in the 80s here lately! which is a fucking achievement after the summer we've had. I count that as a win and I am officially ready for fall",helene,community_discussion,
lo9i0ds,t3_1fm5x40,t1_lo9adch,florida,TensionSame3568,1726951122,2024-09-21 20:38,3,"Worked constuction myself in NY, rather deal with the heat than frozen fingers and toes!",helene,community_discussion,
lo9i4m8,t3_1fm5x40,t1_lo9agg8,florida,TensionSame3568,1726951161,2024-09-21 20:39,0,Very soon...be afraid! 🤣,helene,community_discussion,
lo9lixf,t3_1fm5x40,t3_1fm5x40,florida,Kuraticuslol,1726952297,2024-09-21 20:58,2,"Time to break out the college hoodies! (I'm gonna wear them regardless, every day is socks, sandals, and hoodies weather)",helene,community_discussion,weather
lo9ljl3,t3_1fm5x40,t3_1fm5x40,florida,Slowly_We_Rot_,1726952303,2024-09-21 20:58,3,https://preview.redd.it/h2i6o8fu78qd1.jpeg?width=225&format=pjpg&auto=webp&s=e445ce78cefa6a2549db8f34ef70b3a487ea14e8,helene,community_discussion,
lo9n94f,t3_1fm5x40,t1_lo9lixf,florida,TensionSame3568,1726952887,2024-09-21 21:08,1,I scream like a twelve year old girl if it falls below 70°...,helene,community_discussion,
lo9nc3o,t3_1fm5x40,t1_lo9ljl3,florida,TensionSame3568,1726952915,2024-09-21 21:08,2,🤣🤣🤣🤣🤣🤣🤣🤣🤣🤣🤣🤣🤣🤣,helene,community_discussion,
lo9nr4n,t3_1fm5x40,t3_1fm5x40,florida,SlowlybutShirley59,1726953059,2024-09-21 21:10,4,"This here Florida Gator has been in Tennessee x 43 years. 96 degrees yesterday, 92 this morning when I finished a training ride. Still, not nearly as miserable as in my Central Florida childhood. We're in a terrible drought up here, humidity just can't compete (thankfully). Need to drum up my very best rain dance! Y'all stay cool now, eh?",helene,community_discussion,
lo9nydi,t3_1fm5x40,t3_1fm5x40,florida,Tabby6996,1726953128,2024-09-21 21:12,3,Actually you know what sucks living in fl??? During the seasons and changes the clothing stores change as well. Like we live in fl I can buy a swim suit in December if I wanna!,helene,community_discussion,
lo9o38d,t3_1fm5x40,t1_lo9nr4n,florida,TensionSame3568,1726953173,2024-09-21 21:12,2,"Chicken fried steak at The Kettle, you're in God's country!",helene,community_discussion,
lo9o6q9,t3_1fm5x40,t1_lo9nydi,florida,TensionSame3568,1726953206,2024-09-21 21:13,2,🤣Yep!,helene,community_discussion,
lo9rosl,t3_1fm5x40,t3_1fm5x40,florida,tvlsok,1726954451,2024-09-21 21:34,2,And so begins second summer.,helene,community_discussion,
lo9rr1a,t3_1fm5x40,t3_1fm5x40,florida,Heavy_Exit_4269,1726954473,2024-09-21 21:34,2,It's slightly drier,helene,community_discussion,
lo9sxo4,t3_1fm5x40,t1_lo8nn9f,florida,Unfair-Wonder5714,1726954905,2024-09-21 21:41,7,"Spoilt? On sweating non-stop for months without end? Yeah, look at me, I’m so spoilt, dur dur dur…",helene,community_discussion,
lo9t3vz,t3_1fm5x40,t1_lo8a256,florida,Unfair-Wonder5714,1726954968,2024-09-21 21:42,3,I’d take it to live at the canyon.,helene,community_discussion,
lo9tl1w,t3_1fm5x40,t1_lo9n94f,florida,Kuraticuslol,1726955142,2024-09-21 21:45,1,"""ooh, it's a lil chilly, lemme put my socks on instead of my bare ass feet walking outside""",helene,community_discussion,
lo9uwh1,t3_1fm5x40,t1_lo9e1fx,florida,[deleted],1726955628,2024-09-21 21:53,1,[removed],helene,community_discussion,
lo9uzsh,t3_1fm5x40,t3_1fm5x40,florida,Bushwhacker-XII,1726955663,2024-09-21 21:54,1,It’s still f@&$cking hot bro,helene,community_discussion,
loa1t0w,t3_1fm5x40,t1_lo8a256,florida,kaest,1726958215,2024-09-21 22:36,7,Sounds like heaven.,helene,community_discussion,
loa3dj4,t3_1fm5x40,t3_1fm5x40,florida,No_Tangelo_2171,1726958793,2024-09-21 22:46,2,wrong!  😂 means it’s the start of spooky season!,helene,community_discussion,
loa3gdk,t3_1fm5x40,t1_lo84nmr,florida,No_Tangelo_2171,1726958823,2024-09-21 22:47,2,you must be in fl 😂,helene,community_discussion,
loa5q9c,t3_1fm5x40,t1_lo9hlvh,florida,weebfrombeyond,1726959697,2024-09-21 23:01,2,Better job market for young people my age and free college for covid graduates 🤷‍♀️,helene,community_discussion,
loa5zmq,t3_1fm5x40,t3_1fm5x40,florida,ted-clubber-lang,1726959798,2024-09-21 23:03,2,From Russia with Lev,helene,community_discussion,
loaaise,t3_1fm5x40,t3_1fm5x40,florida,GenX-Fight_or_Flight,1726961581,2024-09-21 23:33,3,I saw someone on an @omgitswicks instagram post page call it #Hotumn 😂- checks out. 📋👀…☑️,helene,community_discussion,
loaci6l,t3_1fm5x40,t3_1fm5x40,florida,Chest_Wrong,1726962373,2024-09-21 23:46,2,It means we are only 4 months away from some relatively mild weather and a few cool comfortable nights without a/c running almost continually. Can't wait for those 65° overnight temps.,helene,community_discussion,weather
loacnnp,t3_1fm5x40,t1_lo9sxo4,florida,Chest_Wrong,1726962433,2024-09-21 23:47,5,Heat stroke?,helene,community_discussion,
loacujs,t3_1fm5x40,t1_lo9sxo4,florida,bilekass,1726962511,2024-09-21 23:48,7,"> Spoilt

As in moldy, probably.",helene,community_discussion,
load0ak,t3_1fm5x40,t1_lo8a256,florida,Chest_Wrong,1726962574,2024-09-21 23:49,12,"That actually sounds rather pleasing... building a fire, wearing a jacket, and being able to sit outside with hot coffee loving the crisp, cold weather and low humidity. It's making me choke up a little lol",helene,community_discussion,weather
load7ao,t3_1fm5x40,t1_lo8mvrl,florida,Chest_Wrong,1726962652,2024-09-21 23:50,3,Ugh... snowbirds... those we could definitely do without.,helene,community_discussion,
loadf1j,t3_1fm5x40,t1_lo8wbbe,florida,Chest_Wrong,1726962737,2024-09-21 23:52,3,Did you ever have one get offended or a little snippy when you called them snowbirds? It's very pleasing to my soul lol,helene,community_discussion,
loaea1g,t3_1fm5x40,t3_1fm5x40,florida,BurnBabyBurn54321,1726963082,2024-09-21 23:58,2,"As a person who lives in the Panhandle, fall just means the overnight lows go below seventy.",helene,community_discussion,
loajva7,t3_1fm5x40,t3_1fm5x40,florida,AdOutrageous1298,1726965359,2024-09-22 00:35,2,🤣 🤣 🤣,helene,community_discussion,
loauxaj,t3_1fm5x40,t3_1fm5x40,florida,Ihathreturd,1726969960,2024-09-22 01:52,2,Good bye summer...,helene,community_discussion,
loaxeq5,t3_1fm5x40,t3_1fm5x40,florida,Xobeloot,1726971016,2024-09-22 02:10,3,This means the license plates are about to change color again.,helene,community_discussion,
lob1x93,t3_1fm5x40,t3_1fm5x40,florida,SparklingBikini,1726972975,2024-09-22 02:42,2,"Fall has arrived, bringing cooler temperatures with it. It’s currently 86°F where I am, under a clear blue sky and plenty of sunshine. We’ll make it through!",helene,community_discussion,
lob4y43,t3_1fm5x40,t1_lo8bksr,florida,Maximum-Version-7036,1726974327,2024-09-22 03:05,3,Or move from AC to AC when we do have to go out.,helene,community_discussion,
lob5932,t3_1fm5x40,t1_lo8v4k7,florida,Maximum-Version-7036,1726974464,2024-09-22 03:07,3,"The water is still too hot, seems more like a hot tub than the ocean.",helene,community_discussion,
lob5cgl,t3_1fm5x40,t3_1fm5x40,florida,SweetJulieInAZ,1726974506,2024-09-22 03:08,3,Its still hot tho lol,helene,community_discussion,
loc7rnj,t3_1fm5x40,t1_loa5q9c,florida,TensionSame3568,1726997785,2024-09-22 09:36,2,👍🏻Good luck!,helene,community_discussion,
loc7vfm,t3_1fm5x40,t1_load7ao,florida,TensionSame3568,1726997860,2024-09-22 09:37,2,Agreed...👍🏻,helene,community_discussion,
loc97zs,t3_1fm5x40,t1_lo8bksr,florida,NectarineDiosa-8888,1726998804,2024-09-22 09:53,1,Yes!!!,helene,community_discussion,
locf2ea,t3_1fm5x40,t3_1fm5x40,florida,Pitiful-Cress9730,1727002709,2024-09-22 10:58,2,It's comical I see everyone doing outdoor stuff now that the temperature dropped by two degrees haha,helene,community_discussion,
locir6v,t3_1fm5x40,t1_load0ak,florida,anonymousblep,1727004877,2024-09-22 11:34,6,"I’m shedding a tear over here actually. Man I miss those temps. I miss the seasons more than anything, I’ll take 30s and a bonfire any day",helene,community_discussion,
locl2ki,t3_1fm5x40,t1_lo9hbxd,florida,MX5MONROE,1727006118,2024-09-22 11:55,2,🤣,helene,community_discussion,
locne8g,t3_1fm5x40,t1_lo88hxi,florida,DizzyNature3073,1727007296,2024-09-22 12:14,1,Not here in Tallytown. Mid 90s all week,helene,community_discussion,
loco2rv,t3_1fm5x40,t3_1fm5x40,florida,Cetophile,1727007629,2024-09-22 12:20,2,"Cue new residents and/or snowbirds saying, ""I miss the four seasons!"" in 3....2.....1.......",helene,community_discussion,
loco44i,t3_1fm5x40,t1_lo8a9bg,florida,Hearsya,1727007648,2024-09-22 12:20,1,December?? Which year? I haven't had to wear warmth until January February 😭😭 southern Florida here,helene,community_discussion,
locu98p,t3_1fm5x40,t1_locir6v,florida,Chest_Wrong,1727010445,2024-09-22 13:07,6,"Smae here... There's something almost magical about sitting around a bonfire with friends and family just bullshitting all night, having drinks and roasting hotdogs  while you laugh and listen to the crackle of the fire. Can't do that in South Florida for a lot of reasons.",helene,community_discussion,
locxxan,t3_1fm5x40,t1_loco2rv,florida,TensionSame3568,1727011967,2024-09-22 13:32,1,🤣🤣🤣🤣,helene,community_discussion,
loczjue,t3_1fm5x40,t3_1fm5x40,florida,roxywalker,1727012613,2024-09-22 13:43,2,Means I can finally park at Whole Foods and my chances of a fender-bender on the way home are 25% less.,helene,community_discussion,
lod0awh,t3_1fm5x40,t3_1fm5x40,florida,Mumbles987,1727012888,2024-09-22 13:48,1,This is the best time of year. We watch the license plates change colors like the leaves in Washington State every autumn.,helene,community_discussion,
lod60f1,t3_1fm5x40,t3_1fm5x40,florida,AlienNippleRipple,1727014942,2024-09-22 14:22,2,It means the birds are almost upon us..... I saw Idaho plates and wanted to cry in Floridian.,helene,community_discussion,
lodbi60,t3_1fm5x40,t1_locu98p,florida,anonymousblep,1727016892,2024-09-22 14:54,3,"I feel you dude. I don’t know about you but the bugs, high humidity, and heat kills it for me. You gotta nab one of those days during the two weeks of winter we get here. Tho you said south Florida so I’m not sure you even get a day of winter? I’m west central so I try to be humbled by the two weeks or so we see temps drop to 40-50 at night.",helene,community_discussion,
lode344,t3_1fm5x40,t1_lodbi60,florida,Chest_Wrong,1727017767,2024-09-22 15:09,2,"I'm talking West Palm area, so we get at least 5 or 6 days depending on cold fronts where it can dip into the 50s or even rarely 40s now and then. Those are the nights you live for down here as someone who grew up in someplace like NE Ohio.",helene,community_discussion,
loe7aob,t3_1fm5x40,t1_lo9ljl3,florida,Dusty-53-Rose,1727026742,2024-09-22 17:39,2,This is 100% how I feel and I hate it! 🥵 Looking forward to moving when my husband retires.,helene,community_discussion,
loe7spy,t3_1fm5x40,t1_lode344,florida,anonymousblep,1727026877,2024-09-22 17:41,2,Now I really feel ya as someone from NW South Dakota. You and I can handle some cold! Yet we’re in one of the most tropical of places in the states,helene,community_discussion,
loeavbz,t3_1fm5x40,t3_1fm5x40,florida,Eastern-Craft7171,1727027757,2024-09-22 17:55,2,🤣🤣🤣 so true!!!,helene,community_discussion,
loecphj,t3_1fm5x40,t1_loczjue,florida,TensionSame3568,1727028295,2024-09-22 18:04,2,🤣🤣🤣🤣,helene,community_discussion,
loecw06,t3_1fm5x40,t1_lod60f1,florida,TensionSame3568,1727028347,2024-09-22 18:05,2,Yeah...be ready...,helene,community_discussion,
loedj9y,t3_1fm5x40,t1_loeavbz,florida,TensionSame3568,1727028540,2024-09-22 18:09,1,Yep...,helene,community_discussion,
loeun27,t3_1fm5x40,t3_1fm5x40,florida,Maleficent_Ad9632,1727033694,2024-09-22 19:34,3,My December cold weather clothing is the same shorts and tshirt u wore during the summer with possibly pants for a week or two.,helene,community_discussion,weather
lof8i84,t3_1fm5x40,t1_load0ak,florida,doesitevermatter-,1727037924,2024-09-22 20:45,1,"We're in the middle of the grassy desert with no rain and living on company property. 

No fires allowed.",helene,community_discussion,
lof9io9,t3_1fm5x40,t3_1fm5x40,florida,PelagicPenguin9000,1727038239,2024-09-22 20:50,2,For birders: it means fall migration is in full swing with plenty of shorebirds and songbirds passing through.  Warblers are a favorite treat.,helene,community_discussion,
lofjs40,t3_1fm5x40,t3_1fm5x40,florida,reellust,1727041574,2024-09-22 21:46,2,Means snowbird season is about to begin,helene,community_discussion,
lo831jh,t3_1fm659x,t3_1fm659x,florida,AutoModerator,1726934118,2024-09-21 15:55,1,"
Please note that only active users in the subreddit may comment in this discussion. If your comments are not showing up, please ensure you have active non-news/non-political contributions to the subreddit before contacting the moderators.

 [See our posting guidelines for more information.](https://www.reddit.com/r/florida/wiki/index/political_guidelines/)

**Remember the following:**

**Be Civil:**

* You are welcome to debate, discussion, and argue ideas, but don't resort to personal attacks on other users. 
* We do not allow any form of hate speech or any suggestion/support of harm, violence, or death.

**Must be related strictly to Florida:**

* National News/Elections are not specific to Florida. 
* Just because someone lives in Florida, doesn't mean their entire life is relevant to Floridians. 

If you see comments in violation of our rules, please report them.

#[Click this link to register to vote, update your voter information, or check your status.](https://registertovoteflorida.gov/)


*I am a bot, and this action was performed automatically. Please [contact the moderators of this subreddit](/message/compose/?to=/r/florida) if you have any questions or concerns.*",helene,community_discussion,
lo83w19,t3_1fm659x,t3_1fm659x,florida,coldenigma,1726934399,2024-09-21 15:59,8,"Based on the sample ballot, there's underhanded tactics on the wording of Amendment 4 (the abortion vote) to scare voters into voting anti-abortion.

Remember to vote YES on Amendment 4 and on Amendment 3 (and NO on every other Amendment)",helene,community_discussion,
lo85ljp,t3_1fm659x,t1_lo83w19,florida,littleredd11_11,1726934968,2024-09-21 16:09,5,It's the financially impact statement. And it's fucking bullshit. Medicaid can not be used for abortions. Ever. But they are trying to make it sound like it could be. And other nonsense.,helene,community_discussion,
lo85o3b,t3_1fm659x,t3_1fm659x,florida,RickTracee,1726934991,2024-09-21 16:09,9,"Smarten up Florida. Quit voting for the GOP.

25-years of GOP policies in Florida and bad legislation has been the consistent result.

They pass dreadful stuff like book bans, denying basic human rights to workers from from excessive heat, denying local governments (that were elected by the people in those localities) to govern, ""woke"" laws, which are oh so important, criticizing minorities, assaulting academics, not allowing dissent, singaling out media, etc., which helps absolutely no one.

In the meantime, common sense gun laws, affordable housing, home owners' insurance, legislation signed into law that automatically warrants lawsuits at the taxpayers expense, failing to accept Obamacare money to expand Medicaid, etc. are ignored.

* REGISTER to vote.
* Check your registration!
* Make sure you have approriate ID.
* Know your polling site.
* Check your voter registration signature for a match (if a mail-in ballot is used, also inquire about how to check the status of the ballot).
* Get a mail-in ballot.
* And VOTE (early, if possible)!

https://dos.myflorida.com/elections/for-voters/voter-registration/register-to-vote-or-update-your-information/

https://www.vote.org

Election Protection Hotline - 1(866)-OUR-VOTE 

Federal - 800-253-3931

**Voting for the GOP is insanity. No matter what they say, you will get the same result as in the last 25-years.**

So, in the upcoming 2024 elections,. vote for democrats. What have you got to lose?",helene,community_discussion,
lo85o91,t3_1fm659x,t3_1fm659x,florida,FranchDressing77,1726934992,2024-09-21 16:09,5,"Yeah, I received my ballot and the wording is very fear mongering",helene,community_discussion,
lo85p0h,t3_1fm659x,t3_1fm659x,florida,herewego199209,1726934999,2024-09-21 16:09,3,"It’s astonishing to me that abortion is even a state issue. I don’tget how this isn’t a doctor and patient issue, especially in a republican led state that prides their ideology on as little government interference in the lives of the people as possible. With how invovled DeSantis has been with changing curriculums of even college level courses, banning books, getting involved in LGBT safe spaces, trying his dammnest to get weed out of FL, and now his efforts against abortion he’s proving he’s not a republican. He’s an authoritarian who is trying to force people into living by his ideological viewpoints on how a society is supposed to be ran. Unfortunately a lot of the liberals in FL that I’ve known are choosing to leave and say peace out rather than organize and fight so I don’t see this ending any time soon.",helene,community_discussion,
lo86y7y,t3_1fm659x,t1_lo85ljp,florida,coldenigma,1726935419,2024-09-21 16:16,3,"I completely agree. I'm usually not active on social media, but I'm trying to spread the word on this where I can.",helene,community_discussion,
lo87wj0,t3_1fm659x,t1_lo85p0h,florida,coldenigma,1726935732,2024-09-21 16:22,2,"Let's also not forget the fraud, Rick Scott.

He has made vows to protect IVF treatment, but this week, he just voted AGAINST an IVF protection bill.

[This is all of the Senate votes](https://www.senate.gov/legislative/LIS/roll_call_votes/vote1182/vote_118_2_00197.htm) on that bill.",helene,community_discussion,
lo883br,t3_1fm659x,t3_1fm659x,florida,florida-ModTeam,1726935794,2024-09-21 16:23,1,"This submission has been removed:

**2. Post Things About Florida**
Please keep all posts related to Florida. Anything that is determined to not be related to Florida will be removed at a moderator’s discretion.

If you believe we made a mistake, please [message the moderators](https://www.reddit.com/message/compose?to=/r/florida)",helene,community_discussion,
lo89hz1,t3_1fm659x,t1_lo85p0h,florida,B-E-Rucker,1726936256,2024-09-21 16:30,1,"It’s funny how no one is thinking that they are trying to separate the UNITED states…. And just make them states, which then just becomes countries like Europe and every other nation. 

How to dismantle a military, make the spaces smaller.",helene,community_discussion,
lo85wib,t3_1fm6hz0,t3_1fm6hz0,florida,AutoModerator,1726935068,2024-09-21 16:11,1,"
Please note that only active users in the subreddit may comment in this discussion. If your comments are not showing up, please ensure you have active non-news/non-political contributions to the subreddit before contacting the moderators.

 [See our posting guidelines for more information.](https://www.reddit.com/r/florida/wiki/index/political_guidelines/)

**Remember the following:**

**Be Civil:**

* You are welcome to debate, discussion, and argue ideas, but don't resort to personal attacks on other users. 
* We do not allow any form of hate speech or any suggestion/support of harm, violence, or death.

**Must be related strictly to Florida:**

* National News/Elections are not specific to Florida. 
* Just because someone lives in Florida, doesn't mean their entire life is relevant to Floridians. 

If you see comments in violation of our rules, please report them.

#[Click this link to register to vote, update your voter information, or check your status.](https://registertovoteflorida.gov/)


*I am a bot, and this action was performed automatically. Please [contact the moderators of this subreddit](/message/compose/?to=/r/florida) if you have any questions or concerns.*",helene,community_discussion,
lo860xq,t3_1fm6hz0,t3_1fm6hz0,florida,[deleted],1726935108,2024-09-21 16:11,1,[removed],helene,community_discussion,
lo86xva,t3_1fm6mlb,t3_1fm6mlb,florida,AutoModerator,1726935416,2024-09-21 16:16,1,"
**All News/Political posts must link to a credible news source.** 

* No images. 
* No screenshots of tweets/facebook/truth/etc posts. 
* No Political Memes. 

[Please see our posting guidelines for more information.](https://www.reddit.com/r/florida/wiki/index/political_guidelines/)

If you believe this post was filtered in error, please let us know.


*I am a bot, and this action was performed automatically. Please [contact the moderators of this subreddit](/message/compose/?to=/r/florida) if you have any questions or concerns.*",helene,community_discussion,
lo8clal,t3_1fm743v,t3_1fm743v,florida,foomits,1726937264,2024-09-21 16:47,17,"its crowded, expensive and doesnt have much labor class industry but other elements are great.  safe, good schools including colleges, nice beaches, good food scene, proximity to several airports.  i think sarasots is one of the nicer areas in Fl to live.",helene,community_discussion,
lo8cukd,t3_1fm743v,t3_1fm743v,florida,2595Homes,1726937346,2024-09-21 16:49,1,Jeez... another misery loves company post.  Can't be great for one's mental health.,helene,community_discussion,
lo8cvlv,t3_1fm743v,t1_lo8clal,florida,kingja200,1726937356,2024-09-21 16:49,-2,Did u try living there ,helene,community_discussion,
lo8d6n1,t3_1fm743v,t1_lo8cvlv,florida,foomits,1726937454,2024-09-21 16:50,3,"No, im about 20 minutes south but I work in Sarasota and spend alot of time there.",helene,community_discussion,
lo8db0l,t3_1fm743v,t3_1fm743v,florida,Dry-Interaction-1246,1726937492,2024-09-21 16:51,6,Basically all of FL sentiment now,helene,community_discussion,
lo8ef82,t3_1fm743v,t3_1fm743v,florida,Great-Philosophy4323,1726937850,2024-09-21 16:57,6,I currently live in Indian River county and strongly dislike it. Does that count?,helene,community_discussion,
lo8fwaa,t3_1fm743v,t1_lo8d6n1,florida,kingja200,1726938325,2024-09-21 17:05,-2,R u planning on relocating,helene,community_discussion,
lo8gf2y,t3_1fm743v,t1_lo8fwaa,florida,foomits,1726938494,2024-09-21 17:08,2,"eventually, but probably not for another 9-10 years.",helene,community_discussion,
lo8gj42,t3_1fm743v,t1_lo8gf2y,florida,kingja200,1726938529,2024-09-21 17:08,1,Damn...what line of work r u in,helene,community_discussion,
lo8guwi,t3_1fm743v,t1_lo8gj42,florida,foomits,1726938631,2024-09-21 17:10,2,"social work, behavioral health more specifically.",helene,community_discussion,
lo8hnmc,t3_1fm743v,t1_lo8ef82,florida,Accurate_Spare661,1726938881,2024-09-21 17:14,1,When Zero beach is the highlight….,helene,community_discussion,
lo8io8b,t3_1fm743v,t1_lo8clal,florida,nazuswahs,1726939200,2024-09-21 17:20,11,So basically it’s for the well to do folks?,helene,community_discussion,
lo8it7r,t3_1fm743v,t3_1fm743v,florida,[deleted],1726939244,2024-09-21 17:20,1,[removed],helene,community_discussion,
lo8k1qa,t3_1fm743v,t1_lo8cukd,florida,JustB510,1726939630,2024-09-21 17:27,4,Engagement farming,helene,community_discussion,
lo8km3r,t3_1fm743v,t3_1fm743v,florida,Weak-Following-789,1726939813,2024-09-21 17:30,22,"Crowded, expensive, lots of transplants",helene,community_discussion,
lo8ksrj,t3_1fm743v,t3_1fm743v,florida,FlamingoKayK,1726939870,2024-09-21 17:31,0,"It’s got a lot going for it culturally,culinary.  If you can afford to live here it’s great",helene,community_discussion,
lo8lr95,t3_1fm743v,t1_lo8km3r,florida,Kissit777,1726940177,2024-09-21 17:36,15,Lots of transplants from *Ohio.*,helene,community_discussion,
lo8mqpd,t3_1fm743v,t3_1fm743v,florida,[deleted],1726940489,2024-09-21 17:41,1,[removed],helene,community_discussion,
lo8n0s0,t3_1fm743v,t3_1fm743v,florida,Bchbang,1726940578,2024-09-21 17:42,2,"It was great before Covid for the most part, now it’s doubled in population, traffic, costs, etc. Good things, plenty of places to eat, beaches, parks, plenty of things to do, schools, weather except summer, it’s hot.",helene,community_discussion,weather
lo8n9js,t3_1fm743v,t3_1fm743v,florida,orangeman33,1726940654,2024-09-21 17:44,20,"I'll bite, came from Chicago to Sarasota and hated it mostly because it has virtually no public transit worth using and I hate driving in traffic constantly. Moved to St Pete and was much happier. Now I'm back in Chicago and happier still. I prefer to live in cities that are walkable which Sarasota is not. I'll also add the cool rural areas within the county have almost all been developed so there is no escape anymore.",helene,community_discussion,
lo8nxfw,t3_1fm743v,t1_lo8n9js,florida,kingja200,1726940863,2024-09-21 17:47,0,Thank u! Is chicago as dangerous and unsafe as they say? What line of work are u in,helene,community_discussion,
lo8otqk,t3_1fm743v,t1_lo8ef82,florida,violentglitter666,1726941146,2024-09-21 17:52,1,I’m stuck here as well.,helene,community_discussion,
lo8p44m,t3_1fm743v,t3_1fm743v,florida,JasonBourne305,1726941238,2024-09-21 17:53,2,"I lived there and we left. Crowded,expensive, and not good paying jobs unless you commute to Tampa like I used to. Nice for retired people with big checks.",helene,community_discussion,
lo8p59h,t3_1fm743v,t3_1fm743v,florida,Unlikely-Bike-5216,1726941248,2024-09-21 17:54,3,I used to live there and I hated it. The absolute worst part was getting onto I-75. It’s a nightmare compared to other places along that interstate,helene,community_discussion,
lo8pk2n,t3_1fm743v,t3_1fm743v,florida,cjalas,1726941383,2024-09-21 17:56,20,"I've lived in Sarasota for about 28 years, and I've noticed that the city feels like it’s divided into three distinct layers, like a stacked cake:

1. **Old Sarasota**: This area stretches from Clark Road up to I-75 and Tamiami Trail, with housing scattered among the shops and stores that line Clark, Bee Ridge, and Fruitville Roads. ""Old"" Sarasota hasn't changed much over the years. Though there are pockets of newer stores and developments, there's not much to do. The area extends from Clark Road all the way up to Fruitville, with the latter being a bit more active and featuring newer developments. Below Clark Road, the area starts blending into Nokomis and Venice, which feel like dead zones.
2. **Downtown Sarasota**: This is where you find the city’s newer developments and much of its energy. Fruitville Road leads directly into downtown, where you can head out to the beaches like Siesta Key. Downtown Sarasota is home to many restaurants and activities, making it the liveliest part of the city.
3. **Modern Sarasota**: Centered around University Parkway near the I-75 mile marker 213, this area represents the more recently developed part of Sarasota. It's home to large, modern stores, the UTC Mall, Benderson Park, and a number of upscale apartment complexes. The further west you go on University toward the airport, the more industrial it becomes. There's still a good amount of nature in this area, unlike ""Old Sarasota,"" which is pretty sparse when it comes to greenery.

Overall, I wouldn’t recommend Sarasota to younger individuals, couples, or anyone under 40 unless they have kids, are financially comfortable, or enjoy a slower-paced lifestyle centered around dining out and spending time at the beach. There's not much in the way of cultural activities aside from Van Wezel Performing Arts Hall, Selby Gardens, and a few other attractions, which can get boring after a while.

While there’s no shortage of good places to eat, especially downtown, Sarasota often feels like it's a thin layer of ""culture"" on top of what is mostly a retirement community. It's largely made up of wealthy property owners who are rarely around, older retirees who spend their time fishing, golfing, or relaxing at the beach, and everyone else. While the area is decent for families, with good schools and beautiful but crowded beaches, Sarasota is facing growing problems with overcrowding and constant road construction—especially around Bee Ridge and Clark Roads.

Like many American cities, Sarasota suffers from ""car dependency."" There’s little in the way of public transportation or walkable areas, aside from downtown or the beach areas. You'll rarely see people out walking, and enjoying nature or the outdoors can be a challenge unless you're near those parts.",helene,community_discussion,
lo8qkaz,t3_1fm743v,t3_1fm743v,florida,[deleted],1726941725,2024-09-21 18:02,1,[removed],helene,community_discussion,
lo8rdjp,t3_1fm743v,t1_lo8lr95,florida,Friendly-Papaya1135,1726942004,2024-09-21 18:06,13,That complain about New York transplants,helene,community_discussion,
lo8s9js,t3_1fm743v,t3_1fm743v,florida,valentinewrites,1726942295,2024-09-21 18:11,6,"When a place has three colleges within city limits and STILL has the reputation of God's Waiting Room, you know that it's gonna suck. (I went to one of those schools, and visited recently just to show my husband where I went to school... I can't say I'll ever want to go back.)",helene,community_discussion,
lo8t2jv,t3_1fm743v,t1_lo8p44m,florida,kingja200,1726942565,2024-09-21 18:16,2,How long did u last? What field were u in? Were did u end up?,helene,community_discussion,
lo8u3hg,t3_1fm743v,t3_1fm743v,florida,Trx120217,1726942906,2024-09-21 18:21,1,If you have good money it’s great. If not I can’t imagine it being very pleasant and it’s very expensive to live here.,helene,community_discussion,
lo8vjmi,t3_1fm743v,t3_1fm743v,florida,billlybufflehead,1726943384,2024-09-21 18:29,9,Never ending heat and humidity. No shade. Traffic all day long. Endless strips of commercial strip centers pawn shops vape shops and convenience stores.  Red ants alligators and red tide. Hurricanes high homeowners insurance… need I say more,helene,community_discussion,
lo8w6bh,t3_1fm743v,t1_lo8nxfw,florida,orangeman33,1726943599,2024-09-21 18:33,8,"Chicago has less violent crime per capita than Sarasota. In the areas you'd probably live in it would be very uncommon. I'm in health care, it is definitely more affordable here than in Sarasota.",helene,community_discussion,
lo8w7b3,t3_1fm743v,t3_1fm743v,florida,Live-Cryptographer11,1726943608,2024-09-21 18:33,5,I don’t like anything south of Tampa proper except st Pete.   The more north you go the less humid and hot it gets.  Sarasota still feels swampier then say tarpon springs.  I like zephyrhills if I was to get a house,helene,community_discussion,
lo8yjc7,t3_1fm743v,t1_lo8t2jv,florida,JasonBourne305,1726944407,2024-09-21 18:46,1,3 years. Marine industry. Got a job offer in Miami and came. I'm from here so I knew where I was going.,helene,community_discussion,
lo8ymgu,t3_1fm743v,t3_1fm743v,florida,Real_Bumblebee_1368,1726944437,2024-09-21 18:47,4,"I am currently living here and wouldn't recommend it for any young person if you have other options. It's quite expensive, the average age has to be around 60, feels incredibly cookie cutter, and is very auto dependent.",helene,community_discussion,
lo90fgg,t3_1fm743v,t1_lo8vjmi,florida,Dewnami,1726945064,2024-09-21 18:57,4,Sounds like most of Florida these days. Im no native but I’ve lived here since 1997. It used to be a cool place to live. Now I’m out. Moving in November and never looking back. Florida is past the point of no return.,helene,community_discussion,
lo91diu,t3_1fm743v,t3_1fm743v,florida,dhammajo,1726945398,2024-09-21 19:03,2,"Sarasota, Ohio-FL.",helene,community_discussion,
lo92178,t3_1fm743v,t3_1fm743v,florida,FailedTXV,1726945632,2024-09-21 19:07,0,We’re full. Traffic is ridiculous. New construction and development is way out of hand. Don’t come here. Go somewhere else.,helene,community_discussion,
lo939to,t3_1fm743v,t1_lo8yjc7,florida,kingja200,1726946072,2024-09-21 19:14,3,Isnt miami more expensive,helene,community_discussion,
lo93j5u,t3_1fm743v,t3_1fm743v,florida,[deleted],1726946165,2024-09-21 19:16,1,[removed],helene,community_discussion,
lo96l9l,t3_1fm743v,t1_lo8lr95,florida,FullMenu71a,1726947246,2024-09-21 19:34,3,"Let’s not bring up the cats 🐈‍⬛, they’ve already had a rough week.",helene,community_discussion,
lo96x8y,t3_1fm743v,t1_lo90fgg,florida,billlybufflehead,1726947363,2024-09-21 19:36,4,It really has changed. No more “snow birds” lull.  It’s a metropolis now. Unrelenting,helene,community_discussion,
lo984rw,t3_1fm743v,t1_lo8w7b3,florida,Night-Hamster,1726947781,2024-09-21 19:43,2,Methyrhills.,helene,community_discussion,
lo9acvk,t3_1fm743v,t1_lo90fgg,florida,Popular-Eggplant7530,1726948547,2024-09-21 19:55,1,Where to?,helene,community_discussion,
lo9c10t,t3_1fm743v,t3_1fm743v,florida,ApocalypseWow666,1726949124,2024-09-21 20:05,2,"Grew up there and left.  came back for 3 years and still didint care for it.

Its even worse overall now.  When I come down for my yearly month spent there, i barely ever leave the house.",helene,community_discussion,
lo9cqcc,t3_1fm743v,t1_lo8pk2n,florida,ApocalypseWow666,1726949366,2024-09-21 20:09,2,How does fruitville thru DT access siesta key? Bird/St Armands/Lido would be more appropriate using Fruitville.,helene,community_discussion,
lo9crzu,t3_1fm743v,t1_lo8pk2n,florida,ApocalypseWow666,1726949381,2024-09-21 20:09,1,How does fruitville thru DT access siesta key? Bird/St Armands/Lido would be more appropriate using Fruitville.,helene,community_discussion,
lo9d3s5,t3_1fm743v,t1_lo9c10t,florida,kingja200,1726949488,2024-09-21 20:11,1,Where did u end up moving,helene,community_discussion,
lo9dg6n,t3_1fm743v,t1_lo9d3s5,florida,ApocalypseWow666,1726949604,2024-09-21 20:13,2,I moved to Gainesville for a decade then ended up here in the mountains of SW Va a few yeara back.,helene,community_discussion,
lo9gtt3,t3_1fm743v,t1_lo8n9js,florida,jms21y,1726950734,2024-09-21 20:32,17,"it's florida; public transportation is communism. sitting in traffic, paying $3 a gallon for gasoline, searching 30 minutes for parking, and dodging unruly drivers is freedom.",helene,community_discussion,
lo9jv3c,t3_1fm743v,t1_lo8w6bh,florida,blacktieaffair,1726951735,2024-09-21 20:48,1,"Just curious when you say more affordable, how do the higher taxes in IL factor into that in your opinion? Thinking of moving to IL eventually for better QOL which I'm happy to pay higher taxes for, but still wondering how that ends up being more affordable in the long run.",helene,community_discussion,
lo9lasg,t3_1fm743v,t1_lo9jv3c,florida,orangeman33,1726952220,2024-09-21 20:57,6,"Car insurance, home insurance, home prices/rent are all less. Wages are higher. Income tax is flat 4.95%. At $50,000 income that is only $206 more a month. My home insurance savings alone almost matches that.",helene,community_discussion,
lo9nwgr,t3_1fm743v,t1_lo9lasg,florida,blacktieaffair,1726953110,2024-09-21 21:11,3,"I figured as much, it's just harder than I expected to try and calculate all of that out without having lived it. I was looking at the homes about an hour outside of Chicago and just totally floored by the prices up there. And, like you mentioned, the home insurance decrease alone would likely take care of the differential in e.g. property tax increase.

Really appreciate the insight!",helene,community_discussion,
lo9pioh,t3_1fm743v,t1_lo8clal,florida,FullMenu71a,1726953674,2024-09-21 21:21,1,Shhh! Don’t tell.,helene,community_discussion,
lo9qfk6,t3_1fm743v,t1_lo9pioh,florida,foomits,1726954003,2024-09-21 21:26,2,"if last time i tried to get down bee ridge is any indication, secrets out.",helene,community_discussion,
lo9qull,t3_1fm743v,t1_lo939to,florida,JasonBourne305,1726954151,2024-09-21 21:29,1,Yeah but I'm from here and got a very good job offer as well. It equals out because of my job and my industry theres more going on here. Try to go with a job already in Sarasota or Bradenton. I was coming to Miami for interviews before I moved.,helene,community_discussion,
lo9ugc4,t3_1fm743v,t1_lo9qfk6,florida,FullMenu71a,1726955461,2024-09-21 21:51,1,"Yeh, it’s out.",helene,community_discussion,
lo9umln,t3_1fm743v,t1_lo9qfk6,florida,FullMenu71a,1726955525,2024-09-21 21:52,1,Nice bromeliads.,helene,community_discussion,
lo9vukn,t3_1fm743v,t1_lo9acvk,florida,Dewnami,1726955982,2024-09-21 21:59,4,Hawaii. Not an easy move for most. Being single with no kids and having a job lined up makes it doable for me.,helene,community_discussion,
lo9xzw7,t3_1fm743v,t1_lo9vukn,florida,BeHear,1726956781,2024-09-21 22:13,2,Good for you! It sounds like an adventure with some stability! I hope it works out well.,helene,community_discussion,
lo9y4sw,t3_1fm743v,t3_1fm743v,florida,ErnieJohn,1726956831,2024-09-21 22:13,1,"No parks, lots of traffic, it's a fight to get parking at the limited beach parking on the weekend. Very much old population.",helene,community_discussion,
lo9zy9q,t3_1fm743v,t1_lo9xzw7,florida,Dewnami,1726957514,2024-09-21 22:25,2,Thank you! I’ve spent quite a bit of time in Hawaii and love the culture and the vibe. They actually protect their beautiful natural resources instead of paving over everything. It’s not for everyone for sure but I love it! Cant wait.,helene,community_discussion,
loa00hx,t3_1fm743v,t3_1fm743v,florida,senioradvisortoo,1726957537,2024-09-21 22:25,2,"I drive thru Sarasota on occasion, and I strongly dislike it.",helene,community_discussion,
loa0fzz,t3_1fm743v,t1_loa00hx,florida,kingja200,1726957702,2024-09-21 22:28,1,Why,helene,community_discussion,
loa3h2g,t3_1fm743v,t1_loa0fzz,florida,senioradvisortoo,1726958830,2024-09-21 22:47,1,"My experience is the residents tend to be uppity, exclusionary and lean extremely right. Not my kind of jimmy buffet Florida.",helene,community_discussion,
loa48fe,t3_1fm743v,t3_1fm743v,florida,Lopsided_Tackle_9015,1726959119,2024-09-21 22:51,1,"I’ve lived from Tampa to Port Charlotte and Sarasota is by far my favorite place I’ve lived.  We moved out of town only because we had the opportunity to live in Don Pedro/Palm Island in Placida. It’s beautiful here, but I miss Sarasota and the many things to do.",helene,community_discussion,
loawqbr,t3_1fm743v,t1_lo8n9js,florida,FullMenu71a,1726970727,2024-09-22 02:05,0,Public transit! Seriously?,helene,community_discussion,
lob1e27,t3_1fm743v,t3_1fm743v,florida,tvguard,1726972741,2024-09-22 02:39,1,No   Living in Sarasota is amazing,helene,community_discussion,
lobfdnk,t3_1fm743v,t3_1fm743v,florida,Embarrassed-Page8752,1726979468,2024-09-22 04:31,1,You literally post this same question in here every 4 days. Come on!,helene,community_discussion,
lobvesq,t3_1fm743v,t1_loawqbr,florida,orangeman33,1726989267,2024-09-22 07:14,1,Do you dude. If you want to sit on a patio where all you hear is road noise and horns as you see cars zoom past be my guest. I prefer to not drive after I drink so public transit or walkable is important to me. ,helene,community_discussion,
locaraf,t3_1fm743v,t3_1fm743v,florida,Peakomegaflare,1726999862,2024-09-22 10:11,1,"Not lived, but I work for a logistics company that has owner-operators for drivers. The only one who will go to Sarasota is the one driver I have that lives there. The other 29 drivers REFUSE to go anywhere near it.",helene,community_discussion,
locyek2,t3_1fm743v,t1_locaraf,florida,kingja200,1727012160,2024-09-22 13:36,1,May i ask y,helene,community_discussion,
lodpf6a,t3_1fm743v,t1_locyek2,florida,Peakomegaflare,1727021407,2024-09-22 16:10,1,"They typically never give much of an answer. My favorite one I do get though is ""My truck doesn't go that way"".",helene,community_discussion,
lodsu4m,t3_1fm743v,t1_lodpf6a,florida,kingja200,1727022434,2024-09-22 16:27,1,But really why LOL..they don't like the area or what lol.or the drivers ,helene,community_discussion,
loduo4p,t3_1fm743v,t1_lodsu4m,florida,Peakomegaflare,1727022954,2024-09-22 16:35,1,I wish I knew. That's the most I've gotten out of them.,helene,community_discussion,
lodv7hj,t3_1fm743v,t3_1fm743v,florida,[deleted],1727023111,2024-09-22 16:38,1,[removed],helene,community_discussion,
lodve31,t3_1fm743v,t1_loduo4p,florida,kingja200,1727023164,2024-09-22 16:39,1,Lol. Where is the company based out if,helene,community_discussion,
loe2fq7,t3_1fm743v,t3_1fm743v,florida,[deleted],1727025319,2024-09-22 17:15,1,[removed],helene,community_discussion,
lo8c8uq,t3_1fm7931,t3_1fm7931,florida,AutoModerator,1726937153,2024-09-21 16:45,1,"
Your [submission](https://www.reddit.com/r/florida/comments/1fm7931/46_states_have_now_had_job_levels_recover_from/) has been removed from r/Florida. 

* No Crossposts for News/Political Articles

[Please see our posting guidelines for more information.](https://www.reddit.com/r/florida/wiki/index/political_guidelines/)

If you believe this post was filtered in error, please let us know.


*I am a bot, and this action was performed automatically. Please [contact the moderators of this subreddit](/message/compose/?to=/r/florida) if you have any questions or concerns.*",helene,community_discussion,
lo8gti6,t3_1fm7t3s,t3_1fm7t3s,florida,AutoModerator,1726938619,2024-09-21 17:10,1,"
Your [submission](https://www.reddit.com/r/florida/comments/1fm7t3s/could_florida_flip_blue_or_should_i_vote_third/) has been removed from r/Florida. 

**All News/Political posts must link to a credible news source.** 

* No text posts.
* No images. 
* No Videos
* No screenshots of tweets/facebook/truth/etc posts. 
* No Political Memes. 
* No Crossposts.

[Please see our posting guidelines for more information.](https://www.reddit.com/r/florida/wiki/index/political_guidelines/)

If you believe this post was filtered in error, please let us know.


*I am a bot, and this action was performed automatically. Please [contact the moderators of this subreddit](/message/compose/?to=/r/florida) if you have any questions or concerns.*",helene,community_discussion,
lo8m3sy,t3_1fm82s4,t3_1fm82s4,florida,Black3Series,1726940288,2024-09-21 17:38,1,They need to spend more time just teaching people how to drive a car before we even talk about boating.,helene,community_discussion,
lo8o5zt,t3_1fm87fa,t3_1fm87fa,florida,florida-ModTeam,1726940938,2024-09-21 17:48,1,"This submission has been removed:

**4. News/Politics - Please Follow Our Guidelines**

- All Posts Must Be Specific to Florida, National News is Not Specific
- Post Title Should Match Title of Article Word-for-Word Without Editorialization
- Use a Reputable Source (social media is not a reputable source)
- Refrain from Crossposting
- Posts should be flaired correctly
- No Text posts
- No screenshots/videos
- No Political Memes


Please see our [Politics Posting Guidelines](
https://reddit.com/r/florida/w/index/political_guidelines) for more information. 

If you believe we made a mistake, please [message the moderators](https://www.reddit.com/message/compose?to=/r/florida)",helene,community_discussion,
lo8mykw,t3_1fm89sf,t3_1fm89sf,florida,Hanuman_Jr,1726940558,2024-09-21 17:42,0,"Real estate, buddy, land in Florida!",helene,community_discussion,
lo8n41l,t3_1fm89sf,t3_1fm89sf,florida,deetman68,1726940606,2024-09-21 17:43,25,Pilots. Air traffic controllers.,helene,community_discussion,
lo8nafr,t3_1fm89sf,t3_1fm89sf,florida,[deleted],1726940662,2024-09-21 17:44,1,[removed],helene,community_discussion,
lo8nx5a,t3_1fm89sf,t3_1fm89sf,florida,cozmicraven,1726940860,2024-09-21 17:47,40,Govenor,helene,community_discussion,
lo8o8qt,t3_1fm89sf,t3_1fm89sf,florida,AccomplishedBrain309,1726940962,2024-09-21 17:49,75,Square grouper fishing.,helene,community_discussion,
lo8og68,t3_1fm89sf,t1_lo8o8qt,florida,HerPaintedMan,1726941029,2024-09-21 17:50,3,Quicker than I am!,helene,community_discussion,
lo8oh4k,t3_1fm89sf,t3_1fm89sf,florida,TopAce6,1726941037,2024-09-21 17:50,278,Drug dealer.,helene,community_discussion,
lo8omhw,t3_1fm89sf,t3_1fm89sf,florida,der_innkeeper,1726941085,2024-09-21 17:51,63,Aerospace/defense engineering,helene,community_discussion,
lo8otz4,t3_1fm89sf,t3_1fm89sf,florida,trtsmb,1726941148,2024-09-21 17:52,35,If the plumber is just surviving someone is raking in the money when the bill is $200 for less than an hour.,helene,community_discussion,
lo8owoy,t3_1fm89sf,t3_1fm89sf,florida,greenANDpurple604,1726941172,2024-09-21 17:52,5,Scalpers,helene,community_discussion,
lo8oxph,t3_1fm89sf,t3_1fm89sf,florida,waynechriss,1726941181,2024-09-21 17:53,136,"Remote work for a company outside of Florida, usually tech related which is what I'm doing.",helene,community_discussion,
lo8p2fo,t3_1fm89sf,t1_lo8omhw,florida,skitso,1726941223,2024-09-21 17:53,107,"I’m in that field. I used to think I made great money.

Then my girlfriend asked me to help with her 401k.

She sells hurricane impact windows and doors has cleared $300k this year already.

Needless to say, she pays for dinner now lol",helene,community_discussion,hurricane
lo8p3bo,t3_1fm89sf,t1_lo8otz4,florida,Sensitive-Put-6416,1726941231,2024-09-21 17:53,6,This,helene,community_discussion,
lo8p5ga,t3_1fm89sf,t3_1fm89sf,florida,hroaks,1726941250,2024-09-21 17:54,4,CEO of Disney,helene,community_discussion,
lo8peyp,t3_1fm89sf,t3_1fm89sf,florida,[deleted],1726941336,2024-09-21 17:55,1,[removed],helene,community_discussion,
lo8pr7j,t3_1fm89sf,t3_1fm89sf,florida,kissyb,1726941451,2024-09-21 17:57,22,"Scammer. They are abundant here. Just found a niche and ""prosper""",helene,community_discussion,
lo8q4ed,t3_1fm89sf,t3_1fm89sf,florida,BWWFC,1726941575,2024-09-21 17:59,1,"can we get a high/low bracket qualifier for your view of ""a lot"" of money?

or just gonna say being a power ball winner seems like a good gig, all things equal.",helene,community_discussion,power
lo8qco9,t3_1fm89sf,t1_lo8p2fo,florida,Sandene,1726941652,2024-09-21 18:00,8,"Dang! If your gf needs help, I have over 20 years experience in customer service. I need a real job and I have been struggling to find a career that would be rewarding and something I enjoy. That doesn't sound half bad.   
Even if she doesn't need help, I would love some pointers if either of you have time",helene,community_discussion,
lo8qd6p,t3_1fm89sf,t3_1fm89sf,florida,Kissit777,1726941657,2024-09-21 18:00,1,Lawyer,helene,community_discussion,
lo8qhiz,t3_1fm89sf,t1_lo8qco9,florida,skitso,1726941699,2024-09-21 18:01,14,"The company is called FHIA.

They’re always hiring.

It’s 100% commission though. That normally turns people away.",helene,community_discussion,
lo8r1bx,t3_1fm89sf,t3_1fm89sf,florida,chrispd01,1726941888,2024-09-21 18:04,8,Porn star,helene,community_discussion,
lo8r3g5,t3_1fm89sf,t3_1fm89sf,florida,spec360,1726941909,2024-09-21 18:05,21,Lawyer during the day stripper during the night 😂,helene,community_discussion,
lo8r818,t3_1fm89sf,t3_1fm89sf,florida,Weak-Following-789,1726941953,2024-09-21 18:05,8,Inheritance recipient,helene,community_discussion,
lo8r9ui,t3_1fm89sf,t1_lo8r3g5,florida,Weak-Following-789,1726941970,2024-09-21 18:06,15,It’s the stripping that makes the money though,helene,community_discussion,
lo8rckb,t3_1fm89sf,t1_lo8oxph,florida,superthighheater3000,1726941995,2024-09-21 18:06,10,Came here to say exactly this.,helene,community_discussion,
lo8rczl,t3_1fm89sf,t1_lo8qhiz,florida,Trx120217,1726941999,2024-09-21 18:06,7,Dang! Thanks for the info. My gf recently lost one of her jobs. I’ll def be passing this along.,helene,community_discussion,
lo8rlkc,t3_1fm89sf,t1_lo8otz4,florida,KangBroseph,1726942075,2024-09-21 18:07,13,In my experience people in the trades that make 100k+ are either super specialized or they own a plumbing business with employees under them. (In Florida),helene,community_discussion,
lo8rw7o,t3_1fm89sf,t3_1fm89sf,florida,Gloomy_Yoghurt_2836,1726942171,2024-09-21 18:09,2,"Working g for a big, multinational company is a maybe. They pay nationally competitive wages to get and keep good employees.",helene,community_discussion,
lo8s1pc,t3_1fm89sf,t3_1fm89sf,florida,Koolaidolio,1726942221,2024-09-21 18:10,7,Escort services for old rich folk.,helene,community_discussion,
lo8s4s1,t3_1fm89sf,t3_1fm89sf,florida,FLBeachin,1726942249,2024-09-21 18:10,1,"Healthcare....Nurses, CNAs, etc.. There are still shortages and agency work.",helene,community_discussion,
lo8s67p,t3_1fm89sf,t3_1fm89sf,florida,nyleloccin,1726942263,2024-09-21 18:11,3,Commercial new construction plumbing pays a lot more than service plumbing typically.,helene,community_discussion,
lo8sa35,t3_1fm89sf,t1_lo8nx5a,florida,Mickey6382,1726942300,2024-09-21 18:11,2,"Except you have to stoopid to be govenor nowadays. Current imbecile graduated from an Ivy League college, but still can’t figure out the law or how public opinion really works. Keeps getting slapped down by the courts!",helene,community_discussion,
lo8sazz,t3_1fm89sf,t3_1fm89sf,florida,haynus_byotch77,1726942308,2024-09-21 18:11,15,AC tech & plumbing,helene,community_discussion,
lo8spg0,t3_1fm89sf,t3_1fm89sf,florida,EmceeCommon55,1726942442,2024-09-21 18:14,4,Your username is... Interesting,helene,community_discussion,
lo8sq5m,t3_1fm89sf,t3_1fm89sf,florida,[deleted],1726942449,2024-09-21 18:14,1,[removed],helene,community_discussion,
lo8ss2u,t3_1fm89sf,t3_1fm89sf,florida,xchgppldont,1726942467,2024-09-21 18:14,7,"Tech Sales. You just have to be resilient and consistent, get to really know the product, and know how to target and prioritize those clients who understand partnership. It takes some time to build a sales career, but if you stick with it, it does pay off. Part of the fun for me is building relationships too, so it feels not so much like work sometimes. Other times? Stressful AF.",helene,community_discussion,
lo8tcl7,t3_1fm89sf,t3_1fm89sf,florida,[deleted],1726942659,2024-09-21 18:17,1,[removed],helene,community_discussion,
lo8tdh5,t3_1fm89sf,t3_1fm89sf,florida,[deleted],1726942668,2024-09-21 18:17,1,[removed],helene,community_discussion,
lo8th5j,t3_1fm89sf,t3_1fm89sf,florida,Son_of_Yoduh,1726942702,2024-09-21 18:18,26,Be smart. AC guys will always have well payed work in Florida. People don’t let that shit slide around here.,helene,community_discussion,
lo8tk8k,t3_1fm89sf,t1_lo8rlkc,florida,pyscle,1726942731,2024-09-21 18:18,7,"Or they are very good at their trade. 

I know plenty of trades and people making $40+ an hour. So, 45 hours a week pretty much gets them there.",helene,community_discussion,
lo8ttoc,t3_1fm89sf,t3_1fm89sf,florida,lukinfly45,1726942816,2024-09-21 18:20,4,Insurance adjusters.,helene,community_discussion,
lo8ty0j,t3_1fm89sf,t3_1fm89sf,florida,[deleted],1726942856,2024-09-21 18:20,1,[removed],helene,community_discussion,
lo8tzx5,t3_1fm89sf,t3_1fm89sf,florida,pyscle,1726942874,2024-09-21 18:21,12,"I know plenty of welders and machinists making over $100k. 

Apprentices don’t usually make a lot. They are still learning. That’s why there is a pay progression also. By the time you are at journeyman wages, you should be able to think on your own.",helene,community_discussion,
lo8uyfj,t3_1fm89sf,t3_1fm89sf,florida,schwarma_mcpotato,1726943183,2024-09-21 18:26,3,Data scientist here. Make decent money.,helene,community_discussion,
lo8v5mu,t3_1fm89sf,t1_lo8tk8k,florida,KangBroseph,1726943250,2024-09-21 18:27,3,They are probably specialized or contracting in Miami Beach.,helene,community_discussion,
lo8vogd,t3_1fm89sf,t3_1fm89sf,florida,One-Abbreviations834,1726943430,2024-09-21 18:30,9,Florida has always sucked to work in! It's a right to work state... So basically gives the employers the right to underpay and fuck their employees however which way they want!,helene,community_discussion,
lo8vtjv,t3_1fm89sf,t1_lo8v5mu,florida,pyscle,1726943479,2024-09-21 18:31,8,"Nope. Tampa Bay Area. 

If you want a contract job, traveling, that would pay even more, plus tax free per diem.",helene,community_discussion,
lo8vxqj,t3_1fm89sf,t1_lo8vtjv,florida,KangBroseph,1726943518,2024-09-21 18:31,1,What trade?,helene,community_discussion,
lo8w8ir,t3_1fm89sf,t1_lo8ttoc,florida,Friendly-Papaya1135,1726943620,2024-09-21 18:33,2,Only public adjusters paired up with an attorney,helene,community_discussion,
lo8wa8x,t3_1fm89sf,t3_1fm89sf,florida,Friendly-Papaya1135,1726943636,2024-09-21 18:33,1,Anything scammy,helene,community_discussion,
lo8wgja,t3_1fm89sf,t1_lo8oh4k,florida,LivingEnd44,1726943695,2024-09-21 18:34,15,"So, like a pharmacist? ",helene,community_discussion,
lo8wh1q,t3_1fm89sf,t1_lo8vxqj,florida,pyscle,1726943700,2024-09-21 18:35,5,"Machining. I went to Pinellas Tech and SPJC for machining, a long, long, time ago. 

Heck, early 2000s I made $35/hr, plus $250/day per diem, for a six month gig in Brazil. Two years in Mexico paid me $2500 a week plus apartment paid, plus (I think) $200/week per diem. That was around 2006 or so. 

If I could find a machinist that could run manual and CNC, program, set up, and operate, without being babysit, they would make $100k.",helene,community_discussion,
lo8whjm,t3_1fm89sf,t1_lo8rckb,florida,zapolloz,1726943704,2024-09-21 18:35,3,Same,helene,community_discussion,
lo8yk85,t3_1fm89sf,t1_lo8oxph,florida,v1rojon,1726944416,2024-09-21 18:46,33,"Winner, winner, chicken dinner.",helene,community_discussion,
lo8zae9,t3_1fm89sf,t1_lo8mykw,florida,PaulOshanter,1726944668,2024-09-21 18:51,5,"Not even, it's extremely saturated",helene,community_discussion,
lo8zbmg,t3_1fm89sf,t1_lo8wh1q,florida,trtsmb,1726944680,2024-09-21 18:51,2,Not many left that can do all this.,helene,community_discussion,
lo8zkal,t3_1fm89sf,t1_lo8zbmg,florida,pyscle,1726944765,2024-09-21 18:52,6,"Which is why the ones that can, get paid.",helene,community_discussion,
lo8zznw,t3_1fm89sf,t1_lo8p2fo,florida,der_innkeeper,1726944912,2024-09-21 18:55,47,"Yeah... your girl is an outlier.

Well done, though.",helene,community_discussion,
lo90hx3,t3_1fm89sf,t3_1fm89sf,florida,anon727813,1726945089,2024-09-21 18:58,5,"Technology jobs. Software, cloud, networking, etc",helene,community_discussion,
lo90ti8,t3_1fm89sf,t3_1fm89sf,florida,Meltsomeice,1726945201,2024-09-21 19:00,1,Ponzi Scheme,helene,community_discussion,
lo9144g,t3_1fm89sf,t1_lo8oxph,florida,heresmytwopence,1726945306,2024-09-21 19:01,1,🖐️,helene,community_discussion,
lo92637,t3_1fm89sf,t3_1fm89sf,florida,[deleted],1726945680,2024-09-21 19:08,1,[removed],helene,community_discussion,
lo932qa,t3_1fm89sf,t3_1fm89sf,florida,NeverAppropriate,1726946002,2024-09-21 19:13,1,Get your RN and be willing to travel as a travel nurse.,helene,community_discussion,
lo935au,t3_1fm89sf,t3_1fm89sf,florida,incredulitor,1726946028,2024-09-21 19:13,5,https://www.bls.gov/oes/2023/may/oes_fl.htm,helene,community_discussion,
lo93qqr,t3_1fm89sf,t3_1fm89sf,florida,elevatorovertimeho,1726946239,2024-09-21 19:17,10,Elevator tech eats well even here in Fl,helene,community_discussion,
lo94f1g,t3_1fm89sf,t1_lo8oh4k,florida,No-Detail-5804,1726946477,2024-09-21 19:21,35,I can attest that this is a lucrative industry.,helene,community_discussion,
lo97as5,t3_1fm89sf,t3_1fm89sf,florida,Grumpee68,1726947493,2024-09-21 19:38,2,UF football coach,helene,community_discussion,
lo98qrl,t3_1fm89sf,t1_lo8wgja,florida,Bright_Opening2928,1726947992,2024-09-21 19:46,3,"Not even! Sad,but true!",helene,community_discussion,
lo99a2w,t3_1fm89sf,t1_lo8s4s1,florida,4PurpleRain,1726948176,2024-09-21 19:49,3,Healthcare does not pay well in Florida.  I moved to the Midwest have working in healthcare in Florida for two decades.  It took a 25 percent pay increase with less work.,helene,community_discussion,
lo99e2u,t3_1fm89sf,t3_1fm89sf,florida,[deleted],1726948215,2024-09-21 19:50,1,[removed],helene,community_discussion,
lo9ak3g,t3_1fm89sf,t1_lo8w8ir,florida,lukinfly45,1726948617,2024-09-21 19:56,1,Not true.,helene,community_discussion,
lo9azug,t3_1fm89sf,t1_lo9ak3g,florida,Friendly-Papaya1135,1726948768,2024-09-21 19:59,1,Desk adjuster jobs in Florida pay like shit unless you can work remote for one of the big players that aren't based here. Field adjuster pay is mediocre to decent here. The real money is in storm chasing.,helene,community_discussion,storm
lo9bgx8,t3_1fm89sf,t3_1fm89sf,florida,foomits,1726948930,2024-09-21 20:02,22,"1. trades and skilled labor

2. sales.  there is alot of money.  residential construction and related sales is great.

3.  small business service industries like cleaning, lawn services, peat control.  same reason as number 2, people have money and want their shit taken care of.

There are plenty of other jobs, but these are areas i think are particularly good in Florida.",helene,community_discussion,
lo9by4r,t3_1fm89sf,t3_1fm89sf,florida,Grand-Savings-2983,1726949096,2024-09-21 20:04,4,Marine mechanic,helene,community_discussion,
lo9bzx9,t3_1fm89sf,t3_1fm89sf,florida,Lumberg78,1726949113,2024-09-21 20:05,1,Mortician,helene,community_discussion,
lo9d9c1,t3_1fm89sf,t3_1fm89sf,florida,HotWalrus9592,1726949540,2024-09-21 20:12,10,Under water welders.  Legit.,helene,community_discussion,
lo9e5ah,t3_1fm89sf,t3_1fm89sf,florida,uncleawesome,1726949834,2024-09-21 20:17,3,"Building car washes, mattress stores, or Dollar Generals.",helene,community_discussion,
lo9fk9a,t3_1fm89sf,t1_lo94f1g,florida,Avocadosandtomatoes,1726950307,2024-09-21 20:25,7,Do different drugs make more money than others?,helene,community_discussion,
lo9g02q,t3_1fm89sf,t1_lo8sa35,florida,Publius82,1726950457,2024-09-21 20:27,5,"Meanwhile his buddies' law firms are defending all the bullshit laws he signs in court, paid for by taxpayers. Win or lose, they make money.


It's not stupidity on his part, it's grift.",helene,community_discussion,
lo9hfwf,t3_1fm89sf,t1_lo8oh4k,florida,[deleted],1726950939,2024-09-21 20:35,1,[deleted],helene,community_discussion,
lo9ig4h,t3_1fm89sf,t1_lo9g02q,florida,Mickey6382,1726951266,2024-09-21 20:41,1,"Hadn’t thought about it from that angle. I believe you may be correct! Just another right wing extremist playing the system, like his stinky, orange mentor.",helene,community_discussion,
lo9j0mj,t3_1fm89sf,t1_lo9azug,florida,lukinfly45,1726951451,2024-09-21 20:44,3,Workers compensation jobs do pay well. And you can work for a plenty of companies. Desk property adjusters make easily between 70-90K down here. General Liability and Property adjusters who can handle construction defect claims are in huge demand down here. Also the Orlando area is one of the biggest insurance hubs in the country. There are also many carries and TPA's in Tampa. The industry is bigger than you think in Florida.,helene,community_discussion,
lo9jp05,t3_1fm89sf,t1_lo9fk9a,florida,No-Detail-5804,1726951676,2024-09-21 20:47,19,Definitely but is the risk worth the reward?,helene,community_discussion,
lo9k8la,t3_1fm89sf,t3_1fm89sf,florida,Spirited-Pause,1726951862,2024-09-21 20:51,2,"- Remote Software engineer for a company based in a tech hub like SF or NYC
- Healthcare
- Divorce attorney",helene,community_discussion,
lo9l13r,t3_1fm89sf,t3_1fm89sf,florida,Jimthebassman,1726952131,2024-09-21 20:55,3,UPS Driver,helene,community_discussion,
lo9lkjq,t3_1fm89sf,t3_1fm89sf,florida,Dozzer63,1726952312,2024-09-21 20:58,-1,???? Uhhh drug runner...,helene,community_discussion,
lo9lrll,t3_1fm89sf,t3_1fm89sf,florida,Enginerd645,1726952379,2024-09-21 20:59,1,Any job that has you living in Florida and working remote with your company HQ in another state.,helene,community_discussion,
lo9lut9,t3_1fm89sf,t1_lo8oxph,florida,Enginerd645,1726952409,2024-09-21 21:00,-1,This is the way. This is exactly what brought me here.,helene,community_discussion,
lo9mbel,t3_1fm89sf,t1_lo8o8qt,florida,New_Currency_4943,1726952566,2024-09-21 21:02,3,Yup,helene,community_discussion,
lo9mcmz,t3_1fm89sf,t1_lo8o8qt,florida,New_Currency_4943,1726952578,2024-09-21 21:02,2,👏,helene,community_discussion,
lo9mnq2,t3_1fm89sf,t1_lo8omhw,florida,[deleted],1726952683,2024-09-21 21:04,1,[removed],helene,community_discussion,
lo9oobn,t3_1fm89sf,t1_lo8sa35,florida,SuchEasyTradeFormat,1726953374,2024-09-21 21:16,11,"boy are you duped.

  
Never attribute to stupidity what can be adequately explained by malice.",helene,community_discussion,
lo9oyi3,t3_1fm89sf,t1_lo9oobn,florida,Mickey6382,1726953473,2024-09-21 21:17,0,As long as a malicious angle can be discovered. I do believe a lot of MAGAS are dumb or ignorant. But prob not this one.,helene,community_discussion,
lo9rtql,t3_1fm89sf,t1_lo8zznw,florida,skitso,1726954499,2024-09-21 21:34,11,"I mean the people in that company make a lot of money. Specifically the Outside Sales Rep.

Only downside is that even right at this second she’s on a sales call in deltona.",helene,community_discussion,
lo9t1g1,t3_1fm89sf,t1_lo9rtql,florida,OriginalFaCough,1726954943,2024-09-21 21:42,9,"Oddly enough, I made a pit stop there. Sitting in a bar in Deltona right now. 🍻",helene,community_discussion,
lo9t5b7,t3_1fm89sf,t3_1fm89sf,florida,chefjpv_,1726954982,2024-09-21 21:43,1,AC guy,helene,community_discussion,
lo9tc6p,t3_1fm89sf,t1_lo8th5j,florida,chefjpv_,1726955052,2024-09-21 21:44,7,Wild how they are willing to pay inexperienced  people $30+ an hour for AC work and dudes out there doing door dash. could be making 150k a year in a few years,helene,community_discussion,
lo9tnkb,t3_1fm89sf,t3_1fm89sf,florida,aharwelclick,1726955167,2024-09-21 21:46,1,Remote tech.,helene,community_discussion,
lo9uepb,t3_1fm89sf,t1_lo93qqr,florida,OriginalFaCough,1726955445,2024-09-21 21:50,1,Unless they have child support and alimony payments...,helene,community_discussion,
lo9ug27,t3_1fm89sf,t3_1fm89sf,florida,Spicyperfection,1726955458,2024-09-21 21:50,1,Mortician ⚰️,helene,community_discussion,
lo9up5c,t3_1fm89sf,t1_lo9lrll,florida,OriginalFaCough,1726955552,2024-09-21 21:52,1,*any state not touching Florida,helene,community_discussion,
lo9uz9d,t3_1fm89sf,t3_1fm89sf,florida,[deleted],1726955658,2024-09-21 21:54,1,[removed],helene,community_discussion,
lo9v0cb,t3_1fm89sf,t1_lo8s4s1,florida,OriginalFaCough,1726955669,2024-09-21 21:54,2,"There are shortages because they are underpaid, undereducated, and treated like shit.",helene,community_discussion,
lo9vg9b,t3_1fm89sf,t1_lo8pr7j,florida,lost-my-old-account,1726955831,2024-09-21 21:57,7,"There is a couple that sells fake antique porcelain signs.  I wish I didn't have morals so I could get on that money train.

They don't even look real, the back are all brand new, they put a few holes in them and wipe dirt on them, but the boomers love em.",helene,community_discussion,
lo9wl0w,t3_1fm89sf,t1_lo9j0mj,florida,Friendly-Papaya1135,1726956253,2024-09-21 22:04,2,"$70k is on the high side for a Florida office-based desk adjuster. Higher pay is available but it typically involves working remotely for a boss that isn't based here. That said it's a decent option for Florida. 

Central Florida is an insurance hub but it's mostly customer service, processing, back office, hourly type jobs, or local carriers that pay local (low) wages. 

The big Florida money is chasing storms as a free agent.",helene,community_discussion,
lo9xyas,t3_1fm89sf,t3_1fm89sf,florida,BayouKev,1726956764,2024-09-21 22:12,2,Stripper,helene,community_discussion,
lo9y2ln,t3_1fm89sf,t3_1fm89sf,florida,robert32940,1726956809,2024-09-21 22:13,57,"Florida employers think it's 2007.

Managers think people should be paid what they were paid in 1995 with the same role but half the workload and a quarter of the responsibility.",helene,community_discussion,
loa1aeq,t3_1fm89sf,t1_lo8wgja,florida,bicyclemycology,1726958021,2024-09-21 22:33,3,They make like $50/hr in Florida..,helene,community_discussion,
loa1nkh,t3_1fm89sf,t1_lo8o8qt,florida,bicyclemycology,1726958157,2024-09-21 22:35,13,Want to share some numbers where they’re biting?,helene,community_discussion,
loa2hrx,t3_1fm89sf,t1_lo9jp05,florida,One-Adhesiveness2574,1726958467,2024-09-21 22:41,12,Username checks out,helene,community_discussion,
loa2mm6,t3_1fm89sf,t3_1fm89sf,florida,MisterSlippers,1726958517,2024-09-21 22:41,3,"Cybersecurity jobs after you've done your time in the entry level trenches. Hell, depending on luck and how you interview you may be able to skip entry level altogether.",helene,community_discussion,
loa2nth,t3_1fm89sf,t1_loa1nkh,florida,AccomplishedBrain309,1726958529,2024-09-21 22:42,11,Port of Miami.,helene,community_discussion,
loa2tla,t3_1fm89sf,t3_1fm89sf,florida,LBAIGL,1726958587,2024-09-21 22:43,1,"None of them unless you are a C Level executive, a construction project manager, or work remote for a company not in Florida.",helene,community_discussion,
loa46vc,t3_1fm89sf,t3_1fm89sf,florida,InvestigatorOpen3891,1726959103,2024-09-21 22:51,2,Selling Coke,helene,community_discussion,
loa4aqn,t3_1fm89sf,t1_lo8tzx5,florida,One-Adhesiveness2574,1726959143,2024-09-21 22:52,2,"Welder here. Unfortunately most of these higher paying jobs are kinda far and few between and very dependent on where you live as well. Best paying jobs I’ve had personally in state had well over an hour commute. Definitely jobs in port of Tampa, Miami, up in the pan handle some times, no personal experience but I’ve met some guys who say the east coast has some good opportunities as well around larger ports for ship and boat work. But as a welder if you leave Florida your income almost doubles any where typically.",helene,community_discussion,
loa4b09,t3_1fm89sf,t1_lo9oobn,florida,robert32940,1726959146,2024-09-21 22:52,1,Did you just apply inverse Hanlon's Razor to Bootsie McGhee?,helene,community_discussion,
loa4lnu,t3_1fm89sf,t3_1fm89sf,florida,AAA_Dolfan,1726959261,2024-09-21 22:54,3,"If you’re not making money as a plumber then you’re an idiot.  Plumbers make great money. 

Go be a diesel mechanic in island fishing areas. You’ll name your price.",helene,community_discussion,
loa4m5q,t3_1fm89sf,t1_loa2hrx,florida,[deleted],1726959266,2024-09-21 22:54,1,[removed],helene,community_discussion,
loa5b0a,t3_1fm89sf,t1_loa4aqn,florida,pyscle,1726959533,2024-09-21 22:58,1,"I do live 45 minutes from the shop, and the same from Port of Tampa/Port Manatee, just the other direction. 

What part of Florida are you in now?

We are always looking for guys that can pass a 6g, and pay accordingly. Even having trouble finding fitters for simple structural gmaw/fcaw. Everyone just wants to burn wire for top $$. Don’t we all??",helene,community_discussion,
loa5nv0,t3_1fm89sf,t1_loa2hrx,florida,No-Detail-5804,1726959671,2024-09-21 23:01,10,¯\\_(ツ)_/¯,helene,community_discussion,
loa5r5x,t3_1fm89sf,t3_1fm89sf,florida,JustB510,1726959707,2024-09-21 23:01,1,I made good money as a carpenter in Florida,helene,community_discussion,
loa5v23,t3_1fm89sf,t3_1fm89sf,florida,NamePicked,1726959749,2024-09-21 23:02,2,WFH for companies based out of states with strong and diverse economies.,helene,community_discussion,
loa6esk,t3_1fm89sf,t3_1fm89sf,florida,[deleted],1726959962,2024-09-21 23:06,1,[deleted],helene,community_discussion,
loa6l2w,t3_1fm89sf,t3_1fm89sf,florida,[deleted],1726960028,2024-09-21 23:07,1,[removed],helene,community_discussion,
loa70x7,t3_1fm89sf,t3_1fm89sf,florida,Guilty-Glove-3395,1726960201,2024-09-21 23:10,1,11stripper,helene,community_discussion,
loa75b2,t3_1fm89sf,t3_1fm89sf,florida,agroyle,1726960249,2024-09-21 23:10,1,Plastic surgeon,helene,community_discussion,
loa7846,t3_1fm89sf,t3_1fm89sf,florida,agroyle,1726960279,2024-09-21 23:11,0,Drug rehab facilities (homes),helene,community_discussion,
loa7ly8,t3_1fm89sf,t1_lo8otz4,florida,Kornbread2000,1726960432,2024-09-21 23:13,8,"I have had some really good plumbers and electricians in Florida and now have favorites. They are all poor business people. They can't schedule, aren't good at collecting (I try to convince them to just let me pay before they leave) and rarely have someone answering their phones. Florida is ripe for someone to buy up small shops and implement structure and controls.",helene,community_discussion,
loa7lzc,t3_1fm89sf,t1_lo8qhiz,florida,Sandene,1726960432,2024-09-21 23:13,3,"Thank you! 
I was a hair dresser at one point so it's not that scary, especially if you believe in what you are selling",helene,community_discussion,
loa7mdd,t3_1fm89sf,t1_lo99a2w,florida,310410celleng,1726960436,2024-09-21 23:13,2,"I am a Trauma Surgeon and I get paid well, but I agree that most other jobs in healthcare don't pay well at all.

I know a few RNs who have their MSN who are earning decent money but that is not common, most can make more money working in another State.",helene,community_discussion,
loa7t5s,t3_1fm89sf,t1_lo97as5,florida,310410celleng,1726960509,2024-09-21 23:15,4,"Billy Napier should not be being paid anywhere near what he is being paid.

I blame Stricklin.",helene,community_discussion,
loa87l6,t3_1fm89sf,t1_loa7t5s,florida,Grumpee68,1726960668,2024-09-21 23:17,2,As do I.,helene,community_discussion,
loa9l7w,t3_1fm89sf,t3_1fm89sf,florida,Particular-Mix5480,1726961214,2024-09-21 23:26,1,I am a plumbing and a 20% commission sounds great... I wonder what that works out to hourly on average?    Was kinda thinking of going for a FL Plumbing License and heading that way soon.,helene,community_discussion,
loa9qen,t3_1fm89sf,t1_lo8p2fo,florida,Rso1wA,1726961271,2024-09-21 23:27,3,Wow. That’s pretty amazing.,helene,community_discussion,
loa9tpn,t3_1fm89sf,t3_1fm89sf,florida,DopyWantsAPeanut,1726961307,2024-09-21 23:28,3,Law enforcement with overtime but there are easier ways to make a living.,helene,community_discussion,
loa9usa,t3_1fm89sf,t3_1fm89sf,florida,DingleBerry___x,1726961319,2024-09-21 23:28,2,Fpl / Nextera,helene,community_discussion,
loa9wyo,t3_1fm89sf,t1_lo8oh4k,florida,HowzitUFaka,1726961343,2024-09-21 23:29,1,Advil ?,helene,community_discussion,
loaa7d9,t3_1fm89sf,t1_lo8oxph,florida,thegirlwithepizza,1726961457,2024-09-21 23:30,3,I agree but I’ve been having trouble finding jobs that aren’t scams. What part of tech do you work for? And what company do you work for if you don’t mind me asking?,helene,community_discussion,
loaacof,t3_1fm89sf,t1_lo8oh4k,florida,Beginning_Ad8663,1726961514,2024-09-21 23:31,0,Pimp makes better money,helene,community_discussion,
loaaepi,t3_1fm89sf,t1_lo8yk85,florida,thegirlwithepizza,1726961537,2024-09-21 23:32,17,Where do you find your remote jobs that aren’t scams? What company do you work for if you don’t mind me asking?,helene,community_discussion,
loab75x,t3_1fm89sf,t1_lo8uyfj,florida,thegirlwithepizza,1726961851,2024-09-21 23:37,1,I have my data analytics certification. I’ve just been having trouble finding a job :/. Any pointers?,helene,community_discussion,
loabh5o,t3_1fm89sf,t1_loa7846,florida,thegirlwithepizza,1726961962,2024-09-21 23:39,1,What city are you in? They pay $17 hourly max where I’m at.,helene,community_discussion,
loabhyj,t3_1fm89sf,t1_loa9l7w,florida,Urmomsjuicyvagina,1726961971,2024-09-21 23:39,2,"Yeah but you got to realize that some weeks you could make $400 only because of the jobs or if the job is labor intensive. Plus the money goes on the tools. One of the tools you absolutely need costs about $2,500 called a ProPress.",helene,community_discussion,
loabwkg,t3_1fm89sf,t3_1fm89sf,florida,Mr_Fignutz,1726962133,2024-09-21 23:42,2,![gif](giphy|XCsrWmtdujzMkdOHLf),helene,community_discussion,
loabxrl,t3_1fm89sf,t1_loaa7d9,florida,waynechriss,1726962147,2024-09-21 23:42,5,"I work for a video game company (based in Texas) as a level designer. However, I don't want to disclose which company.",helene,community_discussion,
loacbp3,t3_1fm89sf,t1_lo8zznw,florida,-ItsWahl-,1726962302,2024-09-21 23:45,23,Sadly selling a product pays 4x more than installing the product.,helene,community_discussion,
loacrml,t3_1fm89sf,t1_lo8otz4,florida,-ItsWahl-,1726962478,2024-09-21 23:47,24,As a Florida plumber for 30yrs I can tell you business owners not the actual Plumber is benefiting.,helene,community_discussion,
loacyea,t3_1fm89sf,t1_loaaepi,florida,v1rojon,1726962553,2024-09-21 23:49,42,"I won’t say where just because I don’t always post the most work friendly stuff on here and I am not going to put myself  in a situation where that could come back to bite me.  I will say I am in IT for a healthcare company.  

I will say that I used Indeed.  There is a bit of a trick though.  When you go to Indeed’s website and then say you want to look for WFH jobs, it still geocaches your location and finds WFH jobs in your area.  I was only getting 10-15 returns for my specific field.  I started just Googling Indeed Remote US (and then the titles that match my field/experience).  I was suddenly getting almost 150 results.  Admittedly, I am in a field that is much more in demand than I expected, so results may vary, but I was getting call backs and requests to interview almost immediately.  Searching Google and going to Indeed through that search was a game changer though.  If you are looking for anywhere US though, do it that way.  Florida is a state where a lot of companies are willing to hire on remotely.  

Best of luck and I am truly hoping you have success in your hunt.",helene,community_discussion,
loadwa8,t3_1fm89sf,t3_1fm89sf,florida,[deleted],1726962929,2024-09-21 23:55,1,[removed],helene,community_discussion,
loadwst,t3_1fm89sf,t1_lo8pr7j,florida,[deleted],1726962935,2024-09-21 23:55,1,[removed],helene,community_discussion,
loaeajx,t3_1fm89sf,t1_lo8sa35,florida,[deleted],1726963088,2024-09-21 23:58,1,[removed],helene,community_discussion,
loaec34,t3_1fm89sf,t1_loab75x,florida,schwarma_mcpotato,1726963105,2024-09-21 23:58,2,"Are you clearance eligible? Helps a ton with all the defense jobs around here. 

Its also good to do a lot of research on the company you are interviewing for to understand their business and answer questions or give ideas on how they can use their data to help their customers/create business.",helene,community_discussion,
loaefzp,t3_1fm89sf,t1_lo8th5j,florida,GrantNexus,1726963148,2024-09-21 23:59,0,Payed isn't a word really.,helene,community_discussion,
loagi8u,t3_1fm89sf,t3_1fm89sf,florida,hewtab,1726963982,2024-09-22 00:13,1,Personal Injury Attorney,helene,community_discussion,
loagy4j,t3_1fm89sf,t1_loa1aeq,florida,No_Bill1800,1726964163,2024-09-22 00:16,1,I think you have to go through school and all for a pharmacist but a pharmaceutical technician is cheaper and a leg in,helene,community_discussion,
loah0xn,t3_1fm89sf,t1_lo8oh4k,florida,TheWhiteRabbit74,1726964195,2024-09-22 00:16,1,I was going to say ‘none’ but damn if you didn’t prove me wrong.,helene,community_discussion,
loah2be,t3_1fm89sf,t1_lo9rtql,florida,Sephiroth2014,1726964211,2024-09-22 00:16,14,"“Sales call”

![gif](giphy|10UUe8ZsLnaqwo)",helene,community_discussion,
loah9j7,t3_1fm89sf,t3_1fm89sf,florida,bencointl,1726964293,2024-09-22 00:18,1,Only fans model,helene,community_discussion,
loahnir,t3_1fm89sf,t1_lo8o8qt,florida,roastedbagel,1726964451,2024-09-22 00:20,34,"Not me actually thinking this was a species of grouper that made fishermen a lot of money LOL 

(To the uninitiated, square grouper is slang for bales of drugs washing up on shore)",helene,community_discussion,
loahupn,t3_1fm89sf,t3_1fm89sf,florida,malywowwie,1726964534,2024-09-22 00:22,21,I've cleared 6 fugures every year for the past 6 years as an auto mechanic...but honestly 100k/year is the new 50k with inflation and general cost of living,helene,community_discussion,
loaigik,t3_1fm89sf,t1_lo8sa35,florida,futurelaker88,1726964786,2024-09-22 00:26,1,Stupid enough to be asking Reddit how to make money?,helene,community_discussion,
loaj5ii,t3_1fm89sf,t1_lo8wgja,florida,StBernard2000,1726965067,2024-09-22 00:31,15,🤣🤣🤣 pharmacist are overworked and underpaid especially in Florida,helene,community_discussion,
loaj71h,t3_1fm89sf,t1_loah2be,florida,skitso,1726965085,2024-09-22 00:31,5,THATS WHAT I ALWAYS SAY! And she’s a cute blonde girl too….,helene,community_discussion,
loajbd3,t3_1fm89sf,t3_1fm89sf,florida,[deleted],1726965135,2024-09-22 00:32,1,[removed],helene,community_discussion,
loajcft,t3_1fm89sf,t1_lo8oh4k,florida,epicenter69,1726965146,2024-09-22 00:32,1,"Sad, but true.",helene,community_discussion,
loajgda,t3_1fm89sf,t3_1fm89sf,florida,VaporBlueDH1347,1726965190,2024-09-22 00:33,1,OnlyFans creator,helene,community_discussion,
loajl11,t3_1fm89sf,t1_lo8s1pc,florida,epicenter69,1726965243,2024-09-22 00:34,2,…in The Villages,helene,community_discussion,
loajrx4,t3_1fm89sf,t1_loaigik,florida,[deleted],1726965321,2024-09-22 00:35,1,[removed],helene,community_discussion,
loajtbe,t3_1fm89sf,t1_lo93qqr,florida,epicenter69,1726965337,2024-09-22 00:35,5,Otis pays very well in the Orlando area.  We had an electrical apprentice quit in year 3 of a 4 year class to switch over to the elevator apprenticeship.  I don’t blame him.,helene,community_discussion,
loajthk,t3_1fm89sf,t3_1fm89sf,florida,[deleted],1726965339,2024-09-22 00:35,1,[removed],helene,community_discussion,
loajwni,t3_1fm89sf,t3_1fm89sf,florida,OutsaneOnReddit,1726965375,2024-09-22 00:36,2,"i just got a job selling life insurance, and I haven't had a payday yet but I'm learning that you can make a lot of money if your heart is in it. the average pay (commission) is 1200 a week. that's a lot for me because my last job paid me 600 a week and that was big for me lol",helene,community_discussion,
loak7m3,t3_1fm89sf,t1_lo9fk9a,florida,madtwatr,1726965498,2024-09-22 00:38,1,you can easily make $100k/year (or more if you’re risky like that) off selling coke,helene,community_discussion,
loak7x7,t3_1fm89sf,t1_lo8p5ga,florida,epicenter69,1726965502,2024-09-22 00:38,1,Except he’s in California.,helene,community_discussion,
loak88x,t3_1fm89sf,t1_loa7ly8,florida,trtsmb,1726965506,2024-09-22 00:38,8,I have never had a plumber/electrician come in who did not expect payment before he/she went out the door.,helene,community_discussion,
loakar4,t3_1fm89sf,t3_1fm89sf,florida,[deleted],1726965534,2024-09-22 00:38,1,[removed],helene,community_discussion,
loake2c,t3_1fm89sf,t1_loak88x,florida,Kornbread2000,1726965572,2024-09-22 00:39,0,"Used to be standard. Now I get ""I'll pull an invoice together and send it to you.""",helene,community_discussion,
loakjwd,t3_1fm89sf,t1_lo9bgx8,florida,GeneSpecialist3284,1726965639,2024-09-22 00:40,8,Swimming pool services.,helene,community_discussion,
loakriw,t3_1fm89sf,t1_lo9k8la,florida,epicenter69,1726965724,2024-09-22 00:42,5,"I recently learned the worker bees of healthcare don’t make much, considering the school and certification required.  Nurses, lab techs, EMTs, etc need to make more for the shit they put up with.",helene,community_discussion,
loaktgm,t3_1fm89sf,t1_loake2c,florida,trtsmb,1726965745,2024-09-22 00:42,1,"I just had an electrician come in about a month ago and it was pay now. Six months ago, a plumber was the same way. So was the AC tech who serviced my AC. I guess it must be your part of FL.",helene,community_discussion,
loal1n8,t3_1fm89sf,t1_lo8oxph,florida,poodidle,1726965839,2024-09-22 00:43,1,Me too:),helene,community_discussion,
loal59e,t3_1fm89sf,t1_loaktgm,florida,Kornbread2000,1726965880,2024-09-22 00:44,1,Must be. I'm in SWFL.,helene,community_discussion,
loalzi0,t3_1fm89sf,t3_1fm89sf,florida,[deleted],1726966226,2024-09-22 00:50,1,[removed],helene,community_discussion,
loam2tr,t3_1fm89sf,t1_loal59e,florida,trtsmb,1726966265,2024-09-22 00:51,2,I'm in Central and no one invoices.,helene,community_discussion,
loam3s2,t3_1fm89sf,t3_1fm89sf,florida,[deleted],1726966276,2024-09-22 00:51,1,[removed],helene,community_discussion,
loamorl,t3_1fm89sf,t1_loa1aeq,florida,tojmes,1726966511,2024-09-22 00:55,2,No this is a wayyyyy underestimate of what they make.,helene,community_discussion,
loamqq3,t3_1fm89sf,t1_loaj5ii,florida,tojmes,1726966533,2024-09-22 00:55,7,Overworked is true.,helene,community_discussion,
loanf95,t3_1fm89sf,t3_1fm89sf,florida,Weed_Me_Up,1726966813,2024-09-22 01:00,1,Audio video systems programmer in commercial. I make about 200k year. No college degree but tons of industry certifications.,helene,community_discussion,
loanukp,t3_1fm89sf,t1_lo8p2fo,florida,tedruxpin4,1726966989,2024-09-22 01:03,16,Here I am the one machining hurricane impact windows and doors for the florida state capital and I'm clearing $50k a year. Gotta love it,helene,community_discussion,hurricane
loap2sh,t3_1fm89sf,t1_loamorl,florida,bicyclemycology,1726967501,2024-09-22 01:11,6,"$50 is on the low end, but I recently heard someone saying they were making $46 as a new grad. The pay for healthcare jobs in Florida is shockingly low. I used to practice medicine in Florida..",helene,community_discussion,
loap74c,t3_1fm89sf,t3_1fm89sf,florida,jebidiaGA,1726967553,2024-09-22 01:12,0,"If you're good at your job and are willing to put in the work,  then open your own plumbing business and be the one making the money not waiting for scraps.",helene,community_discussion,
loapz7b,t3_1fm89sf,t1_loabhyj,florida,Particular-Mix5480,1726967871,2024-09-22 01:17,1,"Our boss provides ProPress but I still sweat most everything.. No crawl spaces around there right?  I can handle snakes under a house but not sure what to do about a gator. :) I am pretty quick so I think commission will work great for me. Currently, my billable rate is higher than the other guys because jobs go quickly... that just means the boss makes more and I just work more.   We are charging between 145 &  165 an hour... anything close there?",helene,community_discussion,
loaq70w,t3_1fm89sf,t1_loap74c,florida,Urmomsjuicyvagina,1726967961,2024-09-22 01:19,1,"I see you must have not read or know the meaning of ""plumbing apprentice""",helene,community_discussion,
loaqk9e,t3_1fm89sf,t1_lo8oxph,florida,aarixx3,1726968111,2024-09-22 01:21,1,"Are you senior level in your career? It’s so hard to get an interview at the entry level, even with a degree on the way.",helene,community_discussion,
loar0cg,t3_1fm89sf,t1_loanukp,florida,skitso,1726968299,2024-09-22 01:24,0,"Get into sales man! I’m 12 years into a software engineering working at spacex now, I won’t make that much (salary).

Luckily we DO have stock options, that’s my retirement lol",helene,community_discussion,
loas6lv,t3_1fm89sf,t3_1fm89sf,florida,RMG-OG-CB,1726968791,2024-09-22 01:33,1,Not sure where you are working but my husband is a plumber/fitter running work for a large contractor in FL and bringing home $1500/wk.,helene,community_discussion,
loatgax,t3_1fm89sf,t3_1fm89sf,florida,Existing-Teaching-34,1726969332,2024-09-22 01:42,2,University of Florida prez. Comes with a limitless incidentals allowance.,helene,community_discussion,
loatgak,t3_1fm89sf,t1_loa1nkh,florida,Han_Foto,1726969332,2024-09-22 01:42,13,Just met an old dude in his 70s that was telling me all about how he was born and raised in key west and that was how he and his local buddies made very good extra cash for a long time. Awesome story. Square groupers be real,helene,community_discussion,
loatrq8,t3_1fm89sf,t1_loa5v23,florida,kuyamoks,1726969466,2024-09-22 01:44,1,What is the benefit of being employed at a company outside Florida state? Esp WFH/remote job?,helene,community_discussion,
loau0t8,t3_1fm89sf,t1_loatrq8,florida,NamePicked,1726969575,2024-09-22 01:46,1,More income while still benefiting from FL’s lack of income tax.,helene,community_discussion,
loau9ph,t3_1fm89sf,t1_loaq70w,florida,jebidiaGA,1726969681,2024-09-22 01:48,0,"Well, that's probably why you make less.  Gain experience be good at your trade, then open your own business.   I'm assuming you're young,  so build a plan.   Plumbing is a great trade you can do well in.",helene,community_discussion,
loaue82,t3_1fm89sf,t1_lo8oh4k,florida,AJ_Mexico,1726969735,2024-09-22 01:48,19,"If by drug dealer, you mean pharmaceutical sales rep, then yes, and it's legal.",helene,community_discussion,
loaukab,t3_1fm89sf,t1_loau0t8,florida,kuyamoks,1726969806,2024-09-22 01:50,1,"Oh okay. So if I got a wfh/remote job that a company is based on California state, should i tell the employer where am I or should I not? 

Im also thinking of looking for skills to work/learn on.",helene,community_discussion,
loaulto,t3_1fm89sf,t3_1fm89sf,florida,[deleted],1726969824,2024-09-22 01:50,1,[removed],helene,community_discussion,
loavo5q,t3_1fm89sf,t1_loar0cg,florida,[deleted],1726970277,2024-09-22 01:57,1,[removed],helene,community_discussion,
loavyf8,t3_1fm89sf,t1_loake2c,florida,ShamrockAPD,1726970398,2024-09-22 01:59,1,"Yeah… I had electrical work done in my house. 
The first time they did the whole “we’ll send you an invoice”

They never did. But I needed them to come back for other work so I kept calling and hounding them, which led to me being able to pay for the first set of work 

They came back and did more for me- never sent me an invoice for the second set. I had an email telling me work was complete- andddd… that was it. 

Happy to pay for work done. But I’m not gonna go out of my way to do it.",helene,community_discussion,
loayjgx,t3_1fm89sf,t3_1fm89sf,florida,[deleted],1726971497,2024-09-22 02:18,1,[removed],helene,community_discussion,
lob0rgd,t3_1fm89sf,t1_lo8uyfj,florida,tvguard,1726972464,2024-09-22 02:34,0,Wait what?   You’re admitting this.  You need to have sex,helene,community_discussion,
lob0tmh,t3_1fm89sf,t3_1fm89sf,florida,chrisbcritter,1726972490,2024-09-22 02:34,1,Sherif,helene,community_discussion,
lob20vw,t3_1fm89sf,t1_loaqk9e,florida,waynechriss,1726973019,2024-09-22 02:43,6,"Mid-level; 4.5 years of experience. The video game industry is tough in general for juniors due to post-COVID layoffs. What matters is your portfolio. Doesn't matter the specialization, doesn't matter your connections; portfolio is the #1 tool that will make or break your chances of getting the interview. A great portfolio can supersede the lack of experience. If you're not getting interviews, 95% chance its cuz your portfolio is not worthy enough to pursue you as a potential candidate.",helene,community_discussion,
lob27qf,t3_1fm89sf,t3_1fm89sf,florida,Upsideoutstanding,1726973101,2024-09-22 02:45,1,AC repair. HVAC. Medical supply. End of Life Care. Fishing charters. Strippers. Accounting. Lawn care. Roofers. I.T. Security.,helene,community_discussion,
lob425t,t3_1fm89sf,t1_lo8n41l,florida,BMFC,1726973921,2024-09-22 02:58,-1,Holla! I mean Roger.,helene,community_discussion,
lob4krv,t3_1fm89sf,t3_1fm89sf,florida,cthulufunk,1726974155,2024-09-22 03:02,2,"I drove through a manufactured home community recently & noticed a lot of blue collars, a variety of work vans. And I wondered when people who spend their lives in comfortsble chairs & AC all day would be buying the park to squeeze its residents for everything before squeezing them out of their homes and selling to others who also spend their lives in air conditioned environments every day.

Average yearly pay for an HVAC technician in Florida is $40K a year. Even West Virginia pays HVAC techs better than Florida. I've had too much to think tonight.",helene,community_discussion,
lob4rrc,t3_1fm89sf,t1_loatgak,florida,DargyBear,1726974244,2024-09-22 03:04,6,"My ex’s dad grew up in Naples. He said in the 80s you knew who to talk to you’d get word of a boat coming in, show up in the middle of the night at some remote fish camp off US-41, quickly and quietly unload someone’s fishing boat, and leave with a shit ton of cash.",helene,community_discussion,
lob57xx,t3_1fm89sf,t3_1fm89sf,florida,Manlypumpkins,1726974450,2024-09-22 03:07,0,Construction,helene,community_discussion,
lob5a0m,t3_1fm89sf,t3_1fm89sf,florida,lifth3avy84,1726974475,2024-09-22 03:07,1,![gif](giphy|db0RU6aNpzlmzQzoYG|downsized),helene,community_discussion,
lob5buf,t3_1fm89sf,t3_1fm89sf,florida,HistoricalHead8185,1726974498,2024-09-22 03:08,1,South Florida only place that no matter where you work you can’t survive. Teacher nope firefighter nope cop nope trades nope medical top of the pay scale only. Porn and drug yes,helene,community_discussion,
lob5fd7,t3_1fm89sf,t1_lo8oh4k,florida,Ok-Complaint9574,1726974544,2024-09-22 03:09,7,2. Grifting.,helene,community_discussion,
lob5je5,t3_1fm89sf,t1_lo8p2fo,florida,guestquest88,1726974595,2024-09-22 03:09,1,It must be good business in FL,helene,community_discussion,
lob5t6o,t3_1fm89sf,t1_lo8wgja,florida,Bikerguy2323,1726974721,2024-09-22 03:12,14,Street pharmacist,helene,community_discussion,
lob67pd,t3_1fm89sf,t1_lo8sazz,florida,FriJanmKrapo,1726974906,2024-09-22 03:15,1,AC and plumbers do make pretty decent money. I've got a couple friends that do both and while they do work hard they do make out pretty decent.,helene,community_discussion,
lob7syp,t3_1fm89sf,t3_1fm89sf,florida,LichenLiaison,1726975644,2024-09-22 03:27,6,Have you tried being born to rich parents?,helene,community_discussion,
lob8nxx,t3_1fm89sf,t1_loa2nth,florida,03fxdwg,1726976047,2024-09-22 03:34,8,There was a report of a school of square grouper up in the panhandle last week or the week before. They must have missed the stop sign at Key West.,helene,community_discussion,
lob8p8u,t3_1fm89sf,t1_loacyea,florida,OnlyChargersFan,1726976064,2024-09-22 03:34,4,Thank you for this,helene,community_discussion,
lob9hzm,t3_1fm89sf,t3_1fm89sf,florida,lysol1202,1726976450,2024-09-22 03:40,1,Outside sales,helene,community_discussion,
lobaabx,t3_1fm89sf,t1_lo8p2fo,florida,Dependent_Ad_1270,1726976838,2024-09-22 03:47,4,Scam,helene,community_discussion,
lobabjb,t3_1fm89sf,t1_lo8qco9,florida,Dependent_Ad_1270,1726976855,2024-09-22 03:47,7,It’s a scam,helene,community_discussion,
lobacgf,t3_1fm89sf,t1_lo8rczl,florida,Dependent_Ad_1270,1726976868,2024-09-22 03:47,10,It’s a scam,helene,community_discussion,
lobase2,t3_1fm89sf,t1_lo8wgja,florida,Exact-Experience-673,1726977078,2024-09-22 03:51,4,Marijuana Sales Rep was the proper name on the streets until dispensaries became a thing.,helene,community_discussion,
lobauen,t3_1fm89sf,t1_loaue82,florida,Microchips2001,1726977105,2024-09-22 03:51,1,"I'm 90 percent certain ""drug dealer"" was a joke, a cruel joke, but a joke.",helene,community_discussion,
lobb2f5,t3_1fm89sf,t3_1fm89sf,florida,[deleted],1726977211,2024-09-22 03:53,1,[removed],helene,community_discussion,
lobb2mx,t3_1fm89sf,t1_lobaabx,florida,skitso,1726977214,2024-09-22 03:53,1,"It’s really not, lol.",helene,community_discussion,
lobbu2n,t3_1fm89sf,t3_1fm89sf,florida,ExpatInTheUS,1726977596,2024-09-22 03:59,2,Stripper!,helene,community_discussion,
lobe655,t3_1fm89sf,t1_loakjwd,florida,robogobo,1726978818,2024-09-22 04:20,3,Lawn care,helene,community_discussion,
lobe9xb,t3_1fm89sf,t1_loaefzp,florida,robogobo,1726978874,2024-09-22 04:21,0,It’s the old spelling,helene,community_discussion,
lobey9f,t3_1fm89sf,t1_loahupn,florida,Obvious_Highlight_55,1726979237,2024-09-22 04:27,1,How and where,helene,community_discussion,
lobh06k,t3_1fm89sf,t3_1fm89sf,florida,[deleted],1726980349,2024-09-22 04:45,1,[removed],helene,community_discussion,
lobhmhi,t3_1fm89sf,t1_loar0cg,florida,der_innkeeper,1726980696,2024-09-22 04:51,4,"You are 12 years into SWE at SX, and make under $50k..?",helene,community_discussion,
lobjcft,t3_1fm89sf,t3_1fm89sf,florida,[deleted],1726981672,2024-09-22 05:07,1,[removed],helene,community_discussion,
lobji6a,t3_1fm89sf,t3_1fm89sf,florida,sdpthrowaway3,1726981764,2024-09-22 05:09,2,"Insurance underwriting or leadership at the plethora of companies here. If you're good at sales, then being a broker.

Wealth management if you're charismatic and/or good at sales.

Hospitality. It's been the bread and butter of this state for 80 years. 

Many specialized healthcare workers tend to do very well here.

Aerospace and chemical engineering.

Go remote if you can. That's what I did. Massive gamechanger haha",helene,community_discussion,
lobjw7p,t3_1fm89sf,t1_lo8wh1q,florida,Horangi1987,1726981996,2024-09-22 05:13,1,"My brother in law is a CNC machiner. 

This year has been the slowest year in five years. He was getting tons of overtime until this year. He’s not very financially literate and got a mortgage assuming the money he made w/ overtime would be his baseline permanently. He’s about to lose his house because this year didn’t turn out any.",helene,community_discussion,
lobk6zk,t3_1fm89sf,t1_lobacgf,florida,Sandene,1726982173,2024-09-22 05:16,4,"Oh yeah, I see that now

https://m.yelp.com/biz/fhia-remodeling-fort-lauderdale",helene,community_discussion,
lobl56a,t3_1fm89sf,t3_1fm89sf,florida,Horangi1987,1726982725,2024-09-22 05:25,4,"The same jobs as everywhere - physician, lawyer, executive, accountant.

Everyone on Reddit always says trades. Trades don’t actually make that much money. Business owners make all the money - the actual folks doing the physical work make middle class wages doing horrible work and long hours. 

Construction is dependent on the economy - bad economy usually sees a huge slowdown in commercial real estate, so construction work dries up a lot. 

Contracting trades get hit in a bad economy because most homeowners don’t do renovations. Emergency jobs alone aren’t enough to sustain every company in town.

Everything cascades down from the economy - my brother in law is a CNC machinest and he’s had the slowest year in five years for hours. They just don’t have the volume of work they did before. I have a corporate job - the place I work has been on a hiring freeze since early ‘23 - I was the last full time employee hired, and I was hired Q1 2022. We’re doing temps only until further notice, and it’s been over a year.

And trades have all been majorly f’d up by the horrible private equity revolution - every small business bro learned from Twitter that buying a landscaping, plumbing, HVAC, or _____ insert trade here company was the new golden ticket to wealth. They use their MBA mentalities and focus on sales, sales, sales only while not paying the actual plumbers, technicians, laborers etc better. I wouldn’t suggest trades work to my worst enemy these days.",helene,community_discussion,
lobla24,t3_1fm89sf,t3_1fm89sf,florida,[deleted],1726982805,2024-09-22 05:26,1,[removed],helene,community_discussion,
lobm0le,t3_1fm89sf,t1_lob4rrc,florida,Han_Foto,1726983245,2024-09-22 05:34,6,Amazing very short book called Totch. Tells a lot about that area. Check it out.,helene,community_discussion,
lobmhi2,t3_1fm89sf,t3_1fm89sf,florida,smelllikesmoke,1726983531,2024-09-22 05:38,1,Doctor,helene,community_discussion,
lobpmb3,t3_1fm89sf,t1_loa1aeq,florida,BikesBooksNBass,1726985480,2024-09-22 06:11,2,At Target a store manager makes 6 figures and the pharmacist makes much more than the SM’s do.,helene,community_discussion,
lobq2dq,t3_1fm89sf,t1_lob4rrc,florida,BikesBooksNBass,1726985765,2024-09-22 06:16,2,"Had a friend attempt to do that exact thing. 
Drove car from south Florida boat dock to a place around Tennessee I believe. 
Dropped off dirty car, got into a rental and was swarmed by cops less than a 1/4 mile outside of the drop spot. 
He ended up with massive fines, a short jail stint, and long term probation. Luckily it was a first offense for him.",helene,community_discussion,
lobsbdm,t3_1fm89sf,t1_loaj71h,florida,nclakelandmusic,1726987238,2024-09-22 06:40,2,Prob makes it easier to sell the windows.,helene,community_discussion,
lobsha0,t3_1fm89sf,t1_lo8qhiz,florida,nclakelandmusic,1726987345,2024-09-22 06:42,6,"Of course they are always hiring, it's a revolving door scam op.",helene,community_discussion,
lobtdji,t3_1fm89sf,t3_1fm89sf,florida,JB_Cooper,1726987929,2024-09-22 06:52,1,police brutality lawsuit settlement receiver.,helene,community_discussion,
lobtzv6,t3_1fm89sf,t1_lobsha0,florida,skitso,1726988333,2024-09-22 06:58,0,"I mean, we got our windows done by them, she gets paid, I don’t really know how it’s a scam?",helene,community_discussion,
lobvrux,t3_1fm89sf,t1_lo8r3g5,florida,Turbulent_Lettuce810,1726989508,2024-09-22 07:18,1,What kind of law do you do?,helene,community_discussion,
lobyhik,t3_1fm89sf,t1_loajtbe,florida,gorvzono,1726991355,2024-09-22 07:49,2,Yup. I work in multifamily development and it is well known that Otis and maybe 2 other elevator companies have an absolute stranglehold on the industry. Once that elevator is installed they are the only ones that can service the elevator or renew the permit. They have very limited availability and charge close to 1k/ hour for service calls. Sometimes with 3 hour minimums.,helene,community_discussion,
lobyvcu,t3_1fm89sf,t1_lob8nxx,florida,Lord_Drok,1726991620,2024-09-22 07:53,4,One washed up on the beach in Daytona last week....dummy gave it to authorities,helene,community_discussion,
lobz63u,t3_1fm89sf,t1_loar0cg,florida,islandfay,1726991827,2024-09-22 07:57,3,That’s low,helene,community_discussion,
loc1v7j,t3_1fm89sf,t3_1fm89sf,florida,MetabolicTwists,1726993684,2024-09-22 08:28,2,Start a bounce house hustle and add in some balloon designing. My uncle does this and makes around 6-8k on a weekend.,helene,community_discussion,
loc2dot,t3_1fm89sf,t1_loajwni,florida,the_leftbuttcheek,1726994040,2024-09-22 08:34,1,May I ask what company?,helene,community_discussion,
loc5n3v,t3_1fm89sf,t1_lob8p8u,florida,v1rojon,1726996303,2024-09-22 09:11,1,My pleasure.  Best of luck to you!,helene,community_discussion,
loc6sx6,t3_1fm89sf,t3_1fm89sf,florida,[deleted],1726997108,2024-09-22 09:25,1,[removed],helene,community_discussion,
loc7cqj,t3_1fm89sf,t3_1fm89sf,florida,DeepBlessing,1726997495,2024-09-22 09:31,1,I know many programmers making well over $400k in the Orlando area,helene,community_discussion,
loc7jl0,t3_1fm89sf,t1_lo8omhw,florida,DeepBlessing,1726997627,2024-09-22 09:33,0,Both of these pay mid in the grand scheme. I know people that were making less than half for the same job in big tech.,helene,community_discussion,
loc7t6a,t3_1fm89sf,t1_loake2c,florida,Substantial-Tea3707,1726997815,2024-09-22 09:36,1,WOW I wish/I have been trying to get my sink/faucet fixed here in Miami for the longest time! But they want to charge vhourly rates that  are impossible.,helene,community_discussion,
loc94l5,t3_1fm89sf,t1_lobjw7p,florida,pyscle,1726998738,2024-09-22 09:52,1,"That’s crazy.  I have seen it often, unfortunately. People get used to an overtime lifestyle. 

Not sure what industries his shop works in, but we have been steady with work. Always some overtime. I would say average of 45 a week.",helene,community_discussion,
loceeid,t3_1fm89sf,t1_loap2sh,florida,PsychKim,1727002287,2024-09-22 10:51,1,My friends son made 150k right out of pharmacy school here in Florida a few years ago,helene,community_discussion,
locfp81,t3_1fm89sf,t3_1fm89sf,florida,JelloBrickRoad,1727003094,2024-09-22 11:04,2,"Sales. It’s always been sales. 
Always negotiate no cap, you can make 6-7 figures if you grind and the company can scale.",helene,community_discussion,
locjgeu,t3_1fm89sf,t3_1fm89sf,florida,NoseApprehensive5154,1727005261,2024-09-22 11:41,1,Frank Gay?,helene,community_discussion,
locjj7r,t3_1fm89sf,t3_1fm89sf,florida,BigMikeThurs,1727005304,2024-09-22 11:41,1,Remote work for a company in a high pay area,helene,community_discussion,
lockgi1,t3_1fm89sf,t1_lobvrux,florida,TheSamurabbi,1727005795,2024-09-22 11:49,4,"Stripper Law, obviously",helene,community_discussion,
lockjx6,t3_1fm89sf,t1_lo8r3g5,florida,TheSamurabbi,1727005846,2024-09-22 11:50,2,"From the gavel to the pole, but never in the hole!",helene,community_discussion,
lockuna,t3_1fm89sf,t1_lo8uyfj,florida,GrevilleApo,1727006002,2024-09-22 11:53,1,Would a couple years experience in research be any help? Where do I look?,helene,community_discussion,
loclau5,t3_1fm89sf,t1_lo8oh4k,florida,TheMatt561,1727006237,2024-09-22 11:57,1,And you can file a 1099 and stay above the law tax-wise,helene,community_discussion,
locm15i,t3_1fm89sf,t3_1fm89sf,florida,Ocarina_of_Crime_,1727006610,2024-09-22 12:03,1,"I worked for a major company in north Florida and wasn’t event clearing $60k a year. This was in a highly specialized and technical role. 

Florida employers consistently underpay their employees. Guys, it’s not 2005 anymore get with the times.",helene,community_discussion,
locmxbx,t3_1fm89sf,t3_1fm89sf,florida,Small_Lion4068,1727007065,2024-09-22 12:11,1,Attorney at an investment bank.,helene,community_discussion,
locn9ze,t3_1fm89sf,t3_1fm89sf,florida,AcceptableLog944,1727007237,2024-09-22 12:13,1,Any job working from home for a company based outside of Florida. I work for UHG and I make over $100k.,helene,community_discussion,
loco5zg,t3_1fm89sf,t1_lockjx6,florida,spec360,1727007673,2024-09-22 12:21,1,To late !,helene,community_discussion,
loco7vl,t3_1fm89sf,t3_1fm89sf,florida,Old_Chemical_3610,1727007699,2024-09-22 12:21,1,Elevator guys are making money right now. Do they have good work and conditions?  It has its ups and downs.,helene,community_discussion,
locodyx,t3_1fm89sf,t1_lo8zznw,florida,Old_Chemical_3610,1727007781,2024-09-22 12:23,2,Pretty young closer. No fair!,helene,community_discussion,
locp6bj,t3_1fm89sf,t3_1fm89sf,florida,tdl432,1727008160,2024-09-22 12:29,1,Selling medical equipment,helene,community_discussion,
locpqgo,t3_1fm89sf,t1_lo8p2fo,florida,tdl432,1727008425,2024-09-22 12:33,2,Is your girlfriend aware that she is working for a company that scams people out of their money? Check out the yelp reviews for FHIA. Nothing to be proud of.,helene,community_discussion,
locq6wl,t3_1fm89sf,t3_1fm89sf,florida,KnightCPA,1727008637,2024-09-22 12:37,2,"Accounting. 

2016: starting pay, $52k

Today: $155k + $25k performance bonus. 

Work straight 45’s. 

Shit tons of job opportunity. Jobs for people who like algebra, and jobs for people who only like reading and writing (sox auditing). Remote jobs. 

Solid pipelines for students from FSU, UCF, USF, into the local employers.",helene,community_discussion,
loct28z,t3_1fm89sf,t3_1fm89sf,florida,Couchbeast86,1727009932,2024-09-22 12:58,0,You must make yourself valuable. No one is going to pay you a high wage to do a job anyone can do. Learn a specialized skill or trade.,helene,community_discussion,
loctvjq,t3_1fm89sf,t1_lockuna,florida,schwarma_mcpotato,1727010281,2024-09-22 13:04,2,I am not sure to be honest. My journey took the me the opposite way. I had experience in an industry before learning about machine learning applications for the data I had experience in using.,helene,community_discussion,
locvguq,t3_1fm89sf,t3_1fm89sf,florida,Asstronomer6969,1727010957,2024-09-22 13:15,3,"Working for someone else in Florida isn't exactly the ""way"". In my opinion most Floridians make their own way as their own boss. Florida is llc land much like Nevada was. If you want to prosper like most here you need to start your own gig of some sort. Whether it be Ecommerce, marketing, brokering or whatever it is you come up with, being your own boss is the way. Almost everyone I've ever met from Orlando down to Miami that is successful is running their own show. Could be just me and what I encounter but that's my take on it.",helene,community_discussion,
locvsjq,t3_1fm89sf,t1_lo8o8qt,florida,Asstronomer6969,1727011092,2024-09-22 13:18,1,Does that still happen? Haven't heard of one of those in fla for a around 10+ yrs. Last one i think I heard was around palm beach island area. With that said my brothers neighbor in costa rica found one last week lol.  Fo realz fo realz,helene,community_discussion,
locw2w6,t3_1fm89sf,t1_lobabjb,florida,safetydance,1727011212,2024-09-22 13:20,1,How is selling hurricane windows a scam?,helene,community_discussion,hurricane
locw8n3,t3_1fm89sf,t1_loabxrl,florida,thegirlwithepizza,1727011278,2024-09-22 13:21,1,"Rightfully so, I completely understand that’s not a problem. I just wanted an idea of what location and position thank you for sharing.",helene,community_discussion,
locws4s,t3_1fm89sf,t1_loacyea,florida,thegirlwithepizza,1727011503,2024-09-22 13:25,3,Extremely informative and helpful response I genuinely appreciate your time and information you were willing and able to share with me I completely understand your chose of not disclosing detailed personal information you gave me exactly what I needed still I will take your advice and start my search.,helene,community_discussion,
locxg0g,t3_1fm89sf,t1_locpqgo,florida,skitso,1727011774,2024-09-22 13:29,1,"
I don’t know man, I’ve been to a few of her jobs, and people absolutely love the work that’s been done.

We’ve been out to lunch and dinner with a few of her customers, we even had one who we spent thanksgiving with (both of our families are spread out across the us). 

I’m sorry you feel that way - I’m assuming you had a bad experience?",helene,community_discussion,
lod17nn,t3_1fm89sf,t1_locw2w6,florida,skitso,1727013175,2024-09-22 13:52,1,"No idea, lol. They seem ok on Google.

I have their windows on my house….

[https://maps.app.goo.gl/kxxrcF2xmkUeCmgT7?g\_st=ic](https://maps.app.goo.gl/kxxrcF2xmkUeCmgT7?g_st=ic)

https://preview.redd.it/scfzsxyq8dqd1.jpeg?width=1179&format=pjpg&auto=webp&s=21f3b842b9a277ecde56da5d774a0d073f9393c9",helene,community_discussion,
lod2qud,t3_1fm89sf,t3_1fm89sf,florida,Kellyjthebomb,1727013724,2024-09-22 14:02,1,Insurance sales,helene,community_discussion,
lod3mls,t3_1fm89sf,t3_1fm89sf,florida,AccomplishedTotal895,1727014055,2024-09-22 14:07,1,The Cruise lines offer lots of cool jobs.,helene,community_discussion,
lod5die,t3_1fm89sf,t3_1fm89sf,florida,User_Many_Errors,1727014708,2024-09-22 14:18,1,"Dermatologist cause of the skin cancer. Also, ortho’s are getting rich from pickle ball injuries.",helene,community_discussion,
lod6dku,t3_1fm89sf,t3_1fm89sf,florida,P0RTILLA,1727015075,2024-09-22 14:24,0,If only there was a way to negotiate pay as a group especially in a trade. Oh well.,helene,community_discussion,
lod7z69,t3_1fm89sf,t1_loacbp3,florida,skitso,1727015653,2024-09-22 14:34,1,"Yeah, she’s not the highest earner by far.",helene,community_discussion,
lod80p7,t3_1fm89sf,t1_lobsbdm,florida,skitso,1727015668,2024-09-22 14:34,1,🤣🤣🤣 it’s how I met her.,helene,community_discussion,
lod8cv2,t3_1fm89sf,t1_lobtzv6,florida,nclakelandmusic,1727015790,2024-09-22 14:36,1,"Have you actually looked at their reviews? Rip off prices, high pressure sales, no support, rude, abandoning clients mid job or near end of job, refusing to fix problems, and I bet you they hire ""project managers"" with no experience in contracting whatsoever, and go door to door soliciting.  Scam.",helene,community_discussion,
lod8xc4,t3_1fm89sf,t3_1fm89sf,florida,No_Custard_7970,1727015991,2024-09-22 14:39,1,Aviation mechanic,helene,community_discussion,
lod918z,t3_1fm89sf,t1_locvsjq,florida,Kooky_Tea_1591,1727016030,2024-09-22 14:40,3,"Moved down last year, heard of it happening at least twice just since moving here!",helene,community_discussion,
lodbbi3,t3_1fm89sf,t3_1fm89sf,florida,IAM_LordTobias,1727016828,2024-09-22 14:53,1,Snake and alligator wrangler,helene,community_discussion,
lodeg77,t3_1fm89sf,t3_1fm89sf,florida,Noleitall420,1727017887,2024-09-22 15:11,1,Radar tech at Kennedy Space Center. 42$ an hour. Something like that.,helene,community_discussion,
lodns5u,t3_1fm89sf,t3_1fm89sf,florida,AdOutrageous1298,1727020890,2024-09-22 16:01,1,"I work at home for a Cali business, I make decent money",helene,community_discussion,
loeamse,t3_1fm89sf,t3_1fm89sf,florida,[deleted],1727027689,2024-09-22 17:54,1,[removed],helene,community_discussion,
loeulhs,t3_1fm89sf,t3_1fm89sf,florida,Activist_Mom06,1727033680,2024-09-22 19:34,1,Sheister. But you must home base out of MaraLago,helene,community_discussion,
loevgll,t3_1fm89sf,t1_lo8otz4,florida,grammar_fixer_2,1727033937,2024-09-22 19:38,2,"I needed a cartridge replaced and they wanted $1,800 for that. I now just do my own light plumbing.",helene,community_discussion,
loew2k2,t3_1fm89sf,t1_lo9d9c1,florida,grammar_fixer_2,1727034120,2024-09-22 19:42,1,"This is also not for the faint of heart. This is one of the most dangerous jobs that exist. I don’t want to die welding some patch under a cruise ship. If something goes wrong, there is nobody who is coming after you. Fuck everything about that.",helene,community_discussion,
loewpy1,t3_1fm89sf,t1_locvsjq,florida,BigBubbaGrasah,1727034315,2024-09-22 19:45,1,Omg.....happens weekly!,helene,community_discussion,
loezhjy,t3_1fm89sf,t3_1fm89sf,florida,Dsunshne10,1727035144,2024-09-22 19:59,1,The people making good money are the ones working from home for a company up north,helene,community_discussion,
lofcwgk,t3_1fm89sf,t1_lobabjb,florida,merchant_ofchaos,1727039314,2024-09-22 21:08,1,https://www.dailydot.com/upstream/white-gold-netflix-review/,helene,community_discussion,
lofe3kr,t3_1fm89sf,t3_1fm89sf,florida,[deleted],1727039708,2024-09-22 21:15,1,[removed],helene,community_discussion,
loffa8r,t3_1fm89sf,t1_loewpy1,florida,Asstronomer6969,1727040099,2024-09-22 21:21,1,Not around palm beach not these days,helene,community_discussion,
lofhrwa,t3_1fm89sf,t1_loew2k2,florida,HotWalrus9592,1727040919,2024-09-22 21:35,2,I totally agree.  The people that do this type of work deserve every penny and more.,helene,community_discussion,
lofp483,t3_1fm89sf,t3_1fm89sf,florida,CA_MotoGuy,1727043430,2024-09-22 22:17,1,How do you define “under paid”?? Exactly?,helene,community_discussion,
lofp9o7,t3_1fm89sf,t3_1fm89sf,florida,CA_MotoGuy,1727043483,2024-09-22 22:18,2,"Making and selling “enhanced” choc bars…

My “friend” does that",helene,community_discussion,
log111y,t3_1fm89sf,t3_1fm89sf,florida,AdeptActuator5856,1727047641,2024-09-22 23:27,1,Stripping,helene,community_discussion,
log159i,t3_1fm89sf,t1_lo8oh4k,florida,AdeptActuator5856,1727047683,2024-09-22 23:28,1,Can confirm that business business,helene,community_discussion,
log1a8f,t3_1fm89sf,t1_loa5nv0,florida,AdeptActuator5856,1727047730,2024-09-22 23:28,1,He chose Bucees over selling mdma forever,helene,community_discussion,
log1ho6,t3_1fm89sf,t1_log1a8f,florida,No-Detail-5804,1727047803,2024-09-22 23:30,1,![gif](giphy|3o85xIO33l7RlmLR4I),helene,community_discussion,
log3z4v,t3_1fm89sf,t3_1fm89sf,florida,Economy-Mango7875,1727048695,2024-09-22 23:44,1,The trades. There's a plumbing combers in Jax that pays good and gives a 5000 sign on bonus with 18 months experience I've been out of the trades for 4 years. I just replaced my water heater for just over 3k. It was a 50 gal meater. I use to put in tankless for just under 3k. Get on and get some money,helene,community_discussion,
lo8uhgf,t3_1fm8hqs,t3_1fm8hqs,florida,Cool-Attorney4750,1726943030,2024-09-21 18:23,1,All good here!,helene,community_discussion,
lo8thbx,t3_1fm8vp6,t3_1fm8vp6,florida,kdonirb,1726942704,2024-09-21 18:18,3,"if the lease does not specify any accommodation beyond the end of the lease period, do not assume anything is automatic",helene,community_discussion,
lo8tukc,t3_1fm8vp6,t1_lo8thbx,florida,Accurate_Hunt_6424,1726942824,2024-09-21 18:20,2,"But it doesn’t renew, right? I’m obviously going to clarify Monday but does it seem correct that the options for what happens are month-to-month or they have us vacate?",helene,community_discussion,
lo8wdne,t3_1fm8vp6,t3_1fm8vp6,florida,Jaded-Moose983,1726943668,2024-09-21 18:34,2,"Just talk to the LL. FL statutes do not address this situation. And if you leave without getting removed from the lease, even if it then goes m-t-m, you will remain liable for the rent. If the roommate fails to pay and an eviction is the result, that will be on your credit as well.",helene,community_discussion,
lo8ynvm,t3_1fm8vp6,t1_lo8tukc,florida,kdonirb,1726944450,2024-09-21 18:47,6,"options are what the landlord offers, don’t assume month to month",helene,community_discussion,
lo906c0,t3_1fm8vp6,t1_lo8ynvm,florida,TensionSame3568,1726944977,2024-09-21 18:56,2,Correct,helene,community_discussion,
lo9xpc7,t3_1fm8vp6,t3_1fm8vp6,florida,GreatThingsTB,1726956671,2024-09-21 22:11,2,"Realtor here.

  
You lease determines all, so read it and see what it says.

If it says nothing then you are bound by Florida minimums for Notice of Non Renewal.  Which, you're way late on, so more than likely you are liable for another month or two of rent since you didn't provide proper notice in time before lease end.

You may be able to negotiate something different with the landlord but be sure to get it the release in writing.",helene,community_discussion,
lo92x87,t3_1fmahsy,t3_1fmahsy,florida,AutoModerator,1726945948,2024-09-21 19:12,1,"
Your [submission](https://www.reddit.com/r/florida/comments/1fmahsy/desantis_nicknames/) has been removed from r/Florida. 

* No Crossposts for News/Political Articles

[Please see our posting guidelines for more information.](https://www.reddit.com/r/florida/wiki/index/political_guidelines/)

If you believe this post was filtered in error, please let us know.


*I am a bot, and this action was performed automatically. Please [contact the moderators of this subreddit](/message/compose/?to=/r/florida) if you have any questions or concerns.*",helene,community_discussion,
lo95o8i,t3_1fmajxl,t3_1fmajxl,florida,Wytch78,1726946923,2024-09-21 19:28,16,"We dont have Cajun ancestry and don’t cook Cajun *usually*. That being said I can make a good red beans and rice and a passable gumbo. 

Floridians tend to enjoy Latin cooking (Cuban, Puerto Rican) more than Cajun, simply because there are more people here who know how to cook that and cook it well. 

I mean, I don’t know anyone who’s Cajun, but know a ton of folks from PR, DR, Cuba etc. ",helene,community_discussion,
lo98vpz,t3_1fmajxl,t3_1fmajxl,florida,ConventionArtNinja,1726948040,2024-09-21 19:47,0,No.,helene,community_discussion,
lo99x9w,t3_1fmajxl,t3_1fmajxl,florida,UCFCO2001,1726948397,2024-09-21 19:53,4,"No, but if a really good mom and pop Cajun restaurant opened near me, I’ll definitely do my best to keep it open on my own.",helene,community_discussion,
lo9af8q,t3_1fmajxl,t3_1fmajxl,florida,APuckerLipsNow,1726948570,2024-09-21 19:56,9,"Mais non, mon ami.  You can buy boudin now at the Winn-Dixie, but I done drove my pick-em-up truck all over town and can’t find a gas station to warm it up for me.  Mon couer fait mal.",helene,community_discussion,
lo9bwr6,t3_1fmajxl,t3_1fmajxl,florida,HowzitUFaka,1726949083,2024-09-21 20:04,0,Mumbo jumbo gumbo,helene,community_discussion,
lo9c522,t3_1fmajxl,t3_1fmajxl,florida,LukewarmLatte,1726949163,2024-09-21 20:06,2,"Nope. Had roommate from Louisiana in college, whole other culture. Florida still does the seafood boils but… much better methods of cooking fishing in the south part.",helene,community_discussion,
lo9dtdz,t3_1fmajxl,t3_1fmajxl,florida,Specialist-Southern,1726949725,2024-09-21 20:15,1,"Cajun cooking is a Louisiana tradition, but outsiders visit and experience it, and locals move out but still enjoy their cuisine. It will definitely be more prevalent in areas more geographically located around Louisiana.",helene,community_discussion,
lo9epz4,t3_1fmajxl,t1_lo95o8i,florida,Specialist-Southern,1726950024,2024-09-21 20:20,10,That is the difference between panhandle Florida and everywhere else in Florida. We live in a long state with very different demographics. You are correct about South and Central Florida and the Cuban/ Puerto Rican communities and influence. Once you get to I-10 everything changes. The influence comes from the south.,helene,community_discussion,
lo9fn0b,t3_1fmajxl,t3_1fmajxl,florida,Legitimate-Fan-3415,1726950333,2024-09-21 20:25,0,"As others have said, Cajun isn't big in Florida.

But, our state dish is shrimp and grits, and the shrimp is usually in a fairly Creole style sauce. So, there's that.",helene,community_discussion,
lo9hbl3,t3_1fmajxl,t3_1fmajxl,florida,Specialist-Southern,1726950899,2024-09-21 20:34,5,"You gotta divide Florida. The panhandle is not comparable to the rest of Florida, especially south of I4. South Florida has been influenced by transplants primarily from the northeast or Caribbean.",helene,community_discussion,
lo9o3qg,t3_1fmajxl,t1_lo9epz4,florida,FL_JB,1726953178,2024-09-21 21:12,5,"Agree completely but there's now a decent Cuban community building up in the big bend area. Which is great for a lot of reasons, one of which is Cuban coffee ☕",helene,community_discussion,
lo9r0sa,t3_1fmajxl,t3_1fmajxl,florida,CantIgnoreMyTechno,1726954213,2024-09-21 21:30,2,"Pensacola does a lot of what I broadly think of as Louisiana cooking, and is close enough to source ingredients from there, and has some local seafood too. But there are transplants all over the state doing their thing, and tourists love to go to a nice beach and pretend they’re also in the French Quarter.",helene,community_discussion,
lo9rlxp,t3_1fmajxl,t3_1fmajxl,florida,shimonole,1726954423,2024-09-21 21:33,1,"Depends on who you ask. My dad is from Louisiana, so I know how to cook Cajun food like a Cajun.",helene,community_discussion,
lo9tw1x,t3_1fmajxl,t1_lo9o3qg,florida,Specialist-Southern,1726955253,2024-09-21 21:47,4,Also a Puerto Rican community in Ocala.,helene,community_discussion,
lo9zgxf,t3_1fmajxl,t3_1fmajxl,florida,2muchcaffeine4u,1726957335,2024-09-21 22:22,1,You can definitely find more Cajun food in the panhandle than south Florida but still not the quantity or quality of Louisiana,helene,community_discussion,
lo9zvy7,t3_1fmajxl,t1_lo9o3qg,florida,2muchcaffeine4u,1726957490,2024-09-21 22:24,5,Nothing delights me as much as more people getting to enjoy Cuban coffee!,helene,community_discussion,
loa4jpz,t3_1fmajxl,t1_lo99x9w,florida,OriginalFaCough,1726959239,2024-09-21 22:53,3,Fire on the bayou in New Smyrna and West Volusia. They closed the Seminole location (Black Hammock) when the world ended in 2020.,helene,community_discussion,
loa5fkf,t3_1fmajxl,t3_1fmajxl,florida,TheBurningSack,1726959583,2024-09-21 22:59,1,Dude…it’s fucking just as big. Just make sure you get them spillway crawdads,helene,community_discussion,
loaalge,t3_1fmajxl,t1_loa4jpz,florida,UCFCO2001,1726961611,2024-09-21 23:33,2,"Yeah, I remember having Cajun at black hammock a ways back. I’ll have to try it in Smyrna.",helene,community_discussion,
loaee84,t3_1fmajxl,t3_1fmajxl,florida,faderjockey,1726963129,2024-09-21 23:58,3,"Nope.  I had to learn to cook my own etouffee when I moved down here.

Never had good cajun cooking in a FL restaurant.",helene,community_discussion,
loagdpt,t3_1fmajxl,t3_1fmajxl,florida,xjeanie,1726963930,2024-09-22 00:12,2,"Nope. To experience true real Cajun cooking/food you must travel to Cajun Country. 

I grew up in Boca Raton. I married a true Cajun (lucky me) and have the privilege now of living in Acadiana. 

While it’s vastly different than what I was used to, and I do miss certain things about home I must admit the food here is amazing. It’s the only place I’ve ever been where you can pull into some random gas station and get an absolutely awesome snack or full meal. And at a competitive price compared to fast food. Grab a link of Boudin or a pistolette. Yum yum yum. And the number of festivals that center on food is wonderful. Not just Mardi Gras either.",helene,community_discussion,
loamd8a,t3_1fmajxl,t1_lo95o8i,florida,AdVisible1121,1726966381,2024-09-22 00:53,1,I make a killer Nola red beans and rice.,helene,community_discussion,
loamftb,t3_1fmajxl,t1_lo9zvy7,florida,AdVisible1121,1726966410,2024-09-22 00:53,1,YES,helene,community_discussion,
loampay,t3_1fmajxl,t1_lo9fn0b,florida,AdVisible1121,1726966518,2024-09-22 00:55,1,Moreno than out west.,helene,community_discussion,
loamz0i,t3_1fmajxl,t3_1fmajxl,florida,CrusztiHuszti,1726966628,2024-09-22 00:57,1,"Closest you’ll get is Zatarains one pot mixes with some frozen gumbo veggies, andouille sausage and frozen shrimp",helene,community_discussion,
loaqaoq,t3_1fmajxl,t3_1fmajxl,florida,Allthetimehammer,1726968002,2024-09-22 01:20,1,"NW FL Panhandle hear, we have more cajun influence here then latin influence.",helene,community_discussion,
loaquqz,t3_1fmajxl,t1_lo9epz4,florida,ha1029,1726968233,2024-09-22 01:23,1,"Hmm, I went to the Villages and they cooked me up an STD... wait a minute, they said I was going to get a Yankee Pot roast...",helene,community_discussion,
loatkhe,t3_1fmajxl,t1_loaquqz,florida,Specialist-Southern,1726969381,2024-09-22 01:43,3,"Not sure what color loofa you had, but you got what you deserved.",helene,community_discussion,
loavgq9,t3_1fmajxl,t3_1fmajxl,florida,JustABlueDot,1726970189,2024-09-22 01:56,1,"You can get authentic Cajun food at Cafe NOLA and Restaurant NOLA in Pensacola. Other than that, you gotta go to Louisiana. That state doesn’t really have anything going for it besides amazing food and good football.",helene,community_discussion,
lob7nsu,t3_1fmajxl,t1_lo99x9w,florida,jmac94wp,1726975578,2024-09-22 03:26,1,"Check out Tibby’s New Orleans Kitchen in Winter Park! Oh, also a second location in Altamonte Springs. Great food. It was created by Brian Wheeler, the guy (and UCF grad) who founded Tijuana Flats. (RIP the many TF locations closed after he sold the chain in 2015 to a private equity firm that ruined it.)",helene,community_discussion,
lob8wby,t3_1fmajxl,t1_lob7nsu,florida,UCFCO2001,1726976158,2024-09-22 03:35,1,"Yeah I’ve had tibbys many times over the years. As someone who’s had real creol in Louisiana, it’s close but it’s not the same.",helene,community_discussion,
lodb9ph,t3_1fmajxl,t3_1fmajxl,florida,feuwbar,1727016811,2024-09-22 14:53,1,"Two Cajun restaurants here in Brevard County, but as an almost native since 1963 Cajun isn't really a thing here in Florida. Fried catfish and hush puppies though, that's kind of native Florida.",helene,community_discussion,
lodvezg,t3_1fmajxl,t3_1fmajxl,florida,GrowlingAtTheWorld,1727023171,2024-09-22 16:39,1,No cajuns is my neck of the woods of swfl. We got a lot of Mexicans and alot of other hispanics here so taco trucks rule the roost when it comes to grabbing a bite. We do have quite a few peeps from the Caribbean so got numerous caribbean markets.,helene,community_discussion,
lo96unc,t3_1fmaz8v,t3_1fmaz8v,florida,AutoModerator,1726947337,2024-09-21 19:35,1,"
Your [submission](https://www.reddit.com/r/florida/comments/1fmaz8v/could_florida_flip_blue_or_should_i_vote_third/) has been removed from r/Florida. 

**All News/Political posts must link to a credible news source.** 

* No text posts.
* No images. 
* No Videos
* No screenshots of tweets/facebook/truth/etc posts. 
* No Political Memes. 
* No Crossposts.

[Please see our posting guidelines for more information.](https://www.reddit.com/r/florida/wiki/index/political_guidelines/)

If you believe this post was filtered in error, please let us know.


*I am a bot, and this action was performed automatically. Please [contact the moderators of this subreddit](/message/compose/?to=/r/florida) if you have any questions or concerns.*",helene,community_discussion,
lo9efom,t3_1fmbgly,t3_1fmbgly,florida,Awkwrd_Lemur,1726949930,2024-09-21 20:18,48,"Florida sucks for mental health.  

it is possible, depending on the county she is in, there might be a FACteam or CAteam available, which would allow a social worker to assist with care.",helene,community_discussion,
lo9fbon,t3_1fmbgly,t3_1fmbgly,florida,goobin_1,1726950225,2024-09-21 20:23,15,Each Baker act will be treated individually based on what she reported to lead to the baker act. The goal of the baker act is to hold someone and de escalate until they are no longer a danger to themselves/others. The discharge planner may help with follow up but it’s dependent on what your ex wife wants to do. There are treatment options but nothing can really be done unless she decides she wants them or she’s court ordered (mostly seen with criminal cases),helene,community_discussion,
lo9fcbs,t3_1fmbgly,t3_1fmbgly,florida,Indy-5811,1726950231,2024-09-21 20:23,4,"There are better options and clinics that help but need to know what county you are in to give you some resources. It’s hard for them to get more then a 72 hour hold because you need a judge to sign off on it and since she has never done more then just said she thought about it, most judges won’t sign it. Sadly, it’s when she takes some kind of action they usually take the extra steps.",helene,community_discussion,
lo9gliu,t3_1fmbgly,t3_1fmbgly,florida,RemotePen4936,1726950656,2024-09-21 20:30,33,"Very often people are Baker Acted  to multiple facilities in one community and as such some continuity of care is lost.  By law the patient can only be held 3-5 days unless a court order is in place.  If the patient is stable in the 3-5 days then they are usually released and given appointments for medication and therapy but many people don’t show up these appointments and they are right back in the cycle again .  
You can be voluntary admitted to a facility and stay as long as you can afford it or have insurance but even then they need a medical reason to keep you.  
Unfortunately in the psychiatric world not taking meds is so common or the patient takes them until they feel better and then stop and then they start having problems again .  A family support system or close friends is very important but many patients burn bridges with close people due to their behavior.",helene,community_discussion,
lo9igdl,t3_1fmbgly,t3_1fmbgly,florida,DrDalekFortyTwo,1726951268,2024-09-21 20:41,0,"With pediatric patients at the facility where I work, often people are asked to voluntarily agree to treatment for their kid, but if they don't voluntarily agree, they most likely will be involuntarily committed. Permission from the court is not needed after 72 hrs in the case of voluntary commitment, so you can see 1 or 2 week stays routinely. Not sure how much it varies across facilities and for adults, but the process doesn't always happen how people think (eg involuntary, 72 hours and either court or release).",helene,community_discussion,
lo9j0ou,t3_1fmbgly,t1_lo9fbon,florida,makulet-bebu,1726951452,2024-09-21 20:44,0,"I see, thanks for the info. Do you know if there is like some kind of limit to the Baker Act? Or is that not even something really tracked and as long as they need it in the moment, they'll be Baker Acted?",helene,community_discussion,
lo9j5kh,t3_1fmbgly,t1_lo9gliu,florida,makulet-bebu,1726951496,2024-09-21 20:44,8,Thanks for the info!,helene,community_discussion,
lo9jalu,t3_1fmbgly,t1_lo9j0ou,florida,goobin_1,1726951541,2024-09-21 20:45,7,"No limit. You’re correct, if someone needs it they’ll be baker acted.",helene,community_discussion,
lo9klqc,t3_1fmbgly,t3_1fmbgly,florida,RemotePen4936,1726951985,2024-09-21 20:53,3,"Just like the drug treatment world , if a person really wants help and they do what is prescribed, the patient can lead a stable life and feel better, but drug patients usually relapse and psychiatric patients aren’t able to maintain a stable mindset for a long time without meds and therapy.  They have to “really” want to get better.",helene,community_discussion,
lo9kz8k,t3_1fmbgly,t1_lo9klqc,florida,makulet-bebu,1726952113,2024-09-21 20:55,3,"Yep, agreed. And sadly, to this point she hasn't given any indication of wanting to put in the work to ""get better"". She just wants it to magically \*be\* better. Then when things don't go her way, she says she doesn't wanna live anymore and relapses.",helene,community_discussion,
lo9qa3w,t3_1fmbgly,t3_1fmbgly,florida,CrusztiHuszti,1726953948,2024-09-21 21:25,3,"If anything, less will be done because this is a chronic issue at this point. She will be kept the full 72 hours if she has insurance for it, if not she will be released 24-48 hours.",helene,community_discussion,
lo9qtj3,t3_1fmbgly,t1_lo9qa3w,florida,makulet-bebu,1726954141,2024-09-21 21:29,2,"Yeah, I'm sure she doesn't have insurance and I doubt much good will come of it. Was more or less curious on how the hospital procedures were for ""multiple offenders"", so to speak",helene,community_discussion,
lo9slso,t3_1fmbgly,t1_lo9qtj3,florida,CrusztiHuszti,1726954783,2024-09-21 21:39,2,When a patient is checked in the charge nurse typically checks the patient history and can see how many times they’ve been to that hospital group and for what. Doctors do too. The hospitals have specific protocol though and will go through the exact same round of medical clearance through blood work and then sending the patient to a psych facility.,helene,community_discussion,
lo9tzkg,t3_1fmbgly,t1_lo9slso,florida,makulet-bebu,1726955290,2024-09-21 21:48,1,"Got it, thanks for the info!",helene,community_discussion,
lo9vc3u,t3_1fmbgly,t3_1fmbgly,florida,INTZBK,1726955789,2024-09-21 21:56,1,I have occasionally seen people who were committed involuntarily under the Baker Act end up in the state hospital in Chattahoochee. They usually get out within a few months unless they have serious mental illness.,helene,community_discussion,
lo9wky1,t3_1fmbgly,t3_1fmbgly,florida,CaptainGlitterFarts,1726956252,2024-09-21 22:04,4,Look into the Marchman Act. Usually a follow up to a Baker Act that can extend detainment up to 90 days.,helene,community_discussion,
loa259p,t3_1fmbgly,t3_1fmbgly,florida,nunyanuny,1726958340,2024-09-21 22:39,1,"You can be baker acted as many times as necessary. The process doesn't change. The medication they put you on will. If the person does something drastic [ex: Run into the middle of the road butt naked], they will go to a hospitals mental health ward until they are stable.",helene,community_discussion,
loa5whe,t3_1fmbgly,t3_1fmbgly,florida,Icy-Pin-8226,1726959765,2024-09-21 23:02,2,"Marchman Act. You will have to go to the courts and get two people to sign off on it. Good luck. Wish I would have signed before losing my sister. 


https://www.myflfamilies.com/crisis-services/marchman-act",helene,community_discussion,
loa7dm7,t3_1fmbgly,t3_1fmbgly,florida,One-Abbreviations834,1726960340,2024-09-21 23:12,2,Marchmen act,helene,community_discussion,
loacxmf,t3_1fmbgly,t3_1fmbgly,florida,Striking_Haitain,1726962544,2024-09-21 23:49,1,"Sorry to hear bout ur situation. As someone that has been Baker acted, it's hard for every one, especially when it's the frequency you're dealing with.",helene,community_discussion,
loagkd5,t3_1fmbgly,t1_lo9efom,florida,Ok-Pie5655,1726964006,2024-09-22 00:13,12,Florida sucks for humanity.,helene,community_discussion,
loah6a4,t3_1fmbgly,t3_1fmbgly,florida,Mr_Fignutz,1726964256,2024-09-22 00:17,1,Baker act is 72 hour hold. A psychiatrist will spend about 15 mintutes talking to them during that time. If they know what to say to the doc there will rarely be anything else done but a kick out the door.,helene,community_discussion,
loahazv,t3_1fmbgly,t3_1fmbgly,florida,Glad-Meal6418,1726964310,2024-09-22 00:18,2,Lol why spoiler block the trigger warning,helene,community_discussion,
loahesd,t3_1fmbgly,t3_1fmbgly,florida,BravoFoxtrotDelta,1726964352,2024-09-22 00:19,1,"Same procedures regardless. To hold longer, the doctors have to petition the court and a judge has to find the patient unfit for release. It’s an intentionally high bar, very hard to meet.

She really needs to get to the bottom of why she feels safer institutionalized than on her own recognizance. Unfortunately this usually means confronting one’s history of trauma, which indeed is a dangerous path to walk.",helene,community_discussion,
loaiucz,t3_1fmbgly,t1_lo9j0ou,florida,Apropos_of,1726964941,2024-09-22 00:29,1,"A mental health evaluation must be performed within 72 hours. If the person is deemed stable when the evaluation is performed, they will be released. So that is sort of a time limit. 

But if a person is continues to be a risk to themselves or others, they can be held longer than 72 hours.",helene,community_discussion,
loajf7g,t3_1fmbgly,t1_lo9gliu,florida,Organic_Ad_2520,1726965177,2024-09-22 00:32,8,"This is true...I have a sister very sick with bipolar & some counties & facilities are better than others.  Sometimes her stays are ling/extended & a court proxy/advocate is assigned and she stays longer...other times she is let out after 3 days & someone calls le & she is immediately reBaker Acted & stays longer. 
   It sounds like alcohol may be a huge factor perhaps he is self medicating depression.  I am unsure how it works but I know that there is 
Marchman Act which is like a sibling of Baker act for drugs & alcohol. Perhaps look into Marchman Act & maybe it can be utilized before suicidal threats.",helene,community_discussion,
loal63e,t3_1fmbgly,t1_loagkd5,florida,mithrilpoop,1726965890,2024-09-22 00:44,-6,Why even comment in this sub?,helene,community_discussion,
loam4vy,t3_1fmbgly,t1_loal63e,florida,Speedhabit,1726966288,2024-09-22 00:51,5,Cuz they won’t leave till their parents die,helene,community_discussion,
loanw65,t3_1fmbgly,t1_loal63e,florida,Ok-Pie5655,1726967008,2024-09-22 01:03,9,Because it’s about Florida and opinions/questions regarding………Florida.,helene,community_discussion,
loaorv7,t3_1fmbgly,t1_loanw65,florida,mithrilpoop,1726967375,2024-09-22 01:09,-10,Exactly. Take your hate spam somewhere else.,helene,community_discussion,
loaqlo1,t3_1fmbgly,t3_1fmbgly,florida,Exact-Response-9441,1726968127,2024-09-22 01:22,1,"If you haven’t before, call your local crisis center or 988.  Explain why you need a mobile response team or CIT Officer to assist.  They’ll often times divert from a baker act.  If anything they should be able to review prior calls and respond most appropriately.",helene,community_discussion,
loasnuj,t3_1fmbgly,t3_1fmbgly,florida,a-beeb,1726968995,2024-09-22 01:36,4,"I've known a few people who have been Baker Acted, including my own ex.

People who are Baker Acted are sent to facilities that are *much* more like jail than an actual mental health or rehabilitation facility. (You can see this if they allow you to visit or pick her up, but you can also read testimony many places online.) Their only purpose is to keep them from hurting themselves or anyone else, and to try to stabilize them with medication and do the annoying part of setting up the appointments. When they release them, they're completely on their own. It doesn't matter to them whether they get better or not. 

It's an incredibly sad, broken system. I'm so sorry you and your wife are going through this. Please inquire about services available through your insurance or if they have free services you can look into nearby.",helene,community_discussion,
lobffc8,t3_1fmbgly,t3_1fmbgly,florida,Randyyayyay,1726979493,2024-09-22 04:31,0,https://www.youtube.com/watch?v=pIgot-Oyyjo,helene,community_discussion,
lobplb9,t3_1fmbgly,t1_lo9j0ou,florida,Valkyriesride1,1726985463,2024-09-22 06:11,1,"No limit at all.

When I worked rescue, we transported a guy that was Baker Acted seven times in a month. When I was working as an ER RN, the same guy came through four times. Unfortunately, like many mentally ill that don't receive proper treatment, he ended up in prison.",helene,community_discussion,
loclnn8,t3_1fmbgly,t3_1fmbgly,florida,UnderstandingFine598,1727006420,2024-09-22 12:00,1,"From my experience, one too many baker acts can land you in the incompetent position. There’s people out there in our state who done nothing but cycle in and out of mental health courts without any care or seriousness that it may be to only end up not able to leave the treating facility because they are waiting on. Bed at the state hospital. 

I know I sound crazy-have worked in psych and have experience with patients who had to be transferred to state care, etc.",helene,community_discussion,
loct04c,t3_1fmbgly,t1_loajf7g,florida,RemotePen4936,1727009906,2024-09-22 12:58,1,The Marchman act is less used in Florida due to a lack of publicly funded substance abuse beds in most communities.,helene,community_discussion,
lodo4us,t3_1fmbgly,t3_1fmbgly,florida,RemarkableDog4512,1727021005,2024-09-22 16:03,1,"If she is willing to get help look into Promises 5 Palms in Ormond Beach. You will not find another facility like it in FL. The take insurance if you have that option. Amazing mental health professionals, private rooms and they focus on the mental aspect of addictions. It’s not an institution rather a very peaceful and free setting.",helene,community_discussion,
loes1c1,t3_1fmbgly,t1_lo9gliu,florida,Slaughter4Fun,1727032911,2024-09-22 19:21,2,"Can confirm, Been baker acted so many times I lost count and take meds until I feel better then stop and WHOOPS Manic episode again-",helene,community_discussion,
lo9auf9,t3_1fmbgwz,t3_1fmbgwz,florida,AutoModerator,1726948716,2024-09-21 19:58,1,"
Please note that only active users in the subreddit may comment in this discussion. If your comments are not showing up, please ensure you have active non-news/non-political contributions to the subreddit before contacting the moderators.

 [See our posting guidelines for more information.](https://www.reddit.com/r/florida/wiki/index/political_guidelines/)

**Remember the following:**

**Be Civil:**

* You are welcome to debate, discussion, and argue ideas, but don't resort to personal attacks on other users. 
* We do not allow any form of hate speech or any suggestion/support of harm, violence, or death.

**Must be related strictly to Florida:**

* National News/Elections are not specific to Florida. 
* Just because someone lives in Florida, doesn't mean their entire life is relevant to Floridians. 

If you see comments in violation of our rules, please report them.

#[Click this link to register to vote, update your voter information, or check your status.](https://registertovoteflorida.gov/)


*I am a bot, and this action was performed automatically. Please [contact the moderators of this subreddit](/message/compose/?to=/r/florida) if you have any questions or concerns.*",helene,community_discussion,
lo9k5wt,t3_1fmbgwz,t3_1fmbgwz,florida,RemarkableDog4512,1726951837,2024-09-21 20:50,31,This just in! DeSantis n his GOP cronies have stepped in to squash it bcs Affordable Housing is too woke.,helene,community_discussion,
lobzhcj,t3_1fmbgwz,t3_1fmbgwz,florida,BusStopKnifeFight,1726992043,2024-09-22 08:00,4,Love the part where there are zero transit connections. Should help the traffic in the Orlando area.,helene,community_discussion,
lo9douo,t3_1fmbtf7,t3_1fmbtf7,florida,AutoModerator,1726949684,2024-09-21 20:14,1,"
Your [submission](https://www.reddit.com/r/florida/comments/1fmbtf7/the_manual_with_tim_walz_harriswalz_2024/) has been removed from r/Florida. 

**All News/Political posts must be correctly flaired either ""News"" or ""Politics"".** 

How to assign or edit flair on mobile:

* The button to assign flair is under the post title.
* To edit flair after you’ve posted, go to your post, hit the menu (three dots ...). Then “change post flair.”

How to assign or edit flair on desktop:

* When making your post, click on “flair” underneath the text box.
* To edit flair after you’ve posted, go to your post, hit the menu (three dots ...), then “Edit flair.” 


*I am a bot, and this action was performed automatically. Please [contact the moderators of this subreddit](/message/compose/?to=/r/florida) if you have any questions or concerns.*",helene,community_discussion,
lo9q23c,t3_1fmc3bf,t3_1fmc3bf,florida,runningoutofideasjzz,1726953867,2024-09-21 21:24,1,I’ve always just used the pressure washer and pool surface brush. Has always worked fine for me. Is your pressure washer electric?,helene,community_discussion,
lo9tm7c,t3_1fmc3bf,t1_lo9q23c,florida,sineofthetimes,1726955153,2024-09-21 21:45,1,"Gas, but the pool is right below the highest parts and isn't very effective.",helene,community_discussion,
loafouh,t3_1fmc3bf,t1_lo9tm7c,florida,runningoutofideasjzz,1726963650,2024-09-22 00:07,0,"Ahh, ok. You got a pitched screen. Mine is flat. Makes sense. Not enough pressure to blow it off at the highest pitch.",helene,community_discussion,
lobi77i,t3_1fmc3bf,t1_lo9tm7c,florida,Same_Recipe2729,1726981017,2024-09-22 04:56,5,"They sell long extensions for the pressure washer to reach those spots, might have better luck doing it that way. ",helene,community_discussion,
lo9ioqi,t3_1fmcezr,t3_1fmcezr,florida,AutoModerator,1726951343,2024-09-21 20:42,1,"
Your [submission](https://www.reddit.com/r/florida/comments/1fmcezr/floridians_give_their_opinions_on_new_york/) has been removed from r/Florida. 

**All News/Political posts must be correctly flaired either ""News"" or ""Politics"".** 

How to assign or edit flair on mobile:

* The button to assign flair is under the post title.
* To edit flair after you’ve posted, go to your post, hit the menu (three dots ...). Then “change post flair.”

How to assign or edit flair on desktop:

* When making your post, click on “flair” underneath the text box.
* To edit flair after you’ve posted, go to your post, hit the menu (three dots ...), then “Edit flair.” 


*I am a bot, and this action was performed automatically. Please [contact the moderators of this subreddit](/message/compose/?to=/r/florida) if you have any questions or concerns.*",helene,community_discussion,
lo9mfmh,t3_1fmcndf,t3_1fmcndf,florida,curioussoul879,1726952606,2024-09-21 21:03,172,I think it'll be more utilized when it gets a stop at the airport,helene,community_discussion,
lo9mk01,t3_1fmcndf,t1_lo9mfmh,florida,Shai1310,1726952647,2024-09-21 21:04,26,Yeah that would take a really really really really really big detour so really unlikely,helene,community_discussion,
lo9mo6c,t3_1fmcndf,t1_lo9mk01,florida,curioussoul879,1726952687,2024-09-21 21:04,29,look into the sunshine corridor,helene,community_discussion,
lo9n5t0,t3_1fmcndf,t3_1fmcndf,florida,LakeEolaChairman,1726952854,2024-09-21 21:07,71,"The schedule is too weird to really be of use to my wife and I  even though we are ideal customers (close to a station, don’t own a car). 

We’d love to take it to Sanford to grab dinner and drinks safely but last time we checked they don’t run it late at night or on weekends.",helene,community_discussion,
lo9nrhm,t3_1fmcndf,t3_1fmcndf,florida,Professional-Ad6165,1726953062,2024-09-21 21:11,5,I think it’s pointless for locals but could be convenient for tourists at some point.,helene,community_discussion,
lo9o9wx,t3_1fmcndf,t3_1fmcndf,florida,heathersaur,1726953236,2024-09-21 21:13,1,"Needs more local stations, have separate local and express trains.",helene,community_discussion,
lo9olhj,t3_1fmcndf,t3_1fmcndf,florida,flsingleguy,1726953347,2024-09-21 21:15,0,It sucks as it backs up traffic in areas it passes through.,helene,community_discussion,
lo9pbol,t3_1fmcndf,t3_1fmcndf,florida,tylariousOG,1726953603,2024-09-21 21:20,33,"I wish it ran on weekends,  and a little more often ""after hours."" We use it to pop into Winter Park for dinner and would use it more often if it was for suitable for recreation, rather than just commuters.",helene,community_discussion,
lo9pesk,t3_1fmcndf,t3_1fmcndf,florida,Separate-Gas-8578,1726953635,2024-09-21 21:20,7,I enjoy taking it when the magic are playing during the week but not running at least a few times on the weekend is kind of a waste. Would be nice if it stopped at the winter park farmers market on Saturdays. The traffic does suck when men driving during the times where it passes by.,helene,community_discussion,
lo9pfya,t3_1fmcndf,t3_1fmcndf,florida,celestejm,1726953647,2024-09-21 21:20,18,Wish it ran on the weekends. I understand it’s a commuter rail but I’d go to events in downtown Orlando a lot more often if I could hop on and not worry about driving and parking,helene,community_discussion,
lo9pu6w,t3_1fmcndf,t3_1fmcndf,florida,EngFL92,1726953789,2024-09-21 21:23,25,"If it ran nights and weekends I'd probably use it to go downtown, winter park and Sanford for dinner/shows. Finding a parking space and dealing with traffic is one of the reasons I don't visit places like winter park as much as I'd like. 

Right now it's really just for people who work 9 to 5 jobs downtown. My mom uses it, as she works downtown, she likes it.",helene,community_discussion,
lo9qxwy,t3_1fmcndf,t1_lo9n5t0,florida,Renamis,1726954185,2024-09-21 21:29,50,"Yeah they are stupidly committed to commuter only. Nothing but commuter traffic, they don't want anyone drinking and catching a ride, or eating dinner and catching a ride, computing to and from work only. It's so bloody stupid.",helene,community_discussion,
lo9rgjx,t3_1fmcndf,t3_1fmcndf,florida,TheAnswerEK42,1726954369,2024-09-21 21:32,13,More trains please!,helene,community_discussion,
lo9ryll,t3_1fmcndf,t3_1fmcndf,florida,GizmoGeodog,1726954548,2024-09-21 21:35,7,Right now it's useless to me,helene,community_discussion,
lo9rzom,t3_1fmcndf,t3_1fmcndf,florida,asdf072,1726954559,2024-09-21 21:35,5,"I don’t live close enough to use it, but I’m glad it’s there",helene,community_discussion,
lo9s5if,t3_1fmcndf,t3_1fmcndf,florida,[deleted],1726954618,2024-09-21 21:36,1,[removed],helene,community_discussion,
lo9sn22,t3_1fmcndf,t3_1fmcndf,florida,BlaktimusPrime,1726954795,2024-09-21 21:39,16,"It would make the biggest difference if it ran on event days for big events downtown, Amway, Orlando City matches, and the Citrus Bowl. It would curtail so much of the horrific traffic that occurs downtown. But no one wanted the extra percent sales tax so we’re stuck with the current schedule that it’s on",helene,community_discussion,
lo9sr08,t3_1fmcndf,t1_lo9nrhm,florida,BlaktimusPrime,1726954836,2024-09-21 21:40,10,I’m a local and I would most definitely use it on event nights.,helene,community_discussion,
lo9tby9,t3_1fmcndf,t3_1fmcndf,florida,bulanaboo,1726955050,2024-09-21 21:44,0,Wish I could answer I’m totally south fla,helene,community_discussion,
lo9tgq5,t3_1fmcndf,t3_1fmcndf,florida,bde959,1726955098,2024-09-21 21:44,1,I would like it if it would take me from Jacksonville to Islamorada.,helene,community_discussion,
lo9tmj4,t3_1fmcndf,t1_lo9n5t0,florida,bde959,1726955157,2024-09-21 21:45,8,"Yeah, something like that would be awesome too.   I never thought about it like that. I live in Jacksonville and my thoughts were Jacksonville to Islamorada.  But a date night would be cool too.",helene,community_discussion,
lo9tr2j,t3_1fmcndf,t1_lo9tgq5,florida,Shai1310,1726955203,2024-09-21 21:46,-1,Uhm… what would you do if when you okay so he said yes would go?,helene,community_discussion,
lo9ts0n,t3_1fmcndf,t3_1fmcndf,florida,Ineedmoneyyyyyyyy,1726955213,2024-09-21 21:46,6,I would love it if it actually went to places and was used the way it’s intended.,helene,community_discussion,
lo9uuyt,t3_1fmcndf,t1_lo9mk01,florida,evantobin,1726955613,2024-09-21 21:53,22,The track is literally already there lol,helene,community_discussion,
lo9uy0z,t3_1fmcndf,t3_1fmcndf,florida,encryptedkraken,1726955645,2024-09-21 21:54,10,Underfunded,helene,community_discussion,
lo9v1u6,t3_1fmcndf,t1_lo9mo6c,florida,superpj,1726955684,2024-09-21 21:54,20,That would be the perfect name for a south Florida brothel.,helene,community_discussion,
lo9v2bl,t3_1fmcndf,t3_1fmcndf,florida,ChilindriPizza,1726955689,2024-09-21 21:54,6,"My BFF takes it and loves it. She says it has saved her quite a bit of money, not to mention wear and tear on her car.",helene,community_discussion,
lo9v4u9,t3_1fmcndf,t3_1fmcndf,florida,QuillTheQueer,1726955714,2024-09-21 21:55,24,"I support more public transit, of all types",helene,community_discussion,
lo9v9te,t3_1fmcndf,t1_lo9pbol,florida,MikaBluGul,1726955765,2024-09-21 21:56,10,"Maybe if more people begin utilizing it, they will run it more often. I hope so.",helene,community_discussion,
lo9vg2v,t3_1fmcndf,t1_lo9qxwy,florida,curioussoul879,1726955829,2024-09-21 21:57,9,is it possible to open it for other use?,helene,community_discussion,
lo9vg6p,t3_1fmcndf,t3_1fmcndf,florida,RasCorr,1726955830,2024-09-21 21:57,5,Wouls be better if it were cheaper and stopped at Port Canaveral.,helene,community_discussion,
lo9w65a,t3_1fmcndf,t3_1fmcndf,florida,Shirumbe787,1726956100,2024-09-21 22:01,2,Daytona beach needs a station.,helene,community_discussion,
lo9w78h,t3_1fmcndf,t1_lo9vg2v,florida,Renamis,1726956111,2024-09-21 22:01,18,"Yeah, they could just open the hours. They just won't, because they are determined to not have it be transport for anyone but a working professional to and from work.",helene,community_discussion,
lo9wm7z,t3_1fmcndf,t3_1fmcndf,florida,CraaazyRon,1726956264,2024-09-21 22:04,0,What I need a train for when I got a big ass truck???,helene,community_discussion,
lo9xl17,t3_1fmcndf,t3_1fmcndf,florida,irascible_Clown,1726956627,2024-09-21 22:10,4,Would be nice if it came to clearwater area. I would go to Orlando more often,helene,community_discussion,
lo9y01w,t3_1fmcndf,t1_lo9uuyt,florida,Shai1310,1726956782,2024-09-21 22:13,1,Oops nvm 🤭,helene,community_discussion,
lo9y5er,t3_1fmcndf,t1_lo9vg6p,florida,Shai1310,1726956837,2024-09-21 22:13,2,Why should it stop at the coast tho? If im bot mistaken its more for the orlando area,helene,community_discussion,
lo9y9cz,t3_1fmcndf,t1_lo9w65a,florida,Shai1310,1726956879,2024-09-21 22:14,2,Well its not really for daytona and that would definitely make train rides longer,helene,community_discussion,
lo9yqdh,t3_1fmcndf,t1_lo9xl17,florida,Shai1310,1726957056,2024-09-21 22:17,6,"SunRail is really only meant for central florida. If it went to clearwater, the train would take hours and wait times wouldn’t be as frequent. Its asinine.",helene,community_discussion,
lo9z657,t3_1fmcndf,t1_lo9tr2j,florida,bde959,1726957220,2024-09-21 22:20,5,"Islamorada - a great little drinking village with a fishing problem.

I would go fishing, boating and drinking beer.  Eat lots of fresh seafood.  Watch the sun come up in the sun go down.   

Enjoy Key West maybe one day on the trip and it is trippy there.  Love it for a unique environment.  People are so fun there.",helene,community_discussion,
lo9zeej,t3_1fmcndf,t1_lo9z657,florida,Shai1310,1726957308,2024-09-21 22:21,0,Im very well aware of where and what Islamorada is. But how do you expect a train to be built on a key seperated by a literal strait?,helene,community_discussion,
lo9zhh0,t3_1fmcndf,t1_lo9yqdh,florida,irascible_Clown,1726957340,2024-09-21 22:22,3,Oh is this not the one they planned on linking with pinellas?,helene,community_discussion,
lo9zqqu,t3_1fmcndf,t1_lo9zhh0,florida,Shai1310,1726957436,2024-09-21 22:23,6,Oh no lol thats Brightline which is high speed rail. This is SunRail it is a commuter rail for Orlando that goes from Poinciana in Osceola County to DeLand in Volusia County.,helene,community_discussion,
lo9zzpn,t3_1fmcndf,t1_lo9mo6c,florida,Shai1310,1726957528,2024-09-21 22:25,3,Sunshine Corridor ≠ SunRail,helene,community_discussion,
loa0470,t3_1fmcndf,t1_lo9zqqu,florida,irascible_Clown,1726957576,2024-09-21 22:26,2,Oh my bad lol.,helene,community_discussion,
loa0y47,t3_1fmcndf,t1_lo9zeej,florida,bde959,1726957891,2024-09-21 22:31,4,"😂😂😂

Look up the history of the Florida East Coast Railroad and Henry Flagler.

There was a railroad that went all the way down to Key West back in the late 1800s",helene,community_discussion,
loa167u,t3_1fmcndf,t1_loa0y47,florida,Shai1310,1726957976,2024-09-21 22:32,2,Oh yeah i forgot about that I learned about it 7th grade. But remember the history behind why it was taken down?,helene,community_discussion,
loa1gif,t3_1fmcndf,t1_lo9n5t0,florida,RoseKlingel,1726958083,2024-09-21 22:34,18,No late night and no weekend rides? No wonder I never hear much about this transit system. It's not very convenient! Wish we had more options.,helene,community_discussion,
loa1ix8,t3_1fmcndf,t1_loa167u,florida,bde959,1726958109,2024-09-21 22:35,2,"I don’t really remember the way of it at all, but if I had to guess I would say hurricanes",helene,community_discussion,
loa1mr9,t3_1fmcndf,t1_loa1ix8,florida,Shai1310,1726958148,2024-09-21 22:35,1,Bingo,helene,community_discussion,
loa1pvy,t3_1fmcndf,t1_loa167u,florida,bde959,1726958181,2024-09-21 22:36,2,I’ve always loved trains. My grandfather drove a train. Can never remember that means engineer conductor for FEC railroad back in the 30s 40s and 50s.,helene,community_discussion,
loa222r,t3_1fmcndf,t1_loa1mr9,florida,bde959,1726958307,2024-09-21 22:38,2,I have been fishing off those railroad trellises many times.  Also went out on boats out there many many times,helene,community_discussion,
loa227j,t3_1fmcndf,t1_loa1gif,florida,LakeEolaChairman,1726958308,2024-09-21 22:38,8,"😅 it’s just not terribly useful, the conspiracy theorist in me thinks that a portion of the planning committee doesn’t want it to succeed.",helene,community_discussion,
loa285t,t3_1fmcndf,t3_1fmcndf,florida,19inchesofvenom,1726958370,2024-09-21 22:39,6,We need more and more high speed rail and public transportation options,helene,community_discussion,
loa2e9z,t3_1fmcndf,t1_lo9qxwy,florida,Deep_Charge_7749,1726958432,2024-09-21 22:40,12,Or taking it to the airport.  Makes no sense.  You go right past the fucking airport,helene,community_discussion,
loa2ol3,t3_1fmcndf,t3_1fmcndf,florida,Beautiful-Age-8613,1726958537,2024-09-21 22:42,-2,Wast of money,helene,community_discussion,
loa3ydz,t3_1fmcndf,t3_1fmcndf,florida,ChefLocal3940,1726959012,2024-09-21 22:50,2,Went to try it.  The ticket machine didn't accept my credit card.  Left.,helene,community_discussion,
loa3z0v,t3_1fmcndf,t1_lo9y5er,florida,rpeve,1726959018,2024-09-21 22:50,7,"He's really thinking of brightline, which I agree would be really good if it was cheaper and stop in port canaveral...",helene,community_discussion,
loa44av,t3_1fmcndf,t3_1fmcndf,florida,[deleted],1726959075,2024-09-21 22:51,1,[removed],helene,community_discussion,
loa4xew,t3_1fmcndf,t3_1fmcndf,florida,[deleted],1726959385,2024-09-21 22:56,1,[removed],helene,community_discussion,
loa5ju2,t3_1fmcndf,t3_1fmcndf,florida,Kurise,1726959629,2024-09-21 23:00,-2,"It's a complete waste of tax payer money and doesn't run on weekends. There is absolutely no possibility it generates enough revenue to offset the costs of operating the train and pay engineer salaries. 

Florida infrastructure is not built around a rail system and the public transportation system (buses) is questionable. It has resulted in MANY poorly built, high monthly rent apartments being built around the stations though.",helene,community_discussion,
loa5uzf,t3_1fmcndf,t1_lo9zzpn,florida,Colinplayz1,1726959748,2024-09-21 23:02,17,"It's a connection between sunrail and bright line. AND, it would expand to weekend service",helene,community_discussion,
loa6bb6,t3_1fmcndf,t3_1fmcndf,florida,lbanuls,1726959924,2024-09-21 23:05,0,Useless until there's a TPA > MCO route through theme park row,helene,community_discussion,
loa6jf1,t3_1fmcndf,t3_1fmcndf,florida,Infamous_Bumblebee24,1726960011,2024-09-21 23:06,4,"It’s impossible to be a profitable commuter Railservice in the US. As long as the tax payers keep it afloat, it will keep running.",helene,community_discussion,
loa6t88,t3_1fmcndf,t1_loa2ol3,florida,Shai1310,1726960118,2024-09-21 23:08,2,Why so?,helene,community_discussion,
loa80y0,t3_1fmcndf,t3_1fmcndf,florida,fade2blac,1726960594,2024-09-21 23:16,4,"Honestly, it's not perfect but it's still pretty great. 8/10",helene,community_discussion,
loa87i9,t3_1fmcndf,t3_1fmcndf,florida,odinbudd,1726960667,2024-09-21 23:17,1,Watch out for the murder train!,helene,community_discussion,
loa8y4g,t3_1fmcndf,t1_lo9mk01,florida,video-engineer,1726960956,2024-09-21 23:22,9,It would be a “spur line”.  So a separate line to the airport and I-Drive where you could catch the Brightline to Tampa.,helene,community_discussion,
loab5wx,t3_1fmcndf,t1_lo9qxwy,florida,Jccali1214,1726961838,2024-09-21 23:37,6,Really is a failing of planning and advocacy of most transit agencies in this country,helene,community_discussion,
loab8r4,t3_1fmcndf,t1_lo9v4u9,florida,Jccali1214,1726961868,2024-09-21 23:37,5,The correct answer,helene,community_discussion,
loactw9,t3_1fmcndf,t3_1fmcndf,florida,Fun_Unit_1863,1726962504,2024-09-21 23:48,2,I’d love to see more. I live in Clermont and I’d heard they were planning to go west to Tampa. That would get it near me and I’d be completely onboard for using it as much as possible,helene,community_discussion,
load5lx,t3_1fmcndf,t3_1fmcndf,florida,AxelCanin,1726962634,2024-09-21 23:50,0,Worst train I've ever been on. It felt like I was back on Gwazi at Busch Gardens. Such a rickety piece of shit.,helene,community_discussion,
loadxpc,t3_1fmcndf,t3_1fmcndf,florida,bananatekin,1726962945,2024-09-21 23:55,2,I think alot of sun reflects off the rails.,helene,community_discussion,
loaepzb,t3_1fmcndf,t3_1fmcndf,florida,CurtisW831,1726963259,2024-09-22 00:00,1,"I haven't had a need for it yet, but I've heard it's expensive as hell",helene,community_discussion,
loaf2w2,t3_1fmcndf,t1_loa87i9,florida,Shai1310,1726963405,2024-09-22 00:03,3,Ur thinking of BrightLine. This is SunRail,helene,community_discussion,
loaffu3,t3_1fmcndf,t1_lo9y5er,florida,RasCorr,1726963548,2024-09-22 00:05,4,"It stops a bunch once it's south of Brevard County. Also, Port Canaveral is the busiest cruise ship port in the world. And cheaper would make it more useful.",helene,community_discussion,
loafj4u,t3_1fmcndf,t1_loactw9,florida,Shai1310,1726963585,2024-09-22 00:06,1,Ur thinking of BrightLine.,helene,community_discussion,
loafoce,t3_1fmcndf,t1_loaepzb,florida,Shai1310,1726963644,2024-09-22 00:07,4,"SunRail is only 2 dollars, ur thinking of BrightLine which is 60 dollars",helene,community_discussion,
loafs6c,t3_1fmcndf,t1_loaffu3,florida,Shai1310,1726963686,2024-09-22 00:08,2,"Ur thinking of BrightLine, this is SunRail",helene,community_discussion,
loafv1j,t3_1fmcndf,t3_1fmcndf,florida,Shai1310,1726963718,2024-09-22 00:08,2,The amount of people mistaking this for BrightLine is insane to me,helene,community_discussion,
loag7a2,t3_1fmcndf,t1_loa2e9z,florida,Shai1310,1726963857,2024-09-22 00:10,0,"Well it doesn’t go the airport because sunrail is on already existing track, that way they dont have to take away people’s homes making sunrail.",helene,community_discussion,
loag8g2,t3_1fmcndf,t1_lo9sn22,florida,LossPreventionGuy,1726963870,2024-09-22 00:11,5,none of those venues want you on the train - they want to charge $30 a car for parking. That's the biggest reason it hasn't happened.,helene,community_discussion,
loagatf,t3_1fmcndf,t1_loag8g2,florida,BlaktimusPrime,1726963897,2024-09-22 00:11,2,That makes a lot of sense. Forgot about that,helene,community_discussion,
loah7e8,t3_1fmcndf,t1_loafs6c,florida,RasCorr,1726964269,2024-09-22 00:17,2,my b,helene,community_discussion,
loahjyj,t3_1fmcndf,t3_1fmcndf,florida,DesmondM93,1726964410,2024-09-22 00:20,1,"Good concept for those that it works for, but public transport isn’t my cup of tea. I’ll continue to drive everywhere.",helene,community_discussion,
loahonh,t3_1fmcndf,t3_1fmcndf,florida,Isaiaiaiaiaiaiaih,1726964464,2024-09-22 00:21,1,I’ve never heard of it in my 13 years of life 😭,helene,community_discussion,
loai0jg,t3_1fmcndf,t1_loahonh,florida,Shai1310,1726964601,2024-09-22 00:23,1,It says in ur profile ur 14 (im 14 too hehehe),helene,community_discussion,
loai6vl,t3_1fmcndf,t1_loai0jg,florida,Isaiaiaiaiaiaiaih,1726964674,2024-09-22 00:24,2,It says almost 14!!  Silly 🤭,helene,community_discussion,
loaj5yd,t3_1fmcndf,t3_1fmcndf,florida,angryitguyonreddit,1726965072,2024-09-22 00:31,1,I hope they extend this outside of just FL,helene,community_discussion,
loajnet,t3_1fmcndf,t1_loafoce,florida,CurtisW831,1726965270,2024-09-22 00:34,2,I also have a job where I need to drive so I don't commute. The only tracks on the east side are bright line I believe,helene,community_discussion,
loajtub,t3_1fmcndf,t1_loai6vl,florida,Shai1310,1726965343,2024-09-22 00:35,1,I didnt read that hehe 😜,helene,community_discussion,
loak5z6,t3_1fmcndf,t1_lo9pfya,florida,Hntrbdnshog,1726965479,2024-09-22 00:37,6,The drive from Tampa to Orlando is such a horrible experience every time I have to make it. I would use it on the weekends for sure as would many people. I’ve chosen to not go to shows and events just because I hate the drive.,helene,community_discussion,
loakal2,t3_1fmcndf,t1_loaj5yd,florida,Shai1310,1726965532,2024-09-22 00:38,2,SunRail is a commuter rail that is intended to only serve the Orlano area. Youre thinking if BrightLine,helene,community_discussion,
loamd8n,t3_1fmcndf,t3_1fmcndf,florida,UCFknight2016,1726966381,2024-09-22 00:53,7,"Doenst run on weekends, doesnt run frequently, doesnt run late, doesnt go to Disney, doesnt go to Universal or Seaworld, doesnt run east-west, doesnt go to UCF, doesnt go to the airport. Once they fix a at least 3 of these I think It woul be good.",helene,community_discussion,
loamjt2,t3_1fmcndf,t1_loa8y4g,florida,jared2580,1726966455,2024-09-22 00:54,8,Oh I can only dream of when this is a real option for people,helene,community_discussion,
loamr2m,t3_1fmcndf,t3_1fmcndf,florida,samplergal,1726966537,2024-09-22 00:55,2,I’ve not used it. Looking forward it though.,helene,community_discussion,
loan3wo,t3_1fmcndf,t1_loafj4u,florida,Fun_Unit_1863,1726966684,2024-09-22 00:58,3,Yep. Bring it on. And any other passenger/light rail they want to,helene,community_discussion,
loan9c6,t3_1fmcndf,t1_lo9zzpn,florida,curioussoul879,1726966746,2024-09-22 00:59,6,"right like colin said, it's brightline utilizing the sunrail interchange",helene,community_discussion,
loaonlx,t3_1fmcndf,t1_loamd8n,florida,Shai1310,1726967324,2024-09-22 01:08,1,"Well in terms of it not going certain places, they would literally have to destroy homes in order to that. The track thats there is already existing track that has been there for a century almost.",helene,community_discussion,
loaozpw,t3_1fmcndf,t1_loaonlx,florida,UCFknight2016,1726967465,2024-09-22 01:11,4,No they wouldnt - Use the 408 as the ROW and I-4. There are plans. No need to tear down homes.,helene,community_discussion,
loaplni,t3_1fmcndf,t3_1fmcndf,florida,BusStopKnifeFight,1726967719,2024-09-22 01:15,5,"It's slowly expanding. The Orlando Airport failure is just a prime example of how stupid the aging out boomers are. 

That rail line was going to shift a ton of vehicles off the roads that are just driving to the theme parks.",helene,community_discussion,
loaps7h,t3_1fmcndf,t1_lo9mk01,florida,BusStopKnifeFight,1726967793,2024-09-22 01:16,3,Because driving to the airport is such a streamlined experience.,helene,community_discussion,
loapv5x,t3_1fmcndf,t1_loaps7h,florida,Shai1310,1726967826,2024-09-22 01:17,0,When did I say that?,helene,community_discussion,
loaq73v,t3_1fmcndf,t1_lo9uuyt,florida,BusStopKnifeFight,1726967962,2024-09-22 01:19,4,The Brightline tracks are in. SunRail will have to build their own. But the station and tunnels are all there. It's basically shovel ready for track building.,helene,community_discussion,
loaqgqg,t3_1fmcndf,t1_lo9n5t0,florida,BusStopKnifeFight,1726968071,2024-09-22 01:21,7,"Send your comments to SunRail. They only know what people tell them. If there is a demand for later or more weekend service, it's not going to happen unless they get the info people are looking to ride.

SunRail is a publicly run entity and you do have a say:

https://corporate.sunrail.com/about-sunrail/administration/cfcrc-meetings/",helene,community_discussion,
loaqulk,t3_1fmcndf,t3_1fmcndf,florida,thefatchef321,1726968231,2024-09-22 01:23,2,Be way cooler if it went from st pete to st sugustine through daytona and tampa,helene,community_discussion,
loar1vn,t3_1fmcndf,t1_loaqulk,florida,Shai1310,1726968316,2024-09-22 01:25,1,"But then the train would take way too long. The whole purpose of the train is to serve Orlando area, not Florida as a whole.",helene,community_discussion,
loar6eb,t3_1fmcndf,t3_1fmcndf,florida,kyflyboy,1726968370,2024-09-22 01:26,0,Too little too late,helene,community_discussion,
loaru8i,t3_1fmcndf,t3_1fmcndf,florida,Training_Track9644,1726968646,2024-09-22 01:30,1,Bring sunrail north. The treasure coast would like it to be available!,helene,community_discussion,
loasu1j,t3_1fmcndf,t3_1fmcndf,florida,[deleted],1726969067,2024-09-22 01:37,1,[removed],helene,community_discussion,
loatnul,t3_1fmcndf,t3_1fmcndf,florida,Such_Perspective2192,1726969420,2024-09-22 01:43,3,We ride it from Debary to Winter Park for a day of shopping and lunch once in awhile.,helene,community_discussion,
loauu8n,t3_1fmcndf,t1_loaru8i,florida,Shai1310,1726969924,2024-09-22 01:52,1,Its not meant for the treasure coast tho. Its meant for the orlando area,helene,community_discussion,
loaxfu5,t3_1fmcndf,t3_1fmcndf,florida,chagster001,1726971029,2024-09-22 02:10,6,I love it but the schedule is erratic and it doesn’t run on weekends,helene,community_discussion,
loayriw,t3_1fmcndf,t3_1fmcndf,florida,2ndprize,1726971592,2024-09-22 02:19,3,"I was born here over 40 years ago, and i dont know where to find a sunrail. Im not saying i cant find it, im saying that there is an obvious problem",helene,community_discussion,
loaz0y2,t3_1fmcndf,t3_1fmcndf,florida,swamppuppy7043,1726971705,2024-09-22 02:21,0,Useless and expensive,helene,community_discussion,
lob15xn,t3_1fmcndf,t3_1fmcndf,florida,Remarkable-Yogurt-78,1726972640,2024-09-22 02:37,2,I love the SunRail. I wish it ran on the weekends.,helene,community_discussion,
lob3hi4,t3_1fmcndf,t1_loaqgqg,florida,LakeEolaChairman,1726973663,2024-09-22 02:54,5,"Already did that a year ago unfortunately, but thank you for bringing that to more people’s attention here, hopefully they’ll take the concerns into consideration.",helene,community_discussion,
lob558n,t3_1fmcndf,t3_1fmcndf,florida,Revolver_ocelotl,1726974416,2024-09-22 03:06,1,It's expensive and not worth the 30 mins difference in time vs driving.,helene,community_discussion,
lob56q3,t3_1fmcndf,t3_1fmcndf,florida,FullMenu71a,1726974435,2024-09-22 03:07,1,Garbage,helene,community_discussion,
lob96w3,t3_1fmcndf,t3_1fmcndf,florida,Earth-angle,1726976300,2024-09-22 03:38,3,I use it regularly to commute it’s convenient and inexpensive,helene,community_discussion,
lobb8fe,t3_1fmcndf,t3_1fmcndf,florida,Albert_Camus129,1726977292,2024-09-22 03:54,2,"To all those (rightfully) complaining that it doesn’t run on the weekend or late at night, let your local officials know! Nothing will change until we make change happen. There was a referendum in Orange County to expand the schedule, but it was voted against. Keep an eye out for future opportunities!",helene,community_discussion,
lobcb2v,t3_1fmcndf,t3_1fmcndf,florida,stormhawk427,1726977838,2024-09-22 04:03,2,Need more. Need a stop in Melbourne.,helene,community_discussion,
lobf4fb,t3_1fmcndf,t1_loaru8i,florida,slickrok,1726979330,2024-09-22 04:28,1,"??? What? You mean bright line?

It's coming, why do you think Stuart and ft pierce were fighting for it?

Stuart got it, but the city Commission just pulled the plug. So, will see what Martin County does now 

Stuart is idiotic for doing what they just did.",helene,community_discussion,
lobfc9i,t3_1fmcndf,t1_lo9zzpn,florida,Slowly_We_Rot_,1726979447,2024-09-22 04:30,3,"The sunrail is what they do on the strippers ass, right?",helene,community_discussion,
lobfft7,t3_1fmcndf,t1_lo9zeej,florida,slickrok,1726979500,2024-09-22 04:31,2,Are you serious that you think the only option would be to end on the actual island??? Come on.,helene,community_discussion,
lobfq9n,t3_1fmcndf,t1_lo9qxwy,florida,John_E_Vegas,1726979653,2024-09-22 04:34,-1,"No, it's bloody unprofitable.",helene,community_discussion,
lobfwsb,t3_1fmcndf,t1_lobfq9n,florida,Renamis,1726979751,2024-09-22 04:35,4,It's bloody unprofitable because they refuse to run it at a time and for a use people want it for.,helene,community_discussion,
lobfy9p,t3_1fmcndf,t1_lo9rgjx,florida,John_E_Vegas,1726979773,2024-09-22 04:36,-3,"He said, in an era where self-driving cars about to revolutionize the way people think about cars, and parking lots, and car ownership, and, of course, trains.",helene,community_discussion,
lobg04q,t3_1fmcndf,t1_lo9uy0z,florida,John_E_Vegas,1726979801,2024-09-22 04:36,-1,Money sink.,helene,community_discussion,
lobg3ae,t3_1fmcndf,t1_loa285t,florida,John_E_Vegas,1726979847,2024-09-22 04:37,-1,"Yeah, we should just magically materialize these options that not enough people use and cost billions to build.",helene,community_discussion,
lobh9m3,t3_1fmcndf,t1_lobg3ae,florida,19inchesofvenom,1726980497,2024-09-22 04:48,2,We should tax corporations and the wealthy more :),helene,community_discussion,
lobhj7m,t3_1fmcndf,t3_1fmcndf,florida,mclaypool4,1726980644,2024-09-22 04:50,4,As someone who grew up in the Chicago land area it could be better but it’s a good start.,helene,community_discussion,
lobmi0k,t3_1fmcndf,t3_1fmcndf,florida,CNCTank,1726983540,2024-09-22 05:39,1,A boondoggle of epic proportions about 40 years too late in the making...,helene,community_discussion,
lobr3il,t3_1fmcndf,t1_lo9v9te,florida,Apart-Championship99,1726986435,2024-09-22 06:27,5,"Kind of like the chicken and the egg. 

We would like to use it, but it doesn't work like every other metro system in the world.
It is not useful. 

They have studied how systems work in the rest of the country, as well as London. Etc., for over 50 years. (Maybe more) it is so doable, but ""they"" want everyone else to pay for it. (E.g., Disney, Tampa, Miami,  Orlando, etc.)",helene,community_discussion,
lobr7pl,t3_1fmcndf,t1_loag8g2,florida,Apart-Championship99,1726986510,2024-09-22 06:28,3,So true. It's all motivated by money.,helene,community_discussion,
lobuxxv,t3_1fmcndf,t1_lo9mfmh,florida,12dv8,1726988955,2024-09-22 07:09,14,"Wait, it doesn’t go to the airport? Millions of dollars in education for engineers that couldn’t get this to the airport!!! So any extension to Naples, Jacksonville, Ocala, Melbourne, no one can just get to the airport? Someone forgot to add logic to this project.",helene,community_discussion,
loc228m,t3_1fmcndf,t3_1fmcndf,florida,Jennifer_Pennifer,1726993819,2024-09-22 08:30,2,"Look I've lived in Florida since I was 14. I'm 40 years old.     
I didn't even know we had a sun rail until I joined this reddit 🤷‍♀️",helene,community_discussion,
loc4gyt,t3_1fmcndf,t3_1fmcndf,florida,BigMikeThurs,1726995483,2024-09-22 08:58,2,It keeps killing the morons.,helene,community_discussion,
loccq5l,t3_1fmcndf,t1_loab8r4,florida,Next_Introduction_28,1727001193,2024-09-22 10:33,3,Facts. It blows my mind how many times this state watches public transportation get privatized and then acts surprised when it’s kinda shit.,helene,community_discussion,
lockzw7,t3_1fmcndf,t3_1fmcndf,florida,mgstatic91,1727006080,2024-09-22 11:54,2,"I can’t have an opinion, as it doesn’t go to the Daytona area.",helene,community_discussion,
locl3b1,t3_1fmcndf,t3_1fmcndf,florida,dathomasusmc,1727006128,2024-09-22 11:55,2,It’s fetch.,helene,community_discussion,
loclr0q,t3_1fmcndf,t1_loaz0y2,florida,Shai1310,1727006467,2024-09-22 12:01,1,How is it expensive? its only 2 dollars.,helene,community_discussion,
loclvv7,t3_1fmcndf,t1_lob15xn,florida,Shai1310,1727006535,2024-09-22 12:02,2,I feel as if weekends would be the most busiest and most profitable time they really should.,helene,community_discussion,
loclzie,t3_1fmcndf,t1_lob558n,florida,Shai1310,1727006587,2024-09-22 12:03,2,"How is it expensive its only two dollars. Again, all of y’all are thinking of BrightLine",helene,community_discussion,
locmbit,t3_1fmcndf,t1_lobb8fe,florida,Shai1310,1727006758,2024-09-22 12:05,2,"Exactly, if people complain, they need to something about, we dont live in a dictatorship lol",helene,community_discussion,
locmdtb,t3_1fmcndf,t1_lobcb2v,florida,Shai1310,1727006789,2024-09-22 12:06,2,Its only for the Orlando area tho.,helene,community_discussion,
locmjx8,t3_1fmcndf,t1_lobfft7,florida,Shai1310,1727006873,2024-09-22 12:07,0,What do you propose good sir? A boat? The only issue is that the water is way way too shallow in this area.,helene,community_discussion,
locn3ck,t3_1fmcndf,t1_loc4gyt,florida,Shai1310,1727007147,2024-09-22 12:12,1,SunRail hasn’t killed anyone? Can you give me an article stating who the SunRail has killed?,helene,community_discussion,
locnktl,t3_1fmcndf,t1_locl3b1,florida,Shai1310,1727007385,2024-09-22 12:16,3,Stop trying to make “fetch” happen 😒 🙄,helene,community_discussion,
loco1ln,t3_1fmcndf,t1_lo9mk01,florida,[deleted],1727007613,2024-09-22 12:20,1,[removed],helene,community_discussion,
locofk3,t3_1fmcndf,t1_lo9v9te,florida,the_dj_zig,1727007803,2024-09-22 12:23,6,More people aren’t using it because it doesn’t cater to “more people’s” needs. The people that can use it are already using it. Numbers are only going to go up if they start targeting people who don’t use it,helene,community_discussion,
locvubp,t3_1fmcndf,t1_locmjx8,florida,slickrok,1727011113,2024-09-22 13:18,2,"O m f g.  Ok.  I see you're a kid. 

The water it's not way too shallow. 

Are you confused as to how people get to each key right now???

 and in the past?????",helene,community_discussion,
locw9e3,t3_1fmcndf,t1_locvubp,florida,Shai1310,1727011286,2024-09-22 13:21,1,"Good point. I was just saying from Biscayne to Islamorada i always assumed it would be shallow, hence land rising from the ground and that people woulve sailed from around the Everglades since that part would be the deeper part. Again just my assumption",helene,community_discussion,
lodgges,t3_1fmcndf,t3_1fmcndf,florida,itsatwisttt,1727018564,2024-09-22 15:22,2,NEEDS TO RUN ON THE GD WEEKEND,helene,community_discussion,
lodhd6o,t3_1fmcndf,t3_1fmcndf,florida,capntail,1727018865,2024-09-22 15:27,2,Should run on nights and weekends,helene,community_discussion,
lodndxy,t3_1fmcndf,t3_1fmcndf,florida,[deleted],1727020765,2024-09-22 15:59,1,[removed],helene,community_discussion,
lodof1e,t3_1fmcndf,t1_loamd8n,florida,curioussoul879,1727021095,2024-09-22 16:04,1,"completely agree once the sunshine corridor is placed, it'll go to those places and hopefully be used more",helene,community_discussion,
lodpwkc,t3_1fmcndf,t3_1fmcndf,florida,DominusFL,1727021559,2024-09-22 16:12,1,Cheaper to fly. Cheaper to drive.,helene,community_discussion,
lodsiqw,t3_1fmcndf,t1_locnktl,florida,dathomasusmc,1727022346,2024-09-22 16:25,2,Now replace “fetch” with “SunRail”.,helene,community_discussion,
loduuly,t3_1fmcndf,t1_lobuxxv,florida,North-West-050,1727023007,2024-09-22 16:36,2,I thought the end point in Orlando was at the airport?,helene,community_discussion,
loe0k3e,t3_1fmcndf,t1_lo9w78h,florida,[deleted],1727024752,2024-09-22 17:05,1,[removed],helene,community_discussion,
loe110w,t3_1fmcndf,t1_lobfwsb,florida,[deleted],1727024894,2024-09-22 17:08,1,[removed],helene,community_discussion,
loe11rm,t3_1fmcndf,t1_loajtub,florida,Isaiaiaiaiaiaiaih,1727024900,2024-09-22 17:08,2,Your a cutie 😵‍💫,helene,community_discussion,
loe2d6a,t3_1fmcndf,t1_lodgges,florida,Shai1310,1727025298,2024-09-22 17:14,1,Fr tho that would be the most profitable time,helene,community_discussion,
loe2nqt,t3_1fmcndf,t1_lodsiqw,florida,Shai1310,1727025385,2024-09-22 17:16,1,You might not like SunRail and you might think its ineffective but lots of people still rely on it 😔 👉🏻👈🏻,helene,community_discussion,
loe2wsu,t3_1fmcndf,t3_1fmcndf,florida,Babylovesim,1727025460,2024-09-22 17:17,1,"its a big no for me, it means higher taxes, and the fares will be too high for poor people to afford. even bus fares have gotten too high, and they had to reduce the local bus routes because no one can afford to ride it. same as bus fares to out of town, poor people cant afford it. so this thing is going to be square on the back of the middle class, who are finding it hard to buy food right now! the rich arent going to fund it or ride it.",helene,community_discussion,
loe3giw,t3_1fmcndf,t1_loaq73v,florida,Babylovesim,1727025623,2024-09-22 17:20,1,"but the people paying for it dont ride it, and we dont have the extra money to raise our taxes millions to build it. it costs more than bus lines, and nobody can afford that either, nor are they riding it.",helene,community_discussion,
loe4abk,t3_1fmcndf,t1_lobr3il,florida,Babylovesim,1727025867,2024-09-22 17:24,1,"middle class will be paying for it, and we cant afford it. it doesnt run through my town, so why should i pony up?",helene,community_discussion,
loe535u,t3_1fmcndf,t1_loamd8n,florida,Babylovesim,1727026100,2024-09-22 17:28,1,"also doesnt go everywhere. why should the whole state pay higher sales when we cant use it, and are having issues buying food? no thanks. the people who ride should pay for it, or at least come up with a fundraiser to raise the money! not put it on the backs of people who cant even use it!",helene,community_discussion,
loe6rtm,t3_1fmcndf,t1_locn3ck,florida,BigMikeThurs,1727026595,2024-09-22 17:36,2,My mistake it is Brightline,helene,community_discussion,
loe74d2,t3_1fmcndf,t3_1fmcndf,florida,Babylovesim,1727026693,2024-09-22 17:38,2,"the proposed rail is by a private company. Florida says no due to the amount of tolls taken from the roads. they have asked the company to propose how they will make up for those losses to the state. since the tolls from the proposed rail line will not be going to Florida. the people will pay a higher price at the grocery store for it, but they will not see anything come back for it, plus the state will lose toll money for it. so its a big NO for me!",helene,community_discussion,
loe7m9c,t3_1fmcndf,t1_loe74d2,florida,Shai1310,1727026828,2024-09-22 17:40,1,"Did I ask anything about a proposed private rail? No, I asked about SunRail, an already existing train that is in no way private. Y’all need to stop confusing SunRail with Brightline.",helene,community_discussion,
loe7viq,t3_1fmcndf,t1_loe7m9c,florida,Babylovesim,1727026899,2024-09-22 17:41,2,"but it will be right on the middle class back. doesnt matter what you asked for, its who youre demanding pay for it.",helene,community_discussion,
loe9m4f,t3_1fmcndf,t1_loe7viq,florida,Shai1310,1727027397,2024-09-22 17:49,1,"Girl what are u talking about you’re confusing me this is about SunRail i didnt ask for your BrightLine complaints. Make a separate post about ur feelings, dont put it here.",helene,community_discussion,
loe9s87,t3_1fmcndf,t3_1fmcndf,florida,Phlydude,1727027445,2024-09-22 17:50,2,I appreciate that it serves towns on the east side of I-4 but Orlando metro isn’t just I-4 and east,helene,community_discussion,
loeej8w,t3_1fmcndf,t1_loduuly,florida,12dv8,1727028844,2024-09-22 18:14,1,I would have thought…,helene,community_discussion,
loejjwm,t3_1fmcndf,t1_lobuxxv,florida,Mpabner,1727030365,2024-09-22 18:39,2,"Hi!  I would like to introduce you to my friend Florida.  She is a little bit unintelligent, but a helagood time at parties!  Does not really balance her check book, though, so has to pull some shenanigans occasionally.  Hope you like her!",helene,community_discussion,
loesu8i,t3_1fmcndf,t3_1fmcndf,florida,NoisyBrat2000,1727033154,2024-09-22 19:25,1,Irrelevant,helene,community_discussion,
loextp8,t3_1fmcndf,t1_loe2nqt,florida,dathomasusmc,1727034641,2024-09-22 19:50,2,"My problem with SunRail is that Orlando simply doesn’t have the population density to make it a viable source of transportation for most people. Most people have to travel a considerable distance to get to a SunRail station. And tbh, parking really isn’t much of an issue in Orlando. 

You say “lots” of people ride it but it’s around a million rides a year. Compare that to the NYC subway system that had over a BILLION rides last year. It’s just very hard to justify the cost of expanding, or just maintaining, something this expensive. While NYC has more people it’s certainly not 1,000 times more (about 26x if you’re keeping track). 

Also, the title of your post literally asked our opinions. I have my opinion. In short, it’s a waste of money on a per capita basis. I understand you rely on it, I just think the money could be used elsewhere that would benefit far more people than the 1,500 or so that ride it on any given day.",helene,community_discussion,
lof9szr,t3_1fmcndf,t3_1fmcndf,florida,PelagicPenguin9000,1727038329,2024-09-22 20:52,2,"There is a plan for extending SunRail down to Lakeland, and there were even talks about a different commuter rail service for Apopka.",helene,community_discussion,
lofvtj3,t3_1fmcndf,t1_loejjwm,florida,12dv8,1727045788,2024-09-22 22:56,3,Sounds like my wife’s twin sister…. Shhhhhh….. I didn’t really type this outloud….,helene,community_discussion,
log5bxx,t3_1fmcndf,t1_loextp8,florida,Shai1310,1727049202,2024-09-22 23:53,1,Do you think we should spend more on making higher density and ending urban sprawl cuz i would support the SunRail’s removal in support of that.,helene,community_discussion,
lo9tbqm,t3_1fmdgjh,t3_1fmdgjh,florida,HodgeGodglin,1726955047,2024-09-21 21:44,1,"Don’t try to contract out the rebuilding of your house. 

Hire a fully licensed and insured contractor. They should be able to show you all of that before hand. Explain exactly what you want done, get a quote. Set up a draw schedule. Stick to the draw schedule. 

It’s going to be way easier and less of a headache if you let them schedule all of the subtrades instead of trying to juggle that mess yourself. Then if anything goes awry they are the ones out money, not you, and you have a quote/estimate that is legally binding and you can sue over.",helene,community_discussion,
lo9tepx,t3_1fmdgjh,t3_1fmdgjh,florida,Healthy-Educator-280,1726955078,2024-09-21 21:44,8,Six figures could be 100k or it could be 900k. 100k not being enough so nobody can really help with this info.,helene,community_discussion,
lo9tgaw,t3_1fmdgjh,t3_1fmdgjh,florida,InternationalDog2606,1726955094,2024-09-21 21:44,15,"Under no circumstances tell any contractor how much money you received from your insurance company. Also, get multiple (3 min) estimates for any work from a LOCAL company that will actually perform any required warranty or repair work down the road.",helene,community_discussion,
lo9tzxb,t3_1fmdgjh,t3_1fmdgjh,florida,Kissit777,1726955294,2024-09-21 21:48,5,"Eye yey yey. I would MOVE. 

Let someone else do the remodel. 

Finding contractors in Florida who will actually help, are insured, and go good work is nearly impossible. 

If you do manage it yourself, I would hire each part of the project individually yourself.",helene,community_discussion,
lo9wb8d,t3_1fmdgjh,t3_1fmdgjh,florida,AvgSizedPotato,1726956153,2024-09-21 22:02,6,"Had my house rebuilt after a hurricane. A lot of businesses came into the area and preyed on ppl so the biggest thing for me was to hire a local contractor that was around BEFORE the storm.

I made sure to get quotes from 4-5 companies before hiring anyone. Even some of the locals were screwing ppl over so it's good to get a few estimates.

The contractor did a great job and I even saved a bit of money once all was said and done.",helene,community_discussion,hurricane|storm
lo9xif0,t3_1fmdgjh,t3_1fmdgjh,florida,Specialist-Southern,1726956601,2024-09-21 22:10,1,"Lots of good advice here. The only thing I can add is there is a current story about a homeowner on the gulf coast who was refused their payout from a flood insurance policy because they had previously received a payout from a separate event, but they didn’t use the original money to replace many of the items they claimed and FEMA had the serial numbers for the appliances. Point is don’t try and scam the insurance and then be surprised they won’t pay to replace the same items again.",helene,community_discussion,flood|fema
loa5eyw,t3_1fmdgjh,t1_lo9tzxb,florida,herewego199209,1726959577,2024-09-21 22:59,1,"I always wondered that. Could you simply get the damage amount for the obliterated house and pay off the mortgage and just sell the land or do you actually have to rebuild the house? Sounds crazy, but if I got my house destroyed last thing I’d want is to live in that same spot lol.",helene,community_discussion,
loasjqs,t3_1fmdgjh,t1_lo9tzxb,florida,_JudgeDoom_,1726968946,2024-09-22 01:35,2,"Too true. Dealt with this actually multiple time from contractors who outright lie and think the homeowner has no sense. Currently getting prepared to go after one that completely took advantage of my mother after hurricane Idalia. That is once our attorney gets through with State Farm. This state is notoriously known for contractor fraud. 

https://opportunityfl.org/2023/11/27/contractor-fraud-allegations-soar-in-florida-why-the-homeowners-construction-recovery-fund-needs-an-upgrade/

https://www.conroysimberg.com/blog/contractor-fraud-and-abuse-negatively-impacting-the-florida-insurance-industry/

But that’s just the Florida way in general. You know what they say. A sunny place for shady people.

https://www.miaminewtimes.com/news/worst-states-for-fraud-florida-ranked-no-2-in-us-20915328",helene,community_discussion,hurricane
lob2amq,t3_1fmdgjh,t3_1fmdgjh,florida,phishin3321,1726973136,2024-09-22 02:45,3,"Yes after hurricane Ian. What would I do differently? I would have spent a lot less of it, put lipstick on the pig and moved.

Instead I tried to do it right and had just a slew of shitty contractors and my house looks like shit.",helene,community_discussion,hurricane
lobhvdm,t3_1fmdgjh,t1_lo9tgaw,florida,Same_Recipe2729,1726980833,2024-09-22 04:53,3,"Also double check the company. Just because they're ""local"" doesn't mean much. I had quite a few who were just middlemen and subcontracted out the work while paying the subcontractor pennies compared to what I was charged. ",helene,community_discussion,
lobnbhq,t3_1fmdgjh,t1_lo9tepx,florida,Inevitable-Set3621,1726984036,2024-09-22 05:47,1,Exactly this.,helene,community_discussion,
lo9u5r5,t3_1fmdopa,t3_1fmdopa,florida,parapants,1726955353,2024-09-21 21:49,3,"No, you can tell by the color palette that this is Mexico.",helene,community_discussion,
lo9webz,t3_1fmdopa,t3_1fmdopa,florida,surfdad67,1726956184,2024-09-21 22:03,1,The bible college in Hollywood and A1A?,helene,community_discussion,
loal6dd,t3_1fmdopa,t3_1fmdopa,florida,HarvardCricket,1726965893,2024-09-22 00:44,1,Miami?,helene,community_discussion,
loam90c,t3_1fmdopa,t1_lo9u5r5,florida,SpideyWhiplash,1726966335,2024-09-22 00:52,4,Except...you don't see any rebar sticking up out of the buildings.,helene,community_discussion,
loanr2e,t3_1fmdopa,t3_1fmdopa,florida,tampapat54,1726966947,2024-09-22 01:02,0,This looks like city place,helene,community_discussion,
locs6jc,t3_1fmdopa,t1_loanr2e,florida,arshakeya,1727009543,2024-09-22 12:52,1,"P sure it’s city place. I moved to Florida last year and just got my disposables developed yesterday, haha. Has to be downtown WPB or Miami.. don’t think this is Miami, though.",helene,community_discussion,
lo9v0qx,t3_1fmdxx1,t3_1fmdxx1,florida,AutoModerator,1726955673,2024-09-21 21:54,1,"
Your [submission](https://www.reddit.com/r/florida/comments/1fmdxx1/desantis_and_misallocating_funds_name_a_better_duo/) has been removed from r/Florida. 

**All News/Political posts must link to a credible news source.** 

* No text posts.
* No images. 
* No Videos
* No screenshots of tweets/facebook/truth/etc posts. 
* No Political Memes. 
* No Crossposts.

[Please see our posting guidelines for more information.](https://www.reddit.com/r/florida/wiki/index/political_guidelines/)

If you believe this post was filtered in error, please let us know.


*I am a bot, and this action was performed automatically. Please [contact the moderators of this subreddit](/message/compose/?to=/r/florida) if you have any questions or concerns.*",helene,community_discussion,
lo9w4e8,t3_1fme343,t3_1fme343,florida,AutoModerator,1726956083,2024-09-21 22:01,1,"
Your [submission](https://www.reddit.com/r/florida/comments/1fme343/florida_democratic_party_endorsement_alert/) has been removed from r/Florida. 

**All News/Political posts must link to a credible news source.** 

* No text posts.
* No images. 
* No Videos
* No screenshots of tweets/facebook/truth/etc posts. 
* No Political Memes. 
* No Crossposts.

[Please see our posting guidelines for more information.](https://www.reddit.com/r/florida/wiki/index/political_guidelines/)

If you believe this post was filtered in error, please let us know.


*I am a bot, and this action was performed automatically. Please [contact the moderators of this subreddit](/message/compose/?to=/r/florida) if you have any questions or concerns.*",helene,community_discussion,
lo9xmj3,t3_1fme9op,t3_1fme9op,florida,AutoModerator,1726956643,2024-09-21 22:10,1,"
Please note that only active users in the subreddit may comment in this discussion. If your comments are not showing up, please ensure you have active non-news/non-political contributions to the subreddit before contacting the moderators.

 [See our posting guidelines for more information.](https://www.reddit.com/r/florida/wiki/index/political_guidelines/)

**Remember the following:**

**Be Civil:**

* You are welcome to debate, discussion, and argue ideas, but don't resort to personal attacks on other users. 
* We do not allow any form of hate speech or any suggestion/support of harm, violence, or death.

**Must be related strictly to Florida:**

* National News/Elections are not specific to Florida. 
* Just because someone lives in Florida, doesn't mean their entire life is relevant to Floridians. 

If you see comments in violation of our rules, please report them.

#[Click this link to register to vote, update your voter information, or check your status.](https://registertovoteflorida.gov/)


*I am a bot, and this action was performed automatically. Please [contact the moderators of this subreddit](/message/compose/?to=/r/florida) if you have any questions or concerns.*",helene,community_discussion,
lo9z4l3,t3_1fme9op,t3_1fme9op,florida,florida-ModTeam,1726957204,2024-09-21 22:20,1,"This submission has been removed:

**4. News/Politics - Please Follow Our Guidelines**

- Use a Reputable Source - Social Media is NOT considered a source
- Refrain from Crossposting
- No screenshots/videos/etc.
- No Political Memes

Please see our [Politics Posting Guidelines](
https://reddit.com/r/florida/w/index/political_guidelines) for more information. 

If you believe we made a mistake, please [message the moderators](https://www.reddit.com/message/compose?to=/r/florida)",helene,community_discussion,
lo9y15b,t3_1fmebps,t3_1fmebps,florida,AutoModerator,1726956794,2024-09-21 22:13,1,"
Please note that only active users in the subreddit may comment in this discussion. If your comments are not showing up, please ensure you have active non-news/non-political contributions to the subreddit before contacting the moderators.

 [See our posting guidelines for more information.](https://www.reddit.com/r/florida/wiki/index/political_guidelines/)

**Remember the following:**

**Be Civil:**

* You are welcome to debate, discussion, and argue ideas, but don't resort to personal attacks on other users. 
* We do not allow any form of hate speech or any suggestion/support of harm, violence, or death.

**Must be related strictly to Florida:**

* National News/Elections are not specific to Florida. 
* Just because someone lives in Florida, doesn't mean their entire life is relevant to Floridians. 

If you see comments in violation of our rules, please report them.

#[Click this link to register to vote, update your voter information, or check your status.](https://registertovoteflorida.gov/)


*I am a bot, and this action was performed automatically. Please [contact the moderators of this subreddit](/message/compose/?to=/r/florida) if you have any questions or concerns.*",helene,community_discussion,
lo9yvyf,t3_1fmebps,t3_1fmebps,florida,florida-ModTeam,1726957114,2024-09-21 22:18,1,"This submission has been removed:

**4. News/Politics - Please Follow Our Guidelines**

- Post Title Should Match Title of Article Word-for-Word Without Editorialization

If you believe we made a mistake, please [message the moderators](https://www.reddit.com/message/compose?to=/r/florida)",helene,community_discussion,
loa0tb2,t3_1fmef04,t3_1fmef04,florida,kdonirb,1726957842,2024-09-21 22:30,1,didn’t they just finish a big python hunt? maybe start there?,helene,community_discussion,
loa16kz,t3_1fmef04,t1_loa0tb2,florida,JoshuaSimo,1726957980,2024-09-21 22:33,1,Where though? What stores/sites?,helene,community_discussion,
loa1v0g,t3_1fmef04,t3_1fmef04,florida,Steverino65,1726958235,2024-09-21 22:37,3,"Sorry, nowhere can you find cheapest and best.  You can OR them, not AND.",helene,community_discussion,
loa2g9l,t3_1fmef04,t3_1fmef04,florida,Visible_Day9146,1726958452,2024-09-21 22:40,1,"Any tourist gift shop will have gator heads/claws/teeth. I haven't been to idrive recently but you'll want to look in the oldest looking gift shops. 

I know gatorland has them in their gift shop and I highly recommend that you visit while you're in town.",helene,community_discussion,
loa38xg,t3_1fmef04,t1_loa1v0g,florida,Visible_Day9146,1726958744,2024-09-21 22:45,2,I think they're overestimating how much those gator heads actually cost. They're an average of $20. I've gotten some for less. I have a few gator claws that I've bought for $5.,helene,community_discussion,
loa4pbi,t3_1fmef04,t3_1fmef04,florida,onlycodeposts,1726959299,2024-09-21 22:54,1,Isn't it illegal to bring alligator heads into the UK without a permit?,helene,community_discussion,
loa4tj8,t3_1fmef04,t3_1fmef04,florida,surfdad67,1726959345,2024-09-21 22:55,1,Gator land,helene,community_discussion,
loabd7a,t3_1fmef04,t3_1fmef04,florida,No-Detail-5804,1726961918,2024-09-21 23:38,3,Rural gas stations.,helene,community_discussion,
loa09uv,t3_1fmelvt,t3_1fmelvt,florida,AutoModerator,1726957636,2024-09-21 22:27,1,"
Your [submission](https://www.reddit.com/r/florida/comments/1fmelvt/so_florida/) has been removed from r/Florida. 

**All News/Political posts must link to a credible news source.** 

* No text posts.
* No images. 
* No Videos
* No screenshots of tweets/facebook/truth/etc posts. 
* No Political Memes. 
* No Crossposts.

[Please see our posting guidelines for more information.](https://www.reddit.com/r/florida/wiki/index/political_guidelines/)

If you believe this post was filtered in error, please let us know.


*I am a bot, and this action was performed automatically. Please [contact the moderators of this subreddit](/message/compose/?to=/r/florida) if you have any questions or concerns.*",helene,community_discussion,
loa230t,t3_1fmetrf,t3_1fmetrf,florida,AutoModerator,1726958317,2024-09-21 22:38,1,"
Your [submission](https://www.reddit.com/r/florida/comments/1fmetrf/stop_stealing_florida_state_land/) has been removed from r/Florida. 

**All News/Political posts must be correctly flaired either ""News"" or ""Politics"".** 

How to assign or edit flair on mobile:

* The button to assign flair is under the post title.
* To edit flair after you’ve posted, go to your post, hit the menu (three dots ...). Then “change post flair.”

How to assign or edit flair on desktop:

* When making your post, click on “flair” underneath the text box.
* To edit flair after you’ve posted, go to your post, hit the menu (three dots ...), then “Edit flair.” 


*I am a bot, and this action was performed automatically. Please [contact the moderators of this subreddit](/message/compose/?to=/r/florida) if you have any questions or concerns.*",helene,community_discussion,
loa2m95,t3_1fmewav,t3_1fmewav,florida,AutoModerator,1726958513,2024-09-21 22:41,1,"
Please note that only active users in the subreddit may comment in this discussion. If your comments are not showing up, please ensure you have active non-news/non-political contributions to the subreddit before contacting the moderators.

 [See our posting guidelines for more information.](https://www.reddit.com/r/florida/wiki/index/political_guidelines/)

**Remember the following:**

**Be Civil:**

* You are welcome to debate, discussion, and argue ideas, but don't resort to personal attacks on other users. 
* We do not allow any form of hate speech or any suggestion/support of harm, violence, or death.

**Must be related strictly to Florida:**

* National News/Elections are not specific to Florida. 
* Just because someone lives in Florida, doesn't mean their entire life is relevant to Floridians. 

If you see comments in violation of our rules, please report them.

#[Click this link to register to vote, update your voter information, or check your status.](https://registertovoteflorida.gov/)


*I am a bot, and this action was performed automatically. Please [contact the moderators of this subreddit](/message/compose/?to=/r/florida) if you have any questions or concerns.*",helene,community_discussion,
loa4gcg,t3_1fmewav,t3_1fmewav,florida,Blindmailman,1726959202,2024-09-21 22:53,73,DeSantis has made an enemy for life.  The only pure thing left in this world are the manatees.  The entire state could sink beneath the waves but as long as the manatees survive I would be happy,helene,community_discussion,
loa6t93,t3_1fmewav,t3_1fmewav,florida,duzkiss,1726960118,2024-09-21 23:08,247,"It's about damn time. Somebody stands up to this prick.  If we cannot save homeowners in Florida if we can't save residents of Florida, if we can't save the land of Florida, let's at least save the animals. The trees? The beaches, the coral reefs. Let's try to do something.",helene,community_discussion,
loa7nt7,t3_1fmewav,t1_loa6t93,florida,_JudgeDoom_,1726960452,2024-09-21 23:14,31,"I really hope Bear Warriors United is successful in their endeavors. I’m going to donate to them because of this. DeSantis is truly an embarrassment to this state. It’s crazy to think how many people here still support him, at least in the area I’m from.",helene,community_discussion,
loa7pmg,t3_1fmewav,t3_1fmewav,florida,theomen77,1726960472,2024-09-21 23:14,20,He is too busy putting golf parks at our natural resources.,helene,community_discussion,
loa8mud,t3_1fmewav,t3_1fmewav,florida,video-engineer,1726960833,2024-09-21 23:20,39,"The first time Puss-in-Boots ran, he was making strong promises on our environment.  He was “going to stand up to Big Sugar”.  He was going to solve the red tide issue, clean up Lake Apopka with even more funding, restore the Everglades.  I voted for him the first time even.  Then when in office, he quickly turned his coat.  I think FPL, the insurance industry, major developers… all came and gave him the ‘come to Jesus’ speech and since he’s so spineless, he kissed their asses.",helene,community_discussion,
loa9gyd,t3_1fmewav,t3_1fmewav,florida,snugglebliss,1726961166,2024-09-21 23:26,35,He is so corrupt in so many ways.,helene,community_discussion,
loa9uwo,t3_1fmewav,t1_loa6t93,florida,-ItsWahl-,1726961321,2024-09-21 23:28,24,You live under a rock? Big sugar has been destroying the river for decades.,helene,community_discussion,
loaael1,t3_1fmewav,t1_loa6t93,florida,RemarkableDog4512,1726961536,2024-09-21 23:32,95,Already gave a chunk of protected land to a Canadian golf resort developer. Flew that one in under the radar in some shitty swap.,helene,community_discussion,
loab6gs,t3_1fmewav,t1_loa9gyd,florida,_JudgeDoom_,1726961843,2024-09-21 23:37,1,"Biden has done what he could from inheriting a failed effort by the Trump term. His horrendous Covid response had an effect also. 

https://abcnews.go.com/Business/trump-trade-war-triggered-job-gains-happen/story?id=107601458

His 2017 tax cuts did shit all except give a false sense of complacency. The republicans promised they would pay for themselves and did not. He did however raise the fck out of federal debt and increase income equality. 

https://www.propublica.org/article/national-debt-trump

Biden was immediately tasked to head off his miserable excuse for a presidency. Unemployment reached its lowest with Biden since 1969 while Trump left office in a deficit of over 2 million jobs. 

Nice try though",helene,community_discussion,
loac6qo,t3_1fmewav,t3_1fmewav,florida,ThisGuyIRLv2,1726962246,2024-09-21 23:44,3,Leave me the birds and the bees. Please.,helene,community_discussion,
loacyft,t3_1fmewav,t1_loa8mud,florida,GizmoGeodog,1726962553,2024-09-21 23:49,18,And then he took their money 💰,helene,community_discussion,
loadeq3,t3_1fmewav,t3_1fmewav,florida,nazuswahs,1726962734,2024-09-21 23:52,27,"This is true. He is funneling money toward his own benefit. He doesn’t care about natural resources.  He only cares about how he can benefit himself in the future. 
Check those “various corps and companies” to see what they give him in the future. Gawd I hate politicians. If they’re not corrupt when elected it doesn’t take long for the money to get to them. 
Democracy is hard.",helene,community_discussion,
loadow0,t3_1fmewav,t1_loa7nt7,florida,GizmoGeodog,1726962846,2024-09-21 23:54,8,Do you have a link to Bear Warriors United?,helene,community_discussion,
loaeb6y,t3_1fmewav,t1_loadow0,florida,_JudgeDoom_,1726963095,2024-09-21 23:58,8,"I do not have a direct link but I plan to reach out them on their FB. They have a website coming soon it looks like hopefully it will be up soon.

https://m.facebook.com/bearwarriorsunited/",helene,community_discussion,
loaesbk,t3_1fmewav,t1_loaael1,florida,nazuswahs,1726963284,2024-09-22 00:01,40,What is with him and golf courses????,helene,community_discussion,
loaf3yd,t3_1fmewav,t1_loa8mud,florida,nazuswahs,1726963417,2024-09-22 00:03,7,Typical political discourse. They say what people want to hear and then get busy tryin to make a buck.,helene,community_discussion,
loai7tk,t3_1fmewav,t1_loa8mud,florida,Ok_Flan4404,1726964685,2024-09-22 00:24,13,Typical MAGA bull 💩,helene,community_discussion,
loajrl6,t3_1fmewav,t1_loaesbk,florida,Smokey_tha_bear9000,1726965318,2024-09-22 00:35,57,Money.  It’s always money,helene,community_discussion,
loamfy8,t3_1fmewav,t1_loaesbk,florida,Koolaidolio,1726966412,2024-09-22 00:53,11,Kickbacks and money dawg,helene,community_discussion,
loamjd3,t3_1fmewav,t1_loa9uwo,florida,Koolaidolio,1726966450,2024-09-22 00:54,11,The Fanjul’s should be tried in court for the damage they have done.,helene,community_discussion,
loamuwf,t3_1fmewav,t1_loaael1,florida,duzkiss,1726966581,2024-09-22 00:56,8,Wow.  I can't believe this.  I wish there was a vote to like your post and be angered about why.,helene,community_discussion,
loan42x,t3_1fmewav,t1_loa8mud,florida,rrousseauu,1726966686,2024-09-22 00:58,6,At this point if you believe anything republicans say you’re a god damned idiot.,helene,community_discussion,
loaogae,t3_1fmewav,t1_loai7tk,florida,video-engineer,1726967239,2024-09-22 01:07,7,I seem to have fond memories of Bill Nelson.  Lawton Chiles wasn’t so bad either.  Jeb just didn’t seem to do anything.,helene,community_discussion,
loaoqys,t3_1fmewav,t1_loan42x,florida,video-engineer,1726967364,2024-09-22 01:09,4,Couldn’t agree more strongly.  Half of this country is scary dumb and easily manipulated.,helene,community_discussion,
loas19u,t3_1fmewav,t1_loamjd3,florida,-ItsWahl-,1726968728,2024-09-22 01:32,7,No matter what anyone says/believes at the end of the day the almighty dollar wins over the environment.,helene,community_discussion,
loas2s6,t3_1fmewav,t1_loaesbk,florida,tek54m,1726968745,2024-09-22 01:32,8,The donald loves to golf,helene,community_discussion,
loau793,t3_1fmewav,t1_loaogae,florida,Ok_Flan4404,1726969653,2024-09-22 01:47,7,I agree. I would add Graham. 👍,helene,community_discussion,
lob7u93,t3_1fmewav,t1_loa6t93,florida,jonesie72,1726975661,2024-09-22 03:27,8,"As a born and raised multi generational Floridian I can tell you that it’s fucked! And will never be any better than it was yesterday ,ever….  I don care if it’s ran by republicans or democrats. The exploitation of this state will never cease. Just enjoy what you still have and try and remember what it once was.",helene,community_discussion,
lob9y53,t3_1fmewav,t1_loajrl6,florida,BusStopKnifeFight,1726976669,2024-09-22 03:44,23,"What always blows me away is that these guys sell out for like $15K.  I'd be like, mother fucker, you're missing a comma and couple of zeros if you even want to talk to me let alone get to do you a favor.",helene,community_discussion,
lobfjns,t3_1fmewav,t3_1fmewav,florida,Superfry88,1726979556,2024-09-22 04:32,3,Shame on you Ron,helene,community_discussion,
lobgpb6,t3_1fmewav,t1_loa6t93,florida,Lio127,1726980184,2024-09-22 04:43,8,Temu homelander doesn't care about any of that. Dudes' soul rotted forever ago,helene,community_discussion,
lobzbg5,t3_1fmewav,t3_1fmewav,florida,DraculavsFlorida,1726991930,2024-09-22 07:58,3,Grrr…ya it’s “both sides”. Um no. It the republicans who do not believe in science or morals.,helene,community_discussion,
loc4beo,t3_1fmewav,t1_loaeb6y,florida,GizmoGeodog,1726995378,2024-09-22 08:56,2,Thanks,helene,community_discussion,
loc98at,t3_1fmewav,t3_1fmewav,florida,[deleted],1726998809,2024-09-22 09:53,1,[removed],helene,community_discussion,
loc9xxr,t3_1fmewav,t1_lobgpb6,florida,FloridaPorchSwing,1726999302,2024-09-22 10:01,5,😆 might be my favorite nickname for him,helene,community_discussion,
loce2v8,t3_1fmewav,t1_loa9uwo,florida,duzkiss,1727002084,2024-09-22 10:48,3,"I know Big Sugar has and so has oil production, but adding golf courses that use fertilizers for grass that does little absorption compared to trees is crazy.  Trees keep the ground together, provide ample coverage from the elements, in some cases food and shelter, prevent erosion and sinkholes....golf courses will lead to more floods, sink holes, less carbon catching, killing and pollution of the water, etc...",helene,community_discussion,
locev8l,t3_1fmewav,t1_loas19u,florida,duzkiss,1727002583,2024-09-22 10:56,0,"So true.  Then why do we allow them to tax a portion of our money for conservation, water purification and drainage.  Not too off the subject, but slightly off...it's like when I called the police because my neighbor threatened me in front of witnesses.  They showed up late and said. He threatened you and what do I want them to do.  I stated he turned to hurt possible more (which he did) and they said they would speak with him.  After it was done they said you stay on your side and you on your side.  They don't handle disturbances like this even though it was much worse.  I told them I pay tax dollars to prevent and uphold the law and you are walking the other way.  They said I could take it to small claims or get an order of protection.  That was the remedy.",helene,community_discussion,
locfpyp,t3_1fmewav,t1_lob7u93,florida,duzkiss,1727003106,2024-09-22 11:05,2,"Wow, that must be a disappointment to see what you have turned into this.  As for the enjoyment, it's hard to do so.  Between the laws made for laws made for more laws to stop this which only make it worse....it's as if they wanted this all along.  And you are right, it isn't about a party more than it is about a person.  He still should go.  He has done a greater damage to the state than he has done good for the state.  He's tapped into the fears people have or confusion and they stay lost and unfocused while he enacts or does actions such as this.  The condo crisis is a huge example.  Now everyone in a specific mile from the water and the building past an age has an assessment free and a December deadline.  Do we even have that many building inspectors, builders, the supplies to do so and do these people have 100k to spend.  Most don't and he does not care.  Or that every part of the state will share the load if a specific portion of the state is hit with at cat 3 or higher.  So I must pay because you live near the water yet I don't have water access because of your home?",helene,community_discussion,
locgh02,t3_1fmewav,t3_1fmewav,florida,SpareInvestigator846,1727003553,2024-09-22 11:12,2,"Its well how can it be put, a supermajority of republicans for the last 20 years eroding all the safe guards on public lands.
Also just look at how much insyeance companies donated to this pricks failed presidential campaing.
Its all about our lord an saiviour greed, any way desantis is a sock puppet for the preacher at his congregation.",helene,community_discussion,
lociku5,t3_1fmewav,t1_lobgpb6,florida,duzkiss,1727004778,2024-09-22 11:32,3,"He still should be held accountable.  He was doing a book tour for a year.  He ran for President for a year.  He went on two long vacations for a year.  He did a debate with the California governor for what exactly?  That was not mandatory as the California governor was never running for President.  He sent immigrants to Maine, Massachusetts, New York and New Jersey on planes, buses and provided them money...all on tax payers tabs.  He also allowed Florida to be the 2nd largest of 3rd largest employers in America of immigrants - farm immigrants.  These people work our fields for sugar, oranges and even fixing roofs! And then he talks the game of getting these immigrants out creating fear that they are taking our jobs that he has allowed to be taken.  In all fairness, most Americans do not want to work those jobs..they are low paid and you live in communities run by farm owners.  You can see these white busses driving them around every morning at 4 to 5 and returning at 4 to 5 here in Naples Florida near Marco Island.  The thing is the complaining about them and that they are here yet you are profiting from it.  All of that is just some of the things.  Now to when hurricane Maria hits Puerto Rico and the islands.  He gave an instant pass for these people (and I am Puerto Rican born here) to stay in hotels paid by the state and paid by our government to create a renters boom for vacancies for close to 2 years after the hurricane and then threw them out or told them to go back.  I went to Orlando and met several Puerto Ricans that came here during that time period.  Then there was this once in a lifetime flood that hit Florida recently for a community that has been there for over 40 years.  Because you allowed the lands adjacent to be built much higher, when the floods came in...it flooded the older houses in the area.  None of those people (I have seen and read articles and videos) had flood insurance and never needed it because they were far away over 10 miles and some 20 miles from the Gulf of Mexico.  In all fairness I said NONE when two did have and they were rentals by an investment firm.  Then there were the B2B laws set on renters.  The property and homestead laws that changed and you had to choose your dominant residence and lose the shared one they had out of state.  He proposed an end to trailer parks and the sale of trailers to be livable here not the sale so they can be used interstate.  Then there was the gun issue after the school shooting.  His stance was horrible.  As a G owner I don't mind strict policies such as mental checks even for myself.  Then that bridge collapse that he blamed everyone but zoning for allowing the building of it knowing the material used would have an issue.  I feel like I can go on and on.  I haven't even gotten to how he said to invade The Bahamas.  His issues with the homeless are disgusting.  He feels them and vets don't belong here and many have lived here an entire lifetime or generational.  It isn't their fault they lost everything because of war, economies, environment, mental illness, divorces, laws and so on.  He picks on people differently especially those who are minorities as he did during COVID.  That too made this state the #1 in a pandemic (I am not saying it was real or fake).  The elderly home deaths...I could go on about the lies that Florida was never closed during that time he spread on the media.",helene,community_discussion,hurricane|flood
lociqrp,t3_1fmewav,t1_loc9xxr,florida,duzkiss,1727004870,2024-09-22 11:34,2,#AntiDeSanti or #MiniMussolini,helene,community_discussion,
locl2q6,t3_1fmewav,t1_lob7u93,florida,Flor1daman08,1727006120,2024-09-22 11:55,6,"Another born and bred multi generational Floridian here, nah fuck that “both sides” shit. We get the government we vote for, and unfortunately too many Floridians vote for shitty government which has no desire to protect public spaces. I’m not throwing in the towel.",helene,community_discussion,
lof78im,t3_1fmewav,t3_1fmewav,florida,Traditional_Ad_1547,1727037527,2024-09-22 20:38,2,"On a positive note, I have spent this year volunteering in the Indian River lagoon. I've been from the new symrna area to Jupiter inlet and can report, that seagrass has been coming back beautifully this year.",helene,community_discussion,
loabomg,t3_1fmfqvz,t3_1fmfqvz,florida,nazuswahs,1726962046,2024-09-21 23:40,1,Interested in what?  Naples Fl has a lot of different vibes.,helene,community_discussion,
loafxrf,t3_1fmfqvz,t3_1fmfqvz,florida,EmpressofPFChangs,1726963749,2024-09-22 00:09,2,Interested to know if Naples has other people?,helene,community_discussion,
loam1h2,t3_1fmfqvz,t1_loabomg,florida,nickj325,1726966250,2024-09-22 00:50,0,Lol No I live here I just had something flood at my house so now I'm stuck in a hotel bored figured I'd try to see if I could throw one of them big old parties project x style,helene,community_discussion,flood
lobntcp,t3_1fmg6en,t3_1fmg6en,florida,[deleted],1726984340,2024-09-22 05:52,1,[removed],helene,community_discussion,
loe7rwi,t3_1fmg6en,t3_1fmg6en,florida,Intrepid_Respect5035,1727026871,2024-09-22 17:41,2,"Been in the Panhandle, gotta tell you man, the sunsets are gorgeous especially when you’re relaxing at a beach. It looks so beautiful.",helene,community_discussion,
loeyoaz,t3_1fmg6en,t1_loe7rwi,florida,TheBurningSack,1727034898,2024-09-22 19:54,1,It’s the best place…for now.,helene,community_discussion,
loamk43,t3_1fmh3jf,t3_1fmh3jf,florida,Quiet-Survey27,1726966458,2024-09-22 00:54,4,You can just get your license but you will have to pass the written and driving test,helene,community_discussion,
loaokaa,t3_1fmh3jf,t3_1fmh3jf,florida,Piggybear87,1726967286,2024-09-22 01:08,1,"When I got mine many years ago, you had to have a permit first, but you only had to have it for 24 hours if you were over 18.",helene,community_discussion,
loax0w0,t3_1fmh3jf,t1_loaokaa,florida,Visible_Day9146,1726970852,2024-09-22 02:07,1,I got mine at 18 - 18 years ago and didn't need a permit. Just had to pass the written and driving exam.,helene,community_discussion,
loanoi4,t3_1fmhk3f,t3_1fmhk3f,florida,AlertThinker,1726966919,2024-09-22 01:01,-5,Tipped employees must be paid a min. of $8.98.,helene,community_discussion,
loao2v8,t3_1fmhk3f,t1_loanoi4,florida,redditgirl3452,1726967086,2024-09-22 01:04,6,So if i don’t make any tips im getting $9?,helene,community_discussion,
loap8p2,t3_1fmhk3f,t1_loao2v8,florida,Piggybear87,1726967571,2024-09-22 01:12,-10,Yes,helene,community_discussion,
loapgtk,t3_1fmhk3f,t3_1fmhk3f,florida,FailedTXV,1726967664,2024-09-22 01:14,-7,Nope enjoy the $9hr,helene,community_discussion,
loaq5ju,t3_1fmhk3f,t3_1fmhk3f,florida,BoPVB,1726967944,2024-09-22 01:19,-45,Minimum wage should be zero,helene,community_discussion,
loaqbx8,t3_1fmhk3f,t1_loaq5ju,florida,uncleawesome,1726968015,2024-09-22 01:20,1,That’s dumb,helene,community_discussion,
loaqgt4,t3_1fmhk3f,t1_loaqbx8,florida,GloomyCardiologist16,1726968072,2024-09-22 01:21,1,So is the person that you're responding to,helene,community_discussion,
loaqt7m,t3_1fmhk3f,t3_1fmhk3f,florida,Specialist-Southern,1726968215,2024-09-22 01:23,-6,"Welcome to Florida. Hopefully you can find a better paying job. I am not being a jerk, but this is the reality of where we live. Remember that you should always be looking for a better opportunity. You were looking for a job when you found this one and that mentality shouldn’t change. I wish you the best.",helene,community_discussion,
loar6gb,t3_1fmhk3f,t3_1fmhk3f,florida,Mean_Page5643,1726968370,2024-09-22 01:26,57,"Yes, they have to make.up the difference.  But it is over the course of 1 work week. So if you make more one day, like a Friday and it makes up the difference and over the week your total was 12 an hour, then no.",helene,community_discussion,
loar6jd,t3_1fmhk3f,t1_loap8p2,florida,Baconaise,1726968371,2024-09-22 01:26,24,"No, this is wrong. You have to pay minimum wage if the tips don't make it to minimum wage.

If you've been wronged, contact the federal and state wage and labor board.",helene,community_discussion,
loar74k,t3_1fmhk3f,t1_loaq5ju,florida,Davetg56,1726968378,2024-09-22 01:26,1,"Like you?? They call it minimum, because if the Bosses could pay you less, they would",helene,community_discussion,
loarmbh,t3_1fmhk3f,t1_loapgtk,florida,Baconaise,1726968552,2024-09-22 01:29,7,"Wrong. Employers get up to a 3.12 tip credit.

But....

> That the tip credit you claim cannot exceed the tips your employees receive

If somebody's been stealing from you you can report them and get 100% of your back wages from",helene,community_discussion,
loati8k,t3_1fmhk3f,t1_loaq5ju,florida,bradynho,1726969355,2024-09-22 01:42,13,"Oh cool, the dumbest comment I’ll see today.",helene,community_discussion,
loavdwl,t3_1fmhk3f,t1_loaq5ju,florida,thegreenman_sofla,1726970156,2024-09-22 01:55,9,Maximum wage should be 4x minimum wage.,helene,community_discussion,
loavzmz,t3_1fmhk3f,t1_loaqt7m,florida,Visible_Day9146,1726970412,2024-09-22 02:00,6,"She's making $9 *before* tips. Hospitality is a lucrative industry in Florida. There are servers making $25/h and up. She's asking a hypothetical question, shes not saying this is what's happening to her.",helene,community_discussion,
loawbqk,t3_1fmhk3f,t3_1fmhk3f,florida,FunkIPA,1726970553,2024-09-22 02:02,14,"Yes, but it’s over the entire pay period, not just one shift. If you go an entire pay period and don’t make a lot more than $3 an hour in tips, you should find a busier spot.",helene,community_discussion,
loawsx8,t3_1fmhk3f,t1_loavzmz,florida,Specialist-Southern,1726970758,2024-09-22 02:05,1,I was mistaken I thought OP was in a tip reliant job without the tips. I only wanted to provide encouragement to make a change,helene,community_discussion,
loax6ok,t3_1fmhk3f,t1_loar6gb,florida,redditgirl3452,1726970921,2024-09-22 02:08,9,Thank you 🙏,helene,community_discussion,
lob0f5x,t3_1fmhk3f,t3_1fmhk3f,florida,Upsideoutstanding,1726972315,2024-09-22 02:31,-1,"I went to Chili's the other day to get a to go order, I walked up to the bar and ordered a beer.  I I asked the bar tender if I could make a to go order.  I order four meals that came out to  $100.00. The beer was $5.00 How much should I tip?",helene,community_discussion,
lob0xl6,t3_1fmhk3f,t3_1fmhk3f,florida,Bananabean041,1726972539,2024-09-22 02:35,2,Yes. At the very least they owe minimum wage,helene,community_discussion,
lob13qv,t3_1fmhk3f,t3_1fmhk3f,florida,MrAlcoholic420,1726972613,2024-09-22 02:36,14,"PAY CLOSE ATTENTION TO YOUR PAY!
They will try to short change you!",helene,community_discussion,
lob6bk7,t3_1fmhk3f,t3_1fmhk3f,florida,moosieq,1726974955,2024-09-22 03:15,0,"The reality is you're under no obligation to tip anywhere, ever. 

Anybody whose wage relies on tips has to have the difference made up to them by their employer if their tipped wage doesn't meet minimum wage.

https://www.dol.gov/general/topic/wages/wagestips

""A tipped employee engages in an occupation in which he or she customarily and regularly receives more than $30 per month in tips. An employer of a tipped employee is only required to pay $2.13 per hour in direct wages if that amount combined with the tips received at least equals the federal minimum wage. If the employee's tips combined with the employer's direct wages of at least $2.13 per hour do not equal the federal minimum hourly wage, the employer must make up the difference. Many states, however, require higher direct wage amounts for tipped employees.""",helene,community_discussion,
lobadhx,t3_1fmhk3f,t1_lob0f5x,florida,Swinden2112,1726976882,2024-09-22 03:48,1,If the bartender took the order and brought it to me all prepared I wouldn't tip 20% on the $105 but I wouldn't tip on the $5 beer. Maybe ~10%. If they off load the work to someone else then tip on the beer and be done.,helene,community_discussion,
lobel1h,t3_1fmhk3f,t1_lobadhx,florida,Upsideoutstanding,1726979039,2024-09-22 04:23,1,"Thank you. The bar tender took my order. The bar back brought me the beer. The kitchen staff brought out the food. I used a kiosk to pay for my order. The bar tender never spoke to me after I placed the order. When the kiosk pop up a suggested tip I was wondering who would be getting the 20%... the bar tender, the bar back or the kitchen.",helene,community_discussion,
lobhfs8,t3_1fmhk3f,t1_loaqt7m,florida,Same_Recipe2729,1726980591,2024-09-22 04:49,-2,"Lol, attractive and skilled waitresses in my area earn more than people with doctorates and 20+ years of experience. ",helene,community_discussion,
lobois0,t3_1fmhk3f,t1_lob6bk7,florida,DefiantLemming,1726984786,2024-09-22 05:59,2,I think you are basing the $2.13 rate of pay on old information…,helene,community_discussion,
lobon6s,t3_1fmhk3f,t1_lob13qv,florida,Publius82,1726984863,2024-09-22 06:01,5,Wage theft is the most common type of theft in America,helene,community_discussion,
lobor6t,t3_1fmhk3f,t1_lobhfs8,florida,Publius82,1726984933,2024-09-22 06:02,1,Source: my ass,helene,community_discussion,
locmpn0,t3_1fmhk3f,t1_lobois0,florida,Automatic-Weakness26,1727006956,2024-09-22 12:09,2,That is the federal minimum. Most states have their own higher minimum.,helene,community_discussion,
locnc35,t3_1fmhk3f,t1_lobel1h,florida,Automatic-Weakness26,1727007267,2024-09-22 12:14,3,"Who gets the tip? The reality is we don't know because restaurants vary. Ideally, we would abolish tipping. But since we have it, just tip what you feel comfortable with and don't worry about the logistics and circumstances.",helene,community_discussion,
loe5mr2,t3_1fmhk3f,t3_1fmhk3f,florida,MimeGod,1727026257,2024-09-22 17:30,1,"Yes, but I can't imagine averaging less than $3 in tips an hour. Even overnights at an ihop will average more than that.",helene,community_discussion,
lofguxa,t3_1fmhk3f,t3_1fmhk3f,florida,Orcus424,1727040622,2024-09-22 21:30,1,According to the Fair Labor Standards Act the employer must make up the difference.,helene,community_discussion,
loatnj3,t3_1fmi6jj,t3_1fmi6jj,florida,Brian4uf,1726969417,2024-09-22 01:43,7,"I'm not in HVAC myself, but close family is. Summers are rough with the heat and crawling in attics. Bahr's in Zephyrhills is a reputable company with a Technical Center that trains people up towards certifications.  
[https://www.bahrspropanegasandac.com/bahrs-tech-center](https://www.bahrspropanegasandac.com/bahrs-tech-center)",helene,community_discussion,
loavezn,t3_1fmi6jj,t3_1fmi6jj,florida,Alternative_Cap_5566,1726970169,2024-09-22 01:56,8,Working in an attic in the summer? If you can do it the jobs are there. 24/7,helene,community_discussion,
loaww09,t3_1fmi6jj,t1_loavezn,florida,UnpopularCrayon,1726970795,2024-09-22 02:06,9,It's not always working in attics.  Sometimes you get to be outside for hours in the blistering sun!,helene,community_discussion,
loax2ia,t3_1fmi6jj,t3_1fmi6jj,florida,Tampapanda312,1726970871,2024-09-22 02:07,5,Yeahh ive heard enough hhaha. I appreciate yall,helene,community_discussion,
loax7yf,t3_1fmi6jj,t1_loaww09,florida,Alternative_Cap_5566,1726970936,2024-09-22 02:08,5,If you can do it then great. I think HVAC technicians are underpaid.,helene,community_discussion,
loaxsie,t3_1fmi6jj,t1_loax7yf,florida,UnpopularCrayon,1726971177,2024-09-22 02:12,5,"Yeah, I've never complained about an HVAC repair bill because I always think ""I wouldn't fucking do all that for that amount of money.""",helene,community_discussion,
lob9ugn,t3_1fmi6jj,t1_loaww09,florida,kowboytrav,1726976620,2024-09-22 03:43,2,"And other times, you get to work in the shade… crawling underneath mobile homes.",helene,community_discussion,
loc2ik7,t3_1fmi6jj,t1_loaww09,florida,koozy407,1726994137,2024-09-22 08:35,2,"The blistering sun can be a welcome adventure after spending days in a non properly vented crawlspace, complete with critters and mold:)",helene,community_discussion,
locwi52,t3_1fmi6jj,t3_1fmi6jj,florida,Chemical-Leak420,1727011386,2024-09-22 13:23,3,"Pro tip you all for those who have issues with the ""heat""

Go to a gym and sit in a sauna 1x a week. You would be shocked at how quickly you adjust to high temps its like stress testing yourself. I work in the direct sun and because I go to sauna's my whole life I barely notice the heat now.",helene,community_discussion,
loayjtu,t3_1fmiodr,t3_1fmiodr,florida,bigvicproton,1726971501,2024-09-22 02:18,9,You didn't win. I checked. Off to Zurich now...,helene,community_discussion,
lob9l5b,t3_1fmiodr,t1_loayjtu,florida,NomadDragonNinja,1726976492,2024-09-22 03:41,-1,"Hmmm... Interesting.
Thanks for checking!
I'll be headed off towards Frankfurt tomorrow evening myself. 

Is your last name Smith by chance?
Hell, I couldn't remember if you had told me. Feel free to tell me the correct name and which hotel that you'll be staying at via Pm!  I can take the train Monday morning and we can meet for a coffee!",helene,community_discussion,
lobielv,t3_1fmiodr,t3_1fmiodr,florida,Coolenough-to,1726981133,2024-09-22 04:58,1,Did you check back at the store? Its possible you never took them.,helene,community_discussion,
lobkitt,t3_1fmiodr,t1_lobielv,florida,Necrophilicgorilla,1726982360,2024-09-22 05:19,1,"Thank you for the comment.

I definitely paid for the twenty tickets but it's possible that ten were left behind if they weren't handed over to me.
I'm pretty sure that I had two strips of ten, however, I could be mistaken.
I'll call tomorrow before I head to the airport.",helene,community_discussion,
lobkomy,t3_1fmiodr,t1_lobielv,florida,NomadDragonNinja,1726982453,2024-09-22 05:20,-1,"Thank you for the comment.

I definitely paid for the twenty tickets but it's possible that ten were left behind if they weren't handed over to me.
I'm pretty sure that I had two strips of ten, however, I could be mistaken.
I'll call tomorrow before I head to the airport.

(Account switch)",helene,community_discussion,
loazu2o,t3_1fmj2ii,t3_1fmj2ii,florida,AutoModerator,1726972060,2024-09-22 02:27,1,"
Please note that only active users in the subreddit may comment in this discussion. If your comments are not showing up, please ensure you have active non-news/non-political contributions to the subreddit before contacting the moderators.

 [See our posting guidelines for more information.](https://www.reddit.com/r/florida/wiki/index/political_guidelines/)

**Remember the following:**

**Be Civil:**

* You are welcome to debate, discussion, and argue ideas, but don't resort to personal attacks on other users. 
* We do not allow any form of hate speech or any suggestion/support of harm, violence, or death.

**Must be related strictly to Florida:**

* National News/Elections are not specific to Florida. 
* Just because someone lives in Florida, doesn't mean their entire life is relevant to Floridians. 

If you see comments in violation of our rules, please report them.

#[Click this link to register to vote, update your voter information, or check your status.](https://registertovoteflorida.gov/)


*I am a bot, and this action was performed automatically. Please [contact the moderators of this subreddit](/message/compose/?to=/r/florida) if you have any questions or concerns.*",helene,community_discussion,
lob86up,t3_1fmk546,t3_1fmk546,florida,AutoModerator,1726975826,2024-09-22 03:30,1,"
Your [submission](https://www.reddit.com/r/florida/comments/1fmk546/wheres_allyson_henning_from_wfla/) has been removed from r/Florida. 

**All News/Political posts must link to a credible news source.** 

* No text posts.
* No images. 
* No Videos
* No screenshots of tweets/facebook/truth/etc posts. 
* No Political Memes. 
* No Crossposts.

[Please see our posting guidelines for more information.](https://www.reddit.com/r/florida/wiki/index/political_guidelines/)

If you believe this post was filtered in error, please let us know.


*I am a bot, and this action was performed automatically. Please [contact the moderators of this subreddit](/message/compose/?to=/r/florida) if you have any questions or concerns.*",helene,community_discussion,
log0xpq,t3_1fmk64j,t3_1fmk64j,florida,ReferenceArtistic854,1727047608,2024-09-22 23:26,1,"Never mind, she was on the 6 PM news today.",helene,community_discussion,
lobpzzj,t3_1fmlycy,t3_1fmlycy,florida,Envoyager,1726985722,2024-09-22 06:15,18,"It all depends how fast an eyewall can develop.  If it happens too late, it'll have a tougher time taking advantage of the warm waters",helene,community_discussion,
loc218t,t3_1fmlycy,t3_1fmlycy,florida,OGodIDontKnow,1726993800,2024-09-22 08:30,14,"Booo

https://preview.redd.it/zgpdcue6nbqd1.jpeg?width=1290&format=pjpg&auto=webp&s=d31b68f401bc05189be9872dd490c876f91dd79c

Thursday forecast.",helene,community_discussion,
loc6t4y,t3_1fmlycy,t3_1fmlycy,florida,Suni13,1726997112,2024-09-22 09:25,4,Rule #7,helene,community_discussion,
loc9ejc,t3_1fmlycy,t3_1fmlycy,florida,IndividualBug7979,1726998929,2024-09-22 09:55,28,"Not good, I'm in panama city!",helene,community_discussion,
locabh6,t3_1fmlycy,t1_lobpzzj,florida,EuropeanModel,1726999563,2024-09-22 10:06,3,"Tropical disturbance! It‘s time for shutters for you.

That’s below a tropical storm. If nobody told you, you wouldn’t even notice.",helene,community_discussion,storm
locj1ib,t3_1fmlycy,t3_1fmlycy,florida,Blindmailman,1727005035,2024-09-22 11:37,-12,It's so over Florida bros,helene,community_discussion,
locjwy8,t3_1fmlycy,t1_loc9ejc,florida,tsteuwer,1727005510,2024-09-22 11:45,2,Bless your heart,helene,community_discussion,
lock3t8,t3_1fmlycy,t3_1fmlycy,florida,Film-Icy,1727005610,2024-09-22 11:46,4,"I have a vacation planned starting Friday, we are getting slammed. Sorry. Last one I had planned was Ian…",helene,community_discussion,
locojlp,t3_1fmlycy,t3_1fmlycy,florida,Nailobsesser1,1727007857,2024-09-22 12:24,0,Not again!,helene,community_discussion,
locpt6w,t3_1fmlycy,t3_1fmlycy,florida,PyratHero23,1727008461,2024-09-22 12:34,-1,"🫰Matt Gaetz, Matt Gaetz, Matt Gaetz🫰",helene,community_discussion,
loct5gx,t3_1fmlycy,t3_1fmlycy,florida,__2loves__,1727009971,2024-09-22 12:59,3,[https://www.nhc.noaa.gov/gtwo.php?basin=atlc&fdays=5](https://www.nhc.noaa.gov/gtwo.php?basin=atlc&fdays=5),helene,community_discussion,noaa
locvzhf,t3_1fmlycy,t1_locpt6w,florida,Enocht,1727011172,2024-09-22 13:19,31,"They said below 70%, not below 18 years old.",helene,community_discussion,
locw2zo,t3_1fmlycy,t1_loc6t4y,florida,therealdannyking,1727011213,2024-09-22 13:20,3,What's rule 7? There are only four rules in the subreddit information.,helene,community_discussion,
locwt2o,t3_1fmlycy,t1_locw2zo,florida,Ann_Amalie,1727011514,2024-09-22 13:25,9,I think that’s rule 7 as in it’s not time to freak out yet.,helene,community_discussion,
locxm0h,t3_1fmlycy,t3_1fmlycy,florida,iamrava,1727011843,2024-09-22 13:30,5,"https://preview.redd.it/z8bdyk2t4dqd1.jpeg?width=2048&format=pjpg&auto=webp&s=64244932d79e37d029727d231b65947fb7eb0a09

its coming for the pan handle. 😬",helene,community_discussion,
locxnz7,t3_1fmlycy,t1_locxm0h,florida,iamrava,1727011864,2024-09-22 13:31,7,https://preview.redd.it/yrj2122y4dqd1.jpeg?width=1200&format=pjpg&auto=webp&s=2d90d6768016b5467731900ef66bebdef97cec6e,helene,community_discussion,
locz35q,t3_1fmlycy,t3_1fmlycy,florida,sailboatfool,1727012431,2024-09-22 13:40,1,And yet not yet visible,helene,community_discussion,
loczjmt,t3_1fmlycy,t3_1fmlycy,florida,Gloomy_Yoghurt_2836,1727012611,2024-09-22 13:43,3,Ot keeps shifting eastward. My guess it hits west coast of Florida.,helene,community_discussion,
lod3q99,t3_1fmlycy,t3_1fmlycy,florida,Meat_popcicle309,1727014094,2024-09-22 14:08,1,And I’m on Dauphin Island for vacay this week. Probably have to cut it short to either avoid it hitting here or to go home to secure the house if it goes east.,helene,community_discussion,
lod6j24,t3_1fmlycy,t3_1fmlycy,florida,Patient-Top4755,1727015131,2024-09-22 14:25,4,Setting up just like Michael did,helene,community_discussion,
lod6taj,t3_1fmlycy,t3_1fmlycy,florida,the_flynn,1727015235,2024-09-22 14:27,12,I would laugh so hard if the conference I’m going to next week gets canceled for the second time due to hurricane.,helene,community_discussion,hurricane
lodafvt,t3_1fmlycy,t1_loc9ejc,florida,licky146,1727016525,2024-09-22 14:48,8,"Same here. Goin to the store for supplies
Just in case",helene,community_discussion,
lodcwsk,t3_1fmlycy,t3_1fmlycy,florida,LustfulLadyLove,1727017366,2024-09-22 15:02,2,"Hopefully, it doesn’t become too much of a threat. Stay safe, everyone!",helene,community_discussion,
lodk020,t3_1fmlycy,t1_lod6taj,florida,brok3ncor3,1727019716,2024-09-22 15:41,6,If it happens a third time… they can just send it in an email,helene,community_discussion,
lodydyp,t3_1fmlycy,t1_locw2zo,florida,megan3c,1727024079,2024-09-22 16:54,5,"A reference to meteorologist Denis Phillips. His rule #7 for hurricanes is ""don't freak out until I tell you to.""",helene,community_discussion,
loe750o,t3_1fmlycy,t3_1fmlycy,florida,cosmicrae,1727026698,2024-09-22 17:38,4,Current model runs (it's still very early tho) suggest somewhere on the panhandle. Monday/Tuesday should allow those models to firm up.,helene,community_discussion,
loe7dy2,t3_1fmlycy,t3_1fmlycy,florida,thaw4188,1727026767,2024-09-22 17:39,2,"For more clarity, here is what some models show, no panic just awareness:

* https://i.imgur.com/6U2rxYQ.png

image is generated from this web app by turning on the tracking layer via the stack in the upper left: 

https://staticbaronwebapps.velocityweather.com/digitial_wx/widgets/mapv2/index.html?initjson=/digitial_wx/widgets/dcms/da5d24da-6a74-42b3-92d8-f06cd2db480c/live/init.json",helene,community_discussion,
loeg8s6,t3_1fmlycy,t3_1fmlycy,florida,mattmccauslin,1727029348,2024-09-22 18:22,1,Did that 12z GFS run say 935 at landfall?,helene,community_discussion,
loekmj3,t3_1fmlycy,t1_lock3t8,florida,Simple-Sentence-5645,1727030690,2024-09-22 18:44,7,Pls alert us a month before you plan any more vacations thx,helene,community_discussion,
loel6mh,t3_1fmlycy,t3_1fmlycy,florida,Fantastic-Long8985,1727030855,2024-09-22 18:47,-1,Most likely a rainy day and no more,helene,community_discussion,
loer7ov,t3_1fmlycy,t1_lodafvt,florida,FieldOk6455,1727032660,2024-09-22 19:17,14,"By “store” you mean Total Wine, right?",helene,community_discussion,
lof3xzf,t3_1fmlycy,t3_1fmlycy,florida,Tpacple,1727036496,2024-09-22 20:21,2,Stay west,helene,community_discussion,
lof8jm3,t3_1fmlycy,t3_1fmlycy,florida,snoopiestfiend,1727037937,2024-09-22 20:45,2,Can't wait for my house to get hit for the third time in two years. /s,helene,community_discussion,
lofa4fn,t3_1fmlycy,t3_1fmlycy,florida,[deleted],1727038427,2024-09-22 20:53,1,[removed],helene,community_discussion,
lofrehw,t3_1fmlycy,t1_locvzhf,florida,Few-Performance3192,1727044226,2024-09-22 22:30,4,😂,helene,community_discussion,
lof0ksk,t3_1fmmn10,t3_1fmmn10,florida,duckfeethuman,1727035473,2024-09-22 20:04,1,Septic is infuriating.,helene,community_discussion,
lof7u4w,t3_1fmmn10,t3_1fmmn10,florida,SWC8181,1727037713,2024-09-22 20:41,1,We are about $1800 in naples / ft. Myers area,helene,community_discussion,
loc39dj,t3_1fmomf6,t3_1fmomf6,florida,Jackalodreams,1726994650,2024-09-22 08:44,33,They should send you a bill in the mail to pay what you owe on the toll. You can also online and pay it.,helene,community_discussion,
loc3x34,t3_1fmomf6,t3_1fmomf6,florida,khismyass,1726995107,2024-09-22 08:51,10,"They have you associate it with a credit card and you hen setting up the account they automatically charge a replenishment when gets to a preset amount, then you set that at $10 $20 or whatever increments and if I'm not mistaken it's $10 is the lowest it can be then they replenish it up to the preset you had it set as. Long explanation but to avoid running out they don't let it get to 90 cents.",helene,community_discussion,
loc96k1,t3_1fmomf6,t3_1fmomf6,florida,Playswith_squirrel,1726998776,2024-09-22 09:52,-3,Jail,helene,community_discussion,
loceh0t,t3_1fmomf6,t3_1fmomf6,florida,BackOff2023,1727002331,2024-09-22 10:52,3,"You get a bill if you haven't set up automatic replenishment.  If you don't pay that, it eventually will probably go to collection.",helene,community_discussion,
locf9tp,t3_1fmomf6,t3_1fmomf6,florida,Greekcitizn,1727002835,2024-09-22 11:00,9,"Nothing. You will get charged, but if you go in and replenish it those charges will be automatically deducted.",helene,community_discussion,
locgsr3,t3_1fmomf6,t3_1fmomf6,florida,[deleted],1727003747,2024-09-22 11:15,1,[removed],helene,community_discussion,
loci307,t3_1fmomf6,t3_1fmomf6,florida,cabo169,1727004495,2024-09-22 11:28,1,"If you have a transponder, you should have an account set up. If you have an account, there’s a payment method required to be entered for replenishment. If you have a preset amount entered in to where it automatically replenishes (charges a card or bank acct) then you never have to worry about a low balance. 
Now it you don’t have auto replenish set up, they will send you a bill. Lots of toll roads have “bill by plate” so even if you don’t have a SunPass and take a toll road, they’ll send a bill to wherever/whomever the plate is registered to.",helene,community_discussion,
locirim,t3_1fmomf6,t3_1fmomf6,florida,ArtFulcrum,1727004881,2024-09-22 11:34,47,The Mousad explodes your transponder.,helene,community_discussion,
lockwbu,t3_1fmomf6,t3_1fmomf6,florida,chlou,1727006026,2024-09-22 11:53,3,Aww I’ve owed like $20 to SunPass before they’re chill,helene,community_discussion,
locl88y,t3_1fmomf6,t3_1fmomf6,florida,[deleted],1727006201,2024-09-22 11:56,1,[removed],helene,community_discussion,
locn0ly,t3_1fmomf6,t3_1fmomf6,florida,heresmytwopence,1727007110,2024-09-22 12:11,8,"If it was a Sunpass toll, nothing will happen. Your balance will go negative and whenever you add $20, your balance will be $19.20. If it was an EPass toll, you’ll get a bill in the mail for the pay-by-plate amount, which is a little higher.",helene,community_discussion,
locna65,t3_1fmomf6,t3_1fmomf6,florida,TheMatt561,1727007240,2024-09-22 12:14,1,Toll by plate,helene,community_discussion,
locom8r,t3_1fmomf6,t1_loceh0t,florida,thunderwolf69,1727007892,2024-09-22 12:24,3,"This is what happens. I drove through the express lane in Jax once because I *really* needed to get to a bathroom and I got billed for 25¢ lol. I never paid it, and then 3 years later I moved out of state, so. 

Not sure what was supposed to happen with it, but maybe I just got lucky and it got lost somewhere.",helene,community_discussion,
locpsho,t3_1fmomf6,t3_1fmomf6,florida,anaisaknits,1727008451,2024-09-22 12:34,1,Sunpass usually requires a card or bank associated to the account and will withdraw from your account.,helene,community_discussion,
locpsow,t3_1fmomf6,t3_1fmomf6,florida,holiwud111,1727008454,2024-09-22 12:34,1,"If you have it set up right, it just bills your bank / credit card and adds more money to your Sunpass account.",helene,community_discussion,
locq139,t3_1fmomf6,t3_1fmomf6,florida,EyeIsOnTheSparrow,1727008562,2024-09-22 12:36,1,You get a bill based on your license plate months later It’s a little higher than the sunpass,helene,community_discussion,
locr2lm,t3_1fmomf6,t3_1fmomf6,florida,UCFknight2016,1727009046,2024-09-22 12:44,1,Hopefully you have autoreplenish on.,helene,community_discussion,
locr9un,t3_1fmomf6,t3_1fmomf6,florida,Kissit777,1727009136,2024-09-22 12:45,1,Straight to jail,helene,community_discussion,
locrlmn,t3_1fmomf6,t3_1fmomf6,florida,Advanced-Ad-1544,1727009285,2024-09-22 12:48,1,They will send a bill in the mail to the address associated with your license plate. Just use the auto load feature so it will money to your sunpass account when the balance gets low.,helene,community_discussion,
locvh79,t3_1fmomf6,t3_1fmomf6,florida,[deleted],1727010961,2024-09-22 13:16,1,[removed],helene,community_discussion,
locw23f,t3_1fmomf6,t3_1fmomf6,florida,MainMosaicMan,1727011202,2024-09-22 13:20,1,"Eventually your license will be suspended.

Gee, really? 

Yes! It happened to me and it up ended my life. Never again.",helene,community_discussion,
loczvix,t3_1fmomf6,t3_1fmomf6,florida,Dogzillas_Mom,1727012738,2024-09-22 13:45,2,"Have ever seen those clear plastic booths with naked people crying in them, on the side of the road? 

That’s what happens to people who don’t reload their SunPass.",helene,community_discussion,
lod06dx,t3_1fmomf6,t3_1fmomf6,florida,FetusDominus,1727012847,2024-09-22 13:47,1,"Fuck bro.. 

Do we have an update on this guy?  Do we know if he's still alive?

If you're reading this, just keep driving north.  You'll be safe once you make it to the Florida/Georgia line.

I'm sorry this happened to you.",helene,community_discussion,
lod1g0l,t3_1fmomf6,t3_1fmomf6,florida,ExiledUtopian,1727013254,2024-09-22 13:54,1,"Just log into your account online and top off.  They'll take the money then because you'll be showing a negative.

If it happens 2 or 3 times they force you over to an automatic replenish method with a debit or credit card.",helene,community_discussion,
lod2r37,t3_1fmomf6,t3_1fmomf6,florida,StoryHorrorRick,1727013727,2024-09-22 14:02,1,The bill piles up,helene,community_discussion,
lod8bnk,t3_1fmomf6,t1_locn0ly,florida,Few_Breadfruit_3285,1727015778,2024-09-22 14:36,0,"OP, this is the correct answer. 

Log into your SunPass account and go to ""Account Profile"". Scroll down to Account Financial Status. Mine currently says ""Low"" and the transponder still works. If it says Negative or Zero or something similar then the transponder stops working and you go to Toll By Plate.",helene,community_discussion,
lodbh7x,t3_1fmomf6,t3_1fmomf6,florida,Mr_Fignutz,1727016883,2024-09-22 14:54,1,"Theyre supposed to send you a bill and let you know about it. What will probably happen is they will wait until you owe them $400 or so and then threaten to prevent you renewing your tag if you dont call them and wait half an hour on hold to fix it. 

Source: i used to work for Sunpass",helene,community_discussion,
lodccx2,t3_1fmomf6,t3_1fmomf6,florida,BusStopKnifeFight,1727017181,2024-09-22 14:59,1,Straight to jail.,helene,community_discussion,
lodif0d,t3_1fmomf6,t3_1fmomf6,florida,haynus_byotch77,1727019207,2024-09-22 15:33,1,They bill your license plate and you get a bill in the mail,helene,community_discussion,
lodnhz8,t3_1fmomf6,t3_1fmomf6,florida,dawwie,1727020800,2024-09-22 16:00,1,You’ll get a bill in the mail,helene,community_discussion,
lodpjtc,t3_1fmomf6,t1_locirim,florida,Meltsomeice,1727021447,2024-09-22 16:10,2,Sheesh,helene,community_discussion,
lodvwf8,t3_1fmomf6,t3_1fmomf6,florida,ImpressivePhase4796,1727023313,2024-09-22 16:41,1,"Do not mess around with the toll system. I didn’t have sun pass and would be billed. When I moved I didn’t forward my address as I didn’t have a permanent address for a bit. I sold my car and there was no registration under my name (at DMV they make you pay unpaid tolls at annual registration if you are behind)
A year later I find out my license is suspended and I owe $2k in court fees for 3 separate unpaid toll bills that would have been less than $50. I missed court dates notices and the fees piled up!! It went to collections and I’ve been paying monthly to keep my license valid until it is paid off. All for less than $50",helene,community_discussion,
lodw2vd,t3_1fmomf6,t1_loc39dj,florida,ImPretendingToCare,1727023368,2024-09-22 16:42,5,So the same thing as not having sunpass?,helene,community_discussion,
lodwbk8,t3_1fmomf6,t1_locf9tp,florida,ImPretendingToCare,1727023440,2024-09-22 16:44,1,im getting mixed answers. Its either it gets charged to your account for when you can pay it or it gets billed by mail as if you never had sunpass,helene,community_discussion,
lodwk3v,t3_1fmomf6,t1_locn0ly,florida,ImPretendingToCare,1727023512,2024-09-22 16:45,2,Whats the difference between epass and sunpass?,helene,community_discussion,
lodxpl5,t3_1fmomf6,t1_lodwk3v,florida,heresmytwopence,1727023869,2024-09-22 16:51,3,"They are different programs. Sunpass is statewide, EPass is specific to the Orlando area. Both devices work across the whole state but if you drive through an EPass toll with a Sunpass with no funds, it will treat your car like the Sunpass doesn’t exist and bill your plate by mail instead.",helene,community_discussion,
lodxz18,t3_1fmomf6,t1_lodvwf8,florida,ImPretendingToCare,1727023950,2024-09-22 16:52,1,Wouldnt 3 separate tolls be like less than $5?,helene,community_discussion,
lodz833,t3_1fmomf6,t1_lodxpl5,florida,ImPretendingToCare,1727024336,2024-09-22 16:58,1,Can you pass an epass toll with sunpass if you DO have money?,helene,community_discussion,
loe09gm,t3_1fmomf6,t1_lodz833,florida,heresmytwopence,1727024661,2024-09-22 17:04,3,Yes.,helene,community_discussion,
loe0n6f,t3_1fmomf6,t1_lodxz18,florida,ImpressivePhase4796,1727024777,2024-09-22 17:06,1,One trip to Orlando the other day was $18 in tolls. There are multiple roads with toll fees and some that charge a couple times on the same stretch depending on how far you travel. I usually choose “No tolls” on the GPS but it does take 20-30 mins longer depending on the destination.,helene,community_discussion,
loebl5x,t3_1fmomf6,t1_loczvix,florida,SLangleyNewman,1727027968,2024-09-22 17:59,2,"Haven't personally seen these, but now I am on the lookout!",helene,community_discussion,
loelf55,t3_1fmomf6,t1_lodpjtc,florida,ArtFulcrum,1727030926,2024-09-22 18:48,0,Too soon 🤷🏼‍♂️??,helene,community_discussion,
lofrjju,t3_1fmomf6,t1_lodxpl5,florida,[deleted],1727044275,2024-09-22 22:31,1,[removed],helene,community_discussion,
lofvipt,t3_1fmomf6,t1_lodwbk8,florida,Greekcitizn,1727045682,2024-09-22 22:54,1,It gets charged to your account. You can add funds and it will automatically deduct the charges. If you neglect to do so you will receive a mailed bill from the FDOT.,helene,community_discussion,
locbg82,t3_1fmpflq,t3_1fmpflq,florida,marlinbohnee,1727000334,2024-09-22 10:18,2,"Birds, dolphins, sea turtles, fish, sharks, sand fleas, crabs and whales a couple times.",helene,community_discussion,
locbqz3,t3_1fmpflq,t1_locbg82,florida,chantheman30,1727000536,2024-09-22 10:22,1,What kind of sharks?,helene,community_discussion,
locddpd,t3_1fmpflq,t3_1fmpflq,florida,Martial_Dylan,1727001627,2024-09-22 10:40,1,I’ve seen small 2ft shark silhouettes swimming in the tall waves. Sand crabs. The sand crabs will hang out with you. I love the beach over there!,helene,community_discussion,
lochhal,t3_1fmpflq,t1_locbqz3,florida,ZakA77ack,1727004145,2024-09-22 11:22,1,"Blacktips are the most common on Floridas east coast. I made a lil documentary about them [here](https://youtu.be/lmkYRBre-Q8?si=vbNfcG8DKQkj2-vK)
Also have a good chance of seeing bulls, spinners, lemons, nurse, sharpnose, and blacknose. All of which I've seen near cocoa Beach.",helene,community_discussion,
lochiib,t3_1fmpflq,t3_1fmpflq,florida,chellscrits,1727004165,2024-09-22 11:22,1,I've seen some chill seagulls and a couple of sassy crabs strutting their stuff on Cocoa Beach! It's a whole ecosystem out there!,helene,community_discussion,
lodjsvq,t3_1fmpflq,t1_lochhal,florida,marlinbohnee,1727019654,2024-09-22 15:40,2,"Yep all of above species and I’ll throw in fine tooth, bonnet heads, tigers and hammerheads",helene,community_discussion,
lof5rhd,t3_1fmpflq,t3_1fmpflq,florida,PaleR1der,1727037067,2024-09-22 20:31,1,Mostly drug addicts,helene,community_discussion,
lofadxb,t3_1fmpflq,t3_1fmpflq,florida,PelagicPenguin9000,1727038509,2024-09-22 20:55,1,"Went pelagic birding once off of Cocoa Beach with the Space Coast Birding Festival.  Only went 15 miles offshore due to rough waves.  We had species such as Parasitic Jaeger, Magnificent Frigatebird, Brown Booby, Northern Gannet, and Red Phalarope.  Also had Loggerhead Sea Turtle and Portugese man o'war.  Some of the trips even further offshore had Black-capped Petrel.",helene,community_discussion,
locp6dk,t3_1fmrr58,t3_1fmrr58,florida,the_knob_man,1727008161,2024-09-22 12:29,24,I would search for [your area] husky rescue,helene,community_discussion,
locp89z,t3_1fmrr58,t3_1fmrr58,florida,Tampadarlyn,1727008186,2024-09-22 12:29,117,"So sorry to hear about your mom. I'm sure you have a lot going on. 

Check out the Florida Siberian Rescue (siberrescue.com) if you run out of options. They have a Facebook page. They may be able to find a foster until they can find a home for the girls.",helene,community_discussion,
locp9td,t3_1fmrr58,t1_locp6dk,florida,S0mecallme,1727008207,2024-09-22 12:30,20,"I did
Not only is it 100 bucks per dog (which I don’t have)

They’d all need to be fixed, which they aren’t",helene,community_discussion,
locra4x,t3_1fmrr58,t3_1fmrr58,florida,BOMBOclaatBwoy,1727009140,2024-09-22 12:45,-30,"Sorry for the loss, try to hang in there searching if you can help it it would be wonderful if they could stay together. 

You could consider even getting them to a breeder all together and get more money out of it or a cut of the puppies somehow. 

Hell if you can find the space and time somehow and get them impregnated by a male husky, it would take some time but you could make some decent money from this. Might be a blessing in disguise she let you, husky puppies aren’t cheap at all I want to say I’ve seen them go for 3k a piece before",helene,community_discussion,
locuapp,t3_1fmrr58,t1_locp9td,florida,GloomyCardiologist16,1727010463,2024-09-22 13:07,1,"Ok. You're here looking for answers, so when you get them, maybe don't instantly reject them. 

Perhaps a friend or family member could help out with the costs. And a one-time cost to you is certainly cheaper than ongoing food and medical costs.",helene,community_discussion,
locusff,t3_1fmrr58,t3_1fmrr58,florida,twoclumsyhearts,1727010673,2024-09-22 13:11,9,Sophie’s Circle is a rescue group that specializes in huskys!,helene,community_discussion,
locwqjr,t3_1fmrr58,t3_1fmrr58,florida,ECTexan,1727011485,2024-09-22 13:24,12,Have you tried talking to Husky Haven?,helene,community_discussion,
locwsx8,t3_1fmrr58,t1_locra4x,florida,AmericaninShenzhen,1727011512,2024-09-22 13:25,18,"Yeah don’t do this.

1.) Huskies are not meant for the Florida heat.  
2.) adopt, don’t shop 
3.) puppies are expensive",helene,community_discussion,
locx7bp,t3_1fmrr58,t1_locra4x,florida,Conscious-Shower265,1727011676,2024-09-22 13:27,12,"I agree, keep searching. If you can keep them together it's great. 

However, this is not a good idea and it would be cruel to breed senior dogs. OP is trying to have less dogs not more. A breeder MIGHT take the younger dog.

Breeding takes time and labor. Who is the stud? How much is their fee? 100? 1000? Does he have good genes? When the puppies come, where will the THREE dogs all whelp (assuming the crazy scenario of breeding all three)? Are you comfortable with the idea of having to bottle feed the puppies and help the momma dog if she is having trouble nursing? Will you track their weight to make sure they are growing properly? How about the money to take them all to the vet for a check up? God forbid something is wrong with one of them. It did only happen once, that I've witnessed, but at my local vet a three week old puppy came in because a sibling pounced on it at the wrong angle and it broke it's little leg. Weird and expensive accidents can happen.


Florida does not need more backyard breeders. There are enough dogs in shelters as it is. People often get huskies only for them to end up at the pound because they are a handful and need lots of exercise and mental stimulation.

I've worked at a vets office, at a no kill shelter and also assisted in the early weeks of puppy raising seeing eye dogs where a person had to be present 24/7 for those special puppies. A lot of care goes into raising them, even if there are only one or two pups that become seeing eye dogs. 

One of my cousins accidentally, male dog was not letting a door stop him, bred their Frenchie with a Pomski and while they made some money, it wasn't life changing or long term earnings. Much of the money went to the dogs medical bills since the Frenchie momma dog ended up needing an unexpected C-section.

My cousin enjoys making more consistent money doing nails now.",helene,community_discussion,
locxmra,t3_1fmrr58,t1_locwsx8,florida,BOMBOclaatBwoy,1727011851,2024-09-22 13:30,-18,"Nah that’s an old tired argument. There’s plenty of huskies in Florida, they aren’t suffering out here just like any other dog with fur and either way why would you leave any dog out in the sun all day? That’s not good for anyone. 

Huskies aren’t some mythical special dog that can only live in Alaska just because they look like snow dogs. OP has three of them with or without this thread and they’ve been fine. By your logic the only right thing for him to do is ship them to Canada. 

That argument is as old as pitbulls being a menace to society. 

Adopt OR shop, you can’t justify throwing dogs away just because they have a price tag—they’re still living beings too who need a home and love regardless of where they come from. 

No matter what dog you get you will be spending money on it. 

Puppies being expensive is my whole point. OP could make 50k a year for some time easy over the puppies alone and he needs the money. 

Get off your high horse",helene,community_discussion,
locynle,t3_1fmrr58,t1_locx7bp,florida,BOMBOclaatBwoy,1727012259,2024-09-22 13:37,-15,"Only thing i missed is the ages, i didn’t realize two were 11. Apart from that there’s plenty ways to ethically, morally breed dogs, and there’s no crisis to come from this in terms of demand when husky puppies fly off the shelf. 

If i was OP and pressed for money with these dogs I’d get 1 litter off the two older dogs each and stop there—maybe get 2-3 litters off the younger one. No one is telling him to go crazy all in. 

You’re putting yourself in the dogs paws while neglecting OPs shoes which too many people do for animals, putting their lives over ours and its pretty ridiculous tbh. 

Even if he got only 1 litter from each and stopped there it could potentially save him big time and only create more pups for people to love and welcome into their homes",helene,community_discussion,
locyumk,t3_1fmrr58,t3_1fmrr58,florida,[deleted],1727012336,2024-09-22 13:38,1,[removed],helene,community_discussion,
lod19yi,t3_1fmrr58,t3_1fmrr58,florida,angered_lutraphobic,1727013195,2024-09-22 13:53,17,Please reach out to a legit husky rescue. I foster for one of them in central Florida. Huskies are getting dumped constantly and don't do well in shelters. Most legit rescues will have some sort of surrender fee. See if friends or family can help cover that if needed.,helene,community_discussion,
lod1zas,t3_1fmrr58,t1_locp9td,florida,amazetome,1727013436,2024-09-22 13:57,102,Please see my comment - PM me the rescue's info.  I will contact them and take care of the surrender fee.,helene,community_discussion,
lod29px,t3_1fmrr58,t1_lod1zas,florida,jams1015,1727013545,2024-09-22 13:59,22,You are the MVP! ❤️,helene,community_discussion,
lod2nyo,t3_1fmrr58,t1_locynle,florida,[deleted],1727013694,2024-09-22 14:01,1,[removed],helene,community_discussion,
lod2ppy,t3_1fmrr58,t3_1fmrr58,florida,JCWRocket,1727013712,2024-09-22 14:01,48,Contact Husky Haven of Florida. We adopted our husky from the group. They are a great organization taking care of husky’s across the state.,helene,community_discussion,
lod2s45,t3_1fmrr58,t3_1fmrr58,florida,FerretOne522,1727013737,2024-09-22 14:02,7,Swampland Husky Rescue in Gainesville? Even if the rescues can’t take them ask them to reshare your post for more visibility!,helene,community_discussion,
lod337u,t3_1fmrr58,t1_locxmra,florida,fatdogwhobarketh,1727013854,2024-09-22 14:04,6,![gif](giphy|IDGNYvFLkJKLK|downsized),helene,community_discussion,
lod3bvb,t3_1fmrr58,t1_lod337u,florida,BOMBOclaatBwoy,1727013944,2024-09-22 14:05,-8,PETA response is wild in here,helene,community_discussion,
lod3sii,t3_1fmrr58,t1_lod1zas,florida,Elminsterinhell,1727014117,2024-09-22 14:08,16,This is love.  Need more of this in our everyday life.  Blessings to you!,helene,community_discussion,
lod3vqc,t3_1fmrr58,t1_locwsx8,florida,frozenthorn,1727014151,2024-09-22 14:09,-2,"Huskies like most other long hair coat dogs (German Shepherds?) do just fine in Florida, their coats thin out dramatically to adapt to their environments. I've raised multiple myself and dozens more while working at a rescue, awesome dogs, they probably prefer the snow but so do I.",helene,community_discussion,
lod51bs,t3_1fmrr58,t1_lod1zas,florida,Independent_Ad_5664,1727014584,2024-09-22 14:16,9,💙🏆🥇,helene,community_discussion,
lod74q0,t3_1fmrr58,t3_1fmrr58,florida,LustfulLadyLove,1727015350,2024-09-22 14:29,5,It’s heartwarming to see people willing to step up and help with the surrender fees too. Reaching out to those rescues might be a good first step. You’re doing your best during a really difficult time.,helene,community_discussion,
lod7692,t3_1fmrr58,t3_1fmrr58,florida,Commiegomez,1727015365,2024-09-22 14:29,37,DM me,helene,community_discussion,
lod7lsu,t3_1fmrr58,t3_1fmrr58,florida,tacogardener,1727015520,2024-09-22 14:32,188,"Is Lily (3) good with the other dogs? We have two and are open to a third. We lost our husky over the winter to an accident 😭

I’m so sorry about your mom. I was in a similar situation about 5 years ago when my mom passed. She had just adopted a German shepherd puppy and I had to find a safe home for her. I’m sorry you’re going through all of this. 

We’re located in Jax if it makes a difference.",helene,community_discussion,
lod8g2l,t3_1fmrr58,t3_1fmrr58,florida,Not_2day_stan,1727015821,2024-09-22 14:37,3,:(,helene,community_discussion,
lod8lpl,t3_1fmrr58,t1_lod1zas,florida,neverholidays,1727015878,2024-09-22 14:37,7,A real life angel 🤍,helene,community_discussion,
lod8t5z,t3_1fmrr58,t3_1fmrr58,florida,missouriclique,1727015950,2024-09-22 14:39,2,my parents may be interested in taking in the pups. they lost our husky a year ago. let me reach out.,helene,community_discussion,
lod91va,t3_1fmrr58,t3_1fmrr58,florida,missouriclique,1727016036,2024-09-22 14:40,1,it’s also best to keep them together. they’re bonded. priorities may need to be shifted to keep them if you can’t find a legitimate rescue or TRUSTWORTHY family.,helene,community_discussion,
lod9558,t3_1fmrr58,t1_lod1zas,florida,missouriclique,1727016069,2024-09-22 14:41,28,I will also contribute directly to the rescue if surrendered!,helene,community_discussion,
lod9bmv,t3_1fmrr58,t1_locynle,florida,Conscious-Shower265,1727016133,2024-09-22 14:42,1,"

I still don't think that breeding is the right path for OP. But let's say I'm on your side, these are still all legit questions to consider before having a litter of puppies. 

I'd like to understand though, how would it save him time? In the short term this just looks like more work for OP. After all the puppies are sold he might have breathing room for a time, depending on their financial demands, but even if they get bred tomorrow, it's a minimum of four months till he could sell them. And the cost of having to feed even more dogs (pregnant dogs will need more and puppies eventually in kibble) in the mean time. There are so many things to consider

You are right, many people love puppies! Of course. I mean, they get adopted the fastest right? But those puppies grow, some are more destructive than others, or stubborn, unexpectedly food aggressive, maybe the loving family has to move and they can't accommodate. The argument of more puppies to love and be welcomed into homes is a weak one. Those puppies get older and for all kinds of reasons, often circumstances outside of the owner's control like OP's mother passing, and they wind up in shelters. Breed specific rescues are decent though.


I think that is a fair assumption to make, putting myself in the dog's paws. I've always advocated more for animals than people. I currently volunteer at a bird of prey rehab center where the majority of issues they arrive with stem directly or indirectly from man and man-made things like eating a rat that died of rat poison (this poisoning the bird), being hit by cars, being straight up shot for just existing in the case of some of our vultures. 

So, yeah, I'm that overly empathetic person to animals since they can't speak up at all. I am on the side of not breeding animals for monetary gain because I don't want to use an animal like that. 

Sorry OP.",helene,community_discussion,
lod9cos,t3_1fmrr58,t3_1fmrr58,florida,missouriclique,1727016143,2024-09-22 14:42,6,Also - so sorry to hear about the loss of your mom. 😭,helene,community_discussion,
lodasqv,t3_1fmrr58,t1_lod1zas,florida,Iron_Disciple,1727016650,2024-09-22 14:50,39,"Idk what your financial situation is like, but if you PM me proof ill throw in $100 to help",helene,community_discussion,
lodb0l0,t3_1fmrr58,t1_lod7lsu,florida,Iron_Disciple,1727016725,2024-09-22 14:52,26,"Upvoting so this gets seen. I'm sure their 3 year old is, since she was living with two other dogs.",helene,community_discussion,
lodb98a,t3_1fmrr58,t1_lodb0l0,florida,tacogardener,1727016807,2024-09-22 14:53,16,"True, that’s what I figured. But doesn’t hurt to ask. :)",helene,community_discussion,
lodbb61,t3_1fmrr58,t1_lod7692,florida,missouriclique,1727016825,2024-09-22 14:53,16,could you take all 3? to keep them together? not OP but asking for OP’s pups,helene,community_discussion,
lodbdzt,t3_1fmrr58,t1_lodbb61,florida,missouriclique,1727016852,2024-09-22 14:54,15,or the two older gals if the other family takes the younger girl?,helene,community_discussion,
lodh0lc,t3_1fmrr58,t3_1fmrr58,florida,ExactDevelopment4892,1727018751,2024-09-22 15:25,11,"A husky, a dog bred for the extreme cold, forced in live in Florida, one of the hottest states in the US. It just seems cruel to me. That poor dog.",helene,community_discussion,
lodn8ea,t3_1fmrr58,t3_1fmrr58,florida,GizmoGeodog,1727020717,2024-09-22 15:58,4,There are some senior dog rescues that might help with the two 11 yo's. Google Florida senior dog rescue for a list. There's also Florida Big Dig Rescue that might help,helene,community_discussion,
lodnznv,t3_1fmrr58,t1_lod19yi,florida,angered_lutraphobic,1727020958,2024-09-22 16:02,5,"Also, if you're able to continue homing them while the rescue looks for a permanent adopter, that would be best. They could probably help you with the food costs. Most rescues are willing to help, but there's limited fosters available, which makes it really difficult for the rescues to take in any surrenders.

I really urge everyone, if you have the ability to help with fostering, to give it a try. It's hard but super rewarding work.",helene,community_discussion,
lodr0hs,t3_1fmrr58,t1_lodh0lc,florida,AmericaninShenzhen,1727021902,2024-09-22 16:18,11,"Truly don’t get why people don’t understand this.

“I’ve had huskies all my life and…”

Yeah bro, they aren’t going to necessarily keel over but they’re most certainly miserable.",helene,community_discussion,
lodr7x9,t3_1fmrr58,t1_lod1zas,florida,Don-Gunvalson,1727021961,2024-09-22 16:19,4,You are amazing,helene,community_discussion,
lodsuds,t3_1fmrr58,t1_lodasqv,florida,amazetome,1727022436,2024-09-22 16:27,24,"Thanks very much. I hope to hear from OP.  If I can swing it on my own, I will do so and you can help another one (or three!) if not, I will let you know.",helene,community_discussion,
lodug6v,t3_1fmrr58,t3_1fmrr58,florida,Dragonkitelooper,1727022889,2024-09-22 16:34,2,Check out SAFE if no one has suggested it here. saving animals from euthanasia,helene,community_discussion,
lodyn4p,t3_1fmrr58,t3_1fmrr58,florida,_sesamebagel,1727024157,2024-09-22 16:55,2,"As others have mentioned here, I recommend a rescue. I do some work for Everglades Golden Retriever Rescue. Those people are so incredibly dedicated and obsessed with the well-being of these dogs. No reason to think it would be any different at a dedicated Husky rescue. Good luck with those beautiful dogs.",helene,community_discussion,
loe1e6g,t3_1fmrr58,t3_1fmrr58,florida,dechets-de-mariage,1727025004,2024-09-22 17:10,3,You could try reaching out to [Sandy Paws Sled Dog Club of Tampa Bay](https://sandypawssleddogclub.com). They run events and meetups for huskies and may be able to help broaden your reach.,helene,community_discussion,
loe3hs4,t3_1fmrr58,t1_lodr0hs,florida,ExactDevelopment4892,1727025633,2024-09-22 17:20,6,I’ve seen one in my neighborhood and when they are walking it the poor thing just looks miserable.,helene,community_discussion,
loehjm7,t3_1fmrr58,t3_1fmrr58,florida,yor_trash,1727029742,2024-09-22 18:29,2,"Any updates? My friend and her family want to adopt, but OP hasnt responded.",helene,community_discussion,
loel2jf,t3_1fmrr58,t3_1fmrr58,florida,NectarineDiosa-8888,1727030821,2024-09-22 18:47,1,"So cruel, as someone in Vermont, Michigan or Alaska!",helene,community_discussion,
loeo49z,t3_1fmrr58,t1_locp9td,florida,Mostly_Cookie,1727031738,2024-09-22 19:02,2,"For fixing, try a shelter. They either do it for low cost or free",helene,community_discussion,
loeot2d,t3_1fmrr58,t3_1fmrr58,florida,Cakeygoodness666_,1727031946,2024-09-22 19:05,2,Contact a Husky Rescue,helene,community_discussion,
loesy5i,t3_1fmrr58,t3_1fmrr58,florida,rubies-and-doobies81,1727033186,2024-09-22 19:26,2,Sorry about your mom. They are beautiful girls. I hope you're able to find new homes for them.,helene,community_discussion,
loetreg,t3_1fmrr58,t1_lod337u,florida,grammar_fixer_2,1727033426,2024-09-22 19:30,5,You know the saying. Florida is a sunny place for shady people. ☹️,helene,community_discussion,
loexu31,t3_1fmrr58,t3_1fmrr58,florida,Spookyboo3344,1727034644,2024-09-22 19:50,1,Please reach out to Husky Haven of Florida Inc on facebook. They may be able to help out.,helene,community_discussion,
lof2p9d,t3_1fmrr58,t3_1fmrr58,florida,Fishbonzfl,1727036114,2024-09-22 20:15,1,I probably know someone who would take one.,helene,community_discussion,
lof4gr8,t3_1fmrr58,t3_1fmrr58,florida,Dependent_Study4821,1727036657,2024-09-22 20:24,1,You must find a husky rescue.  Don’t give him away to just anyone.,helene,community_discussion,
loff8rl,t3_1fmrr58,t1_lodh0lc,florida,S0mecallme,1727040086,2024-09-22 21:21,2,"I try to make sure they’re comfortable and well taken care of, have the AC on in the living rooms, lots of water, clean them, but you are right it’s tough.

But also we’ve had them since I was like 10 so I didn’t really know about that stuff.",helene,community_discussion,
loffwx8,t3_1fmrr58,t1_lod7lsu,florida,S0mecallme,1727040310,2024-09-22 21:25,5,"I appreciate it, I also messaged someone who is interested but I’ll let you know too.

Just so you and anyone else knows I live in Leesburg, south of Ocala, so getting here would be a bit of a drive",helene,community_discussion,
lofg4qh,t3_1fmrr58,t1_lod1zas,florida,S0mecallme,1727040382,2024-09-22 21:26,4,"What’s your comment?

And people are recommending so many rescues it’s slightly overwhelming 

But thank you so much that is extremely kind of you ❤️",helene,community_discussion,
lofgj05,t3_1fmrr58,t1_loehjm7,florida,S0mecallme,1727040513,2024-09-22 21:28,2,Just DMed,helene,community_discussion,
lofiy0o,t3_1fmrr58,t1_loffwx8,florida,tacogardener,1727041297,2024-09-22 21:41,4,"We drove down to the Ocala area once to look at a house a few months ago. It’s about 2 hours or so, not too too bad.",helene,community_discussion,
lofjkr7,t3_1fmrr58,t3_1fmrr58,florida,rufio_rufio_roofeeO,1727041505,2024-09-22 21:45,1,"We’ve got two, in addition to three under three and a delightful cat so we are full up. One of our goodguis is a rescue from [Husky Haven of Florida](https://www.huskyhavenfl.org). Highly recommend. Good luck and thanks for not sending them to the pound.",helene,community_discussion,
lofn45h,t3_1fmrr58,t1_lofg4qh,florida,amazetome,1727042725,2024-09-22 22:05,5,"Could you just call the one back that quoted the surrender fee? That would save you the overwhelm and ensure that your mom's babies are taken care. I really will help - I just want what's best for the dogs, and giving them to someone who hasn't been properly vetted by a rescue is far from ideal.",helene,community_discussion,
lofphpr,t3_1fmrr58,t1_lofn45h,florida,S0mecallme,1727043559,2024-09-22 22:19,1,True thre,helene,community_discussion,
lofpn2r,t3_1fmrr58,t1_lofn45h,florida,S0mecallme,1727043608,2024-09-22 22:20,-2,"I’d honestly prefer one of the ones that just helps find a home for them

Because I really don’t want them to have to get fixed ya know?",helene,community_discussion,
lofvrj3,t3_1fmrr58,t1_lofpn2r,florida,amazetome,1727045769,2024-09-22 22:56,3,PM me the name of the rescue and I will try to work that out so you don't have to worry about it.,helene,community_discussion,
log3lp6,t3_1fmrr58,t1_lofpn2r,florida,mnth241,1727048561,2024-09-22 23:42,7,"I am sorry for your loss. 

But i don’t understand your resistance to sterilizing the dogs.   I wouldn’t want them ending up in a backyard breeding farm.",helene,community_discussion,
locovjo,t3_1fms387,t3_1fms387,florida,AutoModerator,1727008016,2024-09-22 12:26,1,"
Please note that only active users in the subreddit may comment in this discussion. If your comments are not showing up, please ensure you have active non-news/non-political contributions to the subreddit before contacting the moderators.

 [See our posting guidelines for more information.](https://www.reddit.com/r/florida/wiki/index/political_guidelines/)

**Remember the following:**

**Be Civil:**

* You are welcome to debate, discussion, and argue ideas, but don't resort to personal attacks on other users. 
* We do not allow any form of hate speech or any suggestion/support of harm, violence, or death.

**Must be related strictly to Florida:**

* National News/Elections are not specific to Florida. 
* Just because someone lives in Florida, doesn't mean their entire life is relevant to Floridians. 

If you see comments in violation of our rules, please report them.

#[Click this link to register to vote, update your voter information, or check your status.](https://registertovoteflorida.gov/)


*I am a bot, and this action was performed automatically. Please [contact the moderators of this subreddit](/message/compose/?to=/r/florida) if you have any questions or concerns.*",helene,community_discussion,
locqdhf,t3_1fms387,t3_1fms387,florida,Desperate-Paper-1810,1727008722,2024-09-22 12:38,164,We will see teen pregnancy go way up,helene,community_discussion,
locqtlu,t3_1fms387,t3_1fms387,florida,efequalma,1727008930,2024-09-22 12:42,89,"Skip the facts, teach the fantasies because nothing says ""ready for life"" like pretending contraception and consent don’t exist. Wreckless.",helene,community_discussion,
locrdtk,t3_1fms387,t3_1fms387,florida,PatSajaksDick,1727009187,2024-09-22 12:46,448,This is how you get more abortions,helene,community_discussion,
locs77q,t3_1fms387,t3_1fms387,florida,External-Conflict500,1727009551,2024-09-22 12:52,8,"I guess they will learn about it like I did, “National Geographic”",helene,community_discussion,
locsc2h,t3_1fms387,t3_1fms387,florida,video-engineer,1727009612,2024-09-22 12:53,45,"Thank you Meatball,  Betsy DeVoss, and Mom’s for Liberty.",helene,community_discussion,
locscli,t3_1fms387,t3_1fms387,florida,xdeltax97,1727009619,2024-09-22 12:53,53,"This is insane. Abstinence does nothing, and a lack of sex education leads to more teen pregnancies and STD’s.",helene,community_discussion,
locsdtd,t3_1fms387,t3_1fms387,florida,oakback,1727009634,2024-09-22 12:53,61,"Low teacher salaries, push out good teachers. Reduce requirements to teach, invite low quality teachers. Allow school choice, families of means take their kids to better schools, low income schools suffer. Allow taxpayer-funded vouchers to send anyone to private school (regardless of income), with little to know oversight in the curriculum of these schools.

Like privatizing prisons, it's all a top-down scam to send more taxpayer money to private companies.

Bonus conspiracy of dumbing down the populace to vote for further idiotic policy makers.",helene,community_discussion,
locsk2e,t3_1fms387,t3_1fms387,florida,firefoxjinxie,1727009712,2024-09-22 12:55,67,"Kids will still learn about sex..except it will be from their friends and internet, meaning they will get a bunch of contradictory information and have to sit through it themselves, generally getting things wrong.",helene,community_discussion,
locsmql,t3_1fms387,t3_1fms387,florida,GloomyCardiologist16,1727009744,2024-09-22 12:55,82,This is how my younger brother wound up with a pregnant girlfriend when he was 15,helene,community_discussion,
loct5gm,t3_1fms387,t3_1fms387,florida,The_Goondocks,1727009971,2024-09-22 12:59,4,Ass backwards.,helene,community_discussion,
loct8pa,t3_1fms387,t3_1fms387,florida,Null_Uranium,1727010010,2024-09-22 13:00,9,"This isn’t even a new thing, the only “sex ED” I got was highschool Biology class, that’s it. It’s unbelievable; they also closed the daycare for teen pareents so now they have to care for a kid all day or find child care. From what I have heard, it’s becoming a problem at the middle and  highschool level. This is not good… ",helene,community_discussion,
loctasm,t3_1fms387,t1_locrdtk,florida,The_Goondocks,1727010034,2024-09-22 13:00,296,But also make abortion illegal. This is how you feed the prison system in 16-18 years.,helene,community_discussion,
loctd3m,t3_1fms387,t3_1fms387,florida,hitmewiththeknowlege,1727010061,2024-09-22 13:01,16,"In a state where abortion is illegal, something like this should be open to a willful endangerment lawsuit",helene,community_discussion,
locteht,t3_1fms387,t3_1fms387,florida,Neokon,1727010078,2024-09-22 13:01,54,"Abstinence sex ed really reminds me of back in the 90's when the entire drug abuse resistance education was ""Just say no"". That was it, that was the education I got on drugs. The officers made it seem like hard core drug dealers on every corner putting constant pressure on you. Wasn't prepared for the fact that my first time getting high was at a party with me asking if I could try.

I didn't know what to do when I started having a hard time breathing (turns out I have asthma that's easily triggered by smoke, and I finally understood why it became harder to breathe after walking past people smoking). This wasn't covered, all I was told was ""Just say no"". I was never told about my states Good Samaritan law that would protect me if I had to call 911 for someone ODing/severely intoxicated. They didn't teach me about my city's safe ride program for intoxicated drivers. I didn't know shit, which is why when I worked with my school district's drug kids I made sure to teach them about all these laws and resources.

I guess the point I'm trying to make is that abstinence only/heavily emphasized education that doesn't teach about ""If you do"" causes more problems. It's all about prevention through fear and ignorance.",helene,community_discussion,
locthjs,t3_1fms387,t1_locscli,florida,The_Goondocks,1727010114,2024-09-22 13:01,20,But just think how many children whose fathers are not in the picture will end up feeding the prison system in 18 years.,helene,community_discussion,
loctmav,t3_1fms387,t3_1fms387,florida,[deleted],1727010171,2024-09-22 13:02,1,[removed],helene,community_discussion,
loctx4v,t3_1fms387,t3_1fms387,florida,BackOff2023,1727010300,2024-09-22 13:05,29,"Votes blue, folks, vote blue.  There is nothing more left to be said.",helene,community_discussion,
locu0f3,t3_1fms387,t3_1fms387,florida,Knightro829,1727010340,2024-09-22 13:05,14,I will donate to the first school board member to tell DeSantis explicitly to go fuck himself.,helene,community_discussion,
locub9x,t3_1fms387,t1_loctasm,florida,xcab02,1727010470,2024-09-22 13:07,147,Don't forget the war machine requires bodies to function,helene,community_discussion,
locudzb,t3_1fms387,t3_1fms387,florida,ikonet,1727010501,2024-09-22 13:08,21,"I’ve said this before …

I went to a private Lutheran school in the 1970s. They taught us EVERYTHING about sex back then. STDs, pictures of skin lesions, pregnancies, pleasure, marriage, hair, abortion, and of course God’s opinions of these things.

Every year from 1st grade on, we had sex ed class. In 4th grade we discussed female masturbation. I mean discussed as in mechanics, when it’s appropriate, guilt… my 4th grade teacher defined “dildo” for us.

I don’t know what happened to this society over the past 50 years but we have regressed into faux-puritanical lovers of ignorance. Teach your children everything.",helene,community_discussion,
locue7f,t3_1fms387,t3_1fms387,florida,LovesRetribution,1727010504,2024-09-22 13:08,5,"Didn't work for any other state, but why not try it again? Maybe the 17th time will.",helene,community_discussion,
locuru9,t3_1fms387,t3_1fms387,florida,Gloomy_Yoghurt_2836,1727010666,2024-09-22 13:11,16,It's what voters wanted when they elected de santis and a GOP supermajority.  No sex talk of any kind in schools. That's woke and violates parental rights. Talking about contraception in schools violates parental rights for raising their own children. It's all part of their stupid toxic Christian nationalism. Women should only have sex in marriage and only for having kids. I really can't stand those creepy conservatives.,helene,community_discussion,
locuzf4,t3_1fms387,t1_locub9x,florida,The_Goondocks,1727010756,2024-09-22 13:12,54,Good point. I forgot that Herr Meatball will want to bolster his state guard ranks.,helene,community_discussion,
locv42v,t3_1fms387,t3_1fms387,florida,Ok-Cartoonist7317,1727010810,2024-09-22 13:13,13,"It’s unbelievable that we’re still debating this. When I attended Florida schools 20 years ago, they taught this same meaningless abstinence platform. Now we can’t even teach elementary school kids about the menstrual cycle. Is this really the goal of religious fundamentalists, to keep everyone stupid? Like maybe you should question your religion if it’s literally holding back social progress by defining the education of public schools.",helene,community_discussion,
locva0j,t3_1fms387,t3_1fms387,florida,twistd59,1727010878,2024-09-22 13:14,9,"Florida is trying to turn the clocks back to the 1940s. These abstinence programs have been complete failures. They are totally unrealistic. Kids are still going to experiment with sex, but now there will be a lot more unplanned pregnancies. And Republicans will never admit this was a mistake. I’m sure it will be the fault of porn, or explicit music lyrics, or just the devil.",helene,community_discussion,
locvfpz,t3_1fms387,t3_1fms387,florida,Tex-Rob,1727010944,2024-09-22 13:15,32,"It took me 46 years to realize this isn’t some religious thing, it’s a way to keep people making more cogs for the corporate machine.  They know abstinence leads to unwanted or unintended pregnancies, and that’s what they want, more struggling people barely making it by, so they can prey on you.",helene,community_discussion,
locvlhy,t3_1fms387,t1_locrdtk,florida,Stop_icant,1727011011,2024-09-22 13:16,37,"No, this is how you get more babies. Currently, abortions are outlawed after six weeks and Ron is spending tax dollars campaigning hard keep it that way.",helene,community_discussion,
locvzh6,t3_1fms387,t1_locudzb,florida,Fit-Particular-2882,1727011172,2024-09-22 13:19,2,"Damn, that sounds pretty interesting!",helene,community_discussion,
locw5qh,t3_1fms387,t3_1fms387,florida,Forward_Brilliant_74,1727011245,2024-09-22 13:20,2,"Yes, because abstinence only has worked so well in the past🙄 so glad my insurance paid for my daughters nexplanon and I don't have to worry as much as I did before she had it.",helene,community_discussion,
locw7wo,t3_1fms387,t3_1fms387,florida,Impossible-Taro-2330,1727011269,2024-09-22 13:21,3,![gif](giphy|ajefVi0Sw91DFaXzMW|downsized),helene,community_discussion,
locwa87,t3_1fms387,t3_1fms387,florida,ChilindriPizza,1727011296,2024-09-22 13:21,4,"What?!

Why would they fornid teaching basic anatomy and physiology?

And why?",helene,community_discussion,
locwb50,t3_1fms387,t1_locrdtk,florida,maddiejake,1727011307,2024-09-22 13:21,6,Following the lead of Texas,helene,community_discussion,
locwdov,t3_1fms387,t3_1fms387,florida,Different-Ad-9029,1727011335,2024-09-22 13:22,1,Fuck these bastards,helene,community_discussion,
locwgx2,t3_1fms387,t3_1fms387,florida,BeowulfsGhost,1727011372,2024-09-22 13:22,5,"Do it for the kids of Florida! 

You get an STD, you get an STD, everybody gets an STD!!!

All this does is increase teen pregnancy rates and spreads STDs. It’s flatly stupid on the face of it. It NEVER works.",helene,community_discussion,
locwi9v,t3_1fms387,t3_1fms387,florida,Glittering-Wonder-27,1727011388,2024-09-22 13:23,2,They are promoting teens having babies.,helene,community_discussion,
locwmwa,t3_1fms387,t3_1fms387,florida,ZS1664,1727011442,2024-09-22 13:24,2,"Gotta tell that white, hardcore Christian voter base what they want to hear!  Just keep this state regressing.  It's not like we don't have evidence that's not a good idea.",helene,community_discussion,
locwmxn,t3_1fms387,t3_1fms387,florida,Switchgamer1970,1727011443,2024-09-22 13:24,1,Vote Blue.,helene,community_discussion,
locwxwb,t3_1fms387,t1_locthjs,florida,Fault_Pretty,1727011569,2024-09-22 13:26,9,And the military!,helene,community_discussion,
locx7qi,t3_1fms387,t3_1fms387,florida,Mickey6382,1727011681,2024-09-22 13:28,2,"And if you buy now, you get a free Trump bible and a multi-metal Trump  coin  ….. but wait, there’s more ….",helene,community_discussion,
locxb5r,t3_1fms387,t1_locscli,florida,Myhtological,1727011719,2024-09-22 13:28,-4,"I’m for comprehensive sex education, but abstinence is a valid choice for people if that is their choice",helene,community_discussion,
locxdyi,t3_1fms387,t3_1fms387,florida,FreedomHole69,1727011751,2024-09-22 13:29,2,Gotta get that birth rate up up up!,helene,community_discussion,
locxeqy,t3_1fms387,t3_1fms387,florida,Mickey6382,1727011760,2024-09-22 13:29,0,This is one if many reasons it’s known as Flooreeduh!,helene,community_discussion,
locxkhk,t3_1fms387,t1_locqdhf,florida,OathoftheSimian,1727011825,2024-09-22 13:30,61,Have you seen the latest population growth numbers? They want abstinence-only to fail so they can make the young women feel like less than they are so they’ll never question the “stay in the kitchen” tradwife dream they all share.,helene,community_discussion,
locxqlr,t3_1fms387,t3_1fms387,florida,samplergal,1727011893,2024-09-22 13:31,1,Oh that will end well.,helene,community_discussion,
locxtl1,t3_1fms387,t3_1fms387,florida,FuzzyDice_12,1727011926,2024-09-22 13:32,5,I don’t understand why both can’t be taught? Skipping over protection and info on STD’s doesn’t help anyone.,helene,community_discussion,
locxy49,t3_1fms387,t3_1fms387,florida,grumblestilskin,1727011976,2024-09-22 13:32,3,“Florida is full” do you want more Floridians? Because this is how you get more Floridians,helene,community_discussion,
locxyrt,t3_1fms387,t3_1fms387,florida,JiminyFckingCricket,1727011984,2024-09-22 13:33,8,"Teach abstinence. Neglect lessons on contraception. Discourage a well rounded education. Do nothing to improve wages or the economy for the lower class. Enact harsher prison sentences when that lower class inevitably fucks up.

I see this turning out well for you Florida.",helene,community_discussion,
locy8fv,t3_1fms387,t3_1fms387,florida,Fred_Stuff44325,1727012092,2024-09-22 13:34,9,"Noooo don't tell girls and women about the *options* they might have! Leave them alone so their boyfriends gaslight them to thinking pulling out is effective enough! Oops didn't do it, probably doesn't matter, you can't get pregnant from *one time* .... right?

Besides, condoms don't feel as good :( and my dick is too big to fit ... :( :( :( these are all totally real issues ...

 /s

Imagine no one ever telling you different. What's next? Maybe ban driving tests. What's the point in teaching you how to drive a car? Can't get into an accident if you never drive, just for their own safety. Just say no to driving you road slut.",helene,community_discussion,
locypcg,t3_1fms387,t3_1fms387,florida,randomboi91,1727012279,2024-09-22 13:37,8,"Ah yes, nothing says separation of church and state like forcing youre religious views on state laws",helene,community_discussion,
locyyre,t3_1fms387,t1_locrdtk,florida,Traditional_Key_763,1727012382,2024-09-22 13:39,4,ya but they made them illegal so problem solved.,helene,community_discussion,
locyzl7,t3_1fms387,t3_1fms387,florida,OdocoileusDeus,1727012391,2024-09-22 13:39,3,"Conservatives lie about literally everything they believe, so when they claim they don't want to ban contraceptives keep in mind they don't want people to even know they exist or how to use them.",helene,community_discussion,
locz5cv,t3_1fms387,t1_locudzb,florida,Adept-Ad7334,1727012455,2024-09-22 13:40,4,"Keyword is Lutheran, they're usually more progressive (atleast in relation), Catholic & others tend to be universally deep fried.",helene,community_discussion,
loczgmz,t3_1fms387,t3_1fms387,florida,ExiledUtopian,1727012579,2024-09-22 13:42,7,"They pulled this stuff when I was in school, too.

Now, even though I'm a parent of an elementary-aged kid, many people I went to school with are grandparents already.

The fast-churn generations fuel the military, low wage clerical, and dirty industry, not to mention for-profit prison systems, and--oddly enough--law enforcement as well.",helene,community_discussion,
loczw8s,t3_1fms387,t3_1fms387,florida,Visible_Day9146,1727012746,2024-09-22 13:45,2,"My kids' school never did sex ed. They were supposed to do it LAST YEAR. We signed permission slips and everything. They never got approval from the government to do it. They aren't doing it this year, either. 

I have no issue with teaching him myself, but I'm not a professional, and I don't have the same resources as teachers.",helene,community_discussion,
lod010i,t3_1fms387,t3_1fms387,florida,Conscious-Ad4707,1727012796,2024-09-22 13:46,3,"I dated a girl in Florida who thought STDs were spontaneously created any time two people had sex.


Education matters.",helene,community_discussion,
lod0nt6,t3_1fms387,t3_1fms387,florida,SouthernFrosting6309,1727013000,2024-09-22 13:50,1,Stone Age subjugation,helene,community_discussion,
lod0oac,t3_1fms387,t3_1fms387,florida,SouthernFrosting6309,1727013000,2024-09-22 13:50,1,Stone Age subjugation,helene,community_discussion,
lod0t40,t3_1fms387,t3_1fms387,florida,Able-Contribution601,1727013046,2024-09-22 13:50,1,"Abstain from pragmatism, go balls deep on puritanical hardline moral stances that don't work.",helene,community_discussion,
lod11ll,t3_1fms387,t1_locuru9,florida,Visible_Day9146,1727013119,2024-09-22 13:51,2,"We signed permission slips for sex education *last year* but it never happened because it was never approved by the state. They won't be doing it this year, either.",helene,community_discussion,
lod11a8,t3_1fms387,t1_locuru9,florida,Visible_Day9146,1727013119,2024-09-22 13:51,6,"We signed permission slips for sex education *last year* but it never happened because it was never approved by the state. They won't be doing it this year, either.",helene,community_discussion,
lod12dz,t3_1fms387,t1_locuru9,florida,Visible_Day9146,1727013129,2024-09-22 13:52,1,"We signed permission slips for sex education *last year* but it never happened because it was never approved by the state. They won't be doing it this year, either.",helene,community_discussion,
lod19e7,t3_1fms387,t1_loctasm,florida,lalalicious453-,1727013190,2024-09-22 13:53,52,"Also how to kill women at the same time. Texas is. There’s statistics floating that Texas’s death mortality rate has gone up 56%. In a country that has the highest pregnancy mortality rate in any “developed nation.” Texas shares comparable data to Syria.

We should be ashamed to call it a great nation honestly.

[World FactBook](https://www.cia.gov/the-world-factbook/field/maternal-mortality-ratio/country-comparison/)

[Texas Ban](https://www.nbcnews.com/health/womens-health/texas-abortion-ban-deaths-pregnant-women-sb8-analysis-rcna171631#)",helene,community_discussion,
lod1d3z,t3_1fms387,t1_locuzf4,florida,BikerJedi,1727013224,2024-09-22 13:53,44,"[He is training a militia and real veterans saw that and quit.](https://www.tampabay.com/news/florida-politics/2023/07/14/florida-state-guard-desantis-national-guard-training/)

The ones staying are traitors.",helene,community_discussion,
lod27gk,t3_1fms387,t1_locvfpz,florida,Fred_Stuff44325,1727013521,2024-09-22 13:58,17,"Yes and makes it easier to adult men to groom girls. All these methods they don't want to teach are only ways for girls to protect themselves. After all, this is the state where Epstein lived. I guess as long as you pay them, it's not child rape, it's soliciting prostitution 🤷‍♂️ 

Desantis is not interested in protecting children, only his rich pedophile buddies.",helene,community_discussion,
lod2hvg,t3_1fms387,t1_locz5cv,florida,ikonet,1727013631,2024-09-22 14:00,2,"Missouri Synod, how I was raised, is known for being the most conservative. https://christianityfaq.com/most-conservative-lutheran-synod/

Regardless, it was a strong religious upbringing with daily school prayers and study. I don’t think my experience 50 years ago would happen in any modern Christian school.",helene,community_discussion,
lod2k72,t3_1fms387,t1_locscli,florida,TheShacoSenpai,1727013654,2024-09-22 14:00,7,More STD's is more money flowing through the privatized hospitals too,helene,community_discussion,
lod2khz,t3_1fms387,t1_locscli,florida,ThisGuyIRLv2,1727013657,2024-09-22 14:00,4,There are facts and statistics to back this.,helene,community_discussion,
lod31dt,t3_1fms387,t1_locxb5r,florida,SuperfluousWingspan,1727013834,2024-09-22 14:03,13,"Duh.  Obviously, no one is obligated to have sex.  Abstinence only sex ed is not sex ed, which is entirely separate from that.",helene,community_discussion,
lod3jd1,t3_1fms387,t1_locrdtk,florida,MrSnarf26,1727014021,2024-09-22 14:07,20,This is how you help perpetuate your cheap labor class.,helene,community_discussion,
lod3q8b,t3_1fms387,t3_1fms387,florida,Kels121212,1727014094,2024-09-22 14:08,1,"Take away abortions and then take away education to prevent pregnancy. Hmm, it seems I was right all along. This pro life government stance is not about life but about control. Control over women. And you pro life government stancers are just being sheep.",helene,community_discussion,
lod43rq,t3_1fms387,t3_1fms387,florida,PreviousAvocado9967,1727014235,2024-09-22 14:10,3,"Limiting abortion access and expanding permit less gun carry are what I call the high income educated worker repellent. 

You are dooming your economy to be a hub of income inequality, education inequality and a leader in uninsured workers like Texas. 

Wealthy couples who can fund higher quality k-12 school systems have zero interest raising kids in states where they are most likely to get the call that they're the next Marjorie Stoneman Douglas or that they have to buy Airlift insurance aka we have to fly you out of the state immediately for an emergency abortion. Idaho doctors now strongly discourage pregnant women from visiting their state without this separate insurance policy because the cost of these emergency flights to the nearest blue state can exceed $50k..

DeSantis never campaigned on making Florida a bigger version of Alabama and Idaho for  his second and final term. He waited until he was term limited out of office to push this Jerry Falwell evangelical agenda sponsored by the NRA. Had he actually campaigned on this agenda in 2018 when he won by barely 0.09% of the vote the Democrat Gillum would have won and Florida doesn't tie Texas for most gerrymandered state 2020 to the present. And without those 2020 redistricting maps that Ronnie personally drew up we probably have a significant more moderate state of affairs where Florida is still a major swing state prize.",helene,community_discussion,
lod44m4,t3_1fms387,t1_locvlhy,florida,breadymcfly,1727014243,2024-09-22 14:10,1,The #1 cause of crime is poor upbringing. It's correlation.,helene,community_discussion,
lod45tp,t3_1fms387,t1_locqtlu,florida,InformalTrifle9,1727014256,2024-09-22 14:10,4,Reckless*,helene,community_discussion,
lod4btr,t3_1fms387,t3_1fms387,florida,Internal_Blueberry97,1727014320,2024-09-22 14:12,1,Florida - The Freedom State.  Where you are free to do exactly as Ron DeSantis tells you to.,helene,community_discussion,
lod4k5m,t3_1fms387,t1_lod2hvg,florida,Adept-Ad7334,1727014406,2024-09-22 14:13,1,Noooooo I'm sorry 😭,helene,community_discussion,
lod4sa8,t3_1fms387,t1_lod12dz,florida,Gloomy_Yoghurt_2836,1727014490,2024-09-22 14:14,5,State will.never approve anything except abstinence. It's run by Christian conservatives. So what they want is what the rest of us have to live with.,helene,community_discussion,
lod558q,t3_1fms387,t1_locwxwb,florida,The_Goondocks,1727014624,2024-09-22 14:17,3,Yep.,helene,community_discussion,
lod5n4l,t3_1fms387,t1_locsmql,florida,_Enemias_,1727014807,2024-09-22 14:20,-70,It might be because he indulged in an act that leads to children.,helene,community_discussion,
lod6j7p,t3_1fms387,t3_1fms387,florida,BWWFC,1727015133,2024-09-22 14:25,1,"did i just wake up in the mid 19th century?  shit gettin' weird.  like, haven't we made ALL of these mistakes before?   
we didn't we learn anything??",helene,community_discussion,
lod6wjw,t3_1fms387,t3_1fms387,florida,ra3ra31010,1727015267,2024-09-22 14:27,5,What the fuck!!!!!!!!!!!!!!!!!!!!!!!!!!!!!!!!!! Florida isn’t safe for children,helene,community_discussion,
lod73ey,t3_1fms387,t1_lod4btr,florida,_Enemias_,1727015337,2024-09-22 14:28,-2,Or maybe its because the state wants to let the parents handle that? Why are you all so obsessed with the state teaching morals to kids.,helene,community_discussion,
lod7ahq,t3_1fms387,t3_1fms387,florida,Ashwaganda2,1727015407,2024-09-22 14:30,1,Depressing. 🤦🏼‍♀️,helene,community_discussion,
lod7p6s,t3_1fms387,t3_1fms387,florida,Bdowns_770,1727015554,2024-09-22 14:32,1,Are they trying to make teen pregnancy a thing again?,helene,community_discussion,
lod7q3c,t3_1fms387,t3_1fms387,florida,GreatGameMate,1727015563,2024-09-22 14:32,2,"Should be encouraging abstinence and informing students on how to safely protect themselves if they do decide to do it. If people wanna do it they are gonna do it, especially kids. “Not appropriate for the age” is crazy, especially in high school. WHEN SHOULD THEY BE INFORMED?? Most people start to get sexually active in HS.",helene,community_discussion,
lod8fu8,t3_1fms387,t3_1fms387,florida,lamerthanfiction,1727015819,2024-09-22 14:36,1,"Went to high school in Florida 2006-2010 and our sex education program was called “Pants on for Safety” 

It seems we only go backwards",helene,community_discussion,
lod8ns3,t3_1fms387,t1_locrdtk,florida,Clean_Purchase_3766,1727015898,2024-09-22 14:38,2,💯,helene,community_discussion,
lod8wsx,t3_1fms387,t1_lod5n4l,florida,SupremeLeaderKatya,1727015986,2024-09-22 14:39,65,"Wild how there are things that can prevent the children part. Perhaps if he was educated at the time, it wouldn’t have occurred.",helene,community_discussion,
lod8xqv,t3_1fms387,t1_locqtlu,florida,Clean_Purchase_3766,1727015995,2024-09-22 14:39,3,💯,helene,community_discussion,
lod937w,t3_1fms387,t1_locscli,florida,vxicepickxv,1727016050,2024-09-22 14:40,0,">Abstinence does nothing

So, I think your phrasing with this is a bit off.

Abstinence only education does nothing.

Abstinence itself is really good at preventing unwanted pregnancies, abortions, and STDs.",helene,community_discussion,
lod96av,t3_1fms387,t1_locxb5r,florida,xdeltax97,1727016081,2024-09-22 14:41,7,"Yup,  it when it is the *only* option the. It is not sex ed.",helene,community_discussion,
lod9epf,t3_1fms387,t1_lod937w,florida,xdeltax97,1727016162,2024-09-22 14:42,5,"Abstinence only was my intended wording, I’ve amended it in my comment. I did not realize it was not there.",helene,community_discussion,
lod9fxo,t3_1fms387,t1_lod19e7,florida,LadyReika,1727016174,2024-09-22 14:42,28,Look at what happened to the two women in Georgia recently. This shit is just going to get worse the longer we let the GOP stay in power.,helene,community_discussion,power
lod9qlt,t3_1fms387,t3_1fms387,florida,PoisonIdea77,1727016281,2024-09-22 14:44,5,"I went to a conservative Christian school that taught abstinence only (Florida). Around senior year, we had many, many pregnancies. They got married super early and divorced a few years later. Their lives were turned upside down and it affected their ability to continue their education and careers. Pretty sad.",helene,community_discussion,
lod9qsx,t3_1fms387,t3_1fms387,florida,clinton_thunderfunk,1727016283,2024-09-22 14:44,1,"Yea our rival high school has expanded their day care facilities for students so that’s cool.
They’ve never not taught abstinence since I was an elementary school student back in 97",helene,community_discussion,
lod9tl1,t3_1fms387,t3_1fms387,florida,MelloMolly,1727016309,2024-09-22 14:45,1,"**FAILED REPUBLICAN STATE**

*Floorduh*",helene,community_discussion,
lod9ves,t3_1fms387,t1_lod73ey,florida,clearliquidclearjar,1727016327,2024-09-22 14:45,5,Teaching people how reproduction works and ways to prevent it isn't teaching morals.,helene,community_discussion,
lod9y8a,t3_1fms387,t3_1fms387,florida,Heynony,1727016354,2024-09-22 14:45,1,That'll work just fine.,helene,community_discussion,
loda1ew,t3_1fms387,t1_lod9tl1,florida,MelloMolly,1727016386,2024-09-22 14:46,1,"**20+ Years in political power, we’ve went way way backwards, use to the ads backwards and that’s why they like and thrive for it**",helene,community_discussion,power
loda3cv,t3_1fms387,t1_locteht,florida,LadyReika,1727016405,2024-09-22 14:46,10,"I'm an 80s kid, so grew up dealing with the DARE bullshit. The parties they put on often had plenty of dealers on the sidelines and they weren't pushy at all. They just waited for people to go to them.

I had zero interest because I'd seen what drugs and alcohol did to relatives.",helene,community_discussion,
lodbeba,t3_1fms387,t1_locqdhf,florida,TotalInstruction,1727016855,2024-09-22 14:54,15,More cheap expendable labor for the mines.,helene,community_discussion,
lodbm8i,t3_1fms387,t3_1fms387,florida,TotalInstruction,1727016931,2024-09-22 14:55,3,I’m not sure why people are so deadset on this place becoming a poor version of Texas.,helene,community_discussion,
lodbwti,t3_1fms387,t3_1fms387,florida,so-rayray,1727017032,2024-09-22 14:57,1,Suuuuuuuure — because that method worked *so well* in the past. FFS.,helene,community_discussion,
lodc7ut,t3_1fms387,t3_1fms387,florida,GrannyMine,1727017134,2024-09-22 14:58,1,Teaching abstinence to teen girls is going to make Matt Gaetz very mad.😡,helene,community_discussion,
lodc9ke,t3_1fms387,t3_1fms387,florida,Royal-Original-5977,1727017150,2024-09-22 14:59,1,"The core of our issues - education. People lacking basic skills because basic knowledge was changed, so you got a whole bunch of people not knowing what they should because the education's been altered. Like a chemist, "" oh, I'm out of the good stuff, instead of going out to find or make more, I'll just use the cheaper knockoff ingredients; they look the same, so sure it'll do the same thing""",helene,community_discussion,
lodd5ng,t3_1fms387,t1_locub9x,florida,Publius82,1727017449,2024-09-22 15:04,4,"Not as many these days, and they need to be better educated",helene,community_discussion,
lode60u,t3_1fms387,t1_locqdhf,florida,Jarcoreto,1727017794,2024-09-22 15:09,9,"My theory is that to mitigate the inevitable massive inflation if they close the border to cheap labor, their plan is to force people to give birth by outlawing abortion and birth control. Seems ridiculous right? Right!?",helene,community_discussion,
loden7t,t3_1fms387,t1_locw7wo,florida,HorseNspaghettiPizza,1727017953,2024-09-22 15:12,2,This one never gets old for some reason,helene,community_discussion,
lodeqpy,t3_1fms387,t1_lod5n4l,florida,TobyFunkeNeverNude,1727017987,2024-09-22 15:13,30,"Who the fuck ever tried to argue against that? It's hilarious whenever anti science folks try to flex their scientific knowledge, especially when it has nothing to with the fucking argument at hand",helene,community_discussion,
lodexh5,t3_1fms387,t3_1fms387,florida,Horsesrgreat,1727018052,2024-09-22 15:14,1,"Yeah, that ought to work out well 😒",helene,community_discussion,
lodf57v,t3_1fms387,t3_1fms387,florida,ted-clubber-lang,1727018125,2024-09-22 15:15,1,"Florida's teen birth rate was 13.1 births per 1,000 females ages 15–19.",helene,community_discussion,
lodfo6m,t3_1fms387,t3_1fms387,florida,Investigator516,1727018301,2024-09-22 15:18,2,This is how Florida turns blue.,helene,community_discussion,
lodg9id,t3_1fms387,t3_1fms387,florida,ninetiesbby,1727018499,2024-09-22 15:21,1,"I went to Duval county public schools (Jacksonville). Sex ed and health classes were in 5th-8th grade which was 2005-2010 for me. I don’t remember being taught contraception, but mainly abstinence and I remember one anti-porn assembly in middle school which made it seem like watching porn was a criminal act lol",helene,community_discussion,
lodgcjw,t3_1fms387,t3_1fms387,florida,Responsible_Ad_7995,1727018528,2024-09-22 15:22,1,"These bible thumping christo-fascists are dismantling the state piece by piece. You want your kid to go to Christian school where they can learn about your imaginary friend in the sky, feel free to pay for that. Leave everyone else’s kids out of your fucking cult.",helene,community_discussion,
lodgg5h,t3_1fms387,t3_1fms387,florida,AmaiGuildenstern,1727018562,2024-09-22 15:22,4,"You're creating the conditions for impoverished and unwanted children, who will suffer miserable lives, who will be untended and unprotected from sexual predators, who will be living in cars and extended stay hotels, who will be despised by the very society that did everything in its power to bring them into creation.

It's not funny anymore. Florida is a profoundly evil state. This is pure malice. It's evil. I don't believe in Satan but if I did, this is the kind of shit Satan would do.",helene,community_discussion,power
lodggqm,t3_1fms387,t3_1fms387,florida,adfuel,1727018567,2024-09-22 15:22,1,Do both,helene,community_discussion,
lodgnvc,t3_1fms387,t1_lod5n4l,florida,AmaiGuildenstern,1727018634,2024-09-22 15:23,25,"No shit, children do that. That's why we have to teach children the consequences of their actions.",helene,community_discussion,
lodgt0b,t3_1fms387,t3_1fms387,florida,Fit_Relationship1094,1727018681,2024-09-22 15:24,1,"The average age an American loses their virginity is 17 years old. This is the average regardless of gender, religion or home state. 

Studies have shown that comprehensive sex education,  including human anatomy,  physical development, explaining how a baby is made and birthed, and how to prevent STDs and pregnancy, all contribute to young people delaying the onset of sexual activity. 

The earliest onset of sexual activity, at age 12,  occurred in 6% of the population and was generally children raised in one parent homes. This is why age appropriate sex education is necessary from 5th grade onwards. To help children protect themselves.",helene,community_discussion,
lodhe5x,t3_1fms387,t1_locv42v,florida,AmaiGuildenstern,1727018874,2024-09-22 15:27,8,"That's really the goal, yes. Religious people think it's keeping kids innocent, but these people are rubes. Suckers. It's keeping kids ignorant, and ignorant kids are the ones you exploit. It's pure motherfucking evil.",helene,community_discussion,
lodhfwo,t3_1fms387,t1_locrdtk,florida,LivingMemento,1727018890,2024-09-22 15:28,3,And STIs,helene,community_discussion,
lodhng4,t3_1fms387,t3_1fms387,florida,deJuice_sc,1727018961,2024-09-22 15:29,1,and this is how you know they're using children to press and advance political agendas.,helene,community_discussion,
lodhz3e,t3_1fms387,t1_locxy49,florida,AmaiGuildenstern,1727019065,2024-09-22 15:31,3,"It's okay, these babies won't be taking up housing. They'll be living in cars and extended stay hotels.",helene,community_discussion,
lodibqp,t3_1fms387,t3_1fms387,florida,Holiday-Book6635,1727019177,2024-09-22 15:32,1,"And Fla is so stupid, they will continue to vote red.",helene,community_discussion,
lodij17,t3_1fms387,t1_lod96av,florida,Myhtological,1727019243,2024-09-22 15:34,-2,Yeah nice subtle edit of your original comment,helene,community_discussion,
lodir5z,t3_1fms387,t1_loctasm,florida,Alissinarr,1727019316,2024-09-22 15:35,12,"Now, now, we'll also start seeing articles on finding young pregnant women who have: performed coat-hanger abortions, committing suicide, being kicked out/ becoming homeless, and **dying in childbirth** but that's by design. ***It's the early stages of their under-the-table eugenics. Obviously those women's' genes weren't strong enough.....***",helene,community_discussion,
lodirg6,t3_1fms387,t1_lod5n4l,florida,Audrin,1727019319,2024-09-22 15:35,10,As will most children if not properly educated to do so in a safe and appropriate manner.,helene,community_discussion,
lodje7f,t3_1fms387,t1_locvlhy,florida,zerobeat,1727019524,2024-09-22 15:38,13,"Abortions still happen. They happen elsewhere or they happen unsafely, but they still happen.",helene,community_discussion,
lodjidu,t3_1fms387,t1_locv42v,florida,TheWizardOfDeez,1727019561,2024-09-22 15:39,6,"Yup, they scream about schools being indoctrination centers then turn them into Christian indoctrination centers. You know, I went through the public school system and university inside the Florida public school system and not once did any teacher at any level tell me how I should vote nor advocate for any religion. Crazy how that was already illegal without destroying the whole system huh",helene,community_discussion,
lodjptl,t3_1fms387,t1_lodje7f,florida,Stop_icant,1727019627,2024-09-22 15:40,8,"I don’t disagree, but that does not change the fact that teaching abstinence leads to more babies.",helene,community_discussion,
lodk2a1,t3_1fms387,t3_1fms387,florida,[deleted],1727019735,2024-09-22 15:42,1,[removed],helene,community_discussion,
lodk2rn,t3_1fms387,t3_1fms387,florida,fiduciary420,1727019740,2024-09-22 15:42,1,"Christians are society’s enemy, y’all",helene,community_discussion,
lodk83m,t3_1fms387,t3_1fms387,florida,RepulsiveRooster1153,1727019786,2024-09-22 15:43,1,then you gonna have incel publicans. what's the downside to less publicans?,helene,community_discussion,
lodkb3x,t3_1fms387,t3_1fms387,florida,Minute-Novel2783,1727019813,2024-09-22 15:43,1,This state is truly fucked but no is doing anything about it but bitching... at least I'm out there trying to make a difference,helene,community_discussion,
lodke2f,t3_1fms387,t1_locub9x,florida,fiduciary420,1727019841,2024-09-22 15:44,43,"It also creates conservatives because young men won’t be getting laid, when women decide to  abstain, making it easy to manipulate the young men into violent incels who obey rich christians.",helene,community_discussion,
lodkfm4,t3_1fms387,t3_1fms387,florida,HotCowPie,1727019855,2024-09-22 15:44,1,Holy fuck we are going backwards,helene,community_discussion,
lodkg4o,t3_1fms387,t1_lodjptl,florida,zerobeat,1727019860,2024-09-22 15:44,13,"Yeah, with the cruelest results. No good life results from being an unwanted child, be it due to medical issues, unaffordability, or just people not ready to be parents. How fucking cruel the state is intentionally being and how fucking awful are the people that openly, eagerly support this.",helene,community_discussion,
lodl938,t3_1fms387,t1_lod1d3z,florida,fiduciary420,1727020120,2024-09-22 15:48,23,Republicans are dog shit for real,helene,community_discussion,
lodlvu5,t3_1fms387,t1_lod9fxo,florida,fiduciary420,1727020314,2024-09-22 15:51,17,This is why the rich christians will do literally anything to maintain republican control. We have to start blaming christians for what republicans are doing to us.,helene,community_discussion,
lodmedn,t3_1fms387,t1_lodjidu,florida,Ok-Cartoonist7317,1727020470,2024-09-22 15:54,3,"Yes, that’s so true! I even remember my science teacher basically saying he was required by the state to teach us creationism along side evolution. Teachers are the ones protecting kids from all the political drama.",helene,community_discussion,
lodmop7,t3_1fms387,t1_loctasm,florida,VroomVroomCoom,1727020553,2024-09-22 15:55,4,"And those prisons will hire those inmates, paying them minimum wage at McDonald's. Imagine your complaint about your fries netting someone in solitary.",helene,community_discussion,
lodmrqs,t3_1fms387,t3_1fms387,florida,Old-Bat-7384,1727020579,2024-09-22 15:56,1,"Ah, abstinence. The Maginot Line of sex education.",helene,community_discussion,
lodngtr,t3_1fms387,t1_lodlvu5,florida,itsarmida,1727020790,2024-09-22 15:59,15,The religious extremists of America are digging in to take over. Their great again is pre-1960's. They've been dismantling the separation of church and state for decades now. Owning land and building on it tax free. They tread on the rest of us.,helene,community_discussion,
lodnsne,t3_1fms387,t3_1fms387,florida,fullload93,1727020895,2024-09-22 16:01,1,As a former student who went to a private Catholic school in Florida…. They not only taught us about abstinence but ALSO taught us about contraception and how it’s important to us with your wife.,helene,community_discussion,
lodnvta,t3_1fms387,t1_loctasm,florida,kyel566,1727020923,2024-09-22 16:02,2,Also how you get more people on welfare having unwanted pregnancies. Oh but they will cut all welfare programs also,helene,community_discussion,
lodo6vw,t3_1fms387,t1_locrdtk,florida,usernamechecksout67,1727021023,2024-09-22 16:03,3,"What was wrong with teen pregnancies that we had back in my days? You get knocked up you get married and bam you have a church going family dumb as a rock, providing cheap labor to society with no expectations.",helene,community_discussion,
lodoqnq,t3_1fms387,t1_locsdtd,florida,Publius82,1727021194,2024-09-22 16:06,3,This is 100% the modus operandi of the GOP. The betterment of society is not even a consideration.,helene,community_discussion,
lodp44j,t3_1fms387,t1_lodngtr,florida,fiduciary420,1727021312,2024-09-22 16:08,12,"And if we speak against their vile christian bullshit, they cry “bigot!!”.

I will never trust or respect any christian ever again.",helene,community_discussion,
lodpsw4,t3_1fms387,t3_1fms387,florida,[deleted],1727021527,2024-09-22 16:12,1,[removed],helene,community_discussion,
lodpu6o,t3_1fms387,t1_lod5n4l,florida,ghenis_keniz,1727021538,2024-09-22 16:12,18,"Oh man, it’s almost as if it could have been prevented 🤡",helene,community_discussion,
lodq7t6,t3_1fms387,t1_locub9x,florida,AltoidStrong,1727021658,2024-09-22 16:14,2,How very Russian of them.... More for the meat grinder.,helene,community_discussion,
lodqezp,t3_1fms387,t1_lodmedn,florida,TheWizardOfDeez,1727021719,2024-09-22 16:15,3,"I think I had maybe one politically vocal teacher, his politics were that all politicians were shit bags.",helene,community_discussion,
lodqh4q,t3_1fms387,t1_lodgt0b,florida,Cold-Lawyer-1856,1727021737,2024-09-22 16:15,2,"Not to mention that children need to know about sex in general from a YOUNG age.


They need to be able to report abuse and if theyre ignorant of sex, will be unable to communicate they have been abused",helene,community_discussion,
lodr2cz,t3_1fms387,t3_1fms387,florida,Sea_Home_5968,1727021917,2024-09-22 16:18,1,More kids. More misplaced govt funding for private institutions,helene,community_discussion,
lodreoz,t3_1fms387,t3_1fms387,florida,HappyCamper2121,1727022018,2024-09-22 16:20,1,This is just wrong. What a terrible disservice to those children and to society at large. Whoever keeps backing this BS should be ashamed.,helene,community_discussion,
lodrszs,t3_1fms387,t1_lod5n4l,florida,12ottersinajumpsuit,1727022136,2024-09-22 16:22,6,"Damn, those sure were words.

Next time though, try and make something useful with them",helene,community_discussion,
lods2r6,t3_1fms387,t3_1fms387,florida,StopLookListenNow,1727022217,2024-09-22 16:23,1,"Because ""Just Say No"" always works, right?",helene,community_discussion,
lodsdf5,t3_1fms387,t1_loda3cv,florida,Several_Leather_9500,1727022305,2024-09-22 16:25,8,I hadn't been exposed to any of that until DARE came to my school. The officer had a briefcase full of different drugs and told us about each one and what it does. It actually peaked my curiosity as they made drugs sound appealling.,helene,community_discussion,
lodsplo,t3_1fms387,t1_lod73ey,florida,HistoricalSong359,1727022399,2024-09-22 16:26,3,"It's not morality, it's a fact of life and important to understand completely. And many parents won't talk about it at all. It is one of the most important topics to teach. It's not a boogeyman! It's just how it all works!!! FFS ",helene,community_discussion,
lodssmv,t3_1fms387,t1_loctasm,florida,Buddhabellymama,1727022423,2024-09-22 16:27,4,100% and how you control women.,helene,community_discussion,
lodt0kj,t3_1fms387,t1_lodl938,florida,myfapaccount_istaken,1727022484,2024-09-22 16:28,17,Except people are kind enough to willingly pick up Dog Shit (Usually) when walking their dog. I wouldn't pick up a republican if you paid me.,helene,community_discussion,
lodth3c,t3_1fms387,t3_1fms387,florida,East-Teacher7155,1727022613,2024-09-22 16:30,1,…WHAT????,helene,community_discussion,
lodtnno,t3_1fms387,t1_lod5n4l,florida,East-Teacher7155,1727022664,2024-09-22 16:31,9,If only he had been educated about the children-stopper,helene,community_discussion,
lodttrj,t3_1fms387,t1_lod19e7,florida,myfapaccount_istaken,1727022710,2024-09-22 16:31,6,"Your stat of 56% had me REALLY concerned for a second. So I checked your sources. Is looks like they might have said % at first and corrected it yesterday.   Also the number is closer to 18 not 56, but that fact that the increase is as much (4) as it it is still alarming 

>CORRECTION (Sept. 21, 2024, 8:17 a.m. ET): A previous version of this article misstated the maternal mortality rates by demographic. The figures represent the number per 100,000 live births, not percentages.",helene,community_discussion,
lodu8uu,t3_1fms387,t1_lodttrj,florida,lalalicious453-,1727022831,2024-09-22 16:33,4,"Yeah I worded it vaguely since I have seen updates and know it’s a working stat, but the point being the ban kills women is still there.",helene,community_discussion,
lodv421,t3_1fms387,t1_lodu8uu,florida,myfapaccount_istaken,1727023083,2024-09-22 16:38,5,"And I see now you said it went up 56% I read it as ""Their death mortality rate has gone UPTO 56%"".  so my bad as well.",helene,community_discussion,
lodv4ez,t3_1fms387,t3_1fms387,florida,Regular_Tell5133,1727023086,2024-09-22 16:38,1,They’ve been doing this kind of sex ed since I was in middle school and I can tell you it did not work nor did it prevent anything,helene,community_discussion,
lodvhb3,t3_1fms387,t1_lodv421,florida,lalalicious453-,1727023190,2024-09-22 16:39,3,"I appreciate your viewing in on the numbers, I definitely tend to read these things more in the overall social/humanity trend and will admit that pinpointing the actual numbers aren’t a big skill of mine!",helene,community_discussion,
lodvkl9,t3_1fms387,t3_1fms387,florida,DocBrutus,1727023216,2024-09-22 16:40,1,Nice to see that sex ed hasn’t changed from when I was in school in the 80s/90s. Abstinence education is ass backwards.,helene,community_discussion,
lodw811,t3_1fms387,t3_1fms387,florida,SoldierGame,1727023411,2024-09-22 16:43,1,"[https://www.vote.org/](https://www.vote.org/)

check your registration. make a plan to vote. research candidates.",helene,community_discussion,
lodwuji,t3_1fms387,t3_1fms387,florida,Next-Ad-1712,1727023603,2024-09-22 16:46,1,"Sex ed in Florida is already abstinence only and has been for years. They showed us a bunch of pictures of genitals with warts and rashes and whatever and told us the only way to prevent it was to not have sex. I think the exact line was something like ""The only method with 100% safety is abstinence"". Basically told us condoms and birth control pills can't be trusted.",helene,community_discussion,
lodydst,t3_1fms387,t1_locsk2e,florida,puppylust,1727024078,2024-09-22 16:54,18,"Plus this prevents learning about the other parts of safe sex - consent, the fact that sex should be fun and not painful, etc. 

Mainstream porn keeps getting more violent. I feel old writing this, but it's not the Internet porn and softcore cinemax we grew up with. Teens are engaging in more rough sex because of these influences and that's not ok. 

We should be teaching them about condoms, pregnancy tests, ongoing consent, personal hygiene to reduce UTIs and yeast infections. 

Abstinence is a farce.",helene,community_discussion,
lodyw0f,t3_1fms387,t3_1fms387,florida,devospice,1727024232,2024-09-22 16:57,1,"Sure, why not.  That has always worked so well in the past.",helene,community_discussion,
lodzxfb,t3_1fms387,t1_locrdtk,florida,ILikeNeurons,1727024557,2024-09-22 17:02,12,"And also more rape

R/stoprape",helene,community_discussion,
loe0rta,t3_1fms387,t3_1fms387,florida,Fantastic-Long8985,1727024817,2024-09-22 17:06,1,So glad I got out of there. Way better off in a blue state,helene,community_discussion,
loe2w9q,t3_1fms387,t3_1fms387,florida,cyrenns,1727025456,2024-09-22 17:17,1,Vote yes on amendment 4.,helene,community_discussion,
loe2xpf,t3_1fms387,t3_1fms387,florida,cyrenns,1727025467,2024-09-22 17:17,1,Vote yes on amendment 4.,helene,community_discussion,
loe4qd7,t3_1fms387,t3_1fms387,florida,bde959,1727025997,2024-09-22 17:26,1,Good grief these kids know what sex is but just watching movies.  Can we please give them all the information they need?,helene,community_discussion,
loe9czy,t3_1fms387,t3_1fms387,florida,jgbuenos,1727027323,2024-09-22 17:48,1,"they keep going back to an empty well, abstinence education increases pregnancy rates-look it
up .",helene,community_discussion,
loea2j7,t3_1fms387,t3_1fms387,florida,Hathorym,1727027527,2024-09-22 17:52,3,Can't discuss sexual consent? This just continues the long list of asinine Florida public policy. Fuck Ron DeSantis.,helene,community_discussion,
loeaz9p,t3_1fms387,t3_1fms387,florida,flatrocked,1727027789,2024-09-22 17:56,3,"Ban abortions, discourage contraception, get more babies, then cut the support to help those moms and kids.  The GOP way.",helene,community_discussion,
loeggnf,t3_1fms387,t3_1fms387,florida,Icy-Pin-8226,1727029413,2024-09-22 18:23,1,"Highly irresponsible in a state that has the third highest HIV infected population in the country. 


This will also shame teenagers who deviated from abstinence and will bring back black market abortions. It will bring back the days of young gay men being forced to explore their sexuality in unsafe ways such as 'cruising.' 


Why is this being slid under our noses and why is this continued to be allowed in our state? 


We cannot be this stupid. ",helene,community_discussion,
loegoda,t3_1fms387,t1_locuzf4,florida,Legitimate_Ad1144,1727029476,2024-09-22 18:24,6,“Herr Meatball” I’m dying 😂🤣😂🤣‼️,helene,community_discussion,
loegue5,t3_1fms387,t3_1fms387,florida,EinKleinesFerkel,1727029527,2024-09-22 18:25,1,Ok... send all chuld support bills yo Ron DeIdiot,helene,community_discussion,
loehieo,t3_1fms387,t1_lod7q3c,florida,Icy-Pin-8226,1727029731,2024-09-22 18:28,1,Besides they are just a few years from adulthood. We are just letting them walk out knowing nothing of the real world?,helene,community_discussion,
loendsm,t3_1fms387,t1_locrdtk,florida,mag2041,1727031520,2024-09-22 18:58,1,Yep,helene,community_discussion,
loenf0h,t3_1fms387,t3_1fms387,florida,mag2041,1727031530,2024-09-22 18:58,1,![gif](giphy|QMHoU66sBXqqLqYvGO),helene,community_discussion,
loeo6q7,t3_1fms387,t1_loctasm,florida,wakeupneverblind,1727031759,2024-09-22 19:02,2,remember the prison system is a business.,helene,community_discussion,
loer8fz,t3_1fms387,t3_1fms387,florida,Radiant-Disaster-618,1727032666,2024-09-22 19:17,1,"When dumb is not enough, ya' gotta go with dumber.  Like preaching ""just don't eat"" to cure obesity.",helene,community_discussion,
loeriqf,t3_1fms387,t1_loeo6q7,florida,The_Goondocks,1727032753,2024-09-22 19:19,2,"Oh, I haven't forgotten",helene,community_discussion,
loew9cw,t3_1fms387,t1_lodpu6o,florida,bam1007,1727034176,2024-09-22 19:42,6,Something contrary to conception? If only there were a word for that! 🤔,helene,community_discussion,
loewrgw,t3_1fms387,t3_1fms387,florida,Sniper_Hare,1727034327,2024-09-22 19:45,1,"We need to turn Florida Blue.


Local and federal positions, put Progressive Democrats in charge for two decades and fix all this mess. ",helene,community_discussion,
lof05b1,t3_1fms387,t1_lodke2f,florida,AccomplishedBrain309,1727035345,2024-09-22 20:02,1,That's a stretch but the population is crashing so a growth economy wont be around for long.,helene,community_discussion,
lof0si2,t3_1fms387,t1_locrdtk,florida,wakejedi,1727035538,2024-09-22 20:05,1,Slave class too,helene,community_discussion,
lof13rp,t3_1fms387,t1_locrdtk,florida,Maleficent-Farm9525,1727035634,2024-09-22 20:07,2,More labor into the workforce.   Instead of creating an emviroment where two consenting adults can afford to housing and stability making it easier to have kids.,helene,community_discussion,
lofbsen,t3_1fms387,t3_1fms387,florida,VampArcher,1727038954,2024-09-22 21:02,1,"God, I swear we'll all be dead by the time we're finally done having the anti-abortion/anti-sex ed debate. Teens love to have sex, half of them are already hooked on porn by the time they make it to high school. 

This debate only exists because right-wing politicians want more teen pregnancies to continue the cycle of poverty and thus birth more right-wing voters, because educated people who believe in birth control won't vote for them.",helene,community_discussion,
lofdmnf,t3_1fms387,t1_lodt0kj,florida,BikerJedi,1727039551,2024-09-22 21:12,4,"Wow. That is harsh. Deservedly so, but harsh.",helene,community_discussion,
lofe8j4,t3_1fms387,t3_1fms387,florida,Silent-Ad-8887,1727039753,2024-09-22 21:15,1,"In remember the fear mongering, I was like what about just using protection. I was very much not liked by instructors",helene,community_discussion,
lofhiv8,t3_1fms387,t1_locyyre,florida,Adventurous-Flan2716,1727040838,2024-09-22 21:33,3,Just like saying climate change in FL government documents - problem also solved. /s 🤦,helene,community_discussion,
lofjhnu,t3_1fms387,t1_lod73ey,florida,Adventurous-Flan2716,1727041477,2024-09-22 21:44,1,And what happens when the parents DON'T handle that? ,helene,community_discussion,
lofkyfy,t3_1fms387,t3_1fms387,florida,BusStopKnifeFight,1727041974,2024-09-22 21:52,1,Because kids won't find out about them otherwise.,helene,community_discussion,
lofl2um,t3_1fms387,t1_locub9x,florida,BusStopKnifeFight,1727042016,2024-09-22 21:53,2,Except that all these extra bodies get to vote out the clowns that think they can keep this stuff in place long after they are dead,helene,community_discussion,
loflshw,t3_1fms387,t3_1fms387,florida,ayatollahofdietcola_,1727042262,2024-09-22 21:57,1,It’s almost as if we have unrealistic expectations,helene,community_discussion,
lofmb34,t3_1fms387,t1_loctasm,florida,inflatableje5us,1727042438,2024-09-22 22:00,3,well its not like they are going to be learning anything useful in school.,helene,community_discussion,
lofneqy,t3_1fms387,t3_1fms387,florida,HearthSaer,1727042828,2024-09-22 22:07,1,"Went to middle school in Florida, I'll never forget laughing at the two people desperately trying to convince a room full of teenagers that condoms are only 99% effective & the pill is only 98% effective so the risk isn't worth it, just fully abstain.",helene,community_discussion,
lofpjjt,t3_1fms387,t1_locrdtk,florida,hopeless-hobo,1727043576,2024-09-22 22:19,1,And prom night dumpster babies,helene,community_discussion,
lofsewo,t3_1fms387,t1_loew9cw,florida,LeastAd9721,1727044583,2024-09-22 22:36,3,Wait! Wait! What if the guy put a balloon or something before they got down?,helene,community_discussion,
loftzma,t3_1fms387,t3_1fms387,florida,MysteriousTooth2450,1727045139,2024-09-22 22:45,1,This is the way they taught me 40 years ago.  Wtf.  Are they still so stupid? These lawmakers weren’t abstinate anymore than any other generation has been or will be.  Parents teach your children.,helene,community_discussion,
log48q3,t3_1fms387,t3_1fms387,florida,Difficult-Equal9802,1727048793,2024-09-22 23:46,1,It's about increasing the birth rate. Someone is listening to Elon musk.,helene,community_discussion,
log5242,t3_1fms387,t3_1fms387,florida,coreyosb,1727049098,2024-09-22 23:51,1,Oh I’ve seen this one before! You’ll never guess how it ends,helene,community_discussion,
locpa5m,t3_1fms3gk,t3_1fms3gk,florida,honeybakedman,1727008211,2024-09-22 12:30,27,"tourists
eyesore
beachless
traffic",helene,community_discussion,
locqboa,t3_1fms3gk,t3_1fms3gk,florida,jjglass535,1727008698,2024-09-22 12:38,1,Traffic,helene,community_discussion,
locqcoc,t3_1fms3gk,t3_1fms3gk,florida,efequalma,1727008712,2024-09-22 12:38,5,"Where sunshine, retirees, and alligators meet wild headlines daily.",helene,community_discussion,
locqmxj,t3_1fms3gk,t3_1fms3gk,florida,Various-Care5713,1727008845,2024-09-22 12:40,2,I don’t fit in,helene,community_discussion,
locqy7z,t3_1fms3gk,t3_1fms3gk,florida,EyeIsOnTheSparrow,1727008990,2024-09-22 12:43,12,Manatees and retirees,helene,community_discussion,
locqym6,t3_1fms3gk,t3_1fms3gk,florida,NathanJax,1727008995,2024-09-22 12:43,21,Duuuuuuval!!!,helene,community_discussion,
locref5,t3_1fms3gk,t3_1fms3gk,florida,DaytonaDave,1727009195,2024-09-22 12:46,3,When it rains it floods Teen age mayor,helene,community_discussion,
locrpgr,t3_1fms3gk,t3_1fms3gk,florida,Personal_Pop_9226,1727009332,2024-09-22 12:48,8,"Crack capital, Ave D, Nuclear Plant, inlet, boring, beach,  US1",helene,community_discussion,
locry1z,t3_1fms3gk,t3_1fms3gk,florida,813_4ever,1727009440,2024-09-22 12:50,20,“This isn’t a real Cuban Sandwich”,helene,community_discussion,
locs6fr,t3_1fms3gk,t3_1fms3gk,florida,DestregaKnight,1727009542,2024-09-22 12:52,4,Land of Lakes with a Redneck Batman,helene,community_discussion,
locs9kg,t3_1fms3gk,t3_1fms3gk,florida,DinoDachshund,1727009581,2024-09-22 12:53,1,"Insurance fraud, facial injections, leased cars, literally",helene,community_discussion,
locsb0d,t3_1fms3gk,t3_1fms3gk,florida,Jojo_Smith-Schuster,1727009599,2024-09-22 12:53,2,Tourists,helene,community_discussion,
locsje6,t3_1fms3gk,t3_1fms3gk,florida,ConversationKey3138,1727009704,2024-09-22 12:55,8,"Worst part of i4, happiest place on earth, EDM",helene,community_discussion,
locspwh,t3_1fms3gk,t3_1fms3gk,florida,notahouseflipper,1727009783,2024-09-22 12:56,6,Original Spring Break,helene,community_discussion,
locuf57,t3_1fms3gk,t3_1fms3gk,florida,ofcuriousnature,1727010515,2024-09-22 13:08,6,Robert is here.,helene,community_discussion,
locv0fh,t3_1fms3gk,t3_1fms3gk,florida,Wipe_face_off_head,1727010768,2024-09-22 13:12,4,Swans,helene,community_discussion,
locvcw7,t3_1fms3gk,t1_locrpgr,florida,ParadiseLosingIt,1727010911,2024-09-22 13:15,3,Shout out to my Ft Pierce survivors!,helene,community_discussion,
locvsu6,t3_1fms3gk,t3_1fms3gk,florida,Trx120217,1727011096,2024-09-22 13:18,1,Overcrowded,helene,community_discussion,
locvxnu,t3_1fms3gk,t3_1fms3gk,florida,OffRoadIT,1727011150,2024-09-22 13:19,1,Nope,helene,community_discussion,
locw19n,t3_1fms3gk,t1_locqmxj,florida,not-a-creative-id,1727011192,2024-09-22 13:19,2,You’re gonna have to be more specific,helene,community_discussion,
locw1bz,t3_1fms3gk,t3_1fms3gk,florida,PatFrank,1727011193,2024-09-22 13:19,4,Heaven’s waiting room.,helene,community_discussion,
locw2sg,t3_1fms3gk,t1_locref5,florida,not-a-creative-id,1727011211,2024-09-22 13:20,4,Edgewater?,helene,community_discussion,
locw48k,t3_1fms3gk,t3_1fms3gk,florida,Intrepid_Respect5035,1727011227,2024-09-22 13:20,1,The biggest city in the entire lower 48 United States by land area.,helene,community_discussion,
locw7mq,t3_1fms3gk,t1_locspwh,florida,not-a-creative-id,1727011266,2024-09-22 13:21,4,Daytona,helene,community_discussion,
locw7u5,t3_1fms3gk,t3_1fms3gk,florida,delusion_magnet,1727011269,2024-09-22 13:21,11,"Car washes, mattress stores and used car lots",helene,community_discussion,
locx4o6,t3_1fms3gk,t1_locvcw7,florida,Personal_Pop_9226,1727011647,2024-09-22 13:27,1,Bingo!!!  Shout out!  Lol,helene,community_discussion,
locx6by,t3_1fms3gk,t3_1fms3gk,florida,Seminole-Dad-20,1727011665,2024-09-22 13:27,7,Students and bureaucrats,helene,community_discussion,
locxid3,t3_1fms3gk,t3_1fms3gk,florida,Specific-Anxiety-606,1727011801,2024-09-22 13:30,1,Senior Citizens,helene,community_discussion,
locy73k,t3_1fms3gk,t1_locpa5m,florida,foomits,1727012076,2024-09-22 13:34,10,orlando?,helene,community_discussion,
locybb2,t3_1fms3gk,t1_locry1z,florida,foomits,1727012124,2024-09-22 13:35,8,feel like this is a trick.  but miami is the answer.,helene,community_discussion,
locygs0,t3_1fms3gk,t1_locw7mq,florida,notahouseflipper,1727012184,2024-09-22 13:36,2,"No, no, no.",helene,community_discussion,
locykoq,t3_1fms3gk,t1_locv0fh,florida,lampooney,1727012227,2024-09-22 13:37,3,Lakeland in the house,helene,community_discussion,
locym9n,t3_1fms3gk,t3_1fms3gk,florida,blackbirdspyplane,1727012245,2024-09-22 13:37,5,"Billionaires, beaches, swamp",helene,community_discussion,
locz5n8,t3_1fms3gk,t3_1fms3gk,florida,Yurastupidbitch,1727012458,2024-09-22 13:40,6,Oldest city in North America.,helene,community_discussion,
locz62g,t3_1fms3gk,t1_locw48k,florida,GothamsSon,1727012463,2024-09-22 13:41,1,Def the 904. Isn’t even 10 words or less.,helene,community_discussion,
lod195s,t3_1fms3gk,t1_locygs0,florida,Lord_Drok,1727013188,2024-09-22 13:53,6,Ft Lauderdale,helene,community_discussion,
lod1bw9,t3_1fms3gk,t1_locry1z,florida,hurtfulproduct,1727013213,2024-09-22 13:53,14,Tampa,helene,community_discussion,
lod1f1r,t3_1fms3gk,t1_locz5n8,florida,Lord_Drok,1727013244,2024-09-22 13:54,9,St augustine,helene,community_discussion,
lod1ixf,t3_1fms3gk,t3_1fms3gk,florida,No-Detail-5804,1727013283,2024-09-22 13:54,3,The gay one.,helene,community_discussion,
lod1jaj,t3_1fms3gk,t3_1fms3gk,florida,No-Detail-5804,1727013283,2024-09-22 13:54,2,The gay one.,helene,community_discussion,
lod1jvm,t3_1fms3gk,t3_1fms3gk,florida,No-Detail-5804,1727013292,2024-09-22 13:54,1,The gay one.,helene,community_discussion,
lod1lfw,t3_1fms3gk,t3_1fms3gk,florida,Lord_Drok,1727013306,2024-09-22 13:55,2,Meth and racecars,helene,community_discussion,
lod1lrh,t3_1fms3gk,t3_1fms3gk,florida,Lord_Drok,1727013306,2024-09-22 13:55,5,Meth and racecars,helene,community_discussion,
lod1mc1,t3_1fms3gk,t3_1fms3gk,florida,hurtfulproduct,1727013315,2024-09-22 13:55,6,Old people syphilis,helene,community_discussion,
lod1wbh,t3_1fms3gk,t3_1fms3gk,florida,ArielK420,1727013405,2024-09-22 13:56,0,Shithole,helene,community_discussion,
lod2g7q,t3_1fms3gk,t1_locsje6,florida,fasted_runner,1727013613,2024-09-22 14:00,0,otown,helene,community_discussion,
lod310j,t3_1fms3gk,t3_1fms3gk,florida,Dappleskunk,1727013830,2024-09-22 14:03,0,Skeetos noseeums hot homeless retirees expensive rain traffic floridaman seafood.,helene,community_discussion,
lod3992,t3_1fms3gk,t3_1fms3gk,florida,Tropical_Jesus,1727013915,2024-09-22 14:05,2,"Rednecks, retirees, beaches, and Thomas Edison",helene,community_discussion,
lod3prl,t3_1fms3gk,t3_1fms3gk,florida,NomadFeet,1727014088,2024-09-22 14:08,6,Strippers & cigars,helene,community_discussion,
lod3ru1,t3_1fms3gk,t1_lod195s,florida,notahouseflipper,1727014110,2024-09-22 14:08,2,Bingo!,helene,community_discussion,
lod3slf,t3_1fms3gk,t3_1fms3gk,florida,Kornbread2000,1727014118,2024-09-22 14:08,1,Circus town and terrorist training,helene,community_discussion,
lod3ts6,t3_1fms3gk,t1_locuf57,florida,NomadFeet,1727014130,2024-09-22 14:08,1,And he is terrifying.,helene,community_discussion,
lod3vuy,t3_1fms3gk,t1_lod1mc1,florida,NomadFeet,1727014152,2024-09-22 14:09,1,Loofas too?,helene,community_discussion,
lod40la,t3_1fms3gk,t1_locx6by,florida,HotWalrus9592,1727014203,2024-09-22 14:10,9,Tally!,helene,community_discussion,
lod41jp,t3_1fms3gk,t1_locw48k,florida,NomadFeet,1727014212,2024-09-22 14:10,1,https://preview.redd.it/8xy04jzvbdqd1.png?width=1100&format=png&auto=webp&s=c17c67caa6af443e7f3b0352f7deff57c347f61e,helene,community_discussion,
lod4bl3,t3_1fms3gk,t3_1fms3gk,florida,heathersaur,1727014318,2024-09-22 14:11,1,"""oh you live near Disneyland?""",helene,community_discussion,
lod4jot,t3_1fms3gk,t1_lod1mc1,florida,heresmytwopence,1727014401,2024-09-22 14:13,2,Pineapples galore,helene,community_discussion,
lod4lk0,t3_1fms3gk,t3_1fms3gk,florida,Wlmrt,1727014421,2024-09-22 14:13,0,Highest murder per capita,helene,community_discussion,
lod4mwr,t3_1fms3gk,t1_locqy7z,florida,Impossible-Taro-2330,1727014435,2024-09-22 14:13,3,Crystal River,helene,community_discussion,
lod4ojk,t3_1fms3gk,t1_locz62g,florida,Wlmrt,1727014452,2024-09-22 14:14,1,So big it ain't just the 904 anymore,helene,community_discussion,
lod4r7c,t3_1fms3gk,t3_1fms3gk,florida,Low-Regret5048,1727014479,2024-09-22 14:14,1,Golf carts and STDs.,helene,community_discussion,
lod4urq,t3_1fms3gk,t1_locuf57,florida,Impossible-Taro-2330,1727014516,2024-09-22 14:15,1,Homestead,helene,community_discussion,
lod4vjb,t3_1fms3gk,t1_lod4ojk,florida,GothamsSon,1727014524,2024-09-22 14:15,2,Seinfeld episode comes to life before our very eyes,helene,community_discussion,
lod5159,t3_1fms3gk,t1_locw7u5,florida,RestlessChickens,1727014582,2024-09-22 14:16,24,"They said describe a city, not the state",helene,community_discussion,
lod513v,t3_1fms3gk,t1_locw1bz,florida,Impossible-Taro-2330,1727014582,2024-09-22 14:16,1,St Pete,helene,community_discussion,
lod553a,t3_1fms3gk,t1_lod1mc1,florida,Impossible-Taro-2330,1727014622,2024-09-22 14:17,12,The Villages!,helene,community_discussion,
lod58j9,t3_1fms3gk,t1_lod3prl,florida,Impossible-Taro-2330,1727014657,2024-09-22 14:17,8,Tampa representin'!,helene,community_discussion,
lod5op5,t3_1fms3gk,t3_1fms3gk,florida,robbycough,1727014824,2024-09-22 14:20,2,"Rich, golfing boomers driving slow.",helene,community_discussion,
lod5qwz,t3_1fms3gk,t1_locuf57,florida,robbycough,1727014846,2024-09-22 14:20,-1,Key West.,helene,community_discussion,
lod5s7e,t3_1fms3gk,t1_locym9n,florida,swisstype,1727014859,2024-09-22 14:20,1,Uhhhhh graples?,helene,community_discussion,
lod5wat,t3_1fms3gk,t1_lod3slf,florida,swisstype,1727014901,2024-09-22 14:21,2,Oh yeah SRQ,helene,community_discussion,
lod6te1,t3_1fms3gk,t3_1fms3gk,florida,alittlejalapeno,1727015236,2024-09-22 14:27,1,Peanuts and prisons,helene,community_discussion,
lod70p1,t3_1fms3gk,t3_1fms3gk,florida,TheSamurabbi,1727015309,2024-09-22 14:28,1,Retched hive of scum and villainy.,helene,community_discussion,
lod7388,t3_1fms3gk,t1_locuf57,florida,TheSamurabbi,1727015335,2024-09-22 14:28,1,Redlands.,helene,community_discussion,
lod79ry,t3_1fms3gk,t1_locqym6,florida,KarlTheVeg,1727015400,2024-09-22 14:30,2,904-gang!!!!,helene,community_discussion,
lod7qa0,t3_1fms3gk,t3_1fms3gk,florida,Bmatic,1727015565,2024-09-22 14:32,1,Just as white and boring as the name implies.,helene,community_discussion,
lod7rgd,t3_1fms3gk,t1_locy73k,florida,honeybakedman,1727015577,2024-09-22 14:32,2,Yep.,helene,community_discussion,
lod7shu,t3_1fms3gk,t3_1fms3gk,florida,Expolaris87,1727015587,2024-09-22 14:33,1,When you get to Florida but run out of gas.,helene,community_discussion,
lod8otp,t3_1fms3gk,t3_1fms3gk,florida,[deleted],1727015907,2024-09-22 14:38,1,[removed],helene,community_discussion,
lod8q6b,t3_1fms3gk,t1_locqcoc,florida,funknfusion,1727015921,2024-09-22 14:38,6,Cheater. That’s the whole state,helene,community_discussion,
lod8zmc,t3_1fms3gk,t3_1fms3gk,florida,Wooden-Shelter-8798,1727016015,2024-09-22 14:40,1,Severely overpopulated!,helene,community_discussion,
lod91jy,t3_1fms3gk,t3_1fms3gk,florida,vmwnzella59,1727016033,2024-09-22 14:40,1,It’s home.,helene,community_discussion,
lod9825,t3_1fms3gk,t3_1fms3gk,florida,Wooden-Shelter-8798,1727016098,2024-09-22 14:41,1,Severely overpopulated!,helene,community_discussion,
lod9q9t,t3_1fms3gk,t1_locsje6,florida,Mr_Fignutz,1727016277,2024-09-22 14:44,3,Is EDM essentially just a slutty halloween costume turned into a music festival?,helene,community_discussion,
lod9qc3,t3_1fms3gk,t1_locqym6,florida,relevant__comment,1727016278,2024-09-22 14:44,5,Only one word needed. In its purest form.,helene,community_discussion,
lod9ydk,t3_1fms3gk,t1_lod1ixf,florida,Original_Jellyfish73,1727016356,2024-09-22 14:45,6,"I was gonna post the same thing!!! 

St Pete for the win!!!",helene,community_discussion,
loda33s,t3_1fms3gk,t1_lod1ixf,florida,Original_Jellyfish73,1727016402,2024-09-22 14:46,4,Just realized you could have meant Key West!! So many gay options in FL!! :),helene,community_discussion,
lodablh,t3_1fms3gk,t1_locqmxj,florida,Rinzy2000,1727016485,2024-09-22 14:48,0,Orlando?,helene,community_discussion,
lodao6k,t3_1fms3gk,t1_lod3992,florida,Nice_Ad_9939,1727016605,2024-09-22 14:50,3,Fort Myers,helene,community_discussion,
lodb3ag,t3_1fms3gk,t3_1fms3gk,florida,TheWhiteRabbit74,1727016751,2024-09-22 14:52,1,This place sucks.,helene,community_discussion,
lodbjyu,t3_1fms3gk,t3_1fms3gk,florida,[deleted],1727016909,2024-09-22 14:55,1,[removed],helene,community_discussion,
lodbsga,t3_1fms3gk,t3_1fms3gk,florida,fljen,1727016990,2024-09-22 14:56,1,Eww,helene,community_discussion,
lodc15o,t3_1fms3gk,t3_1fms3gk,florida,fljen,1727017072,2024-09-22 14:57,1,Eww,helene,community_discussion,
lodc9k0,t3_1fms3gk,t1_lod1jaj,florida,PunkCPA,1727017150,2024-09-22 14:59,3,"No, the other gay one.",helene,community_discussion,
lodch4s,t3_1fms3gk,t1_lod4r7c,florida,PunkCPA,1727017220,2024-09-22 15:00,1,The Villages. Any of them.,helene,community_discussion,
lodck9w,t3_1fms3gk,t3_1fms3gk,florida,PunkCPA,1727017250,2024-09-22 15:00,1,Scientology,helene,community_discussion,
lodcudh,t3_1fms3gk,t1_locym9n,florida,NightByNightXx,1727017343,2024-09-22 15:02,1,Miami?,helene,community_discussion,
lodcw8g,t3_1fms3gk,t3_1fms3gk,florida,Queasy_Platypus6333,1727017361,2024-09-22 15:02,2,"More houses, same roads, legos.",helene,community_discussion,
lodd3jq,t3_1fms3gk,t1_lodao6k,florida,Tropical_Jesus,1727017429,2024-09-22 15:03,1,Nailed it!,helene,community_discussion,
lodd50e,t3_1fms3gk,t3_1fms3gk,florida,Sea-Bid-7867,1727017443,2024-09-22 15:04,2,Strawberries and Country Music,helene,community_discussion,
loddbq6,t3_1fms3gk,t1_lod513v,florida,_TooncesLookOut,1727017506,2024-09-22 15:05,0,What? No. Median age in St. Pete is 43.,helene,community_discussion,
loddrey,t3_1fms3gk,t1_locw1bz,florida,GnG4U,1727017656,2024-09-22 15:07,3,The Villages!!,helene,community_discussion,
loddz7j,t3_1fms3gk,t1_lodck9w,florida,GnG4U,1727017730,2024-09-22 15:08,2,Clearwater!!,helene,community_discussion,
loddzlp,t3_1fms3gk,t1_lodd50e,florida,wonderhamster,1727017734,2024-09-22 15:08,1,Plant city,helene,community_discussion,
lode0pa,t3_1fms3gk,t1_lodd50e,florida,GnG4U,1727017744,2024-09-22 15:09,1,Plant city,helene,community_discussion,
lodeq6f,t3_1fms3gk,t1_loddbq6,florida,Impossible-Taro-2330,1727017981,2024-09-22 15:13,1,You must be new.  That was St Pete's nickname for decades.,helene,community_discussion,
lodexr9,t3_1fms3gk,t1_lod1lrh,florida,Sea-Bid-7867,1727018054,2024-09-22 15:14,2,Sebring,helene,community_discussion,
lodexya,t3_1fms3gk,t3_1fms3gk,florida,LittleBlueStumpers,1727018056,2024-09-22 15:14,1,"Gorgeous beaches, too many rednecks, outrageous FPL rates",helene,community_discussion,
lodf0t0,t3_1fms3gk,t1_lod70p1,florida,Sea-Bid-7867,1727018084,2024-09-22 15:14,1,Tallahassee,helene,community_discussion,
lodf4pf,t3_1fms3gk,t1_lodexr9,florida,Lord_Drok,1727018120,2024-09-22 15:15,1,Noooooo,helene,community_discussion,
lodfubk,t3_1fms3gk,t1_lod1lrh,florida,vxicepickxv,1727018358,2024-09-22 15:19,5,Daytona,helene,community_discussion,
lodg7j6,t3_1fms3gk,t3_1fms3gk,florida,[deleted],1727018480,2024-09-22 15:21,1,[removed],helene,community_discussion,
lodgbnl,t3_1fms3gk,t1_lodfubk,florida,Lord_Drok,1727018520,2024-09-22 15:22,2,Ata boy,helene,community_discussion,
lodgsmf,t3_1fms3gk,t3_1fms3gk,florida,randomguy1972,1727018677,2024-09-22 15:24,1,"Not your ami, ....",helene,community_discussion,
lodgx7a,t3_1fms3gk,t3_1fms3gk,florida,[deleted],1727018719,2024-09-22 15:25,1,[removed],helene,community_discussion,
lodgxgg,t3_1fms3gk,t1_lod9ydk,florida,No-Detail-5804,1727018722,2024-09-22 15:25,2,Bingo!,helene,community_discussion,
lodgzc3,t3_1fms3gk,t1_loda33s,florida,No-Detail-5804,1727018739,2024-09-22 15:25,2,Nope I meant St Pete haha,helene,community_discussion,
lodh2hw,t3_1fms3gk,t1_lodc9k0,florida,No-Detail-5804,1727018768,2024-09-22 15:26,1,Mine is gayer!,helene,community_discussion,
lodhcjf,t3_1fms3gk,t1_lod7qa0,florida,vxicepickxv,1727018859,2024-09-22 15:27,1,MacClenny,helene,community_discussion,
lodheer,t3_1fms3gk,t1_lodb3ag,florida,vxicepickxv,1727018876,2024-09-22 15:27,2,Lake City?,helene,community_discussion,
lodhme8,t3_1fms3gk,t1_lodhcjf,florida,Bmatic,1727018951,2024-09-22 15:29,3,Mayo 🤣🤣🤣,helene,community_discussion,
lodhorn,t3_1fms3gk,t1_lod310j,florida,vxicepickxv,1727018973,2024-09-22 15:29,1,That's not a city. That's a state.,helene,community_discussion,
lodhw4p,t3_1fms3gk,t1_locym9n,florida,Meltsomeice,1727019039,2024-09-22 15:30,3,Boca,helene,community_discussion,
lodi4p8,t3_1fms3gk,t3_1fms3gk,florida,RichGullible,1727019114,2024-09-22 15:31,1,Lower Alabama,helene,community_discussion,
loditqg,t3_1fms3gk,t1_lod5op5,florida,Interesting_Hawk8033,1727019339,2024-09-22 15:35,1,Naples?,helene,community_discussion,
lodj5ur,t3_1fms3gk,t1_locz5n8,florida,CitizenofTruth,1727019449,2024-09-22 15:37,1,Pensacola,helene,community_discussion,
lodjllz,t3_1fms3gk,t1_locybb2,florida,ajnin919,1727019590,2024-09-22 15:39,6,It’s in their username lol it’s Tampa for sure,helene,community_discussion,
lodjqp0,t3_1fms3gk,t1_lod5159,florida,ajnin919,1727019634,2024-09-22 15:40,3,It’s probably Lakeland though but they didn’t say anything about Christian colleges,helene,community_discussion,
lodk15a,t3_1fms3gk,t1_lodf0t0,florida,ajnin919,1727019726,2024-09-22 15:42,1,Either that or Jacksonville lol,helene,community_discussion,
lodkuzc,t3_1fms3gk,t3_1fms3gk,florida,Known_Belt_7168,1727019996,2024-09-22 15:46,4,Horses horses horses horses horses horses horses horses horses depression,helene,community_discussion,
lodlol3,t3_1fms3gk,t3_1fms3gk,florida,Forever-Retired,1727020252,2024-09-22 15:50,1,Old people and golf carts/courses.,helene,community_discussion,
lodot22,t3_1fms3gk,t3_1fms3gk,florida,JonM313,1727021215,2024-09-22 16:06,1,Theme Parks,helene,community_discussion,
lodp5uw,t3_1fms3gk,t3_1fms3gk,florida,Capable-Influence955,1727021327,2024-09-22 16:08,1,Pill capital with a shit contaminated “beach”,helene,community_discussion,
lodq253,t3_1fms3gk,t3_1fms3gk,florida,marsbars0412,1727021609,2024-09-22 16:13,2,"horses, live laugh love, car washes, mall shootings",helene,community_discussion,
lodqajy,t3_1fms3gk,t1_lod9q9t,florida,ConversationKey3138,1727021681,2024-09-22 16:14,3,Nah the bass scene in Orlando is pretty dope. You’re thinking of EDC,helene,community_discussion,
lodr16v,t3_1fms3gk,t1_locuf57,florida,Ok-Molasses5561,1727021907,2024-09-22 16:18,1,gateway to the Everglades,helene,community_discussion,
lodr7vo,t3_1fms3gk,t3_1fms3gk,florida,Ok-Molasses5561,1727021960,2024-09-22 16:19,1,In all kinds of weather we all stick together…,helene,community_discussion,weather
lodrqse,t3_1fms3gk,t1_lod7shu,florida,Jass0602,1727022118,2024-09-22 16:21,2,Lake city?,helene,community_discussion,
lodrvzk,t3_1fms3gk,t1_lodqajy,florida,Mr_Fignutz,1727022160,2024-09-22 16:22,1,![gif](giphy|41fcwvXbVM7rACpN52),helene,community_discussion,
lodsh3s,t3_1fms3gk,t3_1fms3gk,florida,TheBurningSack,1727022334,2024-09-22 16:25,2,Redneck riviera,helene,community_discussion,
lodsnyg,t3_1fms3gk,t3_1fms3gk,florida,GrowlingAtTheWorld,1727022386,2024-09-22 16:26,1,Edison lived here…parttime.,helene,community_discussion,
lodsp1o,t3_1fms3gk,t1_lodj5ur,florida,TheBurningSack,1727022395,2024-09-22 16:26,2,You get it.,helene,community_discussion,
lodsrku,t3_1fms3gk,t3_1fms3gk,florida,The_Gator_Nation,1727022414,2024-09-22 16:26,1,Go Gators!,helene,community_discussion,
lodtdm2,t3_1fms3gk,t3_1fms3gk,florida,ZakA77ack,1727022585,2024-09-22 16:29,1,So much traffic.,helene,community_discussion,
loduc6r,t3_1fms3gk,t3_1fms3gk,florida,stratmeister1,1727022858,2024-09-22 16:34,1,Hot and overcrowded.,helene,community_discussion,
lodvrgk,t3_1fms3gk,t3_1fms3gk,florida,fednandlers,1727023272,2024-09-22 16:41,1,"“Traffic sucks, insurance up, cant afford a home, please leave.”

Which city in FL?",helene,community_discussion,
lodwnzl,t3_1fms3gk,t1_locpa5m,florida,LonelyPainting7374,1727023546,2024-09-22 16:45,3,Continual strip mall border to border.,helene,community_discussion,
lodxeey,t3_1fms3gk,t3_1fms3gk,florida,AnthonySorrento,1727023774,2024-09-22 16:49,1,Worst speed traps,helene,community_discussion,
lodz1r5,t3_1fms3gk,t3_1fms3gk,florida,steroid57,1727024282,2024-09-22 16:58,1,Hot. Hot. Hot. Hot. Hot. Hot. Hot. Hot. Hot. Hot.,helene,community_discussion,
lodz8nn,t3_1fms3gk,t3_1fms3gk,florida,davidcopafeel33328,1727024341,2024-09-22 16:59,1,Seaside outdoor meth lab...,helene,community_discussion,
loe2dah,t3_1fms3gk,t1_lodq253,florida,OcoBri,1727025299,2024-09-22 17:14,2,Ocala,helene,community_discussion,
loe2i4a,t3_1fms3gk,t1_lodkuzc,florida,OcoBri,1727025338,2024-09-22 17:15,3,Ocala,helene,community_discussion,
loe2lp1,t3_1fms3gk,t1_lodxeey,florida,OcoBri,1727025368,2024-09-22 17:16,1,Starke,helene,community_discussion,
loe3a6h,t3_1fms3gk,t1_locpa5m,florida,Antique-Lake-7,1727025571,2024-09-22 17:19,2,"Hey I live here! You're exactly right, but I love it!",helene,community_discussion,
loe3mgg,t3_1fms3gk,t3_1fms3gk,florida,HighOnGoofballs,1727025671,2024-09-22 17:21,1,On the way to key west,helene,community_discussion,
loe52su,t3_1fms3gk,t1_lod1jaj,florida,stinkadoodle,1727026097,2024-09-22 17:28,5,"Funny story. One of my neighbors used to go camping a lot and said he really liked going to one particular place to camp.  Apparently it was a hotbed of hookups (he's gay). Good for him, I thought.  He would go and when I'd see him I'd ask if he had a good time camping.  I'd get a funny look, then he would say he had a great time.  Well about a year later he said he felt uncomfortable when I asked him about his camping trips. I mean...I wasn't asking about his hookups, I was only asking if the trip was good. He said no, it's the way I was asking. Still confused, I asked what he meant. Well, turns out I was asking how his trip to Gay City was when he, in fact, was camping near Dade City.",helene,community_discussion,
loe5uhy,t3_1fms3gk,t3_1fms3gk,florida,sheikahr,1727026322,2024-09-22 17:32,1,Has a lot of lakes.,helene,community_discussion,
loe62n0,t3_1fms3gk,t1_loe52su,florida,No-Detail-5804,1727026389,2024-09-22 17:33,2,"That’s wild hahaha, I hope he’s still camping in the gayest way possible.",helene,community_discussion,
loe6gb5,t3_1fms3gk,t1_loe2i4a,florida,Known_Belt_7168,1727026504,2024-09-22 17:35,2,You got it![gif](emote|free_emotes_pack|cry),helene,community_discussion,
loe6qdt,t3_1fms3gk,t3_1fms3gk,florida,GoDisney,1727026584,2024-09-22 17:36,1,Blue Angles,helene,community_discussion,
loe8drp,t3_1fms3gk,t3_1fms3gk,florida,Shai1310,1727027040,2024-09-22 17:44,1,"Seaplanes on the Lake, Burger, Tacos, and Waffles",helene,community_discussion,
loe92gy,t3_1fms3gk,t3_1fms3gk,florida,Amardella,1727027237,2024-09-22 17:47,1,Sunrise AND sunset over the water.,helene,community_discussion,
loec7a2,t3_1fms3gk,t3_1fms3gk,florida,Wroteitfirst,1727028143,2024-09-22 18:02,1,Attorney billboards,helene,community_discussion,
loediv9,t3_1fms3gk,t1_lod1lfw,florida,Sea-Bid-7867,1727028536,2024-09-22 18:08,1," It Sebring….
Daytona",helene,community_discussion,
loedjcr,t3_1fms3gk,t3_1fms3gk,florida,Pretty_Weird4552,1727028540,2024-09-22 18:09,1,Country music brings this city up a lot.,helene,community_discussion,
loeek4s,t3_1fms3gk,t1_locw7u5,florida,Spicyperfection,1727028851,2024-09-22 18:14,2,+ U Store It units everywhere,helene,community_discussion,
loeh45n,t3_1fms3gk,t3_1fms3gk,florida,greybeard33771,1727029610,2024-09-22 18:26,1,Hot,helene,community_discussion,
loekqzn,t3_1fms3gk,t1_loditqg,florida,robbycough,1727030726,2024-09-22 18:45,2,Bingo.,helene,community_discussion,
loem6ei,t3_1fms3gk,t3_1fms3gk,florida,thirdlost,1727031153,2024-09-22 18:52,1,Magical inside the bubble,helene,community_discussion,
loepa1p,t3_1fms3gk,t1_lodk15a,florida,EmpressofPFChangs,1727032084,2024-09-22 19:08,1,Could also be Miami,helene,community_discussion,
lof6a3c,t3_1fms3gk,t3_1fms3gk,florida,Grateful_J561,1727037229,2024-09-22 20:33,1,Bithlo: The Nightmare Before Christmas.,helene,community_discussion,
lofakhk,t3_1fms3gk,t3_1fms3gk,florida,PelagicPenguin9000,1727038566,2024-09-22 20:56,1,One giant country club/HOA.,helene,community_discussion,
loffl2e,t3_1fms3gk,t1_locvcw7,florida,mediathink,1727040201,2024-09-22 21:23,2,Ave D!! Can’t stop. Won’t stop,helene,community_discussion,
loffs79,t3_1fms3gk,t3_1fms3gk,florida,mediathink,1727040266,2024-09-22 21:24,1,Publix and horses,helene,community_discussion,
loffsl3,t3_1fms3gk,t1_loddrey,florida,PatFrank,1727040270,2024-09-22 21:24,2,"Close - it's actually called Disneyworld for the Elderly - but the long-time nickname of St. Pete is ""Heaven's Waiting Room.""",helene,community_discussion,
lofh88b,t3_1fms3gk,t1_lod513v,florida,PatFrank,1727040743,2024-09-22 21:32,2,Got it! There's an iconic photo of rows of park benches full of elderly folk passing the time while they wait.,helene,community_discussion,
lofhzz2,t3_1fms3gk,t3_1fms3gk,florida,hold_the_dooor,1727040992,2024-09-22 21:36,1,Little Puerto Rico,helene,community_discussion,
lofqb7j,t3_1fms3gk,t3_1fms3gk,florida,Human_Maximum9530,1727043843,2024-09-22 22:24,1,Smart fishermen paved for gay snuggled between Gulf and Bay.,helene,community_discussion,
lofsh12,t3_1fms3gk,t1_locym9n,florida,MagooDad,1727044604,2024-09-22 22:36,1,Naples,helene,community_discussion,
lofv6q0,t3_1fms3gk,t1_locw7u5,florida,Ylfrettub-79,1727045566,2024-09-22 22:52,3,Add strip clubs and it’s Tampa!,helene,community_discussion,
lofvjjk,t3_1fms3gk,t3_1fms3gk,florida,Significant-Bet2765,1727045690,2024-09-22 22:54,1,Shelling capital of the world,helene,community_discussion,
lofvy4e,t3_1fms3gk,t1_lodsnyg,florida,Significant-Bet2765,1727045834,2024-09-22 22:57,1,Fort Myers,helene,community_discussion,
lofw06s,t3_1fms3gk,t1_lodsrku,florida,Significant-Bet2765,1727045855,2024-09-22 22:57,1,Gainesville,helene,community_discussion,
lofxnxv,t3_1fms3gk,t3_1fms3gk,florida,Try2BWise,1727046443,2024-09-22 23:07,1,"To quote Live from their 1994 album Throwing Copper, “Gotta live, gotta live, gotta live in Shit Towne”",helene,community_discussion,
locrcdi,t3_1fmsg40,t3_1fmsg40,florida,AutoModerator,1727009168,2024-09-22 12:46,1,"
Your [submission](https://www.reddit.com/r/florida/comments/1fmsg40/desatan_has_standards/) has been removed from r/Florida. 

**All News/Political posts must link to a credible news source.** 

* No text posts.
* No images. 
* No Videos
* No screenshots of tweets/facebook/truth/etc posts. 
* No Political Memes. 
* No Crossposts.

[Please see our posting guidelines for more information.](https://www.reddit.com/r/florida/wiki/index/political_guidelines/)

If you believe this post was filtered in error, please let us know.


*I am a bot, and this action was performed automatically. Please [contact the moderators of this subreddit](/message/compose/?to=/r/florida) if you have any questions or concerns.*",helene,community_discussion,
lod80pm,t3_1fmtpo7,t3_1fmtpo7,florida,External-Conflict500,1727015669,2024-09-22 14:34,2,Florida is a beautiful state.  I’m glad I grew up here before air conditioning so I was always out enjoying it.,helene,community_discussion,
loedv3m,t3_1fmtpo7,t3_1fmtpo7,florida,Zestyclose_Paper3165,1727028639,2024-09-22 18:10,1,Where about is this? It's gorgeous!!,helene,community_discussion,
loeegzf,t3_1fmtpo7,t1_loedv3m,florida,Suwannee_Gator,1727028824,2024-09-22 18:13,2,"Suwannee County, North Florida",helene,community_discussion,
loegaop,t3_1fmtpo7,t1_loeegzf,florida,Zestyclose_Paper3165,1727029364,2024-09-22 18:22,2,"Lol, I thought it looked familiar 😁 I live in Suwannee County",helene,community_discussion,
lod4tjt,t3_1fmu9pw,t3_1fmu9pw,florida,AutoModerator,1727014504,2024-09-22 14:15,1,"
Please note that only active users in the subreddit may comment in this discussion. If your comments are not showing up, please ensure you have active non-news/non-political contributions to the subreddit before contacting the moderators.

 [See our posting guidelines for more information.](https://www.reddit.com/r/florida/wiki/index/political_guidelines/)

**Remember the following:**

**Be Civil:**

* You are welcome to debate, discussion, and argue ideas, but don't resort to personal attacks on other users. 
* We do not allow any form of hate speech or any suggestion/support of harm, violence, or death.

**Must be related strictly to Florida:**

* National News/Elections are not specific to Florida. 
* Just because someone lives in Florida, doesn't mean their entire life is relevant to Floridians. 

If you see comments in violation of our rules, please report them.

#[Click this link to register to vote, update your voter information, or check your status.](https://registertovoteflorida.gov/)


*I am a bot, and this action was performed automatically. Please [contact the moderators of this subreddit](/message/compose/?to=/r/florida) if you have any questions or concerns.*",helene,community_discussion,
lod84kd,t3_1fmu9pw,t3_1fmu9pw,florida,Adventurous_Row3305,1727015708,2024-09-22 14:35,61,Vote in greater numbers so we can turn Florida blue.,helene,community_discussion,
lod8ais,t3_1fmu9pw,t3_1fmu9pw,florida,Competitive-Sea2191,1727015766,2024-09-22 14:36,10,Where has all this “support” been in the last 45 years??,helene,community_discussion,
lod9yz4,t3_1fmu9pw,t3_1fmu9pw,florida,suspirio,1727016362,2024-09-22 14:46,-9,"This man must be mainlining hopium, as much as I’d love to see it there is no fucking way Florida votes blue probably ever again.",helene,community_discussion,
lodc2cf,t3_1fmu9pw,t3_1fmu9pw,florida,Former-Form-587,1727017083,2024-09-22 14:58,-5,Only if enough non native Floridians move into state and vote.  Florida has a lot of ignorant people.,helene,community_discussion,
lodcdbf,t3_1fmu9pw,t1_lod8ais,florida,RemarkableDog4512,1727017185,2024-09-22 14:59,20,"Don’t care, doesn’t matter. It’s here now and it’s growing. Getting lost in past thinking serves no purpose other than negative. Plus… We’re not going back.",helene,community_discussion,
lodcluf,t3_1fmu9pw,t1_lod8ais,florida,PoisonIdea77,1727017264,2024-09-22 15:01,23,"we voted obama twice

everyone's parents and grandparents moved here and took over our elections. not our fault",helene,community_discussion,
lodcv2o,t3_1fmu9pw,t1_lod9yz4,florida,PoisonIdea77,1727017350,2024-09-22 15:02,8,it's possible. i've lived here 38 years. I see NO Trump signs anywhere.,helene,community_discussion,
lodd6a9,t3_1fmu9pw,t3_1fmu9pw,florida,Benjamin_Grimm,1727017455,2024-09-22 15:04,103,"Even if it doesn't win the state, forcing the GOP to spend money here helps other races. Their presidential candidate embezzling as much as he can to pay his legal bills is really limiting their cash on-hand to spend.",helene,community_discussion,
loddf8q,t3_1fmu9pw,t1_lodcv2o,florida,mihd36,1727017540,2024-09-22 15:05,-3,No Trump signs!? Going blue for sure!,helene,community_discussion,
loddhec,t3_1fmu9pw,t3_1fmu9pw,florida,[deleted],1727017561,2024-09-22 15:06,1,[removed],helene,community_discussion,
loddy5v,t3_1fmu9pw,t1_lodd6a9,florida,Hanuman_Jr,1727017720,2024-09-22 15:08,51,It's utterly amazing.  He is in fact embezzling a lot of money from his party in broad daylight and no republican has the brains or courage to even speak up.  I mean outside of the ones that spoke up and got thrown out of the party for it.,helene,community_discussion,
lode1yh,t3_1fmu9pw,t1_lodcluf,florida,workswimplay,1727017756,2024-09-22 15:09,6,True. But we’ve also voted in a Republican trifecta for 30 years.,helene,community_discussion,
lode6xj,t3_1fmu9pw,t1_lodcv2o,florida,Chi-Guy86,1727017802,2024-09-22 15:10,2,"Not sure where you live, but Trump signs, bumper stickers, flags, hats, and t-shirts are all over the place here in Tampa Bay.  Every other boat has a giant Trump flag on it.",helene,community_discussion,
lodef9g,t3_1fmu9pw,t1_lod9yz4,florida,Chi-Guy86,1727017879,2024-09-22 15:11,1,He’s a terrible DNC chair.  This guy raised record amounts of money in South Carolina only to get crushed by Lindsey Freaking Graham in the Senate race a few years ago.,helene,community_discussion,
lodetpk,t3_1fmu9pw,t3_1fmu9pw,florida,Chi-Guy86,1727018016,2024-09-22 15:13,25,"I’m just hoping for the two ballot measures to pass and maybe the GOP losing their supermajority in the state legislature.  Very best case scenario is Mucarsel-Powell eeks out a win against Scott.  At the presidential level, I wouldn’t get your hopes up at all.",helene,community_discussion,
lodfpx1,t3_1fmu9pw,t1_lodcv2o,florida,Rinzy2000,1727018317,2024-09-22 15:18,3,"I can confirm the Trump signs are still up in Volusia county.  Interestingly, though, I also see some Harris signs, which is nice.",helene,community_discussion,
lodg82k,t3_1fmu9pw,t1_lodcv2o,florida,NomadFeet,1727018485,2024-09-22 15:21,7,"I have seen one skeleton wearing a MAGA hat and a bumper sticker that said ""Don't let me vote democrat when I die"", so not specifically Trump but more please use dead me for voter fraud but only for Republican shit. That's it. Hillsborough County.",helene,community_discussion,
lodgdt8,t3_1fmu9pw,t1_lode6xj,florida,NomadFeet,1727018540,2024-09-22 15:22,4,So weird because I am in Hillsborough and seen very little of it. I'm sure Sarasota is packed with it though...,helene,community_discussion,
lodgzcu,t3_1fmu9pw,t3_1fmu9pw,florida,taco_54321,1727018739,2024-09-22 15:25,-1,"Please stop with the delusion. The best we can hope for are the abortion and marijuana amendments passing. All the other stuff is pure delusion. I hate to say it, but Florida is officially red. Yes, we elected Obama twice, but a lot has changed since then.",helene,community_discussion,
lodh8ep,t3_1fmu9pw,t3_1fmu9pw,florida,efequalma,1727018822,2024-09-22 15:27,24,"Harrison’s hoping to turn Florida blue because if Florida Man has taught us anything, it’s that the Sunshine State is full of surprises.",helene,community_discussion,
lodhdwt,t3_1fmu9pw,t1_lodh8ep,florida,cuspofgreatness,1727018871,2024-09-22 15:27,13,"Good point, lol .. hope you’re right!",helene,community_discussion,
lodhijc,t3_1fmu9pw,t3_1fmu9pw,florida,Gulf_Coast_Girl,1727018915,2024-09-22 15:28,-2,My wish is that more people would switch to Independent. No party should own your vote. Over my life I’ve been a Democrat and I’ve been a Republican  but 20 years ago I switched to Independent and I’ll never again declare allegiance to to any specific party.  I do lean more right than left but I will be voting YES on both 3 & 4,helene,community_discussion,
lodhkfw,t3_1fmu9pw,t1_lod84kd,florida,toomash85,1727018933,2024-09-22 15:28,-75,And then turn Florida into California. No thank you . I prefer Desantis.,helene,community_discussion,
lodhy15,t3_1fmu9pw,t1_lodhkfw,florida,AngelSucked,1727019056,2024-09-22 15:30,32,Lol,helene,community_discussion,
lodi4om,t3_1fmu9pw,t3_1fmu9pw,florida,Kissit777,1727019114,2024-09-22 15:31,75,"Debbie Mucarsel-Powell has a good chance of beating the asshole Scott. 

Voting blue like my life depends on it to stop Project 2025.",helene,community_discussion,
lodi87i,t3_1fmu9pw,t1_lodgdt8,florida,Chi-Guy86,1727019145,2024-09-22 15:32,2,"Yeah I’m just north of Tampa and there’s not as many here in Hillsborough, but Pinellas is littered with them.",helene,community_discussion,
lodi9ja,t3_1fmu9pw,t1_lodcluf,florida,AngelSucked,1727019157,2024-09-22 15:32,14,"Yup, Florida used to have good, blue Govs and Senators.",helene,community_discussion,
lodicih,t3_1fmu9pw,t3_1fmu9pw,florida,MaterialHeart9706,1727019184,2024-09-22 15:33,139,They should throw lots of money at Debbie Mucarsel-Powell .,helene,community_discussion,
lodiise,t3_1fmu9pw,t1_lodicih,florida,Objective_Water_1583,1727019241,2024-09-22 15:34,16,Agreed,helene,community_discussion,
lodij6z,t3_1fmu9pw,t1_lod8ais,florida,Kissit777,1727019245,2024-09-22 15:34,33,"Florida has been blue in the past 45 years. 

We were blue until 1999. And I think most of us who have lived here will say things were much better in Florida in the 90s. 

We know who to blame for all the BS. Too much growth without enough infrastructure has been a disaster for all of us and our environment.",helene,community_discussion,
lodirjw,t3_1fmu9pw,t1_lodetpk,florida,Kissit777,1727019319,2024-09-22 15:35,22,"Let’s go Mucarsel-Powell. 

She is a great choice for Senate. She actually has Floridian needs in mind.",helene,community_discussion,
lodirv3,t3_1fmu9pw,t3_1fmu9pw,florida,Objective_Water_1583,1727019322,2024-09-22 15:35,2,Those of you on the ground has the senate race looking?,helene,community_discussion,
lodiz1y,t3_1fmu9pw,t1_lodgzcu,florida,Kissit777,1727019388,2024-09-22 15:36,10,"No one likes Desantis and things aren’t going well in Florida. 

There are golf cart parades in the Villages supporting Harris. 

Florida can definitely go blue this election.",helene,community_discussion,
lodj42o,t3_1fmu9pw,t1_lodhijc,florida,CptMorgan337,1727019433,2024-09-22 15:37,13,You have to declare to be able to vote in the primaries.,helene,community_discussion,
lodj9ll,t3_1fmu9pw,t1_lodef9g,florida,KingKoopasErectPenis,1727019483,2024-09-22 15:38,3,TBF South Carolina would elect Strom Thurmond's ghost before they elect a black Senator. Tim Scott got in their because Nikki Haley appointed him after Jim Demint resigned. They had the fucking Confederate flag up at the Capitol until 2015. ![gif](emote|free_emotes_pack|facepalm),helene,community_discussion,
lodjd0f,t3_1fmu9pw,t1_lodhkfw,florida,Baers_Beets_BSG,1727019513,2024-09-22 15:38,25,"What has he done that has been beneficial for the state? In fact, what have Republicans done in the 25 years they have been in control of the state government?",helene,community_discussion,
lodl131,t3_1fmu9pw,t1_lodhkfw,florida,snark_enterprises,1727020051,2024-09-22 15:47,23,I’ve lived in FL the entire time it’s been controlled by Republicans and it’s only gotten worse and worse.,helene,community_discussion,
lodlahg,t3_1fmu9pw,t3_1fmu9pw,florida,snark_enterprises,1727020133,2024-09-22 15:48,2,"I think FL may be in play for the senate race, but Harris isn’t carrying it.",helene,community_discussion,
lodmffp,t3_1fmu9pw,t1_lodhkfw,florida,jgiovagn,1727020478,2024-09-22 15:54,14,"First, this is a ridiculous notion. Second, what specifically about California do you hate? The only thing about California I do not like is the prices, which is something Florida is going through and a result of a lot of population growth over a short period of time, and solutions to it like making it easier to build denser housing are held up by people that have houses, not by Democrats. This article about progressives in Gainesville trying to change things to make dense housing easier to build and DeSantis working to stop demonstrates that it's not a democratic specific issue. So, what specifically do you not want to happen in Florida?",helene,community_discussion,
lodmgcs,t3_1fmu9pw,t1_lod84kd,florida,Forever-Retired,1727020486,2024-09-22 15:54,-54,Its all you liberals moving here and bringing your soul crushing policies and try to impose them on the rest of us.,helene,community_discussion,
lodn1a7,t3_1fmu9pw,t3_1fmu9pw,florida,Otownkiller813,1727020657,2024-09-22 15:57,-7,Lord no,helene,community_discussion,
lodokxa,t3_1fmu9pw,t1_lodj42o,florida,Gulf_Coast_Girl,1727021147,2024-09-22 16:05,-1,"I do recognize that and it irritates the 💩 out of me!  Hopefully with more people registering Independent, we will eventually have open primaries.  I only plan on remaining in FL a few more years..... I'm getting too old to deal with the hurricanes.  The State I will be moving to has open primaries.",helene,community_discussion,
lodoo2z,t3_1fmu9pw,t3_1fmu9pw,florida,LandscapeWest2037,1727021173,2024-09-22 16:06,1,"That's interesting given the election is in to months and I have absolutely no idea who is running. There are no ads, there is no play. The Democratic party here absolutely sucks.",helene,community_discussion,
lodox6o,t3_1fmu9pw,t1_lodmffp,florida,toomash85,1727021252,2024-09-22 16:07,-18,It’s not like I hate things. It’s not about hate. I just couldn’t believe what I saw in LA. It looked like a third world country to me. I know it doesn’t represent the entire state but it’s the liberal policies that contributed to that. Such policies as shoplifting being misdemeanor under 1k are ridiculous and are causing lots of business to flee. Just look at the statistics on how many people/businesses fled the state. Another issue is the extreme liberal policies on Illegal immigration. Look at Springfield where they dumped 20-30k migrants to the population town of 50k. Florida has some issues for sure but at least I feel safe in my town. Also loved the state policy during Covid when they didn’t close businesses like they did in CA .,helene,community_discussion,
lodp8sm,t3_1fmu9pw,t3_1fmu9pw,florida,RichFoot2073,1727021353,2024-09-22 16:09,5,I’ll believe it when someone other than CC runs for governor.,helene,community_discussion,
lodpprc,t3_1fmu9pw,t1_lodmffp,florida,BeauregardBear,1727021499,2024-09-22 16:11,20,"The republicans tell them to hate Cali so they do. They can’t actually articulate any reasons why. 
They also forget how Democratic and liberal this state was before old Walkin’ Lawton during his term. 
And are possibly Russian bots.",helene,community_discussion,
lodq5lt,t3_1fmu9pw,t1_lodmgcs,florida,Ok-Molasses5561,1727021640,2024-09-22 16:14,39,"Brother most of the transplants that come here are conservative. If you’re a real Floridian you would know that historically, Florida has been a swing state with moderate dem governors. Bob Graham, Walkin Lawton, Reubin Askew. Native Floridians are split about 50/50 ideologically with many registering as independents. It’s the post Covid transplants that have come here and turned it ruby red. Real Floridians left, got replaced by crazy people from CA, NY/NJ, and every shade of moron in between.",helene,community_discussion,
lodqbq5,t3_1fmu9pw,t3_1fmu9pw,florida,Mrknowitall666,1727021691,2024-09-22 16:14,119,"It feels in play.

A lot more Harris/Walz, blue signs than I've ever seen in any prior election.

Also troubling is the number of No-4 signs. 6 week abortion ban and the FL abstinence replacing sex ed in schools sounds like a disaster",helene,community_discussion,
lodqxdi,t3_1fmu9pw,t1_lodmgcs,florida,Mrknowitall666,1727021877,2024-09-22 16:17,13,"Wait, wut? Weren't all y'all braying that conservatives were moving here... Culminating in the largest caravans to J6 and subsequently greater Florida man's prosecuted than anywhere else in the nation? Hmm?

Ps. Free Florida *should* mean that the state and schools don't try to stuff their christo fascist beliefs down our throats. Leave us be, or, get voted out.",helene,community_discussion,
lodr3vi,t3_1fmu9pw,t1_lodmgcs,florida,TheWizardOfDeez,1727021930,2024-09-22 16:18,30,If you think any part of the state government is ineffective then you should know liberals have just about 0 control over any policy so by default it is 100% the GOP's fault.,helene,community_discussion,
lodrdmx,t3_1fmu9pw,t1_lodhkfw,florida,Mrknowitall666,1727022009,2024-09-22 16:20,10,"Ya, you'll only prefer DeSantis until the FL Republicans start tracking your daughters and granddaughters' periods and then deny them medical care, so that you'll have to try to get to NY under threat as fugitives, like Texas.",helene,community_discussion,
lodrwjo,t3_1fmu9pw,t1_lodox6o,florida,LichenLiaison,1727022165,2024-09-22 16:22,9,"People see the bad in huge cities and don’t realize that we have the exact same thing in the south, it just doesn’t look the same. Everything is a lot more public in cities, you see the homelessness, you see the addiction. In the south you don’t see it, it’s here just as much it’s just not talked about or reported so people who aren’t smart or aware go “wow we don’t have this at all!!!”

Look around you at the policies being implemented just to hurt people. Just to strip workers rights. Just to harm the environment. Just to end small business and unions.",helene,community_discussion,
lods21s,t3_1fmu9pw,t1_lodmgcs,florida,12ottersinajumpsuit,1727022211,2024-09-22 16:23,19,"That's...

In what bizarro alternate reality do you live in?",helene,community_discussion,
lods7v6,t3_1fmu9pw,t1_lodox6o,florida,TheWizardOfDeez,1727022259,2024-09-22 16:24,12,"Springfield offered to bring those migrants in because they had no workers in their town. And there wasn't anything bad happening there either. Also CA businesses didn't run away that's just Elon's companies. CA is still by far the most wealthy state in the union, while managing to offer plentiful social services and top of class workers protections. Also puddin fingers decision to not close businesses led to FL being the #1 COVID hot spot in the world for a few months in 2021. Please name the liberal policies that for a fact caused LA to look ""like a third world country"".",helene,community_discussion,
lodsajm,t3_1fmu9pw,t3_1fmu9pw,florida,GrowlingAtTheWorld,1727022281,2024-09-22 16:24,6,"I saw a pickup truck with a Harris flag waving off the back, i was like ""holy poop, the dems got one converted"".",helene,community_discussion,
lodtj1v,t3_1fmu9pw,t1_lodokxa,florida,Lorrainestarr,1727022628,2024-09-22 16:30,6,"Lots of people don't know that school boards are often chosen in the primaries because right now that is a non partisan race. (Which is one of the amendments up for change in November). In my locale, nobody got over 50 percent, so there is a November runoff- but if one would have gotten over 50 percent, it would've been decided already. So basically, primary voters, who are mostly retired people, often get to decide who runs the schools.


 Contrary to what some think- NPA voters could vote for school board candidates in the primary. My son is NPA and it was on his ballot and we researched the candidates together. Our choice didn't make the runoff, so now we are voting for the lesser evil. If there would've been a good turnout for Dems, our candidate would have been on the November ballot. 😡",helene,community_discussion,
lodvzgk,t3_1fmu9pw,t1_lods21s,florida,elGatoGrande17,1727023338,2024-09-22 16:42,2,I work in a really conservative industry and I hear something like this about twice a week.,helene,community_discussion,
lodw3ni,t3_1fmu9pw,t1_lodd6a9,florida,StealthRUs,1727023374,2024-09-22 16:42,11,As long as the money isn't taking away from holding the Senate seats in MT and OH.,helene,community_discussion,
lodw51m,t3_1fmu9pw,t1_lodpprc,florida,toomash85,1727023386,2024-09-22 16:43,-15,Liberals tell them to hate Florida. I can use the same argument,helene,community_discussion,
lodwak0,t3_1fmu9pw,t1_lodmgcs,florida,StealthRUs,1727023432,2024-09-22 16:43,4,Most of the people that moved to Florida are MAGA.  Have you seen the voters registration numbers?,helene,community_discussion,
lodwpva,t3_1fmu9pw,t1_lodmgcs,florida,killerrobot23,1727023563,2024-09-22 16:46,16,Our government has fucked us for so long and you still think it's the Liberals to blame. At a certain point there is no other explanation than stupidity.,helene,community_discussion,
lodws4b,t3_1fmu9pw,t1_lod84kd,florida,Fauropitotto,1727023582,2024-09-22 16:46,-23,"Yes to voting in greater numbers, but *fuck no* to turning Florida Blue. 

Folks, we've got a lot of liberals moving into the state, especially since Covid made remote work common and gave more flexibility to location. 
 
It's critical that you get out there and vote to stop the tide of this liberal influx. 
 
Check your voter registration to make sure you're good to go. Put it on your calendar, schedule it with your employer, make sure you've got your ducks in a row.",helene,community_discussion,
lodwvnn,t3_1fmu9pw,t1_lodmgcs,florida,[deleted],1727023613,2024-09-22 16:46,1,[removed],helene,community_discussion,
lodwxgv,t3_1fmu9pw,t1_lodgzcu,florida,Lorrainestarr,1727023628,2024-09-22 16:47,4,"In addition to the golf cart parades mentioned, the Democrats party meeting hall in the villages just had to move to a location that was huge- and it was overfilled quickly. Old people of today are changing- they all have cell phones with Internet and plenty of free time to use it. Fox ""news"" is going to have less effect when they have other sources of info popping up in their feed. ",helene,community_discussion,
lodyclt,t3_1fmu9pw,t1_lodoo2z,florida,guccilemonadestand,1727024068,2024-09-22 16:54,0,Do you watch regular TV? There are a ton in south Florida.,helene,community_discussion,
lodyjzf,t3_1fmu9pw,t3_1fmu9pw,florida,Bifun4me,1727024130,2024-09-22 16:55,2,"God, I hope so",helene,community_discussion,
lodyqnp,t3_1fmu9pw,t1_lodhkfw,florida,Cherik847,1727024187,2024-09-22 16:56,2,Who would want fascist desatan!  26 can’t come soon enough!  He is destroying Florida and Floridian freedoms!,helene,community_discussion,
lodz5ys,t3_1fmu9pw,t1_lodws4b,florida,ObligationScared4034,1727024318,2024-09-22 16:58,7,I moved here in 2021. Voting blue down the ticket.,helene,community_discussion,
lodz9ax,t3_1fmu9pw,t1_lodmgcs,florida,ObligationScared4034,1727024347,2024-09-22 16:59,6,lol. Might want to check and see who has been in charge of Florida this entire millennium.,helene,community_discussion,
lodzdx3,t3_1fmu9pw,t3_1fmu9pw,florida,dennydiamonds,1727024386,2024-09-22 16:59,1,😬🤣,helene,community_discussion,
loe0jwm,t3_1fmu9pw,t1_lodirv3,florida,Knightro829,1727024750,2024-09-22 17:05,6,"Still a long shot, but we’re making them spend money here and that’s a win in of itself.",helene,community_discussion,
loe19mq,t3_1fmu9pw,t1_lodhkfw,florida,[deleted],1727024965,2024-09-22 17:09,1,[removed],helene,community_discussion,
loe4wr3,t3_1fmu9pw,t1_lodmgcs,florida,[deleted],1727026049,2024-09-22 17:27,1,[removed],helene,community_discussion,
loe5dkz,t3_1fmu9pw,t1_lodw3ni,florida,Natoochtoniket,1727026184,2024-09-22 17:29,14,"I think the DNC has the ability and money to do all three.  They are running a 50-state campaign, with extra emphasis on the swing states and the Senate seats.

The RNC doesn't seem to have that ability, this year.  Perhaps Trump took too much of the RNC money for his criminal defense lawyers.",helene,community_discussion,
loe5np5,t3_1fmu9pw,t3_1fmu9pw,florida,kaest,1727026265,2024-09-22 17:31,12,"As a Florida dem I would be shocked if the state went blue. Pleased, but shocked.",helene,community_discussion,
loe6gxm,t3_1fmu9pw,t1_lodicih,florida,Accurate-Wear-7438,1727026509,2024-09-22 17:35,11,I think it’ll be an investment in the future as well,helene,community_discussion,
loe7rri,t3_1fmu9pw,t1_lodi4om,florida,DeliriumTrigger,1727026870,2024-09-22 17:41,13,"Florida here. While there is a chance, I think throwing money at Allred to defeat Cruz is a better investment.",helene,community_discussion,
loe81yk,t3_1fmu9pw,t1_lodc2cf,florida,DeliriumTrigger,1727026949,2024-09-22 17:42,5,The non-native Floridians are the reason for it turning red.,helene,community_discussion,
loe8isk,t3_1fmu9pw,t3_1fmu9pw,florida,Odd-Anywhere2130,1727027080,2024-09-22 17:44,6,Got to pull the Haitian vote in S Florida,helene,community_discussion,
loe8ix4,t3_1fmu9pw,t3_1fmu9pw,florida,JMF4201,1727027081,2024-09-22 17:44,-5,Lol Reddit is literally the only place online stupid enough to believe Florida is in any risk of turning blue this year. Its a fallacy but it is mildly entertaining to read the leftist echo chamber and its delusions of grandeur about it though,helene,community_discussion,
loe8r3y,t3_1fmu9pw,t1_lodz5ys,florida,[deleted],1727027145,2024-09-22 17:45,1,[removed],helene,community_discussion,
loe90ip,t3_1fmu9pw,t1_lodhy15,florida,JMF4201,1727027221,2024-09-22 17:47,-10,Bullshit. California is a clusterfuck of idiocy thanks to its leftist government. Best thing I ever did was move back to Florida after living in socal for 8 years. Eye opening experience,helene,community_discussion,
loeayiv,t3_1fmu9pw,t3_1fmu9pw,florida,RavishingDesire11,1727027783,2024-09-22 17:56,2,"i think it's interesting to see the DNC's optimism about florida. if they really focus resources here, it could shake things up!",helene,community_discussion,
loec4ht,t3_1fmu9pw,t1_loe90ip,florida,AngelSucked,1727028121,2024-09-22 18:02,5,Lol incorrect.,helene,community_discussion,
loec5uy,t3_1fmu9pw,t3_1fmu9pw,florida,MonsterMan_,1727028132,2024-09-22 18:02,-2,Florida is not in play 😂,helene,community_discussion,
loece8z,t3_1fmu9pw,t1_lodmgcs,florida,Toadxx,1727028201,2024-09-22 18:03,3,"Florida has been a swing state for decades, and ""liberals"" in Florida tend to *leave*, not *come* to Florida.",helene,community_discussion,
loecg1f,t3_1fmu9pw,t1_lodoo2z,florida,legallybrunette420,1727028216,2024-09-22 18:03,1,"You have no idea who's running because you aren't actively looking up your ballot and research hung your candidates. If you're waiting for the tv to tell you, well fuck that's why we're in this situation.",helene,community_discussion,
loecmzt,t3_1fmu9pw,t1_loe90ip,florida,Toadxx,1727028274,2024-09-22 18:04,9,"Because a state who's government is attempting to destroy their education system is so, so good, right?",helene,community_discussion,
loedfsi,t3_1fmu9pw,t3_1fmu9pw,florida,Hattrick42,1727028510,2024-09-22 18:08,1,They don’t act like it is.,helene,community_discussion,
loedips,t3_1fmu9pw,t1_loecg1f,florida,LandscapeWest2037,1727028535,2024-09-22 18:08,1,Lol. I vote in every election and have since the day I turned 18. You mean to tell me that the 48% of people who didn't vote in the midterms are suddenly going to start looking up candidates?,helene,community_discussion,
loedxgd,t3_1fmu9pw,t1_loedips,florida,legallybrunette420,1727028659,2024-09-22 18:10,0,You referred to yourself in your first comment. So excuse me for assume you were speaking for yourself. It represents a larger issue. People shouldn't be relying on tv ads to know what is going on 😒,helene,community_discussion,
loefrhf,t3_1fmu9pw,t1_loe8ix4,florida,UFGatorNEPat,1727029210,2024-09-22 18:20,3,"If you read the responses it’s pretty tempered. On X, the right has bots or real people saying New York is going to flip. Yet you single out Reddit for delusions of grandeur?",helene,community_discussion,
loeg9v8,t3_1fmu9pw,t1_loefrhf,florida,JMF4201,1727029357,2024-09-22 18:22,0,"This entire site is a mass censored, leftist hive mind, echo chamber. X, while right leaning nowadays, doesn’t crush opposing viewpoints like Reddit does. The two aren’t even remotely comparable",helene,community_discussion,
loegmsq,t3_1fmu9pw,t1_loecmzt,florida,JMF4201,1727029463,2024-09-22 18:24,-11,Destroy it how exactly? By not allowing blue haired millennial public school teachers to indoctrinate the children with leftist ideology?,helene,community_discussion,
loegorr,t3_1fmu9pw,t1_loeg9v8,florida,UFGatorNEPat,1727029479,2024-09-22 18:24,1,"I don’t agree with you on a few things there but what does that have to do with the responses of Floridians ITT? I don’t see anyone saying convinced Florida is turning blue, I see some hoping..that’s all.",helene,community_discussion,
loegtmy,t3_1fmu9pw,t1_loec4ht,florida,JMF4201,1727029520,2024-09-22 18:25,-4,Yeah i really miss the additional 10% state income tax and all of the homeless drug camps everywhere.,helene,community_discussion,
loeguhg,t3_1fmu9pw,t1_loe7rri,florida,echobox_rex,1727029528,2024-09-22 18:25,7,No. Rick Scott is the greater evil and must be stopped before he makes it to the presidency. Never again. Never Scott!,helene,community_discussion,
loegyyc,t3_1fmu9pw,t1_loe7rri,florida,Cracked_Actor,1727029566,2024-09-22 18:26,14,"The DNC can do both!  Manchin and Testor’s seats are at risk and if a Senate majority is important, they’ll “ante up” for Debbie Mucarsel-Powell.  Rick “The Prick” Scott is extraordinarily unpopular and has proposed plans to deconstruct Social Security and Medicare.  If the Dems can’t beat a bozo like Scott, then they’re CLEARLY not getting that message across to voters!",helene,community_discussion,
loehc5t,t3_1fmu9pw,t1_lodmgcs,florida,echobox_rex,1727029678,2024-09-22 18:27,5,"My family has been in Florida for a long time and I remember when Orlando was the only real republican stronghold. 

Lawton Chiles was the last decent governor we had.",helene,community_discussion,
loehgvd,t3_1fmu9pw,t1_loegorr,florida,JMF4201,1727029718,2024-09-22 18:28,1,"I see a different post like this in this sub, pretty much every day.",helene,community_discussion,
loehphi,t3_1fmu9pw,t1_lod84kd,florida,Truxla-4-me,1727029793,2024-09-22 18:29,-5,How many times are you planning to vote?  It seems that a lot of Floridians believe that they can here and back in their home state.,helene,community_discussion,
loei73q,t3_1fmu9pw,t1_loehgvd,florida,UFGatorNEPat,1727029942,2024-09-22 18:32,1,Is that against the rules?,helene,community_discussion,
loej2b7,t3_1fmu9pw,t1_loei73q,florida,JMF4201,1727030214,2024-09-22 18:36,2,"No. Just pointing out that it seems to be a popular subject in this sub. Of course, the vast majority of people here are left leaning/democrats so it may seem like its actually popular within the state itself, but imo, the chances of Florida actually voting for Kamala Harris are slim to none",helene,community_discussion,
loejemg,t3_1fmu9pw,t1_loej2b7,florida,UFGatorNEPat,1727030320,2024-09-22 18:38,1,You should have started with that and I would have agreed with you.,helene,community_discussion,
loejl0r,t3_1fmu9pw,t1_lodqbq5,florida,Girafferage,1727030375,2024-09-22 18:39,19,Forcibly churn out uneducated voters to secure elections for generations to come.,helene,community_discussion,
loejqwg,t3_1fmu9pw,t1_lodmgcs,florida,HammerofBonking,1727030425,2024-09-22 18:40,6,"Oh no! Not us liberals and our environmental protections, human rights, and insurance reform!",helene,community_discussion,
loejzrv,t3_1fmu9pw,t3_1fmu9pw,florida,dw73,1727030501,2024-09-22 18:41,6,"I live in Florida and have hope. The last election was a referendum on Desantis, who was very popular in Florida for resisting lockdowns during Covid. Desantis has become less popular and he isn’t on the ballot",helene,community_discussion,
loekei4,t3_1fmu9pw,t1_lodws4b,florida,Girafferage,1727030625,2024-09-22 18:43,8,Lived here my whole life. Voting any way I can to stop the governor from throwing the citizens here under the bus to make him and his friends a quick buck. Everything wrong in the state is quite literally because of the GOP currently as they have all the control and have made all the trash policies enabling further corruption.,helene,community_discussion,
loekkn1,t3_1fmu9pw,t1_lodhkfw,florida,Girafferage,1727030674,2024-09-22 18:44,5,"Bot account. -56 karma, suddenly started posting more.",helene,community_discussion,
loeksir,t3_1fmu9pw,t1_lodicih,florida,Zendog500,1727030739,2024-09-22 18:45,67,"Florida has two referendums on the November 5th ballot. 1) ""Yes on #4"" for abortion rights and 2) ""Yes on #3"" for Recreational Marijuana . These referendums should bring out the vote.",helene,community_discussion,
loeku13,t3_1fmu9pw,t1_loeguhg,florida,DeliriumTrigger,1727030751,2024-09-22 18:45,1,"I'm not saying either is better than the other. I'm saying Allred is polling better against Cruz than Mucarsel-Powell is against Scott, so it's an easier lift.",helene,community_discussion,
loekxkq,t3_1fmu9pw,t1_loegmsq,florida,Girafferage,1727030779,2024-09-22 18:46,8,You clearly haven't visited a school recently and don't know any school teachers. Passing policies to stop some Boogeyman when there is no examples of the problem cited.,helene,community_discussion,
loel4md,t3_1fmu9pw,t1_loegmsq,florida,Toadxx,1727030838,2024-09-22 18:47,7,"You mean, banning books that contain ""sexually explicit material and violence"" and then acting appalled when the Bible wasn't allowed, causing them to reign in the restrictions to allow the Bible? If something is ""wrong"" unless it comes from the ""right"" book, that's indoctrination.

You'd think if sexual and violent material is bad for kids, then it's bad for kids. But if it's okay sometimes, then clearly, it isn't inherently bad.

Exactly what ""ideology"" are ""blue haired millenials"" trying to ""indoctrinate"" kids with?",helene,community_discussion,
loelihf,t3_1fmu9pw,t1_loegyyc,florida,DeliriumTrigger,1727030954,2024-09-22 18:49,4,"Manchin's seat is not ""at risk""; it's gone.

Tester is the most important seat to keep and needs the most investment. The others appear safe, though maybe shovel some money toward Sherrod Brown. There are ultimately limited resources, and some prioritization has to occur; Allred is polling better than Mucarsel-Powell, so it's a better use of money to prioritize his campaign over hers.

The issue isn't messaging. The issue is how many people will vote for the R next to Scott's name regardless of what he says or does. Remember that DeSantis did better in his reelection than in his initial run; the state has clearly gotten more conservative.",helene,community_discussion,
loelrqc,t3_1fmu9pw,t1_loeku13,florida,echobox_rex,1727031030,2024-09-22 18:50,5,There is money for both. Concede nothing.,helene,community_discussion,
loemd8u,t3_1fmu9pw,t3_1fmu9pw,florida,southflhitnrun,1727031212,2024-09-22 18:53,3,"Florida was never out of play, based on the voter registration numbers in every single urban county. The FL DNC is comfortable being a tool of the FL GOP. Where's all the activity from the FL DNC? Where's all the money spend and grass roots efforts? The FL DNC has been in bed with the FL GOP since Ronny got elected and maybe earlier.",helene,community_discussion,
loen7zm,t3_1fmu9pw,t3_1fmu9pw,florida,Itwastheotherguy88,1727031471,2024-09-22 18:57,1,Vote,helene,community_discussion,
loenhh3,t3_1fmu9pw,t1_loe5np5,florida,yourslice,1727031551,2024-09-22 18:59,7,"It will come down to voter turnout. Talk to people in your circles and motivate them to vote. Not just you, but everybody reading this!",helene,community_discussion,
loenkvc,t3_1fmu9pw,t1_loelrqc,florida,DeliriumTrigger,1727031578,2024-09-22 18:59,0,"I never said concede either. I'm saying prioritize Allred, and if there's still money, also throw money to MP.",helene,community_discussion,
loeo36r,t3_1fmu9pw,t1_lodgzcu,florida,yourslice,1727031729,2024-09-22 19:02,4,">Florida is officially red

Bad take. Voter turnout is nowhere near what it should be in this state. If voters turned out it would be EASILY blue. Don't make this a self-defeating prophecy....make sure you're registered, make sure you vote and make sure you tell people in your circles to vote too.",helene,community_discussion,
loer9tc,t3_1fmu9pw,t3_1fmu9pw,florida,karsh36,1727032677,2024-09-22 19:17,5,"Which is absolutely crazy, but once there was a Villages rally you could tell Trump was losing his grip. Be funny if he takes PA but loses FL",helene,community_discussion,
loercuf,t3_1fmu9pw,t1_lodyclt,florida,RoachZR,1727032702,2024-09-22 19:18,2,I do and there haven’t been many in north Florida. A lot of ads I’ve seen personally have been mostly yes on 3 and a couple no on 4.,helene,community_discussion,
loet32t,t3_1fmu9pw,t3_1fmu9pw,florida,CoatTough4030,1727033226,2024-09-22 19:27,8,The whole country is in play. Trump is a looney tunes traitor,helene,community_discussion,
loetq9a,t3_1fmu9pw,t3_1fmu9pw,florida,Complete_Reception86,1727033416,2024-09-22 19:30,1,🤣🤣🤣🤣🤣,helene,community_discussion,
loev6y2,t3_1fmu9pw,t1_loeksir,florida,eventualist,1727033857,2024-09-22 19:37,14,"Damn Florida is gettin progressive! Meanwhile… back at the Texas ranch were still tryna put up more razor wire and preventing education while askin why women crossing the border to new mexico. We need better leaders, Greg, Dan.",helene,community_discussion,
loew02h,t3_1fmu9pw,t3_1fmu9pw,florida,mrcanard,1727034099,2024-09-22 19:41,2,"Guaranteed, this NPA is fed up with GOP repression.",helene,community_discussion,
lof00gy,t3_1fmu9pw,t1_loev6y2,florida,ImAMindlessTool,1727035304,2024-09-22 20:01,15,"Don’t sign up too soon, it’s like that here.  Our governor is using state resources to dissuade people from voting yes on 4.",helene,community_discussion,
lof2x72,t3_1fmu9pw,t1_lodq5lt,florida,[deleted],1727036183,2024-09-22 20:16,1,[deleted],helene,community_discussion,
lof57zc,t3_1fmu9pw,t3_1fmu9pw,florida,Queasy_Opinion6509,1727036894,2024-09-22 20:28,2,"Let's Go FloridAAAAAAAAAAAAAAAAAAAAHHHHHHHHHHHHHHHHHHHHHHH ![gif](emote|free_emotes_pack|flip_out)![gif](emote|free_emotes_pack|flip_out)

#FLIPFLORIDA",helene,community_discussion,
lof8a8f,t3_1fmu9pw,t1_lodh8ep,florida,PresidentElectFLMan,1727037853,2024-09-22 20:44,0,It will be quite the surprise if the Democratic candidate for either President or Senate finishes within 5 points in their respective defeats.,helene,community_discussion,
lofbq2r,t3_1fmu9pw,t1_loercuf,florida,guccilemonadestand,1727038933,2024-09-22 21:02,1,Most of them down here are for the local races but there are a pretty decent amount at the state level. They’re just spending more ad money down here. Lots of yes on 3 and some no on 4/yes on 4. We must be polling more undecided than up north.,helene,community_discussion,
lofbqdc,t3_1fmu9pw,t3_1fmu9pw,florida,niseBabysitter,1727038936,2024-09-22 21:02,0,"Florida isn't a swing state

MOVE ON it's our state now :)",helene,community_discussion,
lofdmfk,t3_1fmu9pw,t1_lodqbq5,florida,BusStopKnifeFight,1727039549,2024-09-22 21:12,25,It's funny how many churches have these signs up. So much for being non-political.,helene,community_discussion,
loff1qv,t3_1fmu9pw,t1_lodp8sm,florida,lizerlfunk,1727040021,2024-09-22 21:20,2,"Well, there is not an election for governor this year. But there is still an election with lots of important races. We have the opportunity to enshrine abortion rights and recreational marijuana in the state constitution, to elect a Democrat to the US Senate, and to give Kamala Harris the electoral votes from the third largest state. Some of those are critical and all would be major wins.",helene,community_discussion,
lofggpj,t3_1fmu9pw,t3_1fmu9pw,florida,Spirited_Tomorrow_20,1727040491,2024-09-22 21:28,1,It’ll be interesting to see what happens,helene,community_discussion,
lofivfr,t3_1fmu9pw,t1_lodqbq5,florida,Kinda_ShouldaSorta,1727041273,2024-09-22 21:41,16,"I was happily stunned to drive by a Harris/Walz rally yesterday in Bradenton, next door to MAGA Sarasota.",helene,community_discussion,
lofkg15,t3_1fmu9pw,t1_lofdmfk,florida,n2hang,1727041797,2024-09-22 21:49,-19,Amendment 4 is worded to be the most liberal interpretation of abortion... it's a bad idea.  They didn't even try to accommodate reason.  Just like the 6 week limit did not... both are wrong and I for one can't see enshrining such an ill-conceived ammendment.  It's deceptively worded.  Read it and read the reason so many oppose it...,helene,community_discussion,
lofnw2e,t3_1fmu9pw,t1_lofbqdc,florida,halcyon_1991,1727042999,2024-09-22 22:09,1,"I'm surprised there's still liberals left in the state lol, most of them have fled",helene,community_discussion,
lofrfka,t3_1fmu9pw,t1_lofkg15,florida,GeorgeKaplanIsReal,1727044236,2024-09-22 22:30,2,That’s bullshit.,helene,community_discussion,
lofrk9n,t3_1fmu9pw,t1_lof00gy,florida,GeorgeKaplanIsReal,1727044282,2024-09-22 22:31,4,Not only that he’s sending police after people who signed the petition to get it on the ballot.,helene,community_discussion,
lofsciw,t3_1fmu9pw,t3_1fmu9pw,florida,Noizyninjaz,1727044560,2024-09-22 22:36,1,"In order to do this, Democrats would have to do what the Republicans did which is slightly unethical. They used misinformation to convince Cubans and other Latinos that Democrats were going to force hard socialism on them. I know some of these people. I live in Florida. It has worked. Many of these Latinos joke about how they stood in food lines when they were kids and that the Democrats were going to bring that back. I don't know a way to convince these people otherwise. The truth doesn't work anymore.",helene,community_discussion,
lofwyi5,t3_1fmu9pw,t3_1fmu9pw,florida,Tapidue,1727046191,2024-09-22 23:03,1,Please please oh please,helene,community_discussion,
lofzpf4,t3_1fmu9pw,t3_1fmu9pw,florida,Peakomegaflare,1727047172,2024-09-22 23:19,2,Maybe if they actually put forward somebody the people can get excited about instead of these lukewarm people,helene,community_discussion,
log5ayr,t3_1fmu9pw,t1_lodox6o,florida,jgiovagn,1727049192,2024-09-22 23:53,1,"LA is not California, much like Fort Lauderdale is not Florida (certainly not a 3rd world country, but has incredible theft and homelessness, including things being stolen from beds of trucks at stoplights). To act like Florida doesn't have high crime areas leads me to believe you don't know the state you live in that well. Businesses are not fleeing California, it continues to be the 5th biggest economy in the world. As another poster mentioned, the immigration to Springfield was legal, and encouraged by the local government. The influx of workers allowed industry to grow and had completely revitalized the economy of the area. Housing has not caught up and results in a high housing inflation, but without the migrants the Businesses they are working for wouldn't have had the workers they need and would have gone somewhere else. The Haitians moving to Springfield have reversed the decline the town was experiencing. This all took place in a republican area with republican policies, with the Republicans governing them wanting to deal with the problems associated with a huge influx of people, and not get rid of the people. I can appreciate the preference of Florida covid policies, but hopefully we never have to deal with that again, we will be better prepared to deal with such events in the future having been able to reflect on what did and didn't work this time, and Florida's policies are not what all Republicans were doing, Ohio's republican government had policies similar to California.",helene,community_discussion,
lofcn52,t3_1fmurtm,t3_1fmurtm,florida,GonzoPS,1727039232,2024-09-22 21:07,1,I did everything they asked. Filled out every form.  Got nothing.,helene,community_discussion,
lodd5ya,t3_1fmvdg8,t3_1fmvdg8,florida,AutoModerator,1727017452,2024-09-22 15:04,1,"
Your [submission](https://www.reddit.com/r/florida/comments/1fmvdg8/goodbye_to_tampa_bays_steamiest_summer_on_record/) has been removed from r/Florida. 

**Please link directly to the news article.**

If you have an 'amp' link, get the direct url by pasting it into here: https://www.amputatorbot.com/

If you got it from a news aggrator site (like MSN News, Yahoo news, Apple News, etc.) You can find the source of the article at the top and/or a link to the original article at the bottom: ""This article was originally published on ""

[Please see our posting guidelines for more information.](https://www.reddit.com/r/florida/wiki/index/political_guidelines/)


*I am a bot, and this action was performed automatically. Please [contact the moderators of this subreddit](/message/compose/?to=/r/florida) if you have any questions or concerns.*",helene,community_discussion,
loddbbs,t3_1fmve2w,t3_1fmve2w,florida,AutoModerator,1727017502,2024-09-22 15:05,1,"
Your [submission](https://www.reddit.com/r/florida/comments/1fmve2w/goodbye_to_tampa_bays_steamiest_summer_on_record/) has been removed from r/Florida. 

**Please link directly to the news article.**

If you have an 'amp' link, get the direct url by pasting it into here: https://www.amputatorbot.com/

If you got it from a news aggrator site (like MSN News, Yahoo news, Apple News, etc.) You can find the source of the article at the top and/or a link to the original article at the bottom: ""This article was originally published on ""

[Please see our posting guidelines for more information.](https://www.reddit.com/r/florida/wiki/index/political_guidelines/)


*I am a bot, and this action was performed automatically. Please [contact the moderators of this subreddit](/message/compose/?to=/r/florida) if you have any questions or concerns.*",helene,community_discussion,
lodp3s1,t3_1fmwort,t3_1fmwort,florida,lightandvariable,1727021309,2024-09-22 16:08,6,Where in Florida?,helene,community_discussion,
lodp84s,t3_1fmwort,t1_lodp3s1,florida,Confident-Shake-9480,1727021347,2024-09-22 16:09,3,Venice,helene,community_discussion,
lodp8ur,t3_1fmwort,t3_1fmwort,florida,efequalma,1727021354,2024-09-22 16:09,4,The infamous lawnmower.,helene,community_discussion,
lodpa7s,t3_1fmwort,t3_1fmwort,florida,Meltsomeice,1727021365,2024-09-22 16:09,13,Dog,helene,community_discussion,
lodqlvg,t3_1fmwort,t3_1fmwort,florida,HunterSPhoenix,1727021778,2024-09-22 16:16,2,Bored 13 year old male.,helene,community_discussion,
lodri6r,t3_1fmwort,t3_1fmwort,florida,AvoidingStupidity,1727022047,2024-09-22 16:20,6,frogs,helene,community_discussion,
lodrjmf,t3_1fmwort,t3_1fmwort,florida,Phyddlestyx,1727022059,2024-09-22 16:20,7,"There's blood on it, whatever did it has regrets I would guess",helene,community_discussion,
lodrqk8,t3_1fmwort,t3_1fmwort,florida,FlaAirborne,1727022116,2024-09-22 16:21,5,Raccoon trying to get to a frog,helene,community_discussion,
lodrrle,t3_1fmwort,t3_1fmwort,florida,23skidoobbq,1727022125,2024-09-22 16:22,10,Musta been something delicious in there….,helene,community_discussion,
lodrtwh,t3_1fmwort,t3_1fmwort,florida,GrowlingAtTheWorld,1727022143,2024-09-22 16:22,2,"Rats, betcha one got stuck and his friends got him out. Or a momma opossum got a baby stuck.",helene,community_discussion,
lodshi8,t3_1fmwort,t3_1fmwort,florida,stratmeister1,1727022337,2024-09-22 16:25,23,Raccoon would be my best guess. It's amazing what they can destroy.,helene,community_discussion,
lodsnmt,t3_1fmwort,t3_1fmwort,florida,Environmental_Ad870,1727022384,2024-09-22 16:26,85,chupacabra,helene,community_discussion,
lodtoxi,t3_1fmwort,t3_1fmwort,florida,Pristine-Chemist-813,1727022673,2024-09-22 16:31,1,yote after a rat or something.,helene,community_discussion,
lodttdm,t3_1fmwort,t3_1fmwort,florida,Ez3member,1727022707,2024-09-22 16:31,1,Mighty Mouse ,helene,community_discussion,
lodud0z,t3_1fmwort,t3_1fmwort,florida,notabox316,1727022864,2024-09-22 16:34,263,"https://preview.redd.it/rietekam1eqd1.jpeg?width=1141&format=pjpg&auto=webp&s=ac08f134c58e9de70fa6e06c02eb785225fd6a33

Raccoon hair.",helene,community_discussion,
loduesk,t3_1fmwort,t3_1fmwort,florida,Bygolly83,1727022878,2024-09-22 16:34,5,Common Florida Gutter Gator. Happens all the time.,helene,community_discussion,
lodvc27,t3_1fmwort,t3_1fmwort,florida,Pleasant_Spell_3682,1727023148,2024-09-22 16:39,3,Shotgun?,helene,community_discussion,
lodvfg3,t3_1fmwort,t3_1fmwort,florida,unionizemoffitt,1727023174,2024-09-22 16:39,1,"The pr type, not the Texas type",helene,community_discussion,
lodvqiv,t3_1fmwort,t3_1fmwort,florida,No_Squash_1536,1727023265,2024-09-22 16:41,2,Possum or raccoon,helene,community_discussion,
lodw2jc,t3_1fmwort,t3_1fmwort,florida,OldStDick,1727023365,2024-09-22 16:42,2,Skunk Ape,helene,community_discussion,
lodw7dq,t3_1fmwort,t1_lodrtwh,florida,newbrevity,1727023406,2024-09-22 16:43,-1,Neither of those animals can chew through sheet metal you gonk.,helene,community_discussion,
lodwbka,t3_1fmwort,t1_lodqlvg,florida,newbrevity,1727023440,2024-09-22 16:44,6,![gif](giphy|3NuGbguGObQCfZqOfE|downsized),helene,community_discussion,
lodwu5i,t3_1fmwort,t1_lodw7dq,florida,GrowlingAtTheWorld,1727023600,2024-09-22 16:46,4,"That is soft aluminum, with enough determination rodents can chew thru it. Look at the puncture marks…they be teeth. They punctured from the outside and come in sets of two mostly.",helene,community_discussion,
lodww8z,t3_1fmwort,t3_1fmwort,florida,[deleted],1727023618,2024-09-22 16:46,1,[removed],helene,community_discussion,
lodx5gc,t3_1fmwort,t3_1fmwort,florida,Iso-LowGear,1727023697,2024-09-22 16:48,1,This is what I thought too. They can get vicious.,helene,community_discussion,
lodxdox,t3_1fmwort,t3_1fmwort,florida,F0reverlad,1727023768,2024-09-22 16:49,74,"Had this happen on a property I worked.  In that instance, a coyote was trying to catch a rabbit that, in desperation, leapt into the open mouth of a downspout to escape and hide.

I was in the process of removing the damaged downspout when the rabbit fell out and raced off.",helene,community_discussion,
lodxopr,t3_1fmwort,t3_1fmwort,florida,External_Ad_3497,1727023862,2024-09-22 16:51,5,Flying gator 🐊,helene,community_discussion,
lody0bv,t3_1fmwort,t1_lodud0z,florida,Demp_Rock,1727023961,2024-09-22 16:52,68,BINGO! You must be king in r/findthesniper,helene,community_discussion,
lody6kt,t3_1fmwort,t1_lodshi8,florida,Demp_Rock,1727024015,2024-09-22 16:53,9,"Definitely as another user pointed out, you can see raccoon hair tufts all over",helene,community_discussion,
lody852,t3_1fmwort,t3_1fmwort,florida,Bellini_DownSouth,1727024029,2024-09-22 16:53,1,Go Gata,helene,community_discussion,
lody9yi,t3_1fmwort,t1_lodwu5i,florida,Demp_Rock,1727024045,2024-09-22 16:54,1,It has raccoon hair all in it. Look closer,helene,community_discussion,
lodydwl,t3_1fmwort,t1_lodri6r,florida,Demp_Rock,1727024079,2024-09-22 16:54,2,I love this answer most,helene,community_discussion,
lodyg0j,t3_1fmwort,t1_lodrqk8,florida,Demp_Rock,1727024097,2024-09-22 16:54,3,Oohhh okay raccoon is definitely the answer to what did it. But you definitely just figured out the why!!!,helene,community_discussion,
lodz5vk,t3_1fmwort,t1_lodwu5i,florida,HoldingOnForaHero,1727024318,2024-09-22 16:58,2,Yes one chewed thru aluminum door  to get to some cat food.,helene,community_discussion,
lodzgyn,t3_1fmwort,t3_1fmwort,florida,houstonhilton74,1727024413,2024-09-22 17:00,1,"If this is real, this makes me nervous.",helene,community_discussion,
lodznma,t3_1fmwort,t3_1fmwort,florida,queloqu3,1727024471,2024-09-22 17:01,2,Bobcat,helene,community_discussion,
lodzs0a,t3_1fmwort,t3_1fmwort,florida,aFreeScotland,1727024510,2024-09-22 17:01,2,Bear,helene,community_discussion,
lodzvc1,t3_1fmwort,t3_1fmwort,florida,gullyfreak,1727024539,2024-09-22 17:02,1,test dna with blood sampl😹,helene,community_discussion,
lodzvm6,t3_1fmwort,t3_1fmwort,florida,TheMartini66,1727024542,2024-09-22 17:02,2,It is mosquito season...  have you seen the size of South Florida mosquitos this year?,helene,community_discussion,
lodzxp6,t3_1fmwort,t3_1fmwort,florida,The_bearded_one29,1727024559,2024-09-22 17:02,1,Skin walker,helene,community_discussion,
loe063q,t3_1fmwort,t3_1fmwort,florida,mountaindewrivers,1727024632,2024-09-22 17:03,10,Texas bull worm,helene,community_discussion,
loe0hgg,t3_1fmwort,t3_1fmwort,florida,Bright_Confusion_311,1727024730,2024-09-22 17:05,1,"Badgers, stinking badgers.",helene,community_discussion,
loe0qiy,t3_1fmwort,t3_1fmwort,florida,BoPVB,1727024806,2024-09-22 17:06,1,Cougar,helene,community_discussion,
loe0sry,t3_1fmwort,t1_lodyg0j,florida,FlaAirborne,1727024825,2024-09-22 17:07,5,Just figure it would have to be a food source it was after.,helene,community_discussion,
loe16fs,t3_1fmwort,t1_loduesk,florida,newleafkratom,1727024940,2024-09-22 17:09,2,"You jest, but this is Florida. The Florida of Florida.",helene,community_discussion,
loe19ih,t3_1fmwort,t1_loe0sry,florida,Demp_Rock,1727024964,2024-09-22 17:09,6,"Definitely after something!! Idk why my stupid head went to like a kid threw a hot dog on the roof or something hahaha maybe that’s just because I have a big wild feral collection of nieces and nephews

But frog, definitely yes!",helene,community_discussion,
loe1sgj,t3_1fmwort,t3_1fmwort,florida,Davetg56,1727025122,2024-09-22 17:12,1,A Tweaker in the wild . . .,helene,community_discussion,
loe25b9,t3_1fmwort,t1_lodw7dq,florida,Spiritual-Ad3870,1727025230,2024-09-22 17:13,2,Both of those animals can... just probably wasn't one of them in this case.,helene,community_discussion,
loe2uf8,t3_1fmwort,t3_1fmwort,florida,MadAdam88,1727025440,2024-09-22 17:17,2,Florida Man.,helene,community_discussion,
loe3x9l,t3_1fmwort,t3_1fmwort,florida,dustyoldbones,1727025759,2024-09-22 17:22,2,Follow the blood trail,helene,community_discussion,
loe4a1t,t3_1fmwort,t1_loe3x9l,florida,Confident-Shake-9480,1727025865,2024-09-22 17:24,2,Found it in a neighbors yard. Whatever did it didn’t kill their prey until getting over there.,helene,community_discussion,
loe4bpb,t3_1fmwort,t3_1fmwort,florida,One-Abbreviations834,1727025878,2024-09-22 17:24,2,A common Florida bath salt zombie tweaker!,helene,community_discussion,
loe609o,t3_1fmwort,t3_1fmwort,florida,GoodMango3731,1727026369,2024-09-22 17:32,1,"It’s possible a woodpecker could have. They are known to use any type of metal to sharpen their beaks. I have not seen damage to this extent from one but from the looks of all the very small dents and holes, it could have been damaged over time and then just got blown out.",helene,community_discussion,
loe64k8,t3_1fmwort,t3_1fmwort,florida,[deleted],1727026405,2024-09-22 17:33,1,[removed],helene,community_discussion,
loe689s,t3_1fmwort,t1_loe609o,florida,Confident-Shake-9480,1727026436,2024-09-22 17:33,2,This was ripped from the wall and dragged to a neighbors yard. Had to be something bigger,helene,community_discussion,
loe6ba4,t3_1fmwort,t3_1fmwort,florida,BigMikeThurs,1727026462,2024-09-22 17:34,1,A really pissed off one,helene,community_discussion,
loe74i0,t3_1fmwort,t3_1fmwort,florida,Lostcities_82,1727026694,2024-09-22 17:38,2,Velociraptor,helene,community_discussion,
loe7j5y,t3_1fmwort,t1_loe689s,florida,GoodMango3731,1727026805,2024-09-22 17:40,1,"Yea, that’s no woodpecker!!! Wow. 🤯",helene,community_discussion,
loe7oma,t3_1fmwort,t1_lodpa7s,florida,EvilSardine,1727026846,2024-09-22 17:40,-2,Not a bad guess. A shitbull will tear through a car trying to kill a cat.,helene,community_discussion,
loe7ucn,t3_1fmwort,t3_1fmwort,florida,Worried_Driver9708,1727026890,2024-09-22 17:41,2,looks like a tasty snack for a goat,helene,community_discussion,
loe9e2q,t3_1fmwort,t3_1fmwort,florida,deanagrant,1727027331,2024-09-22 17:48,1,"I would bet it also would be a raccoon, and possibly a rabid raccoon. Raccoons and skunks are known to be more prolific carriers of rabies than other species of mammals their size and weight. Bats and chipmunks were the other species of animals that were found to carry the infection.",helene,community_discussion,
loe9utn,t3_1fmwort,t3_1fmwort,florida,PimpDaddyXXXtreme,1727027465,2024-09-22 17:51,1,A very desperate one...,helene,community_discussion,
loearnn,t3_1fmwort,t3_1fmwort,florida,ImbuesHues,1727027728,2024-09-22 17:55,3,Same thing happened at our house. Around 3:00am right outside our bedroom window. Scared the living bejeezus out of hubby and I. It was a rabbit being chased by a fox? Coyote? Who knows?  But rabbit was as mangled as the downspout 🤢,helene,community_discussion,
loeb2j0,t3_1fmwort,t3_1fmwort,florida,nopulsehere,1727027815,2024-09-22 17:56,2,Trash panda!,helene,community_discussion,
loeb4os,t3_1fmwort,t1_lodud0z,florida,Moondoobious,1727027833,2024-09-22 17:57,16,A very very angry raccoon wtf??,helene,community_discussion,
loeb7rg,t3_1fmwort,t3_1fmwort,florida,BigTomCat821,1727027858,2024-09-22 17:57,1,Ivory Billed Woodpecker,helene,community_discussion,
loec3vj,t3_1fmwort,t3_1fmwort,florida,Dino-chicken-nugg3t,1727028116,2024-09-22 18:01,1,My bad neighbor 😅,helene,community_discussion,
loed628,t3_1fmwort,t1_loe7oma,florida,lagent55,1727028430,2024-09-22 18:07,-2,I saw a Turkish Kangal nearly kill a Pitbull in 10 seconds,helene,community_discussion,
loedmr9,t3_1fmwort,t3_1fmwort,florida,RosesUnderCypresses,1727028569,2024-09-22 18:09,8,Skunk ape,helene,community_discussion,
loeexxb,t3_1fmwort,t1_loeb4os,florida,pcuba808,1727028967,2024-09-22 18:16,5,Rabid maybe?,helene,community_discussion,
loefkuq,t3_1fmwort,t3_1fmwort,florida,bigb1084,1727029158,2024-09-22 18:19,1,Dang! We don't want to come across whatever the hell has THOSE teeth!,helene,community_discussion,
loefxr1,t3_1fmwort,t3_1fmwort,florida,twothumbswayup,1727029259,2024-09-22 18:20,1,We have chipmunks living in a few drain spouts -might of seen one run up or a vole or something and went at it for food.,helene,community_discussion,
loeghb2,t3_1fmwort,t1_loeb4os,florida,krunkytacos,1727029419,2024-09-22 18:23,14,I've seen dogs do similar things when chasing a rodent. There was a rodent nest built in the rear of the frame of a pickup new tundra hybrid. The customer's dogs annihilated all the wiring under the back of the truck trying to go after the rodents. Tore up the bumper a bit too.,helene,community_discussion,
loegm6p,t3_1fmwort,t1_loed628,florida,petit_cochon,1727029458,2024-09-22 18:24,2,This took a very weird turn.,helene,community_discussion,
loegpib,t3_1fmwort,t1_loeexxb,florida,lostredditers,1727029486,2024-09-22 18:24,1,That was my first thought when I saw it. No good reason an animal would be attacking a drainpipe other than it was out of its mind.,helene,community_discussion,
loegtzv,t3_1fmwort,t1_lodsnmt,florida,disengagesimulators,1727029524,2024-09-22 18:25,-7,Jewpacabra*,helene,community_discussion,
loejihl,t3_1fmwort,t3_1fmwort,florida,OkStart6462,1727030353,2024-09-22 18:39,1,One who's mouth is bleeding,helene,community_discussion,
loejocb,t3_1fmwort,t3_1fmwort,florida,jnwg,1727030403,2024-09-22 18:40,1,Elephant,helene,community_discussion,
loejw0i,t3_1fmwort,t1_loeb4os,florida,Visible_Day9146,1727030469,2024-09-22 18:41,4,I assumed he was stuck inside,helene,community_discussion,
loek2lu,t3_1fmwort,t1_loejw0i,florida,Moondoobious,1727030526,2024-09-22 18:42,8,Those bite marks seem to be inflicted from the outside,helene,community_discussion,
loekd0b,t3_1fmwort,t3_1fmwort,florida,ComfortableOne4918,1727030613,2024-09-22 18:43,2,I thought it might be that upright walking species known as Flordio Manius.,helene,community_discussion,
loekegr,t3_1fmwort,t1_loekd0b,florida,SokkaHaikuBot,1727030625,2024-09-22 18:43,1,"^[Sokka-Haiku](https://www.reddit.com/r/SokkaHaikuBot/comments/15kyv9r/what_is_a_sokka_haiku/) ^by ^ComfortableOne4918:

*I thought it might be*

*That upright walking species*

*Known as Flordio Manius.*

---
^Remember ^that ^one ^time ^Sokka ^accidentally ^used ^an ^extra ^syllable ^in ^that ^Haiku ^Battle ^in ^Ba ^Sing ^Se? ^That ^was ^a ^Sokka ^Haiku ^and ^you ^just ^made ^one.",helene,community_discussion,
loekyyl,t3_1fmwort,t1_lodrqk8,florida,NomadFeet,1727030791,2024-09-22 18:46,5,Hopefully a cuban tree frog.,helene,community_discussion,
loekz2q,t3_1fmwort,t3_1fmwort,florida,happy0444,1727030792,2024-09-22 18:46,1,L,helene,community_discussion,
loel1cc,t3_1fmwort,t3_1fmwort,florida,jilizil,1727030811,2024-09-22 18:46,2,A velociraptor?,helene,community_discussion,
loemlft,t3_1fmwort,t3_1fmwort,florida,Currupt_File_626,1727031281,2024-09-22 18:54,1,Something with rabies,helene,community_discussion,
loenypl,t3_1fmwort,t1_lodw7dq,florida,NoOnSB277,1727031692,2024-09-22 19:01,2,Says who and why so nasty anyway?,helene,community_discussion,
loeo8yo,t3_1fmwort,t3_1fmwort,florida,deanagrant,1727031777,2024-09-22 19:02,3,"There also should be footprints in the area,    You can google their images on the internet. There is quite a difference between their footprints.

![gif](giphy|Ie3jfYb1ltqQBRji29)",helene,community_discussion,
loeoco7,t3_1fmwort,t3_1fmwort,florida,THEVILLAGEIDI0T,1727031808,2024-09-22 19:03,3,![gif](giphy|qgxxuDbUqLj0xogeRJ),helene,community_discussion,
loep9rw,t3_1fmwort,t3_1fmwort,florida,Complete_Reception86,1727032082,2024-09-22 19:08,1,Bear,helene,community_discussion,
loepi48,t3_1fmwort,t3_1fmwort,florida,PikaHage,1727032151,2024-09-22 19:09,1,Have you seen Alien?,helene,community_discussion,
loepq2d,t3_1fmwort,t3_1fmwort,florida,sabrooooo,1727032219,2024-09-22 19:10,1,"Raccoon was being chased by dog or another bigger animal, it ran up into the gutter to escape, looks like prey bit through the gutter to get the raccoon (puncture makes going inwards indicated it was punctured from the outside.",helene,community_discussion,
loepw13,t3_1fmwort,t3_1fmwort,florida,frenchbluehorn,1727032267,2024-09-22 19:11,1,poor baby looks like he scalped himself :(,helene,community_discussion,
loeqf65,t3_1fmwort,t1_loegtzv,florida,florida-ModTeam,1727032425,2024-09-22 19:13,1,"This submission has been removed:

**1. Be Excellent to Each Other**

r/Florida values respectful and responsible discourse. Name-calling, gatekeeping, sexist, racist, transphobic, bigoted, trolling, unproductive, or overly rude behavior is not permitted. Treat others respectfully; if you can't, post elsewhere. This rule applies everywhere in this subreddit, including usernames.

We Follow Reddiquette and Reddit’s Sitewide Policies found here: https://www.reddit.com/help/contentpolicy

If you believe we made a mistake, please [message the moderators](https://www.reddit.com/message/compose?to=/r/florida)",helene,community_discussion,
loerdkn,t3_1fmwort,t3_1fmwort,florida,despointes1234,1727032709,2024-09-22 19:18,1,A crackhead,helene,community_discussion,
loes0vi,t3_1fmwort,t3_1fmwort,florida,Brownsnoot44,1727032907,2024-09-22 19:21,1,A pain in the ass,helene,community_discussion,
loet12u,t3_1fmwort,t3_1fmwort,florida,[deleted],1727033210,2024-09-22 19:26,1,[removed],helene,community_discussion,
loetig1,t3_1fmwort,t1_lodud0z,florida,BadAtExisting,1727033353,2024-09-22 19:29,25,"Looks like he got cut up pretty good too

https://preview.redd.it/08gyz0ptweqd1.jpeg?width=1170&format=pjpg&auto=webp&s=049a285c9ab8ce8d56b1b4b3c0ce61ee971b0c05",helene,community_discussion,
loeu0d0,t3_1fmwort,t3_1fmwort,florida,ComeAlive82,1727033501,2024-09-22 19:31,1,Did Sephiroth…do this?,helene,community_discussion,
loew9ld,t3_1fmwort,t3_1fmwort,florida,Radiant-Rest-2498,1727034178,2024-09-22 19:42,2,My dogs have done similar when chasing a squirrel in mine.,helene,community_discussion,
loezlp2,t3_1fmwort,t3_1fmwort,florida,Scary-Strawberry-144,1727035179,2024-09-22 19:59,1,Crackhead,helene,community_discussion,
loezlq8,t3_1fmwort,t3_1fmwort,florida,agroyle,1727035180,2024-09-22 19:59,1,A dog,helene,community_discussion,
loezvtx,t3_1fmwort,t1_lodxdox,florida,Mylittlebunny123,1727035265,2024-09-22 20:01,14,Oh how sad!  So happy to hear the rabbit made it out ok!,helene,community_discussion,
lof3fpr,t3_1fmwort,t3_1fmwort,florida,Elysian25_,1727036340,2024-09-22 20:19,2,"It was me, sorry.",helene,community_discussion,
lof4bv0,t3_1fmwort,t1_lodw7dq,florida,_mercybeat_,1727036616,2024-09-22 20:23,2,"My gutter company owning husband would beg to differ. I showed this to him, he said they see it all the time. He said they always figure it’s coyotes, although one guy was insistent that it was a gator that ripped it off the house and took it down to the pond.",helene,community_discussion,
lof5j1k,t3_1fmwort,t3_1fmwort,florida,Classic_Spot295,1727036993,2024-09-22 20:29,1,"Same exact thing happened to us! I found remnants of a bunny as well. Since we had coyotes in the area, that’s what we figured happened. That same day, later on, we heard a coyote yowl.",helene,community_discussion,
lof8bjo,t3_1fmwort,t3_1fmwort,florida,beanoJ346,1727037865,2024-09-22 20:44,2,The lawn guy with his weed wacker,helene,community_discussion,
lofdjxv,t3_1fmwort,t3_1fmwort,florida,CX41993,1727039526,2024-09-22 21:12,1,Some sort of canine,helene,community_discussion,
lofenhu,t3_1fmwort,t3_1fmwort,florida,from-the-stix,1727039889,2024-09-22 21:18,1,A wounded one it would seem,helene,community_discussion,
lofgt8v,t3_1fmwort,t1_loeexxb,florida,Kynmore,1727040607,2024-09-22 21:30,27,"Nah. Mama. Willing to die to save child.

I've seen a mom figure out a live trap to get her kit out of it. Get got mangled pretty bad. We got her the next night and took her to the vet to get patched up.",helene,community_discussion,
lofgykz,t3_1fmwort,t3_1fmwort,florida,Jaxhusky1,1727040655,2024-09-22 21:30,1,"Before we moved to Florida, My dog brought me the neighbor’s downspout containing the remnants of a chipmunk.  She jumped over our fence, raced across our yard, the street and the neighbor’s yard to the neighbors house in hot pursuit of the chipmunk.  She attacked the downspout and proudly drug the downspout containing the chipmunk remains back to me.   Happened in less than five minutes.  Luckily our neighbors found it hysterical as they also had chipmunks trying to burrow into their fascia and attic.  Of course we replaced the downspout for them.  The dog did have a bloody mouth after the incid my but this never deterred her as she had a strong prey drive.",helene,community_discussion,
lofh73k,t3_1fmwort,t1_lodsnmt,florida,Kynmore,1727040733,2024-09-22 21:32,3,"They're all over the Alifia, past 301 from the bay. It was  sometimes the only plausible explanation for the weird shit that happens to pets in my neighborhood.",helene,community_discussion,
lofhoui,t3_1fmwort,t3_1fmwort,florida,sinisterprime15,1727040891,2024-09-22 21:34,1,Wolverines?,helene,community_discussion,
lofirfb,t3_1fmwort,t3_1fmwort,florida,jayfourzee,1727041238,2024-09-22 21:40,1,Something with a good dental plan.,helene,community_discussion,
lofiso7,t3_1fmwort,t3_1fmwort,florida,onedollarcereal,1727041250,2024-09-22 21:40,2,Probably Bigfoot,helene,community_discussion,
lofnivz,t3_1fmwort,t3_1fmwort,florida,Salnugs,1727042869,2024-09-22 22:07,1,Squirrels,helene,community_discussion,
lofnw00,t3_1fmwort,t3_1fmwort,florida,BSOLAW,1727042998,2024-09-22 22:09,1,ex girlfriend,helene,community_discussion,
lofolh3,t3_1fmwort,t3_1fmwort,florida,writefast,1727043249,2024-09-22 22:14,1,Raccoon. Teeth size and ferocity matches.,helene,community_discussion,
lofowmi,t3_1fmwort,t1_loeb4os,florida,writefast,1727043357,2024-09-22 22:15,13,Raccoons are ferocious. Wolverine level ferocious. Adorable? Yes. Wildly soft and lovable? Yes. Blood thirsty murderers? Yes.,helene,community_discussion,
lofozgv,t3_1fmwort,t3_1fmwort,florida,Youngworker160,1727043385,2024-09-22 22:16,2,clearly that's the chupacabra or the skunk ape,helene,community_discussion,
lofpnsw,t3_1fmwort,t3_1fmwort,florida,PermissionExpert434,1727043615,2024-09-22 22:20,1,A hooman,helene,community_discussion,
lofuio9,t3_1fmwort,t3_1fmwort,florida,dazajose00,1727045328,2024-09-22 22:48,2,Chupacabras,helene,community_discussion,
lofyseg,t3_1fmwort,t3_1fmwort,florida,QuillTheQueer,1727046843,2024-09-22 23:14,2,Florida man,helene,community_discussion,
lofyxug,t3_1fmwort,t3_1fmwort,florida,Apprehensive-Dog8106,1727046897,2024-09-22 23:14,1,Big spider,helene,community_discussion,
lofzf2j,t3_1fmwort,t1_lofh73k,florida,Apprehensive-Dog8106,1727047069,2024-09-22 23:17,-2,No one knows where that is if they aren’t from our area,helene,community_discussion,
lofznb7,t3_1fmwort,t3_1fmwort,florida,Medium_Status4337,1727047151,2024-09-22 23:19,1,Human!,helene,community_discussion,
log12o7,t3_1fmwort,t3_1fmwort,florida,TattooPaul666,1727047658,2024-09-22 23:27,1,Definately a Racoon.,helene,community_discussion,
log2niz,t3_1fmwort,t3_1fmwort,florida,Sensitive-Put-6416,1727048221,2024-09-22 23:37,1,Alligator,helene,community_discussion,
log3ja8,t3_1fmwort,t3_1fmwort,florida,girlpower2025,1727048537,2024-09-22 23:42,1,Human.,helene,community_discussion,
log3jsg,t3_1fmwort,t3_1fmwort,florida,ThisGuy_1374,1727048542,2024-09-22 23:42,1,Definitely ants 🐜,helene,community_discussion,
log3wej,t3_1fmwort,t1_lodud0z,florida,SpideyWhiplash,1727048667,2024-09-22 23:44,9,"Interesting, I have a handicapped (is that a correct term, do not want to offend) baby raccoon in my backyard. His Mama and the rest of his family still hang with him and he shares in the spoils of kibble tossed to everyone in the AM and PM. I'm thinking he was born handicap because he has trouble eating too. But, he could have been that special kid stuck in the downspout of one of my neighbors.🤔",helene,community_discussion,
log5vhr,t3_1fmwort,t3_1fmwort,florida,AdorableDragonfly639,1727049408,2024-09-22 23:56,1,A chicken,helene,community_discussion,
lodx4l2,t3_1fmxq2x,t3_1fmxq2x,florida,AutoModerator,1727023689,2024-09-22 16:48,1,"
Your [submission](https://www.reddit.com/r/florida/comments/1fmxq2x/register_to_vote_only_2_weeks_left/) has been removed from r/Florida. 

**All News/Political posts must link to a credible news source.** 

* No text posts.
* No images. 
* No Videos
* No screenshots of tweets/facebook/truth/etc posts. 
* No Political Memes. 
* No Crossposts.

[Please see our posting guidelines for more information.](https://www.reddit.com/r/florida/wiki/index/political_guidelines/)

If you believe this post was filtered in error, please let us know.


*I am a bot, and this action was performed automatically. Please [contact the moderators of this subreddit](/message/compose/?to=/r/florida) if you have any questions or concerns.*",helene,community_discussion,
loe6hey,t3_1fmy808,t3_1fmy808,florida,cosmicrae,1727026513,2024-09-22 17:35,4,"*Gopherus Polyphemus*, the Gopher Tortoise. If you encounter one unexpectedly, stand very still. If you're not moving, they may not even know you are there.",helene,community_discussion,
lof0wbh,t3_1fmy808,t3_1fmy808,florida,Parkrangingstoicbro,1727035570,2024-09-22 20:06,2,Gopher tortoise spotted,helene,community_discussion,
loe1w83,t3_1fmy9z4,t3_1fmy9z4,florida,AutoModerator,1727025153,2024-09-22 17:12,1,"
Your [submission](https://www.reddit.com/r/florida/comments/1fmy9z4/register_to_vote_only_2_weeks_left/) has been removed from r/Florida. 

**All News/Political posts must be correctly flaired either ""News"" or ""Politics"".** 

How to assign or edit flair on mobile:

* The button to assign flair is under the post title.
* To edit flair after you’ve posted, go to your post, hit the menu (three dots ...). Then “change post flair.”

How to assign or edit flair on desktop:

* When making your post, click on “flair” underneath the text box.
* To edit flair after you’ve posted, go to your post, hit the menu (three dots ...), then “Edit flair.” 


*I am a bot, and this action was performed automatically. Please [contact the moderators of this subreddit](/message/compose/?to=/r/florida) if you have any questions or concerns.*",helene,community_discussion,
loe2yla,t3_1fmye7o,t3_1fmye7o,florida,AutoModerator,1727025474,2024-09-22 17:17,1,"
Your [submission](https://www.reddit.com/r/florida/comments/1fmye7o/republicans_threaten_doctors_who_fail_to_provide/) has been removed from r/Florida. 

* No Crossposts for News/Political Articles

[Please see our posting guidelines for more information.](https://www.reddit.com/r/florida/wiki/index/political_guidelines/)

If you believe this post was filtered in error, please let us know.


*I am a bot, and this action was performed automatically. Please [contact the moderators of this subreddit](/message/compose/?to=/r/florida) if you have any questions or concerns.*",helene,community_discussion,
loe7qjr,t3_1fmykro,t3_1fmykro,florida,claxdog1,1727026860,2024-09-22 17:41,26,Yes.,helene,community_discussion,
loe83g5,t3_1fmykro,t3_1fmykro,florida,Phlydude,1727026960,2024-09-22 17:42,4,Needs change all the time. A job offer does not guarantee an actual job being available.,helene,community_discussion,
loe86z1,t3_1fmykro,t3_1fmykro,florida,[deleted],1727026987,2024-09-22 17:43,1,[removed],helene,community_discussion,
loeb7g4,t3_1fmykro,t3_1fmykro,florida,Environmental_Ad870,1727027856,2024-09-22 17:57,15,"It's shitty, ​​but legal.",helene,community_discussion,
loefu12,t3_1fmykro,t1_loeb7g4,florida,sah0724,1727029230,2024-09-22 18:20,6,"Well okay then this is weird it was a weekend job then they called me asking if I could work a bunch of extra hours 24-7 and I told them I don't think so and that was that. 

Life i guess",helene,community_discussion,
loejfj3,t3_1fmykro,t3_1fmykro,florida,[deleted],1727030328,2024-09-22 18:38,1,[removed],helene,community_discussion,
loeknlx,t3_1fmykro,t1_loefu12,florida,Visible_Day9146,1727030699,2024-09-22 18:44,12,"The old bait and switch. Happened to me, too.",helene,community_discussion,
loemy6i,t3_1fmykro,t3_1fmykro,florida,Ok-Butterscotch-8366,1727031390,2024-09-22 18:56,5,Welcome to a right to work state.,helene,community_discussion,
loentqd,t3_1fmykro,t3_1fmykro,florida,the_knob_man,1727031650,2024-09-22 19:00,3,Did you have to pay for any part of this? Application fee? Testing fee? Background check fee?,helene,community_discussion,
loepnt9,t3_1fmykro,t1_loemy6i,florida,Hole_IslandACNH,1727032200,2024-09-22 19:10,2,Right to work means you aren’t compelled to join a union. This is at will (though FL is both),helene,community_discussion,
loeqj2x,t3_1fmykro,t3_1fmykro,florida,MermaidFL407,1727032457,2024-09-22 19:14,3,"Yes, it is legal. In Florida, companies don’t have to hire everyone and they don’t need a reason to fire either. Unless there was a signed contract that specifically said they were hiring you for an exact timeframe with dates, then you might have a case. But it’s only illegal if they take back the job offer due to discrimination of race, gender, religion, sex, national origin, age, or disability.",helene,community_discussion,
loex5ig,t3_1fmykro,t1_loe83g5,florida,sah0724,1727034443,2024-09-22 19:47,2,"Yep I guess tirt figured they needed more than a weekend guy after hiring a weekend up. 

Sounds like crap management honestly. One guy puts up a ad the other guy tell him to take it down we need more.",helene,community_discussion,
loex7ex,t3_1fmykro,t1_loentqd,florida,sah0724,1727034458,2024-09-22 19:47,1,Nope nothing,helene,community_discussion,
lof15se,t3_1fmykro,t3_1fmykro,florida,Mr_Fignutz,1727035651,2024-09-22 20:07,2,Don't vote red.,helene,community_discussion,
lof1z0k,t3_1fmykro,t3_1fmykro,florida,moistmarbles,1727035898,2024-09-22 20:11,2,"I was offered a job with a signed offer letter and a start date. Then the company “rescinded” their offer, after I had already given my notice at my then current job. Yeah, it’s shitty but not illegal.",helene,community_discussion,
lof5urr,t3_1fmykro,t3_1fmykro,florida,Ok-Butterscotch-8366,1727037096,2024-09-22 20:31,-4,What right to work state means in Florida is that you have the right to leave a job for any reason and they have the right to separate you from employment with them with no reason necessary.,helene,community_discussion,
lofacgd,t3_1fmykro,t3_1fmykro,florida,Mostly_Cookie,1727038497,2024-09-22 20:54,1,"Yes it legal and unfortunately happens a lot. I had a company hire me(did the W-2 and everything) and then they completely ghosted me. I emailed, called, texted, even went in person. They can just drop you like that.",helene,community_discussion,
lofbbmi,t3_1fmykro,t1_loe83g5,florida,TheNobleHeretic,1727038805,2024-09-22 21:00,1,Bro you can’t read lol. He already had the job,helene,community_discussion,
lofbili,t3_1fmykro,t1_lof5urr,florida,Wise_Average_9378,1727038866,2024-09-22 21:01,5,That’s not what it means at all.  ‘Right to Work’ means you can’t be compelled to join a union as a condition of employment.  What you’ve described is ‘At Will Employment’.,helene,community_discussion,
lofku2v,t3_1fmykro,t1_loepnt9,florida,Status_Scheme_2585,1727041932,2024-09-22 21:52,-2,"No, it has not been legal to force someone to join a union in the United States since the 1947 Taft-Hartley Act",helene,community_discussion,
loflze9,t3_1fmykro,t1_loepnt9,florida,[deleted],1727042328,2024-09-22 21:58,1,[removed],helene,community_discussion,
log04e3,t3_1fmykro,t1_loex5ig,florida,Phlydude,1727047320,2024-09-22 23:22,1,"Sometimes a wide net is cast and they pick the ones that suit their needs the best or in other cases, fastest to accept gets the open jobs.",helene,community_discussion,
loe66sz,t3_1fmyl7l,t3_1fmyl7l,florida,cosmicrae,1727026424,2024-09-22 17:33,4,In most counties (all perhaps) license plates are issued at the county Tax Collector's office. Call them.,helene,community_discussion,
loe833n,t3_1fmyl7l,t3_1fmyl7l,florida,Complex-Voice2826,1727026957,2024-09-22 17:42,6,"Not sure where you're originally from, but it's not too bad down here. Make an appointment with the tax collector, and it shouldn't take more than 20-30 minutes. Word.",helene,community_discussion,
loe8l18,t3_1fmyl7l,t3_1fmyl7l,florida,RiskyDudeFL,1727027098,2024-09-22 17:44,-3,Ummm move to Florida,helene,community_discussion,
loebrgh,t3_1fmyl7l,t3_1fmyl7l,florida,One-Abbreviations834,1727028018,2024-09-22 18:00,1,Make an appointment at tax collector! It takes about 20 minutes in and out now.just check website and make sure you have all required paperwork that they require you to have in order to register vehicle!,helene,community_discussion,
loedx2e,t3_1fmyl7l,t3_1fmyl7l,florida,No-Notice565,1727028656,2024-09-22 18:10,3,"Some counties, like Broward, have tag agencies you can use. Some counties you must go to the tax collector. Since you didnt list the county, we can only guess.",helene,community_discussion,
loee5zo,t3_1fmyl7l,t3_1fmyl7l,florida,notatowel420,1727028731,2024-09-22 18:12,5,Is google broken?,helene,community_discussion,
loefuox,t3_1fmyl7l,t3_1fmyl7l,florida,TheFlaEd,1727029235,2024-09-22 18:20,2,A lot of counties have an office with Saturday hours.,helene,community_discussion,
loeqw7q,t3_1fmyl7l,t3_1fmyl7l,florida,kimchidiarrhea,1727032564,2024-09-22 19:16,3,You can go to any tag agency. They are private for profit. But typically less of a line. You may have a paper issued until the legit arrives to that office.,helene,community_discussion,
loezy46,t3_1fmyl7l,t3_1fmyl7l,florida,FriedEgg65,1727035284,2024-09-22 20:01,2,tax collectors office - easy to do up in NE Florida,helene,community_discussion,
lof7vhc,t3_1fmyl7l,t3_1fmyl7l,florida,CitizenofTruth,1727037725,2024-09-22 20:42,1,"You have to go in person, but you can make an appointment at the tax collector’s office and it’s pretty quick.",helene,community_discussion,
loe5y3v,t3_1fmypzq,t3_1fmypzq,florida,AutoModerator,1727026351,2024-09-22 17:32,1,"
Please note that only active users in the subreddit may comment in this discussion. If your comments are not showing up, please ensure you have active non-news/non-political contributions to the subreddit before contacting the moderators.

 [See our posting guidelines for more information.](https://www.reddit.com/r/florida/wiki/index/political_guidelines/)

**Remember the following:**

**Be Civil:**

* You are welcome to debate, discussion, and argue ideas, but don't resort to personal attacks on other users. 
* We do not allow any form of hate speech or any suggestion/support of harm, violence, or death.

**Must be related strictly to Florida:**

* National News/Elections are not specific to Florida. 
* Just because someone lives in Florida, doesn't mean their entire life is relevant to Floridians. 

If you see comments in violation of our rules, please report them.

#[Click this link to register to vote, update your voter information, or check your status.](https://registertovoteflorida.gov/)


*I am a bot, and this action was performed automatically. Please [contact the moderators of this subreddit](/message/compose/?to=/r/florida) if you have any questions or concerns.*",helene,community_discussion,
loe9okb,t3_1fmypzq,t3_1fmypzq,florida,florida-ModTeam,1727027416,2024-09-22 17:50,1,"This submission has been removed:

**4. News/Politics - Please Follow Our Guidelines**

- Use a Reputable Source 

Please see our [Politics Posting Guidelines](
https://reddit.com/r/florida/w/index/political_guidelines) for more information. 

If you believe we made a mistake, please [message the moderators](https://www.reddit.com/message/compose?to=/r/florida)",helene,community_discussion,
loebsck,t3_1fmyvia,t3_1fmyvia,florida,tntlaughlin,1727028025,2024-09-22 18:00,2,Port Canaveral [Jetty Park](https://www.portcanaveral.com/Recreation/Jetty-Park-Campground?),helene,community_discussion,
loekgh2,t3_1fmyvia,t3_1fmyvia,florida,five-minutes-late,1727030641,2024-09-22 18:44,0,Playalinda is closed on days of rocket launches.,helene,community_discussion,
loephbp,t3_1fmyvia,t1_loekgh2,florida,heathersaur,1727032145,2024-09-22 19:09,2,"That's not entirely true. 

Yes they do close it, or portions, depending on the rocket, pad, and/or weather conditions. 

For a majority of launches it's open within it's operating hours & capacity.",helene,community_discussion,weather
lof1aqo,t3_1fmyvia,t3_1fmyvia,florida,marlinbohnee,1727035693,2024-09-22 20:08,2,Can’t stay overnight at playalinda though. Closes at dusk,helene,community_discussion,
loekd3m,t3_1fn05zm,t3_1fn05zm,florida,UnpopularCrayon,1727030614,2024-09-22 18:43,6,Use a different rental company is the easy solution.,helene,community_discussion,
loeolbz,t3_1fn05zm,t3_1fn05zm,florida,Valkyriesride1,1727031880,2024-09-22 19:04,1,"It must be company policy. 

Earlier this year and they tried telling me how much better their insurance was, and that I risked having to pay for any days the car was out of service. I told them between my auto policy and credit card coverage, I was good.",helene,community_discussion,
loesekw,t3_1fn05zm,t3_1fn05zm,florida,Jaded-Moose983,1727033024,2024-09-22 19:23,3,"This is company policy. Though FL drivers are expected to have a minimum of $10k PIP coverage of their own, not provided through the rental company.  Some companies will only rent to a FL resident if they can  show proof of a round trip flight.

I suspect these restrictions are due to abuses by local residents not returning cars on time. Or at all.

If your friend has a driver’s license, it would be worth investing in an non-owners policy. This kicks in on a rental or borrowed car they are driving if the owner’s insurance is not sufficient. It will help protect your friend no matter what car they are driving and is comparatively cheap. It will have the benefit of providing an insurance history so if they ever do get their own car, the initial insurance coverage won’t be outrageous.",helene,community_discussion,
loewgs1,t3_1fn05zm,t1_loesekw,florida,AnnihilatingCanon,1727034238,2024-09-22 19:43,2,"Thank you for your response! Could you please clarify a bit more about the statement: *""Though FL drivers are expected to have a minimum of $10k PIP coverage of their own, not provided through the rental company""*? Expected by whom exactly? And what happens if someone doesn’t have this coverage - can PIP still be purchased through the rental company or elsewhere?",helene,community_discussion,
lof6b9v,t3_1fn05zm,t3_1fn05zm,florida,RW63,1727037239,2024-09-22 20:33,1,Tell your friend to try a location not at an airport.,helene,community_discussion,
lof7i8m,t3_1fn05zm,t1_loewgs1,florida,Jaded-Moose983,1727037611,2024-09-22 20:40,2,"Yes, I worded it badly. PIP of at least $10k. coverage is required by law in FL. Some rental companies offer it, others don’t. Relying on coverage through a credit card probably won’t get the PIP coverage.

PIP, liability and uninsured/underinsured motorist coverage can all be bought as a non-owner policy.",helene,community_discussion,
lof9kkf,t3_1fn05zm,t1_lof7i8m,florida,AnnihilatingCanon,1727038255,2024-09-22 20:50,1,ah! Thank you,helene,community_discussion,
lofg2ox,t3_1fn05zm,t3_1fn05zm,florida,Capable-Influence955,1727040363,2024-09-22 21:26,3,I think you’ve discovered why it’s an “economy” outfit.,helene,community_discussion,
log2g08,t3_1fn05zm,t3_1fn05zm,florida,principium_est,1727048145,2024-09-22 23:35,2,"That's why the ""base rate"" is so low. Had Fox pull similar BS on me, walked out the door.",helene,community_discussion,
loemunm,t3_1fn0d4a,t3_1fn0d4a,florida,3turtles2go,1727031360,2024-09-22 18:56,1,Yes.,helene,community_discussion,
loen1n9,t3_1fn0d4a,t3_1fn0d4a,florida,LuckyNole,1727031418,2024-09-22 18:56,14,You’re in Florida. You’d better get used to seeing cockroaches. Either get yourself an exterminator or do it yourself. You’re going to see a lot more; especially when it rains.,helene,community_discussion,
loendu0,t3_1fn0d4a,t1_loen1n9,florida,OkRecording1767,1727031520,2024-09-22 18:58,1,When is it cause for concern?,helene,community_discussion,
loeojh2,t3_1fn0d4a,t3_1fn0d4a,florida,OldStDick,1727031864,2024-09-22 19:04,1,I never like seeing roaches so I spray with an Alpine WSG and Gentrol mixture. Problem solved.,helene,community_discussion,
loeopi2,t3_1fn0d4a,t1_loendu0,florida,OldStDick,1727031916,2024-09-22 19:05,7,"When you see a German, it's always a cause for concern.",helene,community_discussion,
loeqx68,t3_1fn0d4a,t1_loeopi2,florida,LuckyNole,1727032572,2024-09-22 19:16,1,"This is true. The German kind are often indicative of a cleanliness problem, especially in kitchens. For them, you should definitely call an exterminator. 

The bigger, palmetto bugs though, you’re just going to see. Usually more in the summer, but if you see one per week, that’s not crazy. 

There are also homemade bug repellent (one has cinnamon and vanilla) that you can try. You can also remove the mulch from around your house and put rocks or something else down instead. They love wet mulch! 

Honestly though, even with extermination you’re going to see them.",helene,community_discussion,
loes6vu,t3_1fn0d4a,t1_loeqx68,florida,OldStDick,1727032958,2024-09-22 19:22,2,"I don't like most exterminators since they use pyrethroids which German cockroaches just laugh at. It's cheap, so a lot of places use it. Alpine is newer and much more effective and Gentrol stops them from breeding. I also do an outside perimeter spray. I don't see any cockroaches anymore after I've laid down a few months of this stuff. The off chance there's one in my garage, it's dead. 

You don't have to live with cockroaches. It's entirely possible to fix that problem.",helene,community_discussion,
loev6m1,t3_1fn0d4a,t1_loendu0,florida,wolffangz11,1727033854,2024-09-22 19:37,1,"The big adult ones are usually unconcering. Most likely came in from outside. Nothin you can really do besides blocking or poisoning where they enter. 

The little baby ones are where you should call an exterminator stat because they were almost definitely born in your house.",helene,community_discussion,
lof3dex,t3_1fn0d4a,t1_loendu0,florida,RW63,1727036321,2024-09-22 20:18,1,">When is it cause for concern?

What would be your concern? 

They would certainly multiply if you left them unabated, but it's a bug. They are not going to get you sick as long as you keep them out of your food and they're not going to knock down your house.",helene,community_discussion,
lofvuqv,t3_1fn0d4a,t3_1fn0d4a,florida,Revolutionary-Yak-47,1727045800,2024-09-22 22:56,1,"Advion gel. It's on Amazon, it works as well as most exterminator companies.",helene,community_discussion,
lofzsnp,t3_1fn0d4a,t1_lofvuqv,florida,OkRecording1767,1727047203,2024-09-22 23:20,1,Where do you put it?,helene,community_discussion,
loesg8z,t3_1fn10ao,t3_1fn10ao,florida,BuddaJim2023,1727033038,2024-09-22 19:23,1,"Going out the grocery store. 

I say ""Oh shit, I'm out! I have to be around a bunch of broken, sick, mentally ill obese people with ADHD, ADD, chronic anxiety, pathological depression, Borderline and whatever else!"" 

I think of it like going to a free zoo, so I just enjoy it.",helene,community_discussion,
loeszx2,t3_1fn10ao,t3_1fn10ao,florida,[deleted],1727033201,2024-09-22 19:26,1,[removed],helene,community_discussion,
loev6cq,t3_1fn10ao,t3_1fn10ao,florida,swampyhiker,1727033852,2024-09-22 19:37,101,"Several years ago I was driving from the Keys to Miami in the middle of the night. I was on the 18 mile stretch, when all of sudden I am stuck behind two cars on an otherwise empty road. The first car is going very slow, like 10 mph under the speed limit, for no reason I can see since there is no one in front of them and their car seems to be in working order. The person behind them is PISSED. They are swerving all over the place, tailgating, flashing their headlights. I fall way back to avoid whatever shenanigans are about to happen since I know there will be a passing lane in another few miles. It was good that I kept my distance because both cars suddenly stop in the middle of the road and I can see both drivers get out of their vehicles walking towards each other. I passed them in the breakdown lane and gtfo.",helene,community_discussion,
lof0j7x,t3_1fn10ao,t3_1fn10ao,florida,StilesmanleyCAP,1727035460,2024-09-22 20:04,294,"I'm not sure if this counts, but last week, I traveled to Utah for a film festival 

I stepped off the plane and waited for my Uber outside of Salt Lake City Airport.

Looking into the distance, I saw something I had never seen before.

A Mountain.",helene,community_discussion,
lof1ouq,t3_1fn10ao,t3_1fn10ao,florida,Wooden-Shelter-8798,1727035811,2024-09-22 20:10,65,"Do you mean like, I'm living in Florida and Oh Shit I'm out of money! HaHa ..",helene,community_discussion,
lof1wpm,t3_1fn10ao,t1_lof1ouq,florida,Ok_Association8146,1727035878,2024-09-22 20:11,6,lol,helene,community_discussion,
lof2j60,t3_1fn10ao,t3_1fn10ao,florida,nlbnpb,1727036062,2024-09-22 20:14,57,"Sadly, I can’t get out of this s-hole. 
(Would if I could). For me, half man Rhonda is the last straw. I’ve been here since 1975 and watched this state  race MS, MO, LA and AL to the bottom.",helene,community_discussion,
lof2xdp,t3_1fn10ao,t1_lof2j60,florida,DJ5Hole,1727036184,2024-09-22 20:16,-25,Why wait? GTFO,helene,community_discussion,
lof3mmz,t3_1fn10ao,t3_1fn10ao,florida,TheSamurabbi,1727036400,2024-09-22 20:20,-1,My birth.,helene,community_discussion,
lof4gtt,t3_1fn10ao,t3_1fn10ao,florida,kettnerrr,1727036658,2024-09-22 20:24,71,Six week abortion ban,helene,community_discussion,
lof5g8d,t3_1fn10ao,t3_1fn10ao,florida,GeneSpecialist3284,1727036967,2024-09-22 20:29,22,My drunken neighbors shooting off semi-automatics 4-5 times a week. Multiple neighbors. In a residential neighborhood with kids everywhere.,helene,community_discussion,
lof5m51,t3_1fn10ao,t3_1fn10ao,florida,sunnynina,1727037020,2024-09-22 20:30,30,"Reading that post (comment?) from a teacher who transferred from out of state and had to dumb down her lessons.

I moved around a lot as a kid, and this is something I already knew, tbh. But that comment really brought it home. I have school kids. I worry constantly.",helene,community_discussion,
lof6a9p,t3_1fn10ao,t3_1fn10ao,florida,ra3ra31010,1727037230,2024-09-22 20:33,14,"I’ll do my fathers from a few months ago 

He is working on a home in a nice neighborhood of middle class McMansions (well-off area) when a car comes speeding by followed by 10+ cop cars in pursuit 

The car hits a pile and the driver gets out and flees

There’s also a police helicopter now and a drone 

Cops start to stop and come out to pursue with their guns drawn out 

And the son of my dad’s coworker runs to help them chase the fleeing driver down!!!!

My dad and his colleague have already nope’d the fuck out cause there’s so many cops - WITH GUNS OUT too. So they’re staying put. But the colleague’s kid obviously felt invincibly young still 

They had to scream and whistle him back like a literal dog/puppy 

Thank god, he did go back. 

But yea…. 10+ cop cars with guns out and a helicopter and drone….. NOPE 

Stay indoors",helene,community_discussion,
lof6c14,t3_1fn10ao,t3_1fn10ao,florida,Bawlmerian21228,1727037245,2024-09-22 20:34,1,"I got a job in Florida that paid twice what I was making up north.  Oh shit, I’m out.  Loving Florida 7 years later.",helene,community_discussion,
lof7eoe,t3_1fn10ao,t3_1fn10ao,florida,Cool-Attorney4750,1727037580,2024-09-22 20:39,9,Haven't had it yet and don't expect to! This place is awesome!!,helene,community_discussion,
lof7fcc,t3_1fn10ao,t1_lof4gtt,florida,[deleted],1727037586,2024-09-22 20:39,1,[removed],helene,community_discussion,
lof7h6e,t3_1fn10ao,t3_1fn10ao,florida,Jnlyn95,1727037602,2024-09-22 20:40,42,"Last summer. The heat was so intense I felt sick to my stomach every day. I lived in Florida for 29 years, that was the hottest it's ever been.",helene,community_discussion,
lof8c5k,t3_1fn10ao,t3_1fn10ao,florida,adinfinitum,1727037871,2024-09-22 20:44,6,*gestures broadly towards the horizon*,helene,community_discussion,
lof8ia1,t3_1fn10ao,t1_lof0j7x,florida,DueEntertainer0,1727037925,2024-09-22 20:45,65,I flew into Jackson Hole a few years ago and basically burst into tears. How can people live around that backdrop?! Do they get tired of it?? I swear if I lived in the mountains I’d never stop staring at them in awe!!!,helene,community_discussion,
lof8nph,t3_1fn10ao,t3_1fn10ao,florida,[deleted],1727037973,2024-09-22 20:46,1,[removed],helene,community_discussion,
lof937l,t3_1fn10ao,t3_1fn10ao,florida,Fantastic-Long8985,1727038106,2024-09-22 20:48,5,Unaffordable COL,helene,community_discussion,
lof9cdo,t3_1fn10ao,t1_lof0j7x,florida,Federal-Pay-3858,1727038184,2024-09-22 20:49,7,"That’s so funny you say that, I live in salt lake and all I want to do is move back to Florida. I’ll take beach over mountains any day of the week.",helene,community_discussion,
lofa17q,t3_1fn10ao,t3_1fn10ao,florida,thunderwolf69,1727038400,2024-09-22 20:53,48,"When I realized that there was nothing left of what Florida was 10 years ago. Wife and I moved last year to New England. I miss some things, but I don’t regret moving.",helene,community_discussion,
lofa1cf,t3_1fn10ao,t3_1fn10ao,florida,[deleted],1727038401,2024-09-22 20:53,1,[removed],helene,community_discussion,
lofacpr,t3_1fn10ao,t3_1fn10ao,florida,Low-Regret5048,1727038499,2024-09-22 20:54,25,I was flying over North Carolina from Lauderdale- to look at houses. We had been transferred- saw all the trees from the plane and I cried. Pure joy after the concrete jungle of South Florida.,helene,community_discussion,
lofapcx,t3_1fn10ao,t1_lof0j7x,florida,gamerdude69,1727038609,2024-09-22 20:56,11,"What have you done! You know what the Ancient Florida Scroll says, viewing mountains is forbidden to us!!!",helene,community_discussion,
lofay47,t3_1fn10ao,t1_lof8ia1,florida,GrandmasHere,1727038687,2024-09-22 20:58,11,"I’ve wondered, how do they drive to work every day and pay attention to their driving, with those mountains as a backdrop?",helene,community_discussion,
lofayk0,t3_1fn10ao,t3_1fn10ao,florida,Gonzotrucker1,1727038690,2024-09-22 20:58,58,"I had one of them Publix subs that gave me the shits. My stomach started bubbling on the freeway home so I stopped at a rest area , and waddled inside clenching my keister hoping not to shit myself. I made it to the stall just in time. After a moment of mind blowing shitting I heard a noise coming from the other stall. It was two guys going at it. I had to stay and listen because I wasn’t done shitting yet. I thought the one dude was killing the other one. Both of us left the stalls walking funny for different reasons.",helene,community_discussion,
lofbcv8,t3_1fn10ao,t3_1fn10ao,florida,efequalma,1727038816,2024-09-22 21:00,6,Irma.,helene,community_discussion,
lofbg36,t3_1fn10ao,t3_1fn10ao,florida,LredF,1727038844,2024-09-22 21:00,1,"Tampa riots on Busch and Fowler. Saw the crowds building up, cancelled my plans, got some takeout and took my ass home.",helene,community_discussion,
lofbkig,t3_1fn10ao,t3_1fn10ao,florida,RowAdditional1614,1727038884,2024-09-22 21:01,23,When i saw i could get paid more than twice in another state,helene,community_discussion,
lofbm4i,t3_1fn10ao,t1_lof0j7x,florida,LyftedX,1727038898,2024-09-22 21:01,3,The views flying into SLC are incredible.,helene,community_discussion,
lofbtaj,t3_1fn10ao,t1_lofbm4i,florida,StilesmanleyCAP,1727038962,2024-09-22 21:02,1,I legit throught I was flying into a movie,helene,community_discussion,
lofbvfo,t3_1fn10ao,t1_lof1ouq,florida,gamerdude69,1727038982,2024-09-22 21:03,11,Wel all gonna make it. Fuck this last several years tho.,helene,community_discussion,
lofc0wu,t3_1fn10ao,t1_lofbtaj,florida,LyftedX,1727039032,2024-09-22 21:03,16,"https://preview.redd.it/5keqrq8pdfqd1.jpeg?width=4032&format=pjpg&auto=webp&s=d7b30793f11b4f58a4631cee5e6349562c371520

To this date my best picture too",helene,community_discussion,
lofc5tu,t3_1fn10ao,t1_lof4gtt,florida,sr1sws,1727039077,2024-09-22 21:04,45,Be sure to vote in Nov.,helene,community_discussion,
lofcbdu,t3_1fn10ao,t3_1fn10ao,florida,HappyCamper2121,1727039127,2024-09-22 21:05,4,"Hearing the neighbors arguing outside, again",helene,community_discussion,
lofcw0j,t3_1fn10ao,t3_1fn10ao,florida,randomboi91,1727039310,2024-09-22 21:08,8,The heat and like top comment said; I saw a mountain range for the first time and fell in love,helene,community_discussion,
lofe5sz,t3_1fn10ao,t1_lof8ia1,florida,jinxkat,1727039728,2024-09-22 21:15,2,"Yes, I spent many years in Colorado surrounded by 14ers. I wouldn't say you get tired of looking at them, but you kind of just don't really notice them. Sort of like living on the water and having that view daily.",helene,community_discussion,
lofea9f,t3_1fn10ao,t1_lof8ia1,florida,[deleted],1727039768,2024-09-22 21:16,1,[removed],helene,community_discussion,
lofedfv,t3_1fn10ao,t1_lofay47,florida,jinxkat,1727039797,2024-09-22 21:16,2,"You damn sure better pay attention or you'll go off the road. Seriously, you get used to seeing them on your daily drive.",helene,community_discussion,
lofep5s,t3_1fn10ao,t1_lof7h6e,florida,Mr_Fignutz,1727039904,2024-09-22 21:18,27,I was born here. Have completely stopped going outside at this point. I hate the heat. Moving north next month finally,helene,community_discussion,
lofflku,t3_1fn10ao,t1_lof8ia1,florida,sdpthrowaway3,1727040206,2024-09-22 21:23,39,"Same way people come here and are in complete awe or the beaches being right around the corner. You just get used to it. I still go crazy over mountains, but the beach is just ""meh"" to me haha",helene,community_discussion,
lofghh9,t3_1fn10ao,t1_lof0j7x,florida,bde959,1727040498,2024-09-22 21:28,2,"😂😂😂.  I have traveled a lot in my lifetime so I have seen mountains, but I get it.",helene,community_discussion,
lofgrxe,t3_1fn10ao,t1_lof2j60,florida,[deleted],1727040595,2024-09-22 21:29,1,[removed],helene,community_discussion,
lofh5ad,t3_1fn10ao,t3_1fn10ao,florida,cheech19792007,1727040716,2024-09-22 21:31,6,As a Cable tech watching a customer stab his neighbor,helene,community_discussion,
lofi96n,t3_1fn10ao,t1_lof9cdo,florida,AdVisible1121,1727041075,2024-09-22 21:37,2,I'm from a mountainous area...I am super in love with Florida terrain though. My beautiful home.,helene,community_discussion,
lofidha,t3_1fn10ao,t1_lof0j7x,florida,makulet-bebu,1727041115,2024-09-22 21:38,7,Moved here to the Panhandle from California several years ago. Became depressed at the lack of mountains...,helene,community_discussion,
lofj6i2,t3_1fn10ao,t1_lof0j7x,florida,NoSleepingIn_,1727041373,2024-09-22 21:42,1,"I had a similar experience in the SLC airport in 2021, up to that point the furthest west I’d been was PCB lol",helene,community_discussion,
lofjh3m,t3_1fn10ao,t1_lofghh9,florida,StilesmanleyCAP,1727041472,2024-09-22 21:44,2,This is my first time in the midwest,helene,community_discussion,
lofjrjr,t3_1fn10ao,t3_1fn10ao,florida,Heart_ofFlorida,1727041569,2024-09-22 21:46,10,The second Florida became flooded by non Floridians. 🤣,helene,community_discussion,
lofjubx,t3_1fn10ao,t1_lofayk0,florida,sdpthrowaway3,1727041595,2024-09-22 21:46,24,Probably the MOST believable story in this thread,helene,community_discussion,
lofk16l,t3_1fn10ao,t3_1fn10ao,florida,JustB510,1727041659,2024-09-22 21:47,2,This subreddit has just turned into engagement farming. The state apparently needs more therapist because goodness,helene,community_discussion,
lofmw74,t3_1fn10ao,t1_lofayk0,florida,Imaginary-Pain9598,1727042646,2024-09-22 22:04,10,And that Publix sub probably cost ya $19.50!,helene,community_discussion,
lofnhzy,t3_1fn10ao,t3_1fn10ao,florida,Kels121212,1727042860,2024-09-22 22:07,1,When I visited Oregon. Loved it. If I was able to handle the cold again I would move there,helene,community_discussion,
lofp9x0,t3_1fn10ao,t1_lofay47,florida,Significant_Math911,1727043485,2024-09-22 22:18,4,"I spent 6 months with a commute from Elma WA to DuPont WA, by all accounts it's a gorgeous drive, but I was sick of it after week 2. Then the snow started.....",helene,community_discussion,
lofpvl1,t3_1fn10ao,t3_1fn10ao,florida,ZPlantman,1727043691,2024-09-22 22:21,1,"I left in 1983. POS State. Went to another ignorant state, but at least I now have mountains.",helene,community_discussion,
lofrwda,t3_1fn10ao,t3_1fn10ao,florida,rdell1974,1727044403,2024-09-22 22:33,3,"What you’re describing happens most often for me while on Reddit coincidentally…

All of these “i’m a Floridian” type threads from people that moved to Florida 10 years ago. Or threads about the environment getting ruined. Stuff like that.",helene,community_discussion,
lofsoaa,t3_1fn10ao,t3_1fn10ao,florida,ortega_inchief,1727044675,2024-09-22 22:37,4,"From Miami, moved to the DMV area. Saw a metro system with more than a single line and it’s really something spectacular compared to the metro rail",helene,community_discussion,
loft54m,t3_1fn10ao,t1_lofc0wu,florida,Funny-Berry-807,1727044838,2024-09-22 22:40,3,Nice job!,helene,community_discussion,
loft9pt,t3_1fn10ao,t1_lof7h6e,florida,Valuable-Condition59,1727044883,2024-09-22 22:41,11,"What’s the joke? Coldest summer for the rest of your life, every year.

Yeah no thanks.",helene,community_discussion,
loftuo4,t3_1fn10ao,t3_1fn10ao,florida,Jennifer_Pennifer,1727045090,2024-09-22 22:44,29,When the school boards said I can't have a picture of my wedding on my desk because we're lesbians. 🙄 Still saving up to leave,helene,community_discussion,
lofu7bp,t3_1fn10ao,t1_lofflku,florida,StilesmanleyCAP,1727045216,2024-09-22 22:46,-10,"Unless the beach is Daytona, South Florida beaches just don't do it for me.",helene,community_discussion,
lofuqfg,t3_1fn10ao,t1_loev6cq,florida,BlerdAngel,1727045405,2024-09-22 22:50,28,"Hello fellow islander lol 

Reminds me of the time I went up Card sound and saw two dudes dragging a gator out of the water. 

Came back south after a trip into the mainland to FWC arresting said guys with dead animal.",helene,community_discussion,
lofvbjk,t3_1fn10ao,t1_lofnhzy,florida,hmcfuego,1727045613,2024-09-22 22:53,2,I moved to Oregon and I don't see myself ever going back to Florida.,helene,community_discussion,
lofvcm3,t3_1fn10ao,t1_lofay47,florida,WorldlinessKind6358,1727045623,2024-09-22 22:53,13,"Used to live in Colorado and you never get used to it. If I could leave Florida today to move somewhere with mountains, I’d be gone.",helene,community_discussion,
lofwdnb,t3_1fn10ao,t1_lof0j7x,florida,MrAlcoholic420,1727045988,2024-09-22 22:59,4,"THIS! I spent my entire life of 40 years in Oviedo, or within seven miles of Oviedo. 7 years ago my great friend moved to San Francisco and we drove there. We made it an adventure that lasted 2 weeks, hitting many different national parks and forests and other awesome stuff. Seeing and hiking mountains changed me forever. The beauty of the southwest and lack of humidity. I knew where I belonged. 
January of this year I moved to Phoenix, Arizona for my company. I've never been so happy in my entire life. 
It's not my last stop, I plan on going farther north but the mountains are where I belong.",helene,community_discussion,
lofwkdt,t3_1fn10ao,t3_1fn10ao,florida,MrAlcoholic420,1727046052,2024-09-22 23:00,3,"I spent my entire life of 40 years in Oviedo, or within seven miles of Oviedo. 7 years ago my great friend moved to San Francisco and we drove there. We made it an adventure that lasted 2 weeks, hitting many different national parks and forests and other awesome stuff. Seeing and hiking mountains changed me forever. The beauty of the southwest and lack of humidity. I knew where I belonged. 
January of this year I moved to Phoenix, Arizona for the company i work for. I've never been so happy in my entire life. 
It's not my last stop, I plan on going farther north but the mountains are where I belong.",helene,community_discussion,
lofxzk3,t3_1fn10ao,t1_lof4gtt,florida,missouriclique,1727046559,2024-09-22 23:09,1,don’t have sex,helene,community_discussion,
lofy5q4,t3_1fn10ao,t1_lof8ia1,florida,Not-Sure112,1727046619,2024-09-22 23:10,2,I love how they haven't junked it up with billboards a such. Kudos,helene,community_discussion,
lofz61k,t3_1fn10ao,t1_lofbm4i,florida,jcobb_2015,1727046978,2024-09-22 23:16,2,"As a California native though, the smell driving into SLC is an entirely different experience…",helene,community_discussion,
log1o32,t3_1fn10ao,t1_lofjh3m,florida,bde959,1727047867,2024-09-22 23:31,1,"Like I said, I get it.   I had a weird experience when I went to Australia and went to the northern territory.   Uluru to be exact.   If you’re not familiar with it, it’s a big ass rock in the middle of the desert. 

I was going to post a picture of it from the air, but I can’t find that photo from my trip on my phone",helene,community_discussion,
log2t8u,t3_1fn10ao,t1_lof0j7x,florida,inxqueen,1727048279,2024-09-22 23:37,1,First time I visited my son in Seattle we took a day trip to Leavenworth and drove through mountains. I got BAD vertigo!,helene,community_discussion,
log57jr,t3_1fn10ao,t1_lofvcm3,florida,v1rojon,1727049155,2024-09-22 23:52,11,Lived most of my life in Northern California and Washington State.  Mountains everywhere.  Been here over 5 years now.  The way everyone talks about mountains is how I feel about the storms here.  I completely geek out still when we have a big thunderstorm.  That and having ocean water warm enough to go in.  Oh and almost zero wildfires.  And no shoveling snow is also a huge bonus.,helene,community_discussion,
loes9dp,t3_1fn12z8,t3_1fn12z8,florida,Hammspace,1727032980,2024-09-22 19:23,6,"I live south of there, and I've been tracking the storm for a few days. It is turning towards the Gulf Coast in a way that I don't like. I think Thursday is going to be 100% chance of rain, high winds, and probably not a day that you want to check into a place. Keep your eye on a variety of websites, but I have a bad feeling that you're going to get a washout.  

Yes, this happens a lot, and sometimes it doesn't occur, but we're getting close to the window where they're pretty solid on the forecast. Give it 24 hours and make a call.",helene,community_discussion,storm
loesblq,t3_1fn12z8,t3_1fn12z8,florida,HurricanesJames,1727032999,2024-09-22 19:23,12,"The storm is definitely happening. As of now the storm is forecast to strike the panhandle, but will scrape the west coast of Fl (Anna Maria island) with nasty weather 26-27th",helene,community_discussion,storm|weather
loesmot,t3_1fn12z8,t3_1fn12z8,florida,_eternallyblack_,1727033091,2024-09-22 19:24,7,We’re paying attention to this one. We’re in the panhandle and it *might* come this way so… either way a metric ton of rain is def going to happen. It is still hurricane season until Nov. 🤷🏻‍♀️,helene,community_discussion,hurricane
loetekw,t3_1fn12z8,t3_1fn12z8,florida,UnpopularCrayon,1727033321,2024-09-22 19:28,3,"You are asking what is the likelihood of a 70% chance storm forming?

The likelihood is 70%.

Your vacation is scheduled in Florida at the peak of hurricane season, so you get what you get.   You are driving, so worst case, you just drive away.",helene,community_discussion,hurricane|storm
loev6zl,t3_1fn12z8,t3_1fn12z8,florida,Manlypumpkins,1727033858,2024-09-22 19:37,-2,We have a storm out in the gulf?,helene,community_discussion,storm
loevu63,t3_1fn12z8,t1_loetekw,florida,IntoTheWildBlue,1727034049,2024-09-22 19:40,0,"We've bumped to 80%, and the cone narrowed.",helene,community_discussion,
loevyiv,t3_1fn12z8,t1_loetekw,florida,Bradimoose,1727034086,2024-09-22 19:41,2,Assuming they don’t get stuck in gigantic traffic jams and gas shortages,helene,community_discussion,
loex2t4,t3_1fn12z8,t1_loev6zl,florida,amethystlady98,1727034421,2024-09-22 19:47,1,"Unfortunately yes. A lot is still uncertain right now about strength and what path it will take
 https://weather.com/storms/hurricane/news/2024-09-22-gulf-tropical-storm-florida-hurricane-season",helene,community_discussion,hurricane|storm|weather
loex7zf,t3_1fn12z8,t1_loex2t4,florida,Manlypumpkins,1727034463,2024-09-22 19:47,-2,Hmm. Sounds like a day off work a day of less traffic. Guess I’ll go grocery shopping just in case,helene,community_discussion,
loexhgc,t3_1fn12z8,t1_loes9dp,florida,amethystlady98,1727034540,2024-09-22 19:49,2,I appreciate your input! It’s been about 15 years since i’ve lived in Florida and haven’t been back since so I wanted the advice of a local who deals with the weather on the daily. I don’t miss how unpredictable it can be! At this point we’re hoping it doesn’t form into a hurricane and we can at least have good weather on the back end of our trip,helene,community_discussion,hurricane|weather
loexlk3,t3_1fn12z8,t3_1fn12z8,florida,KenIbnKen,1727034574,2024-09-22 19:49,5,"If the forecast holds. Anna Maria will most likely be severely flooded. It floods with a strong thunderstorm as it is. You may not even be allowed on the island. Also... I have seen a couple of forecast models predicting a second storm, taking a similar path only 10 days later. That being said, tropical forecast models really only become accurate 3 days out. Still too early to be sure but I would start looking at other places to go. The East Coast is lovely.",helene,community_discussion,storm
loeygrk,t3_1fn12z8,t3_1fn12z8,florida,Yurastupidbitch,1727034835,2024-09-22 19:53,6,"Check out Eric Burris on Facebook. He is a WESH meteorologist and every morning at 8am he goes live on FB for Coffee Talk. He shows all the models, explains everything in very understandable terms. All weather, no hype.",helene,community_discussion,weather
loez5v7,t3_1fn12z8,t3_1fn12z8,florida,Fluid-Tip-5964,1727035044,2024-09-22 19:57,0,"Anna Maria is south of Tampa Bay...which is where I'm at.  It could be nothing...it could be cloudy and a bit windy...it could be really rainy with winds near tropical storm force. I would bet on windy and cloudy with some rain and rough surf.  Will know much better Tuesday or so.  Plan ahead for some indoor activities as a fall-back.  

Probably much worse around the panhandle - Pensacola - Panama City.  Florida is big - pay attention to the forecast out of Tampa.  They could get completely blasted in Panama City and get almost nothing at Anna Maria.  Also the weather can change fat...Thursday could be a complete rain-out followed by a perfect Friday.

Don't freak out.",helene,community_discussion,storm|weather
loezrl8,t3_1fn12z8,t3_1fn12z8,florida,RedditVortex,1727035229,2024-09-22 20:00,2,One can answer this better than the meteorologists.  My advice would be to plan on coming here and keep checking the weather.  See what it’s like on Wednesday and you’ll probably have a better idea of what to do.,helene,community_discussion,weather
lof3gi5,t3_1fn12z8,t1_loeygrk,florida,amethystlady98,1727036347,2024-09-22 20:19,1,"Thank you so much for the recommendation, i’ll check him out!",helene,community_discussion,
lof3ogc,t3_1fn12z8,t3_1fn12z8,florida,Truxla-4-me,1727036415,2024-09-22 20:20,1,https://preview.redd.it/ktrzo1gx5fqd1.jpeg?width=1170&format=pjpg&auto=webp&s=c5a08e4cb458819da92eadc62d420fc30cd7d7f6,helene,community_discussion,
loff6sh,t3_1fn12z8,t1_loexlk3,florida,gardendesgnr,1727040068,2024-09-22 21:21,3,Came here to say AMI floods in normal summer storms. They break out No Wake signs in the main road! This storm coming after Tues will at least swipe the mid-upper west coast w heavy storms. The 2nd storm is kinda all over the place but again back on the gulf side.,helene,community_discussion,storm
loffcuk,t3_1fn12z8,t3_1fn12z8,florida,CitizenofTruth,1727040125,2024-09-22 21:22,3,"A storm is definitely happening. Development false alarms aren’t really a thing. The only question is where the storm will go. They will have the likely area down soon but these things can shift last minute. At the moment, I think you’re not going to be in the direct path, but your vacation will probably get impacted with rain. Again, it all depends on where the storm makes landfall.",helene,community_discussion,storm
loeu000,t3_1fn1b53,t3_1fn1b53,florida,Jaded-Moose983,1727033498,2024-09-22 19:31,14,You want animal control not code enforcement. Animal control is a division of the sheriff's department.,helene,community_discussion,
loeu92x,t3_1fn1b53,t1_loeu000,florida,grammar_fixer_2,1727033574,2024-09-22 19:32,1,"Sorry, I misspoke. Animal Control is open Monday to Friday 8 AM to 5 PM",helene,community_discussion,
loex545,t3_1fn1b53,t3_1fn1b53,florida,HeidiDover,1727034439,2024-09-22 19:47,4,Can you publicly shame the owners? Put in on Nextdoor or Facebook.,helene,community_discussion,
loexlvc,t3_1fn1b53,t3_1fn1b53,florida,Happy_McDull,1727034577,2024-09-22 19:49,13,"Report that officer for the ""whatever"", because you're reporting a crime and he's blatantly disregarding the warning.",helene,community_discussion,
lof0jhh,t3_1fn1b53,t3_1fn1b53,florida,HearYourTune,1727035463,2024-09-22 20:04,2,"Take time stamp pictures with your phone when they are outside.

Plus they don't have to catch the person doing that to the dog at the time.

I called because once on a man who let his dog out loose on several different occasions, it was a  big year old puppy pitbul'

I know they went to check on it because he asked me if I called them.",helene,community_discussion,
lof47bq,t3_1fn1b53,t3_1fn1b53,florida,[deleted],1727036577,2024-09-22 20:22,1,[removed],helene,community_discussion,
lof9wi8,t3_1fn1b53,t1_loeu000,florida,Capable-Influence955,1727038360,2024-09-22 20:52,2,"This depends on the municipality. Where I live in Zephyrhills, city police handle all animal services in their jurisdiction. Pasco County animal control is only used as a back up or outside of ZPD jurisdiction.",helene,community_discussion,
loffk11,t3_1fn1b53,t3_1fn1b53,florida,jinxkat,1727040191,2024-09-22 21:23,2,Contact Animal Control when they are open and tell them what's going on and ask them what you should do. If they tell you to report it to the sheriff tell them what happened when you did.,helene,community_discussion,
loffyvp,t3_1fn1b53,t3_1fn1b53,florida,Currupt_File_626,1727040328,2024-09-22 21:25,1,"Reach out to animal rights groups 
Here’s one:
http://www.animalactivistscf.org",helene,community_discussion,
lofi82x,t3_1fn1b53,t3_1fn1b53,florida,kissyb,1727041065,2024-09-22 21:37,1,"Record it and send it in to your local Facebook, Instagram and news stations. Near where I live people abusing animals make the local news all the time and law enforcement cannot jump through hoops fast enough to rectify the situation. Write down every single time you contact them and take down names also the date and time you leave messages when they are closed. That will eventually contact you for this info.",helene,community_discussion,
lofxs09,t3_1fn1b53,t3_1fn1b53,florida,Ambitious-Radish8421,1727046483,2024-09-22 23:08,2,Beat the crap out of your neighbour and blame it on the dog,helene,community_discussion,
loez6s7,t3_1fn22qk,t3_1fn22qk,florida,AutoModerator,1727035052,2024-09-22 19:57,1,"
Your [submission](https://www.reddit.com/r/florida/comments/1fn22qk/can_you_relate_to_this_in_martin_or_port_saint/) has been removed from r/Florida. 

**All News/Political posts must link to a credible news source.** 

* No text posts.
* No images. 
* No Videos
* No screenshots of tweets/facebook/truth/etc posts. 
* No Political Memes. 
* No Crossposts.

[Please see our posting guidelines for more information.](https://www.reddit.com/r/florida/wiki/index/political_guidelines/)

If you believe this post was filtered in error, please let us know.


*I am a bot, and this action was performed automatically. Please [contact the moderators of this subreddit](/message/compose/?to=/r/florida) if you have any questions or concerns.*",helene,community_discussion,
lofbhip,t3_1fn3jlv,t3_1fn3jlv,florida,AutoModerator,1727038857,2024-09-22 21:00,1,"
Your [submission](https://www.reddit.com/r/florida/comments/1fn3jlv/florida_not_in_play/) has been removed from r/Florida. 

**All News/Political posts must link to a credible news source.** 

* No text posts.
* No images. 
* No Videos
* No screenshots of tweets/facebook/truth/etc posts. 
* No Political Memes. 
* No Crossposts.

[Please see our posting guidelines for more information.](https://www.reddit.com/r/florida/wiki/index/political_guidelines/)

If you believe this post was filtered in error, please let us know.


*I am a bot, and this action was performed automatically. Please [contact the moderators of this subreddit](/message/compose/?to=/r/florida) if you have any questions or concerns.*",helene,community_discussion,
lofigkx,t3_1fn4505,t3_1fn4505,florida,heathersaur,1727041142,2024-09-22 21:39,11,![gif](giphy|8Py8gIK84esy7jkXKO),helene,community_discussion,
lofl712,t3_1fn4505,t3_1fn4505,florida,sr1sws,1727042056,2024-09-22 21:54,5,"At least in the Tampa area, the weather had definitely moderated. I'm well aware it can go back to hot as f\*ck again - I'm a native.",helene,community_discussion,weather
lofm9cm,t3_1fn4505,t3_1fn4505,florida,Remarkable-Yogurt-78,1727042422,2024-09-22 22:00,3,I could definitely sense the weather change this weekend and for that I am grateful.,helene,community_discussion,weather
lofmlg6,t3_1fn4505,t3_1fn4505,florida,Capable-Influence955,1727042540,2024-09-22 22:02,4,You mean the season we know as “not as hot”,helene,community_discussion,
lofnfii,t3_1fn4505,t3_1fn4505,florida,13TheScareCrow13,1727042835,2024-09-22 22:07,2,"What is this ""fall"" you speak of?",helene,community_discussion,
lofpwft,t3_1fn4505,t3_1fn4505,florida,Switchgamer1970,1727043699,2024-09-22 22:21,3,It sure rained a lot here in Port Orange today.,helene,community_discussion,
loftp7a,t3_1fn4505,t3_1fn4505,florida,YouThinkYouKnowStuff,1727045036,2024-09-22 22:43,7,I came out of work and it was 90 instead of 100 when I got into my car. It felt Florida fall ish,helene,community_discussion,
log0vni,t3_1fn4505,t3_1fn4505,florida,BubblySass143,1727047587,2024-09-22 23:26,1,I had to turn my pool heater on today so happy Fall! Lol I am aware we’re spoiled here in Florida. -Happy Native,helene,community_discussion,
log2uyk,t3_1fn4505,t3_1fn4505,florida,HerPaintedMan,1727048295,2024-09-22 23:38,3,"I got my flip-flop caught on the brake pedal of the golf cart today. 

Fall, I did!",helene,community_discussion,
lofl9ls,t3_1fn4ll8,t3_1fn4ll8,florida,heathersaur,1727042081,2024-09-22 21:54,7,![gif](giphy|26xBsNKFwYKzaiuhW|downsized),helene,community_discussion,
lofma21,t3_1fn4ll8,t3_1fn4ll8,florida,justsaywooo,1727042428,2024-09-22 22:00,1,Yes!,helene,community_discussion,
lofq5uq,t3_1fn4ll8,t3_1fn4ll8,florida,AmericaninShenzhen,1727043792,2024-09-22 22:23,2,"100%
 
Unless you have a pilot who has a “hold my beer” moment. 
 
Sorry bro",helene,community_discussion,
lofu7q5,t3_1fn4ll8,t1_lofq5uq,florida,runnershigh007,1727045220,2024-09-22 22:47,2,Spirit airline activities,helene,community_discussion,
lofvker,t3_1fn4ll8,t1_lofq5uq,florida,TadpoleUnlikely,1727045699,2024-09-22 22:54,0,Really?? I was looking at the predictions and it says that on the 29th which is nezt Sunday the storm should be long gone to the north and thats when my flight is. Will airplanes fly when the after effect rains come too or they wont risk it?  ,helene,community_discussion,storm
lofwmwr,t3_1fn4ll8,t1_lofvker,florida,AmericaninShenzhen,1727046077,2024-09-22 23:01,2,"Look at the spaghetti models. It will have the storm going away, or making a 180 and hitting south Florida again, or going to the North Pole….",helene,community_discussion,storm
lofxilk,t3_1fn4ll8,t3_1fn4ll8,florida,slabsanddabsley,1727046389,2024-09-22 23:06,1,"Its definitely possible, depends where the storm ends up hitting. Its too soon to know for certain.",helene,community_discussion,storm
lofnypt,t3_1fn50gg,t3_1fn50gg,florida,[deleted],1727043026,2024-09-22 22:10,1,[removed],helene,community_discussion,
lofr4qn,t3_1fn50gg,t3_1fn50gg,florida,dhammajo,1727044130,2024-09-22 22:28,22,Captured a bit of Old Florida. Beautiful shot. I miss THIS aspect of my home state of Florida. I used to go wading out into Tampa Bay on incoming tides at dusk and before sunset. Used to take my dad’s skiff as well up little canals like this one you went paddling in. Keep doing this stuff and tasting a bit of the old state before it’s hard to find.,helene,community_discussion,
lofxrld,t3_1fn50gg,t1_lofr4qn,florida,HerPaintedMan,1727046479,2024-09-22 23:07,5,Nearly every day! I have the good fortune to live nearby.,helene,community_discussion,
log0ssf,t3_1fn50gg,t1_lofr4qn,florida,duckfeethuman,1727047559,2024-09-22 23:25,1,Reminder that only 15 percent of Florida is developed. There is plenty of locations less developed in Florida. You don’t have to live in a population dense area.,helene,community_discussion,
lofq07b,t3_1fn55nz,t3_1fn55nz,florida,UnpopularCrayon,1727043736,2024-09-22 22:22,12,"You need to talk to an attorney to know what options you might have legally, but the HOA's covenants should spell out what actions they take for non-compliance.  It's usually fines or liens for disputes with HOAs.  But I don't know if they might be able to force placement for coverage like a bank does with mortgages.  You'd probably need an attorney to help you review the covenants.  If you don't have the covenants, the Property Management company should be able to provide you with a copy.",helene,community_discussion,
lofq1p0,t3_1fn55nz,t3_1fn55nz,florida,Healthy-Educator-280,1727043751,2024-09-22 22:22,9,You need to fix what needs to get fix so that you can get covered. Even if you wanted to sell the house you’d probably have to do that anyway,helene,community_discussion,
lofqh7g,t3_1fn55nz,t3_1fn55nz,florida,Angryceo,1727043901,2024-09-22 22:25,5,"this isn't typical unless it's a condo.  

ask them for the exact place on the covenants etc that this is a requirement.",helene,community_discussion,
lofr0t1,t3_1fn55nz,t1_lofqh7g,florida,dumpsterfire3333,1727044091,2024-09-22 22:28,2,"""• It is the responsibility of each Lot owner to see that appropriate casualty insurance is maintained on his/her individual Lot and the improvements constructed on that Lot (not condo insurance) and should be an HO3 Policy and not an HO6 Policy. • the homeowner is required to provide the Board of Directors Proof of Insurance each January""",helene,community_discussion,
lofrdtu,t3_1fn55nz,t1_lofq1p0,florida,dumpsterfire3333,1727044220,2024-09-22 22:30,2,That ship has sailed a long long time ago. We've had about 20 real estate agents come through here and their advice was to just sell as-is to a cash buyer or investor. It will never pass the 4 point inspection and we need to get out of here asap.,helene,community_discussion,
lofre0v,t3_1fn55nz,t1_lofr0t1,florida,[deleted],1727044222,2024-09-22 22:30,1,[removed],helene,community_discussion,
lofrngk,t3_1fn55nz,t1_lofrdtu,florida,Healthy-Educator-280,1727044314,2024-09-22 22:31,6,Thats going to be a tough one. A fixer upper in a HOA is a rough spot.,helene,community_discussion,
lofrq98,t3_1fn55nz,t1_lofq07b,florida,dumpsterfire3333,1727044342,2024-09-22 22:32,0,"I asked them for the details today and they said they didn't know what I was talking about. The whole place is run by a bunch of sketchy people who are probably stealing millions. They charge everyone a fortune ($400 a month) and the only evidence of any HOA activity I ever see is when the lawn people come and blow leaves, dirt and debris all over everyone's cars.",helene,community_discussion,
lofsdyv,t3_1fn55nz,t3_1fn55nz,florida,pyscle,1727044574,2024-09-22 22:36,3,"Is it a condo or townhouse or villa?

If so, you might need insurance. If it’s a detached single family home, you shouldn’t.",helene,community_discussion,
loftj5m,t3_1fn55nz,t1_lofsdyv,florida,dumpsterfire3333,1727044976,2024-09-22 22:42,2,"It is not a condo. It is a villa. But I am assuming what the HOA says is true - but that doesn't mean I can force an insurance company to cover the place. So far, I haven't found one that will. So I guess my question is - what am I supposed to do? and/or what can the HOA do when they find out I don't have coverage?",helene,community_discussion,
loftvpf,t3_1fn55nz,t1_lofsdyv,florida,seajayacas,1727045101,2024-09-22 22:45,3,It may be that the HOA wants the house to be rebuilt in case it burns to the ground.  An empty lot tends to take away from the aesthetics in some developments.,helene,community_discussion,
lofvnav,t3_1fn55nz,t1_loftj5m,florida,pyscle,1727045727,2024-09-22 22:55,3,"Makes sense. The hoa has interest in the property. Whether that be the land under it, around it, or even the roof on it. 

And just like a mortgage servicer, they can probably find a way to force place insurance. And fine. And then file a lis pendens which could turn into a foreclosure. Not saying it will, but it’s a possibility. I would dump it to someone else for a steal. Quick.",helene,community_discussion,
lofrq31,t3_1fn5cti,t3_1fn5cti,florida,Constant_Club6585,1727044340,2024-09-22 22:32,5,Bring it.,helene,community_discussion,
lofsm4g,t3_1fn5cti,t3_1fn5cti,florida,herewego199209,1727044654,2024-09-22 22:37,16,Where is this heading in FL?,helene,community_discussion,
lofsw3t,t3_1fn5cti,t1_lofsm4g,florida,justsaywooo,1727044751,2024-09-22 22:39,9,"Who knows, may never develop or may go west. It's just another normal September Forcast.",helene,community_discussion,
loft659,t3_1fn5cti,t3_1fn5cti,florida,brok3ncor3,1727044849,2024-09-22 22:40,8,Not doing  thang until gets more formed.,helene,community_discussion,
loftg8r,t3_1fn5cti,t3_1fn5cti,florida,No-Detail-5804,1727044947,2024-09-22 22:42,-1,😴,helene,community_discussion,
lofu4tu,t3_1fn5cti,t3_1fn5cti,florida,Necessary_Echo_8177,1727045192,2024-09-22 22:46,97,"It’s up to 80% chance now and is officially 97. The model runs seem to be shaping up and it looks like Florida panhandle. But we should know more by tomorrow afternoon. Impacts should be Thur/Fri. We did gas up our cars, because I hate the stress of those stupid last minute lines. I’ve lived in Florida since 97 so I have my system.",helene,community_discussion,
lofv87p,t3_1fn5cti,t3_1fn5cti,florida,nobodyisfreakinghome,1727045580,2024-09-22 22:53,138,Be prepared but don’t panic.,helene,community_discussion,
lofvbek,t3_1fn5cti,t1_lofsm4g,florida,nobodyisfreakinghome,1727045611,2024-09-22 22:53,46,"Nobody knows and if anyone says they do, they’re literally guessing.",helene,community_discussion,
lofw5jb,t3_1fn5cti,t1_lofsm4g,florida,Calm-Talk5047,1727045909,2024-09-22 22:58,22,Both the GFS and Euro models are currently predicting it to make landfall on the Panhandle late Thursday/early Friday. But things could change.,helene,community_discussion,
lofx1gy,t3_1fn5cti,t3_1fn5cti,florida,BleachedUnicornBHole,1727046221,2024-09-22 23:03,6,Facebook suddenly changed a lot of my ads to Anker solar backup batteries. It seems like they know something is up. ,helene,community_discussion,
lofx73k,t3_1fn5cti,t1_lofw5jb,florida,herewego199209,1727046276,2024-09-22 23:04,3,So far away from Central and South Florida?,helene,community_discussion,
lofxu3v,t3_1fn5cti,t3_1fn5cti,florida,itredneck01,1727046505,2024-09-22 23:08,0,It's been narrowed down to the panhandle somewhere now. Strength is all over the place still though,helene,community_discussion,
lofyeuc,t3_1fn5cti,t1_lofx73k,florida,Medium_Advantage_689,1727046709,2024-09-22 23:11,10,Check out windy.com to see the storm whole west coast of Florida will likely see impacts,helene,community_discussion,storm
lofzo5w,t3_1fn5cti,t1_lofx1gy,florida,[deleted],1727047159,2024-09-22 23:19,1,[removed],helene,community_discussion,
lofzw29,t3_1fn5cti,t3_1fn5cti,florida,PoopPant73,1727047237,2024-09-22 23:20,9,Just bought a smaller 2500w generator and couple more extension cords that I wanted. My wife is in Hawaii on a girls trip so I used this to my advantage.,helene,community_discussion,
log2bga,t3_1fn5cti,t1_lofx1gy,florida,notahouseflipper,1727048100,2024-09-22 23:35,-6,"Anker Solar Backup Batteries are really a game changer.  Anker has given me and my family peace of mind against sudden and extended power disruptions. Anker Solar has a full range of products that can support you through anything Mother Nature might throw at you. In times of uncertainty, remember Anker™️.",helene,community_discussion,power
log3gwq,t3_1fn5cti,t3_1fn5cti,florida,Queasy_Platypus6333,1727048514,2024-09-22 23:41,3,Of course same week my gas cans for yard equipment are low and need a fill…,helene,community_discussion,
log3lqx,t3_1fn5cti,t1_lofsm4g,florida,Nothxm8,1727048562,2024-09-22 23:42,0,It’s not,helene,community_discussion,
log3ngf,t3_1fn5cti,t3_1fn5cti,florida,Cybertronax,1727048578,2024-09-22 23:42,40,If you follow Denis Phillips remember Rule #7. Don't freak out unless he is freaking out.,helene,community_discussion,
log4gkt,t3_1fn5cti,t3_1fn5cti,florida,__2loves__,1727048874,2024-09-22 23:47,2,[https://www.nhc.noaa.gov/gtwo.php?basin=atlc&fdays=5](https://www.nhc.noaa.gov/gtwo.php?basin=atlc&fdays=5),helene,community_discussion,noaa
log4url,t3_1fn5cti,t1_lofx1gy,florida,Orcus424,1727049022,2024-09-22 23:50,4,"https://mashable.com/article/anker-battery-recall-power-bank

There is a recall for a few Anker batteries.",helene,community_discussion,power
log52ft,t3_1fn5cti,t1_lofsm4g,florida,GertonX,1727049102,2024-09-22 23:51,50,"Hold on, let me grab my sharpie",helene,community_discussion,
log574d,t3_1fn5cti,t1_lofx73k,florida,Cgarr82,1727049151,2024-09-22 23:52,11,"Www.tropicaltidbits.com has great models, tracking, and a really fantastic video blog when storms are closer to landfall.",helene,community_discussion,
lofq2hs,t3_1fn5cwh,t3_1fn5cwh,florida,AutoModerator,1727043759,2024-09-22 22:22,1,"
Your [submission](https://www.reddit.com/r/florida/comments/1fn5cwh/question_regarding_legality_of_my_companies/) has been removed from r/Florida. 

**All News/Political posts must be correctly flaired either ""News"" or ""Politics"".** 

How to assign or edit flair on mobile:

* The button to assign flair is under the post title.
* To edit flair after you’ve posted, go to your post, hit the menu (three dots ...). Then “change post flair.”

How to assign or edit flair on desktop:

* When making your post, click on “flair” underneath the text box.
* To edit flair after you’ve posted, go to your post, hit the menu (three dots ...), then “Edit flair.” 


*I am a bot, and this action was performed automatically. Please [contact the moderators of this subreddit](/message/compose/?to=/r/florida) if you have any questions or concerns.*",helene,community_discussion,
lofqsmp,t3_1fn5g62,t3_1fn5g62,florida,AutoModerator,1727044011,2024-09-22 22:26,1,"
Your [submission](https://www.reddit.com/r/florida/comments/1fn5g62/regarding_my_companies_on_call_policy/) has been removed from r/Florida. 

**All News/Political posts must link to a credible news source.** 

* No text posts.
* No images. 
* No Videos
* No screenshots of tweets/facebook/truth/etc posts. 
* No Political Memes. 
* No Crossposts.

[Please see our posting guidelines for more information.](https://www.reddit.com/r/florida/wiki/index/political_guidelines/)

If you believe this post was filtered in error, please let us know.


*I am a bot, and this action was performed automatically. Please [contact the moderators of this subreddit](/message/compose/?to=/r/florida) if you have any questions or concerns.*",helene,community_discussion,
lofy0md,t3_1fn5uzn,t3_1fn5uzn,florida,Brave_Pan,1727046570,2024-09-22 23:09,7,SeaWorld lets anyone trick or treat on Fridays and Saturdays as long as you buy their reusable bag. Costumes are fine too,helene,community_discussion,
log4fz9,t3_1fn5uzn,t3_1fn5uzn,florida,Black3Series,1727048868,2024-09-22 23:47,3,"Disney has an after hours event that’s a separate ticket, in my neighborhood I’ve seen grown ass men trick or treating in groups and no one cared.",helene,community_discussion,
lofyqul,t3_1fn6fgq,t3_1fn6fgq,florida,AutoModerator,1727046828,2024-09-22 23:13,1,"
Please note that only active users in the subreddit may comment in this discussion. If your comments are not showing up, please ensure you have active non-news/non-political contributions to the subreddit before contacting the moderators.

 [See our posting guidelines for more information.](https://www.reddit.com/r/florida/wiki/index/political_guidelines/)

**Remember the following:**

**Be Civil:**

* You are welcome to debate, discussion, and argue ideas, but don't resort to personal attacks on other users. 
* We do not allow any form of hate speech or any suggestion/support of harm, violence, or death.

**Must be related strictly to Florida:**

* National News/Elections are not specific to Florida. 
* Just because someone lives in Florida, doesn't mean their entire life is relevant to Floridians. 

If you see comments in violation of our rules, please report them.

#[Click this link to register to vote, update your voter information, or check your status.](https://registertovoteflorida.gov/)


*I am a bot, and this action was performed automatically. Please [contact the moderators of this subreddit](/message/compose/?to=/r/florida) if you have any questions or concerns.*",helene,community_discussion,
lofz1vy,t3_1fn6fgq,t3_1fn6fgq,florida,snugglebliss,1727046937,2024-09-22 23:15,73,Doctors have never felt more afraid in Florida to do their job. Provide emergency care to pregnant women.,helene,community_discussion,
log3qs4,t3_1fn6fgq,t1_lofz1vy,florida,ThrillSurgeon,1727048611,2024-09-22 23:43,17,This is a scary situation. ,helene,community_discussion,
log47cx,t3_1fn6fgq,t3_1fn6fgq,florida,Knightro829,1727048779,2024-09-22 23:46,298,"Wife had an incomplete miscarriage almost 10 years ago.  Had to be prescribed abortifacients in order to complete the process and avoid any complications so we could continue to try to have a child.  I thank all the gods that happened before all this nonsense.  Abortion is health care, and is as vital for people who *want* to have children as it is for those who do not.",helene,community_discussion,
log5btn,t3_1fn6fgq,t3_1fn6fgq,florida,usernamechecksout67,1727049201,2024-09-22 23:53,17,Fl is the new Alabama,helene,community_discussion,
log5pun,t3_1fn6fgq,t3_1fn6fgq,florida,jreid0,1727049349,2024-09-22 23:55,44,He’s done so much damage to our state… but hey you didn’t have to wear a mask during Covid,helene,community_discussion,
log6c7u,t3_1fn6fgq,t3_1fn6fgq,florida,Switchgamer1970,1727049584,2024-09-22 23:59,96,Vote Blue.,helene,community_discussion,
