id,link_id,parent_id,subreddit,author,created_utc,score,body,hurricane,keyword_hit,created_date,source_type
lq894ss,t3_1fvmsq6,t3_1fvmsq6,NorthCarolina,SW4506,2024-10-04T00:49:39+00:00,12,">a far lower level of coverage than can be found in the coastal and riverside neighborhoods the program was designed to serve.

I love that even the story you are posting to sow hate and discontent betrays you in the first paragraph.",milton,,2024-10-04 00:49,community_discussion
lq8m465,t3_1fvohc9,t3_1fvohc9,NorthCarolina,NorthCarolina-ModTeam,2024-10-04T02:10:44+00:00,1,"Your content was removed due to it being a duplicate submission. Articles may be similar, or report on the same subject from different sources.  Rehosted content between different domains or updated versions of previously submitted articles will be removed unless the update adds significant information that is not accessible from the original link.",milton,,2024-10-04 02:10,community_discussion
lq8mu2x,t3_1fvohc9,t3_1fvohc9,NorthCarolina,notacrook,2024-10-04T02:15:21+00:00,1,"False, false, false, false.  Stop fucking politicizing this.

That $690 was from the Shelter and Services Program, a siloed entirely different set of funds voted on by congress.

>""The Shelter and Services Program (SSP) is a completely separate, appropriated grant program that was authorized and funded by Congress and is not associated in any way with FEMA's disaster-related authorities or funding streams.""

Congress appropriated the money for the SSP, just like the MAGA flank of the GOP congress voted against more FEMA money days before Helene hit (don't worry, the Democrats and GOP members who live in this reality passed it).

FEMA's yearly budget is 33.1 billion dollars.

Stop jerking off to tribalist political bullshit, especially in the midst of the third largest mobilization of Federal Resources in our countries history.",milton,fema,2024-10-04 02:15,community_discussion
lq8olcx,t3_1fvost1,t3_1fvost1,NorthCarolina,NorthCarolina-ModTeam,2024-10-04T02:26:58+00:00,1,"Your content was removed due to it being a duplicate submission. Articles may be similar, or report on the same subject from different sources.  Rehosted content between different domains or updated versions of previously submitted articles will be removed unless the update adds significant information that is not accessible from the original link.",milton,,2024-10-04 02:26,community_discussion
lq9687j,t3_1fvmsq6,t3_1fvmsq6,NorthCarolina,KlonopinKowboi,2024-10-04T04:37:25+00:00,-1,No shit headline on the week. When have the Feds ever done anything for Appalachia.,milton,,2024-10-04 04:37,community_discussion
lq99onv,t3_1fvrmbx,t3_1fvrmbx,NorthCarolina,NorthCarolina-ModTeam,2024-10-04T05:08:52+00:00,1,"Your content was removed due to it being a duplicate submission. Articles may be similar, or report on the same subject from different sources.  Rehosted content between different domains or updated versions of previously submitted articles will be removed unless the update adds significant information that is not accessible from the original link.",milton,,2024-10-04 05:08,community_discussion
lqam7u5,t3_1fvygrj,t3_1fvygrj,NorthCarolina,homeopathic_firebomb,2024-10-04T13:05:07+00:00,135,"Cursory glances at the posting history, here and on Twitter especially, of the people saying that the govt is doing nothing etc etc are right wingers who hate Biden or they're grifters. Saw one last night, shared this unsourced FB post in a ""just trust me bro"" attitude and the next reply was his personal Venmo if people want to help fund him and his boys. No proof they've been doing work, etc etc. The ""our pilots are being threatened with arrest!"" types leave out that the pilots are not filing flight plans and generally putting others in danger. 

It's slow to move around WNC on a good day. There's a lot of ground to cover. If people want a miracle they should ask God.",milton,,2024-10-04 13:05,community_discussion
lqamgbl,t3_1fvygrj,t3_1fvygrj,NorthCarolina,CrownTownLibrarian,2024-10-04T13:06:40+00:00,72,I know of at least three FEMA search teams combing through the wreckage in Chimney Rock,milton,fema,2024-10-04 13:06,community_discussion
lqamtjc,t3_1fvygrj,t3_1fvygrj,NorthCarolina,strangeweather415,2024-10-04T13:09:02+00:00,254,"The gov response was massive once the inertia got rolling. I’m in Burke County and the west side of the county was in shambles. Morganton too. Obvious it takes some time for equipment and supplies to get moving, but once it did the response was overwhelming. 

I think one of the biggest hurdles for this event and emergency response personnel is that the decentralized nature of the coves and hollers, and the sheer scale of the disaster in Buncombe county, made it difficult if not impossible to coordinate rescue response that would satisfy everyone. If they focused on rural mountainous areas, hundreds of thousands of people in Asheville and other major population centers would have to endure an even harder survival situation. The risk of an all out humanitarian crisis in Asheville was very high, and still is pretty dire.",milton,,2024-10-04 13:09,community_discussion
lqan4vx,t3_1fvygrj,t1_lqam7u5,NorthCarolina,JudyTester88,2024-10-04T13:11:02+00:00,-118,"Flight plans are not required for VFR (visual flight rules).  You don't know what you're talking about.  Pilots are being threatened with arrest because they're making the Gov. look bad and they need to remind us about the boots on our necks.

Pure evil, no other excuse.",milton,,2024-10-04 13:11,community_discussion
lqan629,t3_1fvygrj,t1_lqam7u5,NorthCarolina,charlotteRain,2024-10-04T13:11:15+00:00,117,It seems odd to me that it is also the party of those that are against federal aid are posting stuff saying the government isn't doing enough.,milton,,2024-10-04 13:11,community_discussion
lqancwb,t3_1fvygrj,t3_1fvygrj,NorthCarolina,extra-ransom,2024-10-04T13:12:26+00:00,115,"I'm in Brevard (near downtown) and there wouldnt be much for responders to do besides clear trees and powerlines. We have and have had power, water, electric, internet.

Black Mountain and Swannanoa has an incredible disaster response going on and in full swing. Its kind of staggering how great it is. I was at the Hendersonville airport yesterday (small county airport) and probably 20 helicopters landed and took off again... in the span of 3 hours.

The response was slow while cell phones were down and all the interstates were blocked. That was no longer the case after maybe Monday. I cant speak to other small towns as we're keeping travel to a minimum.",milton,power,2024-10-04 13:12,community_discussion
lqanhss,t3_1fvmsq6,t3_1fvmsq6,NorthCarolina,deathbychips2,2024-10-04T13:13:19+00:00,2,"So um y'all understand right that the one time emergency money of $750 is not the only money these people are going to get. There is always an initial payment from FEMA for immediate needs and then after further assessment of damages, insurance, etc etc more money comes. They just don't give everyone thousands and thousands before the area is even stabilized.",milton,fema,2024-10-04 13:13,community_discussion
lqank0i,t3_1fvygrj,t1_lqan4vx,NorthCarolina,immersemeinnature,2024-10-04T13:13:43+00:00,2,"Uhm. Looking at your post history, it would seem that you are a bot or a troll and need to shut the fuck up and go away.",milton,,2024-10-04 13:13,community_discussion
lqanlig,t3_1fvygrj,t1_lqan4vx,NorthCarolina,homeopathic_firebomb,2024-10-04T13:13:59+00:00,18,Why don't you send the good people a Bitcoin? Crank,milton,,2024-10-04 13:13,community_discussion
lqansxm,t3_1fvygrj,t1_lqan4vx,NorthCarolina,espngenius,2024-10-04T13:15:17+00:00,13,Are you saying it’s a conspiracy?,milton,,2024-10-04 13:15,community_discussion
lqao9nl,t3_1fvygrj,t3_1fvygrj,NorthCarolina,yourdoglikesmebetter,2024-10-04T13:18:12+00:00,57,Anyone spouting off that kind of bullshit is welcome to come up here and actually help instead of impeding efforts with their conspiracy nonsense.,milton,,2024-10-04 13:18,community_discussion
lqaofw4,t3_1fvygrj,t3_1fvygrj,NorthCarolina,rexeditrex,2024-10-04T13:19:18+00:00,58,"There are 1000s of people out there.  National guard from 8 states.  Troops from Fort Liberty.  Every single local agency from cops to food banks.  I live a couple of hours away from there and there have been a lot of helicopters since Saturday.  If people just show up, FEMA can't coordinate.  You end up with resources all going to one place when they're really needed in other places.  These other people use fuel, food and water.  They are also a liability as if one of them gets hurt then it pulls people off of rescue operations.  There are likely still 100 or more dead to be found.  Please coordinate with the state or other authorities that are managing this situation.

Also realize that most of what FEMA does comes after the storm in paying for damage claims.  Right now the GOP only allowed $20BB for the rest of the year.  That will be gone shortly.  Congress needs to get back and fund this.",milton,storm|fema,2024-10-04 13:19,community_discussion
lqap06t,t3_1fvymo5,t3_1fvymo5,NorthCarolina,jayron32,2024-10-04T13:22:49+00:00,181,"It's okay.  Everyone makes mistakes, but not everyone owns them.  Thank you for correcting yourself and apologizing.  It's THAT which makes you a good person.  Everyone screws up all the time.  What makes the good people different from the bad people is that good people clean up their messes.",milton,,2024-10-04 13:22,community_discussion
lqap65k,t3_1fvygrj,t1_lqan4vx,NorthCarolina,CrownTownLibrarian,2024-10-04T13:23:52+00:00,19,"What you are doing is actively hurting people in the disaster zone. 

u/JudyTester88 I wish nothing but bad things for you in life.",milton,,2024-10-04 13:23,community_discussion
lqap8as,t3_1fvygrj,t1_lqan4vx,NorthCarolina,r_not_me,2024-10-04T13:24:15+00:00,9,You got any actual proof to back that up?,milton,,2024-10-04 13:24,community_discussion
lqapdxj,t3_1fvymo5,t1_lqap06t,NorthCarolina,JUICYJ3R3,2024-10-04T13:25:13+00:00,82,"I appreciate it, at the end of the day it’s my fault for pushing the false info. I thought I could trust it since it was coming from a high ranking individual in the Army. Biggest thing I’ve learned, is to ALWAYS verify information before you spread it even if the person has your assumed trust.",milton,,2024-10-04 13:25,community_discussion
lqapedt,t3_1fvymo5,t3_1fvymo5,NorthCarolina,Kradget,2024-10-04T13:25:18+00:00,32,Good on you for checking up on yourself and trying to correct the problem!,milton,,2024-10-04 13:25,community_discussion
lqapgib,t3_1fvymo5,t3_1fvymo5,NorthCarolina,Valdaraak,2024-10-04T13:25:39+00:00,534,Always remember: It's a month before a big election in a battleground state that just got hit by a major disaster. There are *absolutely* going to be people taking advantage of that to sway voters. Much of that misinformation has exactly that goal.,milton,,2024-10-04 13:25,community_discussion
lqaphpf,t3_1fvymo5,t3_1fvymo5,NorthCarolina,therealAjani,2024-10-04T13:25:52+00:00,3,"Very nice apology/retraction. I have a friend who organized a group of people to go help out in Boone for the last 3 days. He said there are areas of devastation, but there were many areas left intact. Businesses that rely on tourism especially during the changing of the leaves. His suggestion was to not cancel Fall plans but to come anyway and spend a day or two helping those in need. Keep in mind, I am only aware of second hand and only about Boone. Obviously, if you have reservations somewhere, you will want to do your homework first.",milton,,2024-10-04 13:25,community_discussion
lqapoum,t3_1fvymo5,t1_lqapgib,NorthCarolina,JUICYJ3R3,2024-10-04T13:27:06+00:00,89,"It’s very upsetting. I just want to help my people, but the way certain people (iykyk) have turned this into a fight for the election is completely disgraceful.",milton,,2024-10-04 13:27,community_discussion
lqapq0c,t3_1fvygrj,t3_1fvygrj,NorthCarolina,scubasky,2024-10-04T13:27:18+00:00,50,"I tried to have this conversation with someone earlier about how FEMA doesn’t have total control and their hand in everything and it’s by design like you said they consider it handled. 

Like I was trying to tell them a state USAR team which is not federal is deployed to an area they and the local government handle that area and just report back to the state and fema stays out of it unless they request resources. They stated this is problematic and an “issue” and I could not inform them enough that this is a good thing.  

Smaller task forces are pre set up, are faster to mobilize , have a smaller footprint so the move around faster in the area, and most importantly are self sustaining and autonomous.  They show up as directed by that states needs, get a task and go to work, once that’s done they ask the local government or town what is next then go do that.",milton,fema,2024-10-04 13:27,community_discussion
lqaqh1a,t3_1fvygrj,t1_lqan629,NorthCarolina,Drpillking,2024-10-04T13:31:54+00:00,32,Stop pointing out the obvious! Propaganda and brainwashing doesn’t work that way!,milton,,2024-10-04 13:31,community_discussion
lqaqy2l,t3_1fvymo5,t1_lqaphpf,NorthCarolina,yourdoglikesmebetter,2024-10-04T13:34:49+00:00,36,"Absolutely cancel your plans. Good, water, and gas are all at a premium. We do not need to compete with tourists, thank you. Please come back next year",milton,,2024-10-04 13:34,community_discussion
lqareck,t3_1fvygrj,t1_lqansxm,NorthCarolina,stonebraker_ultra,2024-10-04T13:37:38+00:00,13,Have you seen their post history?,milton,,2024-10-04 13:37,community_discussion
lqarefl,t3_1fvygrj,t3_1fvygrj,NorthCarolina,SnooPickles8893,2024-10-04T13:37:38+00:00,2,"We live in the Triangle and we hear helicopters constantly going and coming west. I just hope people don't forget that Appalachia is going to need help all winter long too, the losses are staggering. 🫂",milton,,2024-10-04 13:37,community_discussion
lqarp3d,t3_1fvymo5,t3_1fvymo5,NorthCarolina,Technical-Avocado-92,2024-10-04T13:39:28+00:00,17,Good on you for being open to introspection and taking accountability. It’s an extraordinarily dark time for Western NC and people are so desperate for information of any kind that they’ll believe virtually anything.,milton,,2024-10-04 13:39,community_discussion
lqarrlp,t3_1fvymo5,t3_1fvymo5,NorthCarolina,debzmonkey,2024-10-04T13:39:54+00:00,22,"Thank you for taking responsibility.  Unfortunately there are very unscrupulous people that will take advantage of those harmed.  Rule of thumb, if it smells like an agenda, it probably is.  Can't tell you how many ""friend in the know"" posts I've seen that are utter horseshit.",milton,,2024-10-04 13:39,community_discussion
lqart2w,t3_1fvygrj,t3_1fvygrj,NorthCarolina,versus--the--world,2024-10-04T13:40:09+00:00,4,We still don’t have supplies because we are on the edge and people are buying supplies to send to more affected areas. We can’t get food :(,milton,,2024-10-04 13:40,community_discussion
lqas8bi,t3_1fvymo5,t1_lqapdxj,NorthCarolina,MadGo,2024-10-04T13:42:43+00:00,27,"Thats the issue that we dont realize, in this modern world of internet and phone with camera - we are all journalists. We are all spreading information and misinformation - that can impact someone in a bad way if not done properly. 

Its a simple share to all button on Facebook, reddit. twitter. Feels like entertainment. 

It's a lot of power in the hands of a common man who may have their own prejudice, frustrations and anxiety on a given day and can interpret the things with those glasses. 

I have seen my parents share things to groups with a tag line saying shared as received. They assume it takes away their responsibility /accountability to the piece of information they shared. 95% of the times it's the information they are already biased towards.",milton,power,2024-10-04 13:42,community_discussion
lqasl93,t3_1fvygrj,t1_lqamtjc,NorthCarolina,100LittleButterflies,2024-10-04T13:44:51+00:00,-50,I wonder if the drum circle is back yet.,milton,,2024-10-04 13:44,community_discussion
lqaspv5,t3_1fvygrj,t3_1fvygrj,NorthCarolina,kristospherein,2024-10-04T13:45:36+00:00,20,We saw a Chinook flying over Charlotte yesterday. Lived here almost a decade and never seen one before. Buttigeig said they had pre staged fema employees in areas expected to be hit. That has to be helpful to getting of the ground quicker if they don't have to navigate damaged and blocked roads just to get to an area that is damaged.,milton,fema,2024-10-04 13:45,community_discussion
lqaspw6,t3_1fvygrj,t3_1fvygrj,NorthCarolina,VeryNormalGuy1861,2024-10-04T13:45:36+00:00,-2,It really depends where. Places like spruce pine it’s been almost exclusively churches/private charities providing almost all the disaster relief.,milton,,2024-10-04 13:45,community_discussion
lqaszmz,t3_1fvygrj,t1_lqancwb,NorthCarolina,brothersquirrel,2024-10-04T13:47:14+00:00,7,"How is the campground area down by the creek somewhat near Lowe’s? My wife and I visited Brevard in February, stayed in an airbnb in the Aethelwood Hotel, loved every second of it. We went for a run, parked at a super nice turf soccer field and baseball fields. Ran an amazing trail that had such a neat creek and campground on the other side. I’m assuming it’s washed out entirely? I feel like they were still working on the trail or maybe even building a bridge or something but remember a good bit of construction going on. Glad to hear Brevard wasn’t hit too bad, and that you’re doing ok.",milton,,2024-10-04 13:47,community_discussion
lqat3g1,t3_1fvymo5,t1_lqapoum,NorthCarolina,Awkward_Professor460,2024-10-04T13:47:52+00:00,71,"Don't be ashamed. The people who you trusted and lied should feel ashamed. Honestly, if more of us service members stood up to them about their lies, maybe the culture on all branches will shift. Truth is, misinformation goes all ways. 

Good on ya for fact checking yourself though. Just don't feel ashamed :) you represent America by standing up to the wrong asshole of leaders.",milton,,2024-10-04 13:47,community_discussion
lqat3v7,t3_1fvygrj,t1_lqan4vx,NorthCarolina,Technical-Avocado-92,2024-10-04T13:47:56+00:00,40,"No, it’s because they are a LIABILITY. If these pilots would focus more on rescuing and volunteering through an actual organization that coordinates its efforts with other entities, e.g. Reach Out World Wide or Operation Air Drop, there wouldn’t be a problem. Their clout chasing for the advancement of their personal politics is the actual evil. How many more people could they rescue if they weren’t making propaganda films? Anyone seeking credit for their altruism is motivated by something other than doing good.",milton,,2024-10-04 13:47,community_discussion
lqat7as,t3_1fvygrj,t1_lqan4vx,NorthCarolina,Ohnoherewego13,2024-10-04T13:48:30+00:00,21,"Got a source? Oh wait, we know you don't. With all the military/government air traffic in the region, they do need some sort of flight plan to avoid collisions with other aircraft. Use some common sense.",milton,,2024-10-04 13:48,community_discussion
lqatfa0,t3_1fvymo5,t1_lqap06t,NorthCarolina,f700es,2024-10-04T13:49:49+00:00,1,THIS!,milton,,2024-10-04 13:49,community_discussion
lqatptn,t3_1fvygrj,t1_lqasl93,NorthCarolina,Eyre_Guitar_Solo,2024-10-04T13:51:32+00:00,21,Hasn’t Asheville suffered enough already?,milton,,2024-10-04 13:51,community_discussion
lqattr2,t3_1fvygrj,t3_1fvygrj,NorthCarolina,rnantelle,2024-10-04T13:52:09+00:00,69,"In AVL there are mountains of supplies rolling in, hundreds of bucket trucks and line trucks, giant rolling water tankers, FEMA convoys, US Army Corp, Nat'l Guard. They're all here and working tirelessly.

AVL isn't small like the rural and outlying areas, but it's PERFECT for staging relief outward.

Don't listen to naysayers. See it for your eyes.",milton,fema,2024-10-04 13:52,community_discussion
lqatwe3,t3_1fvygrj,t3_1fvygrj,NorthCarolina,DirtyMarTeeny,2024-10-04T13:52:34+00:00,4,"I can see where the idea of only helping the blue areas comes from since the bluer areas tend to be the more urban population centers, so they're getting all the stuff sent to and centered around them, and they are using a lot of those resources because there is such a large population there in need. There's a lot of work going towards organizing relief items from those central areas and trying to distribute it to the more rural areas (which tend to be red), but unfortunately the process of even making some of those areas accessible is still ongoing. 

I think communication has been awful though. I don't know what can be done about it, but a lot of the communication about where supplies are and what is being done is through the internet and so many people can hardly even get text messages in and out still (not to mention many can't charge their phones anyway).",milton,,2024-10-04 13:52,community_discussion
lqau53x,t3_1fvygrj,t1_lqan629,NorthCarolina,rnantelle,2024-10-04T13:53:58+00:00,20,Cognitive dissonance and hypocrisy are rampant among GQP cultists and Trump worshippers.,milton,,2024-10-04 13:53,community_discussion
lqau8gl,t3_1fvygrj,t1_lqasl93,NorthCarolina,strangeweather415,2024-10-04T13:54:29+00:00,5,Not the time for snarky jokes.,milton,,2024-10-04 13:54,community_discussion
lqaueos,t3_1fvygrj,t1_lqaszmz,NorthCarolina,extra-ransom,2024-10-04T13:55:29+00:00,11,"The highway at the Davidson River Campground is blocked off at the campground entrance. I haven’t gone past there. The bridged looked OK but it’s hard to see over there. Tropical Storm Fred in 2021 did a lot of destruction and this feels like less than that (in Pisgah Forest at least). The soccer fields down by Pisgah Forest Elementary are fine! South of Brevard toward SC (Sherwood Forest and Connestee Falls neighborhood) we’re hit hard with winds and downed trees. They’re still recovering.

Come on back after we clean up a bit ;)",milton,storm,2024-10-04 13:55,community_discussion
lqaufbg,t3_1fvygrj,t3_1fvygrj,NorthCarolina,budadad,2024-10-04T13:55:35+00:00,82,"When people post these types of false stories, they are shitting on all the people who are working so hard to help these people. It's disgusting.",milton,,2024-10-04 13:55,community_discussion
lqaulh3,t3_1fvymo5,t3_1fvymo5,NorthCarolina,ncphoto919,2024-10-04T13:56:35+00:00,13,Ya'll need to stop falling for this facebook-as misinformation and posting it like its real just because you heard it from some dude,milton,,2024-10-04 13:56,community_discussion
lqaum9i,t3_1fvymo5,t1_lqapdxj,NorthCarolina,Harbinger90210,2024-10-04T13:56:43+00:00,18,"So I understand you probably got rid of the initial comment to attempt to avoid it spreading but not knowing what the misinformation is makes it more difficult for some to actually identify the misinformation. Especially in a time when misinformation is pretty much a daily thing and a large portion of the country has adamantly decided anything they see and don’t agree with is misinformation even when seeing proof with their own two eyes. 

Which particular misinformation is this about?",milton,,2024-10-04 13:56,community_discussion
lqaumn4,t3_1fvygrj,t1_lqan4vx,NorthCarolina,dieseltroy,2024-10-04T13:56:47+00:00,2,For flying through or loitering in a TFR under VFR?,milton,,2024-10-04 13:56,community_discussion
lqaurzv,t3_1fvymo5,t3_1fvymo5,NorthCarolina,Everheart1955,2024-10-04T13:57:40+00:00,62,"I saw one yesterday on FB ( of course) ""Kamala's only giving $750.00 for your home that's been destroyed"". It was on a business site. Of course it took my maybe 30 seconds to debunk it, and I posted what she actually said:  M - Me   H- Him

&#x200B;

M -""This is out of context, what was said  was...""And the federal relief and assistance that we have been providing has included FEMA providing $750 for folks who need immediate needs being met, such as food, baby formula, and the like.   
and also ""She also outlined the additional, longer-term emergency funding being made available, adding: ""FEMA is also providing tens of thousands more dollars for folks to help them be able to deal with home repair, to be able to cover a deductible when and if they have insurance, and also hotel costs. The Biden administration was providing over $10 million in assistance to the states affected, FEMA said in a press release.  
The federal relief agency had shipped over 8.8 million meals, more than 7.4 million liters of water, 150 generators, and more than 225,000 tarps to the storm zone, it said.  
  
The felons kid started this bullshit, Which is what we do not need in times of crisis""

H - ""I spent a good portion of the day at the hickory airport with the team facilitating the search and rescue operations.  I would say 5% of the helicopters saving lives were military or public service units.  All private citizens saving lives.  Context or not if you think our government has American citizens best interests as they are stranded and dying you’re fundamentally incorrect."" 

M- ""Didn’t say that. I said it’s dangerous to spread misinformation. I recognize the helps that’s there. FEMA, National Guard, 82nd Airborne Red Cross, -and  a load of local folks as well. Thanks for helping out.""

Because it's not helpful, nor accurate.

&#x200B;

We gotta nip this crap in the Bud.",milton,storm|fema,2024-10-04 13:57,community_discussion
lqauy6x,t3_1fvygrj,t1_lqart2w,NorthCarolina,sarcasticorange,2024-10-04T13:58:39+00:00,5,Where are you?,milton,,2024-10-04 13:58,community_discussion
lqav3d9,t3_1fvymo5,t3_1fvymo5,NorthCarolina,Low_Firefighter_8085,2024-10-04T13:59:28+00:00,27,"Oh no!  They’ve gotten to /u/JUICYJ3R3 

But in all seriousness thank you, it’s not everyone that can take their medicine, learn and grow and that says a lot. 

I can totally see how that could happen to you, especially with the rank structure. 

I work in emergency services and the people I’ve seen on Facebook posting nonsense…. People that I know for a fact understand how EM functions, trying to bend reality in order to some sort of fictional point is disgusting.",milton,,2024-10-04 13:59,community_discussion
lqavcrp,t3_1fvymo5,t1_lqaphpf,NorthCarolina,Piercinald-Anastasia,2024-10-04T14:00:58+00:00,11,Yeah that’s a terrible idea. Everyone should consider all trips to this area on hold indefinitely.,milton,,2024-10-04 14:00,community_discussion
lqavlok,t3_1fvymo5,t1_lqapgib,NorthCarolina,Low_Firefighter_8085,2024-10-04T14:02:25+00:00,23,"I can understand that people will be trying to take advantage, but I’m most disappointed in people that damn well know how EM functions and are still posting ridiculous nonsense, makes me sick.",milton,,2024-10-04 14:02,community_discussion
lqavsk9,t3_1fvymo5,t1_lqaum9i,NorthCarolina,JUICYJ3R3,2024-10-04T14:03:30+00:00,58,"I made a post about the DoD being denied orders to assist with recovery efforts. I’m in a medical detachment in Maryland, I do physical therapy but our detachment is mostly medics and physician assistants. We were seeing what we could do to assist. 

I’m not a low rank, but I’m also not super high either, so I contacted a Colonel, I knew in Fort Campbell about the situation. He said Gov Cooper was denied any and all DoD involvement. Made a post about it, then deleted bc of the pushback. I looked into it and turns out there are already troops on the ground to assist. 

So that essentially means Gov Cooper HAS allowed the DoD to help, we already have guys there, and that what I was told was a load of bs. The real reason we aren’t going more than likely has to do with manning quotas or something from the DoDs end.",milton,,2024-10-04 14:03,community_discussion
lqavso1,t3_1fvygrj,t3_1fvygrj,NorthCarolina,RBGesus,2024-10-04T14:03:31+00:00,19,"first national guard deployment to Asheville was Wednesday 9/25.. so they can say whatever the hell they want, it doesn't make it true.",milton,,2024-10-04 14:03,community_discussion
lqavxth,t3_1fvygrj,t3_1fvygrj,NorthCarolina,mjy34222,2024-10-04T14:04:21+00:00,14,"No, it's not true.  Maga and Russian propaganda.",milton,,2024-10-04 14:04,community_discussion
lqaw0yk,t3_1fvygrj,t1_lqatwe3,NorthCarolina,SicilyMalta,2024-10-04T14:04:51+00:00,2,"Plus I remember when it came out that Trump punished the states of governors who said something against him and when he said COVID was a blue state problem so he'd ignore. ( So many corroborated references  to this even by Republicans -  just google ). 

  It's scary, but Sociopaths don't grasp that not everyone lacks compassion , they think people lie if they say they would give aid to everyone. 

And Trump's followers believe him no matter what proof is out there - because if they admit he's lying about THIS, then what else is he lying about! 

And they are the ones spreading misinformation, disinformation. They are doing the work for foreign enemies.",milton,,2024-10-04 14:04,community_discussion
lqaw2ni,t3_1fvygrj,t1_lqan4vx,NorthCarolina,ElectricalTopic1467,2024-10-04T14:05:08+00:00,2,You certainly live up to the stereotype.,milton,,2024-10-04 14:05,community_discussion
lqawdgy,t3_1fvymo5,t1_lqav3d9,NorthCarolina,JUICYJ3R3,2024-10-04T14:06:52+00:00,19,"I’ve been in the Army for a decent amount of time, I should know better than to trust officers haha.",milton,,2024-10-04 14:06,community_discussion
lqawdxt,t3_1fvzj85,t3_1fvzj85,NorthCarolina,strangeweather415,2024-10-04T14:06:57+00:00,2,"This is probably a “power flash” which is very common during hurricanes, tornadoes, and severe storms. It happens when power lines and transformers arc, it will give off a very bright blueish green flash. I have seen it several times in my life, but where I am in Burke County it was the brightest thing I have ever seen in the sky. It must have been the high tension lines because it flashed several times and then power was gone and did not come back until last night.",milton,power,2024-10-04 14:06,community_discussion
lqawh97,t3_1fvygrj,t1_lqaw2ni,NorthCarolina,JudyTester88,2024-10-04T14:07:28+00:00,0,"... and you're all stupid goyim that probably took your shots and would sit around and starve waiting for big daddy government to come save you.

The future is not going to be kind to you naïve, trusting fools.",milton,,2024-10-04 14:07,community_discussion
lqawj18,t3_1fvygrj,t1_lqamtjc,NorthCarolina,secondsbest,2024-10-04T14:07:45+00:00,95,The biggest hurdle for any FEMA disaster response is how to steer that massive federal apparatus in very unique localized conditions. It really boils down to local officials helping FEMA command on the ground with that local expertise. The best way to expedite initial response is for localities to develop their own pre-disaster plans which is something bigger cities already do.,milton,fema,2024-10-04 14:07,community_discussion
lqawok2,t3_1fvygrj,t1_lqau53x,NorthCarolina,RBGesus,2024-10-04T14:08:37+00:00,5,"I like to call it ""willful ignorance""",milton,,2024-10-04 14:08,community_discussion
lqawu88,t3_1fvygrj,t1_lqat7as,NorthCarolina,Eyre_Guitar_Solo,2024-10-04T14:09:33+00:00,15,"Helicopter pilot here. I can’t speak to anyone (public or private) doing “evil” in this situation and have no knowledge about anyone being threatened.

However it is factual that flights under visual flight rules (VFR) do not require a flight plan, and it is common for private pilots to fly without one. The basic concept behind VFR is “see and avoid,” and in uncontrolled airspace pilots are expected to deconflict between each other.

That said, there are things pilots can do that are dangerous or at the very least unneighborly, which can earn you censure. Again, I am not flying in this situation and have not researched what airspace restrictions are in place in certain areas. But generally, it’s not ambiguous—the FAA sets clear requirements in black and white.",milton,,2024-10-04 14:09,community_discussion
lqawyer,t3_1fvygrj,t3_1fvygrj,NorthCarolina,SicilyMalta,2024-10-04T14:10:13+00:00,17,"Thank you for coming back and reporting the truth.  I respect you.  It has been like playing Whack a mole trying to stop people who refuse to see the truth.  

Can you imagine coming in here to get information on the conditions where a relative is missing and hearing the lie that ""no one is coming.""  

My relative was missing for a few days. It was brutal.",milton,,2024-10-04 14:10,community_discussion
lqax930,t3_1fvygrj,t1_lqancwb,NorthCarolina,HallOfTheMountainCop,2024-10-04T14:11:55+00:00,9,"By far the biggest response has been from outside police, fire, and rescue. I see FEMA on occasion but they haven't been the biggest lift I've personally seen.",milton,fema,2024-10-04 14:11,community_discussion
lqax9c0,t3_1fvymo5,t3_1fvymo5,NorthCarolina,Catodacat,2024-10-04T14:11:57+00:00,5,"Good on you for acknowledging it. There's a whole bunch of lies, cheating, and grift being done right now in the name of the people suffering. All of us need to ""measure twice, cut once"" when it comes to stuff we read/hear.",milton,,2024-10-04 14:11,community_discussion
lqax9zv,t3_1fvygrj,t1_lqamgbl,NorthCarolina,KevinAnniPadda,2024-10-04T14:12:03+00:00,11,How big is a team? What type of gear do they have? Is it just individuals or do they have machinery? I've never seen what this looks like.,milton,,2024-10-04 14:12,community_discussion
lqaxkwz,t3_1fvygrj,t1_lqan629,NorthCarolina,KevinAnniPadda,2024-10-04T14:13:48+00:00,17,"They're also complaining that FEMA sent money to help with the issues at the border, when they were the ones complaining that it was an emergency that the federal government should do something about.",milton,fema,2024-10-04 14:13,community_discussion
lqaxl1q,t3_1fvygrj,t1_lqart2w,NorthCarolina,DirtyMarTeeny,2024-10-04T14:13:49+00:00,5,"I know a lot of people and relief groups in Asheville are aware and trying to get supplies to the smaller surrounding areas, but it's difficult to find a way to effectively distribute them with so many areas still inaccessible to most vehicles.",milton,,2024-10-04 14:13,community_discussion
lqaxqzl,t3_1fvygrj,t1_lqax9zv,NorthCarolina,CrownTownLibrarian,2024-10-04T14:14:45+00:00,30,Jose Andres ran into one from NY yesterday. Eighteen people and three dogs.,milton,,2024-10-04 14:14,community_discussion
lqaxsnx,t3_1fvygrj,t1_lqavso1,NorthCarolina,HallOfTheMountainCop,2024-10-04T14:15:00+00:00,10,"National Guard is a state level deployment, not federal.",milton,,2024-10-04 14:15,community_discussion
lqaxwtf,t3_1fvygrj,t1_lqaw0yk,NorthCarolina,DirtyMarTeeny,2024-10-04T14:15:38+00:00,3,I'm not certain if my comment is the one you meant to reply to?,milton,,2024-10-04 14:15,community_discussion
lqaxzb8,t3_1fvymo5,t3_1fvymo5,NorthCarolina,Mywordispoontang101,2024-10-04T14:16:02+00:00,6,"> Beware of ~~Misinformation~~""Conservatives""

FTFY.  Remember, kids, anyone wearing a red had is immediately suspect.  They don't care if people die due to their lies.",milton,,2024-10-04 14:16,community_discussion
lqay3nx,t3_1fvymo5,t3_1fvymo5,NorthCarolina,angelswithanglez,2024-10-04T14:16:43+00:00,-21,"I think this is a bipartisan issue also. I have seen misinformation on both sides. Intense conspiracy theories on the right, and at times downplaying the ongoing need on the left. It is so tough with a crisis situation like this sometimes to know what's really going on.",milton,,2024-10-04 14:16,community_discussion
lqay4dn,t3_1fvymo5,t1_lqaurzv,NorthCarolina,jecca1769,2024-10-04T14:16:50+00:00,32,"The bulk of the planes within the state are owned by private individuals or companies versus the government. Not to mention, the citizens of the state are the ones closest to the disaster. So yes they are the first to show up. Like I tried to explain to someone, if your house is on fire, your neighbor is likely to make it to you first versus the fire department. The fire department is on it's way but they do not live next door. 

The misinformation out there is so disheartening. I saw one creator say, ""This isn't a democracy but an idiot-ocracy.""",milton,,2024-10-04 14:16,community_discussion
lqaycyk,t3_1fvymo5,t3_1fvymo5,NorthCarolina,biblical_abomination,2024-10-04T14:18:11+00:00,30,"As someone who commented on your previous post, I'm really glad that you didn't have malicious purposes. We all make mistakes sometimes. Good on you for taking accountability!",milton,,2024-10-04 14:18,community_discussion
lqaykwx,t3_1fvygrj,t1_lqawj18,NorthCarolina,strangeweather415,2024-10-04T14:19:24+00:00,32,"Yep, 100%. I will say, the rural towns and hollers are getting it together. I have been working to coordinate anything I can via radio and the fire and police orgs in these places are getting a real time crash course in all of this. The silver lining here is that we are finally in the stages of recovery and these lessons will be hard won, but they will hopefully inform our planning and emergency response plans so this never happens again",milton,,2024-10-04 14:19,community_discussion
lqayl6p,t3_1fvygrj,t1_lqapq0c,NorthCarolina,KingStannis2020,2024-10-04T14:19:27+00:00,36,In any other situation those people would complain about the federal government swooping in to micromanage the situation without adequate knowledge of local conditions.,milton,,2024-10-04 14:19,community_discussion
lqayqc8,t3_1fvygrj,t1_lqaxwtf,NorthCarolina,SicilyMalta,2024-10-04T14:20:16+00:00,1,It was a general comment. Not necessarily to you. I'll delete.,milton,,2024-10-04 14:20,community_discussion
lqayvvj,t3_1fvymo5,t1_lqaycyk,NorthCarolina,JUICYJ3R3,2024-10-04T14:21:07+00:00,24,"If it wasn’t for you guys I would’ve blindly trusted thIs officer. Ironically I specifically don’t follow the news and I don’t have a big social media presence outside of Reddit for this very reason.

If this subreddit didn’t call me out, then I probably wouldnt know any better bc of how disconnected I can be from the news.",milton,,2024-10-04 14:21,community_discussion
lqayx5b,t3_1fvygrj,t3_1fvygrj,NorthCarolina,SicilyMalta,2024-10-04T14:21:19+00:00,6,"Thank you for coming here to let people know. 

I remember when it came out that Trump punished the states of governors who said something against him and when he said COVID was a blue state problem so he'd ignore. ( So many corroborated references  to this even by Republicans -  just google ). 

  It's scary, but Sociopaths don't grasp that not everyone lacks compassion , they think people lie if they say they would give aid to everyone. 

And Trump's followers believe him no matter what proof is out there - because if they admit he's lying about THIS, then what else is he lying about! 

And they are the ones spreading misinformation, disinformation. They are doing the work for foreign enemies.",milton,,2024-10-04 14:21,community_discussion
lqaz110,t3_1fvygrj,t1_lqayqc8,NorthCarolina,DirtyMarTeeny,2024-10-04T14:21:54+00:00,3,No that's fine I just didn't know if it belonged elsewhere,milton,,2024-10-04 14:21,community_discussion
lqaz2sh,t3_1fvygrj,t1_lqam7u5,NorthCarolina,angelswithanglez,2024-10-04T14:22:10+00:00,-24,"I don't have family in Western NC but one of my best friends does. Her upset, and by the way she is not a Trump supporter, is due to it taking four days for the 82nd airborne to be activated. I got downloaded for saying this on another thread, but she also organized a semi truck full of supplies to be sent and ultimately FEMA and Red Cross wanted to seize and distribute the goods themselves even though they were privately collected. I have heard multiple stories about this. I do agree there is a lot of misinformation but that goes both ways, Biden literally just said after flying over western NC ""they have everything they need and everyone is very happy overall""",milton,fema,2024-10-04 14:22,community_discussion
lqazaaw,t3_1fvygrj,t3_1fvygrj,NorthCarolina,Major_Spite7184,2024-10-04T14:23:20+00:00,16,"I think the response had been fantastic, but I understand the process better than some. Local authorities and volunteers are part of that process. It’s not a FEMA guy in a parachute and a laptop. It’s coordination. We could see more federal rotary wing assets as most of the SAR has been done solely by volunteers, and we should have USCG and USAF assets involved as it is their specialty. There is no plan for something this massive with both large cities that need to be sustain, and small towns that are legitimately cut off from the outside. 

I encourage, and always have, a plan to be in place with a bag in a vehicle that can get one through 3 days. Household a stockpile that can get one through 30 days. For the first few weeks we should expect to self rescue unless there is a medical emergency. All that does, unfortunately, go out the window if your literally entire life is swept away.",milton,fema,2024-10-04 14:23,community_discussion
lqazadx,t3_1fvymo5,t1_lqawdgy,NorthCarolina,Low_Firefighter_8085,2024-10-04T14:23:21+00:00,4,Haha have the same experience over here. It’s disappointing.,milton,,2024-10-04 14:23,community_discussion
lqazj4b,t3_1fvymo5,t3_1fvymo5,NorthCarolina,ChefSpicoli,2024-10-04T14:24:42+00:00,5,"It’s been really tough, tbh.  I am guilty of the same thing.  I repeated info that I thought was verified but it was not.  It made sense and came true but I still spread it when it was unverified and I feel bad about that.  I starting being much more cautious after that.",milton,,2024-10-04 14:24,community_discussion
lqazpy6,t3_1fw07il,t3_1fw07il,NorthCarolina,Tex-Rob,2024-10-04T14:25:46+00:00,95,"As a veteran, why did I serve if domestic terrorists are allowed to walk free?  I am being serious.  I am not a big cop guy, I wish we had almost no police, but I remember a time when threats against the president meant the secret service showed up at your front door in under 24 hours.  Now you get a retweet.  WTF is going on?  We need teeth again.  I am a Democrat that wants Democrats to have teeth.  These people are traitors to America.  That comment about Obama is reason enough to lock her up for life, as she's mentally unstable or willing to killing a president.",milton,,2024-10-04 14:25,community_discussion
lqb02b6,t3_1fvygrj,t1_lqasl93,NorthCarolina,Icy-Tomatillo-7556,2024-10-04T14:27:42+00:00,18,"I know you’re getting downvoted but in all honesty but music can be healing. Sure, it’s probably too early to think about & other things are priority. For some folks though, being able to participate or get to the drum circle would be a point of positivity and hope when all else is in chaos.",milton,,2024-10-04 14:27,community_discussion
lqb04p3,t3_1fvygrj,t1_lqau8gl,NorthCarolina,100LittleButterflies,2024-10-04T14:28:04+00:00,8,Wasn't a snarky joke. Wouldn't making music together after a tragedy and bringing back some familiarity help victims cope?,milton,,2024-10-04 14:28,community_discussion
lqb078q,t3_1fvygrj,t1_lqat7as,NorthCarolina,mrblahhh,2024-10-04T14:28:28+00:00,-5,Stop spreading false information,milton,,2024-10-04 14:28,community_discussion
lqb07rj,t3_1fvymo5,t3_1fvymo5,NorthCarolina,ourldyofnoassumption,2024-10-04T14:28:33+00:00,10,This is one of the best written apologies ever.,milton,,2024-10-04 14:28,community_discussion
lqb08oz,t3_1fvymo5,t3_1fvymo5,NorthCarolina,CodeMonkey24816,2024-10-04T14:28:42+00:00,11,"I appreciate your humility. We are all just trying to figure this stuff out. Thank you for posting this though. I just had a person on another thread tell me they hoped my life was filled with ""unsurmountable difficulty"" because they disagreed with my opinions. I thought to myself, ""well wish granted"". I think the mod deleted the message but I still saw it in my notifications. Not gonna lie, it sucked reading that. Seeing this humble and honest post was a breath of fresh air.",milton,,2024-10-04 14:28,community_discussion
lqb09nn,t3_1fvymo5,t3_1fvymo5,NorthCarolina,New_Section_9374,2024-10-04T14:28:51+00:00,17,"Thank you for this post. From someone in ground zero, the stupid I see is driving me mad. The folks helping us here, just west of Asheville are everyone. From FEMA to 80 year old great grandmas. The devastation is so great, we need everyone. But we also need to do it safely. 
The response is huge but the challenges facing us are unprecedented. The mountains focused and bounced the energy and water. I lived in LA and coastal GA my entire life. I’ve never seen a hurricane like this.",milton,hurricane|fema,2024-10-04 14:28,community_discussion
lqb0ffs,t3_1fvzj85,t1_lqawdxt,NorthCarolina,nshoemake,2024-10-04T14:29:44+00:00,1,"If it were just at my house,  I could see that,  but this was seen and heard from the Mortimer area down to Hudson, that I've heard so far. I live at the only house on a hill on about 9 acres of land, surrounded by woods.  There's only one pole near the house and looks undamaged.",milton,,2024-10-04 14:29,community_discussion
lqb0k6l,t3_1fvymo5,t1_lqayvvj,NorthCarolina,biblical_abomination,2024-10-04T14:30:28+00:00,4,It's understandable. Lesson learned it seems- always verify first.,milton,,2024-10-04 14:30,community_discussion
lqb0uvg,t3_1fvygrj,t1_lqb02b6,NorthCarolina,100LittleButterflies,2024-10-04T14:32:08+00:00,15,This is what I mean. Someone said my comment was a snarky joke so I think my tone isn't conveying. I genuinely think people are going to have a drum circle and it would be a beautiful moment.,milton,,2024-10-04 14:32,community_discussion
lqb10fc,t3_1fvzj85,t1_lqb0ffs,NorthCarolina,strangeweather415,2024-10-04T14:33:00+00:00,6,"These flashes are visible for dozens of miles. It’s not just one residential line or transformer blowing, it’s huge transmission lines carrying upward of 150,000V on those lines. When they get tangled or arc, it’s as bright as lightning, and the sound is eerie as hell.",milton,,2024-10-04 14:33,community_discussion
lqb1kt8,t3_1fvygrj,t1_lqao9nl,NorthCarolina,ahhh-hayell,2024-10-04T14:36:09+00:00,26,"FEMA activated their Surge Team immediately with Helene. This allows any federal worker in a participating agency to volunteer to help with disaster recovery. There are people from DOD, IRS, SSA, etc… piling in by the hundreds to help out, not to mention FEMA’s full time staff.

The government isn’t just the president and congress. It’s a couple million federal workers who’ve dedicated their lives to the greater good. The narrative that career federal workers are a swamp to be drained is pushed by people who don’t like being told no when they want to break laws and put their interests over everyone else’s.",milton,fema,2024-10-04 14:36,community_discussion
lqb1nvf,t3_1fvygrj,t1_lqan4vx,NorthCarolina,faceisamapoftheworld,2024-10-04T14:36:37+00:00,5,Another negative karma account less than a year of just trying to stir up shit.,milton,,2024-10-04 14:36,community_discussion
lqb1viw,t3_1fvygrj,t1_lqan4vx,NorthCarolina,betterplanwithchan,2024-10-04T14:37:47+00:00,3,Don’t be a ghoul and spread misinformation.,milton,,2024-10-04 14:37,community_discussion
lqb1wi2,t3_1fw07il,t3_1fw07il,NorthCarolina,Moose135A,2024-10-04T14:37:56+00:00,88,"She definitely is 'out there' as far as her comments go, and there is no way she should be elected. But even if you somehow get beyond all of that, she has no experience in the school systems, and **homeschooled her own children**, but wants to run the state's education department. Where do they find these people?",milton,,2024-10-04 14:37,community_discussion
lqb2361,t3_1fw07il,t1_lqazpy6,NorthCarolina,Skeeterbee,2024-10-04T14:38:57+00:00,47,I heard the local NPR station talking about the two candidates here and they mentioned none of this except for her Obama comment.  She’s on video and tape talking about many of those things.  The sanewashing in an effort to look unbias is just bias and furthering The Tolerance Paradox,milton,,2024-10-04 14:38,community_discussion
lqb24k9,t3_1fvygrj,t3_1fvygrj,NorthCarolina,SaaS_Queen,2024-10-04T14:39:10+00:00,38,"Checking in from Lake Lure. The government response has been staggering! Chinook helicopters in the air constantly bringing in supplies; Blackhawks constantly on rescue missions; tree, road and power crews from across the country have descended on our little town and are repairing roads, removing down trees, and repairing power lines day and night. 

Cell towers have been repaired so communications are a bit better. They're working to restore internet. 

We have a generator with enough power to start up our starlink a couple times a day. 

The government has coordinated delivery of fuel and groceries from across the nation to stock the few stores we have left, and has fully stocked food pantries with water and starlink every few miles. 

Videos of the damage in Lake Lure are here. 
[Lake Lure damage](https://www.tiktok.com/@sassafrasandmimosas?_t=8qGVpZbfuQN&_r=1)",milton,power,2024-10-04 14:39,community_discussion
lqb25uy,t3_1fvygrj,t1_lqb0uvg,NorthCarolina,Icy-Tomatillo-7556,2024-10-04T14:39:22+00:00,8,"I could see how someone thought that. But knowing the power of music, I knew your intent. I’ve seen video of groups feeding folks while others are playing music and those being fed had smiles and appeared to be happy for the distraction and “normalcy”.",milton,power,2024-10-04 14:39,community_discussion
lqb27cv,t3_1fvymo5,t1_lqapgib,NorthCarolina,New_Section_9374,2024-10-04T14:39:36+00:00,155,"I’m right between Asheville and the TN border. Of all the hundreds of people coming here to help, you know who I have NOT seen?  News crews. I imagine many just aren’t going to bother to navigate in- we are back to paper maps, compasses and local guides up here, y’all. But if you watch various stations, you’ll notice you’re seeing the same clips of the same towns, but with a different spin, depending upon the stations agenda. 
What really chaps my *## is the so called “experts” telling us how they would do it. I’ve been part of disaster responses. These people are responding to challenges never encountered before and they are getting it done as quickly and as safely as possible. We don’t need opinions and viewpoints. We need knowledgeable teams and equipment and supplies.",milton,,2024-10-04 14:39,community_discussion
lqb2dau,t3_1fvygrj,t1_lqareck,NorthCarolina,Low_Firefighter_8085,2024-10-04T14:40:31+00:00,6,Mental illness and social media is a damn problem.,milton,,2024-10-04 14:40,community_discussion
lqb2f3a,t3_1fvymo5,t3_1fvymo5,NorthCarolina,BiohazardousBisexual,2024-10-04T14:40:47+00:00,10,"The misinformation is so dumb too. The same stuff is spread after every natural disaster but never comes to fruition.

As for this time, there is really no financial basis why it could be true. (As in, it was irrational Russian Misinformation) Chimney rock is not high value in any  way to anyone outside of the local community. The location isn't critical, nor would it be hard or expensive to achieve legally.",milton,,2024-10-04 14:40,community_discussion
lqb2jar,t3_1fvymo5,t1_lqayvvj,NorthCarolina,Auntie_M123,2024-10-04T14:41:25+00:00,9,"""Trust, but verify"" Ronald Regan",milton,,2024-10-04 14:41,community_discussion
lqb333q,t3_1fvygrj,t3_1fvygrj,NorthCarolina,gphjr14,2024-10-04T14:44:24+00:00,2,Went to Glen Alpine in Burke County Monday. Grandmother and aunt had 3 cases of Aquafina water. Plenty of linemen trucks refueling and prepping to go west.,milton,,2024-10-04 14:44,community_discussion
lqb39h3,t3_1fvymo5,t1_lqavsk9,NorthCarolina,New_Section_9374,2024-10-04T14:45:22+00:00,35,"My son is in DC and part of the logistics/ clearances involved in this matter. Gov Cooper was NOT denied aid, BUT it’s illegal for the army to just show up in force for any reason, including reports of an insurrection. 
There is a process in place to prevent abuse of power and a military coup. That process had to be completed before troops, aircraft, etc could be deployed. 
I’m in WNC. I can assure you FEMA and the armed services are here. I’ve never been prouder of my son for his role in getting them here. 
I gotta go chop more onions.",milton,power|fema,2024-10-04 14:45,community_discussion
lqb3bpy,t3_1fw07il,t1_lqb1wi2,NorthCarolina,lrpfftt,2024-10-04T14:45:42+00:00,56,She wants to run the state's education department **into the ground**.,milton,,2024-10-04 14:45,community_discussion
lqb3du2,t3_1fvymo5,t3_1fvymo5,NorthCarolina,xlz193,2024-10-04T14:46:01+00:00,-21,"Maybe instead of repeatedly making posts about the “misinformation” in this sub you could provide actual facts, photos, and information on the ground?",milton,,2024-10-04 14:46,community_discussion
lqb3ee3,t3_1fw07il,t1_lqazpy6,NorthCarolina,chodelewis,2024-10-04T14:46:06+00:00,3,✊🏻,milton,,2024-10-04 14:46,community_discussion
lqb3lu4,t3_1fvygrj,t3_1fvygrj,NorthCarolina,Flytrap_1,2024-10-04T14:47:14+00:00,-15,"I received direct info from a first responder in Yancey County that fema is making things very difficult there. I'm hesitant to post details as I don't want anyone to discern who relayed the information to me. But they expressed fema has ""taken over"" (their words, not mine) and are taking over intake of supplies that people are bringing in. This person isn't very happy with the operation so far, but maybe it just takes time to get them organized.",milton,fema,2024-10-04 14:47,community_discussion
lqb3oeq,t3_1fw07il,t1_lqb1wi2,NorthCarolina,Tex-Rob,2024-10-04T14:47:37+00:00,22,"To be clear, that is the plan. They want someone incompetent, they want Mark Robinson, they want her.  Their goal is to make the government fail, so that it can all be privatized.  They know the best way to do that is by dismantling departments,.  This is their agenda, it isn't some stupid accident.  It's not their goal across the board to only have idiot candidates, but they serve the intended goal of ""starve the beast"" quite well in small numbers.",milton,,2024-10-04 14:47,community_discussion
lqb3pa0,t3_1fvygrj,t3_1fvygrj,NorthCarolina,freshayer,2024-10-04T14:47:46+00:00,11,"I'm watching from the Triangle area and don't have an emergency response background, but I do have a background and interest in psychology and operations management. I also have the benefit of the outside view, which folks in the communities of course don't have, both because they're in the thick of it and many still have limited communication. 


From my view, it would be helpful if there was some way to help people frame the situation as a symbiotic system. Government (particularly federal) is a barge. Massive and powerful, but slow and not always particularly nimble. Individual communities and private orgs are the tugboats, nimble and quick to get into every nook and cranny as needed. WNC is uniquely laid out as dozens of counties worth of last-mile problems. The barge can't physically do much there, at least not right away. They can work on roads and power and water to clear the way for more tugboats and lifeboats to get deeper into the corners, but that's hard see when you are stuck with no water and haven't seen a soul besides maybe your neighbors in days.


I said this in another comment, but I wish there were more conversation about how this is inherently a both/and situation, not either/or. We need every single government and private effort combined to get everything done that needs to be done. Just because private helicopters are recuing people before they see a National Guard chopper doesn't mean the system isn't working. We can appreciate one without denigrating the other. 


This is the *definition* of the time to set aside politics and work together, assuming good intent of all involved. I don't know how much of the divisive rhetoric is coming from people in affected areas who are understandably scared and frustrated (and perhaps predisposed to feel a certain way about the government) vs outside agitators stirring up their own agenda, but it's disheartening to see either way.",milton,power,2024-10-04 14:47,community_discussion
lqb3pu2,t3_1fvygrj,t1_lqb3lu4,NorthCarolina,Flytrap_1,2024-10-04T14:47:51+00:00,-13,"Additionally, he expressed the people with fema are passionate, but the leadership from top down is causing issues.",milton,fema,2024-10-04 14:47,community_discussion
lqb3x1i,t3_1fvymo5,t1_lqay3nx,NorthCarolina,Wrecker013,2024-10-04T14:48:56+00:00,11,What's the leftist misinformation about this disaster?,milton,,2024-10-04 14:48,community_discussion
lqb47w1,t3_1fvygrj,t1_lqb24k9,NorthCarolina,surfischer,2024-10-04T14:50:33+00:00,10,Thank you for replying and best of luck to you and yours. We need truth and you’re providing it.,milton,,2024-10-04 14:50,community_discussion
lqb4ce9,t3_1fvygrj,t1_lqayl6p,NorthCarolina,CriticalEngineering,2024-10-04T14:51:14+00:00,18,They are also complaining about that at the same time.,milton,,2024-10-04 14:51,community_discussion
lqb4lwk,t3_1fvymo5,t3_1fvymo5,NorthCarolina,rlinkmanl,2024-10-04T14:52:38+00:00,12,"Honestly, I don't hate people who are wrong or don't have the right facts, I hate people that refuse to admit that they're wrong or don't have the right facts (looking at you Trump).  It's very impressive to me when someone can say they did more research and came to a new conclusion.  So congrats to you OP, good job and thanks for sharing!",milton,,2024-10-04 14:52,community_discussion
lqb4n5g,t3_1fvygrj,t3_1fvygrj,NorthCarolina,CriticalEngineering,2024-10-04T14:52:50+00:00,3,There’s 6000 national guard and 1000 active duty service members out there now.,milton,,2024-10-04 14:52,community_discussion
lqb4oex,t3_1fvymo5,t1_lqavlok,NorthCarolina,IceTech59,2024-10-04T14:53:01+00:00,14,It also is a LOT of people who don't understand incident management urging knee jerk action.,milton,,2024-10-04 14:53,community_discussion
lqb4up2,t3_1fvygrj,t1_lqamtjc,NorthCarolina,freshayer,2024-10-04T14:53:57+00:00,72,"A friend of mine lives in Asheville proper and was thankfully able to get out. From what he has been saying, it sounds like people in Asheville are already feeling like the response is more focused on outer lying areas and leaving the city unhelped. And you see plenty of people in smaller towns saying the exact opposite. I think the reality is that there's just so much damage everywhere that nothing is going to feel like enough for anyone for a very long time.",milton,,2024-10-04 14:53,community_discussion
lqb5aca,t3_1fvymo5,t1_lqb3x1i,NorthCarolina,angelswithanglez,2024-10-04T14:56:15+00:00,-18,"If that's a genuine question I will message you what I'm referring to, I'm not trying to get into a red versus blue debate here. I'm independent, I just value truth 😎",milton,,2024-10-04 14:56,community_discussion
lqb62wi,t3_1fvzj85,t1_lqb0ffs,NorthCarolina,Irythros,2024-10-04T15:00:30+00:00,2,"https://www.reddit.com/r/CatastrophicFailure/comments/1fbgnxv/mexican_news_broadcast_interrupted_by_82/

They're *very* bright and depending on the size of what transformer blows it can be loud.  The above link is to a video of a Mexican news station showing transformers blowing from an earthquake.",milton,,2024-10-04 15:00,community_discussion
lqb6d26,t3_1fw07il,t3_1fw07il,NorthCarolina,notjawn,2024-10-04T15:02:02+00:00,10,"Seriously, don't elect internet trolls.",milton,,2024-10-04 15:02,community_discussion
lqb6dax,t3_1fvymo5,t3_1fvymo5,NorthCarolina,HiGuysImLeo,2024-10-04T15:02:04+00:00,3,"This is a really important issue right now so much misinformation is being thrown around on TikTok and it’s misguiding people who want to help. If any of you guys have TikTok and feel comfortable, PLEASE make posts dispelling the conspiracy theories and crazy claims being made, it’s insidious that a disaster like this has just become a weapon to divide people",milton,,2024-10-04 15:02,community_discussion
lqb6e4b,t3_1fvygrj,t1_lqart2w,NorthCarolina,ThunderPigGaming,2024-10-04T15:02:11+00:00,3,"This 100% tge truth. There were some guys gathering supplies to be sent to the disaster area (we are one county over to the west) and they bought every case of water and were in the process of clearing out the soup aisle when the store manager called the police on them because they would not adhere to product purchase limits. 

These guys were so rude and disrespectful they almost got tazed by the cops as they were getting kicked out.",milton,,2024-10-04 15:02,community_discussion
lqb6g7q,t3_1fvygrj,t1_lqaz2sh,NorthCarolina,freshayer,2024-10-04T15:02:29+00:00,8,"I have a genuine question about FEMA/Red Cross ""seizing"" supply deliveries. On the face of it, it seems totally reasonable to me that they wouldn't want random semi trucks driving into the areas where roads are damaged and extremely hazardous. If FEMA/Red Cross/whoever are already on the ground and have infrastructure and relatively safe operations already in place, it seems logical to me to go ahead and hand off the donations and let them take it from there. The only downside I can think of is if you had a specific community you wanted those supplies to go to and you lose control of that, but otherwise I don't really see a downside. Am I missing something?",milton,fema,2024-10-04 15:02,community_discussion
lqb6re4,t3_1fw07il,t1_lqb2361,NorthCarolina,ErectStoat,2024-10-04T15:04:11+00:00,22,"I've lost a great deal of respect for NPR because of this. You expect it from the big commercial networks because all they want is ad revenue, and the crazier people in office are the more views they get. 

The conservatives undoubtedly still think NPR is the great satan, but they have no idea how much aid they're being given by the blatant omissions of how horrible the current Republican crop is.",milton,,2024-10-04 15:04,community_discussion
lqb6zmt,t3_1fvymo5,t3_1fvymo5,NorthCarolina,surfischer,2024-10-04T15:05:26+00:00,3,"This is the best thing I’ve read since I heard Tina Peters went to prison yesterday. Good on you for owning this. It’s an incredible feeling to get something like that off your chest and I commend you for it. 

There’s been so much disinformation being boomeranged all over and it’s the same shit over and over. From Cooper denying troops to body bags and all things in between. It’s weird how it’s always these Republican types who hate big government but bitch from the stands when shit hits the fan. I was a SAR guy in the Navy/Marine Corps and have enough knowledge to get me in trouble. I knew from the first video I saw of a landslide taking a porch off that this was going to be a huge loss of life. The rural nature of the area combined with the rural nature of the people will make this incredibly challenging for rescue and recovery. This will be Katrina for Appalachia, entire generations of people may be gone and never to be found. 

Think about this: notice how many of the trees in the lake have no branches. Look at the lumber splintered. Now think about a person in that mess going 30 mph down a mountain.",milton,,2024-10-04 15:05,community_discussion
lqb712b,t3_1fvygrj,t3_1fvygrj,NorthCarolina,New_Section_9374,2024-10-04T15:05:39+00:00,12,"I was raised in Baton Rouge and most of my adult life has been in Savannah, GA. I’m very familiar with hurricanes. I moved up here, just west of Asheville to get away from the heat, humidity and hurricanes. Hey, 1 out of 3 is a start, right?!?  
The lag from the incident to assistance arriving was complicated by two main factors, I believe. City and community leaders could not communicate. Internet, cell, even land lines went down and are still not reliable.  This is a huge weakness in our infrastructure.  
Second, because of number 1, getting reliable ways to get here- physical access became a huge issue. At one point, Asheville was totally isolated. Now, we are reaching small communities up in the mountains but it is arduous. Land sats are being Fuzzed out or blocked by mountains. Cell communication is coming back but it’s weak and unreliable. We are using paper maps, local guides, mules and pack horses. 
I’ve seen military presence (can’t tell if it’s guard or active duty), FEMA is working. I’ve seen churches, individuals, organizations pitching in. 
Having once worked in disasters, I know that a lot of the work and workers are publically silent and invisible. But I have NO complaints about the response from my very limited perspective. 
Now the MASSIVE amount of disinformation and political spin that’s spewing from both news and social media has me frothing at the mouth. But that’s another discussion entirely.",milton,fema,2024-10-04 15:05,community_discussion
lqb79gd,t3_1fvygrj,t1_lqart2w,NorthCarolina,Spuds1968,2024-10-04T15:06:55+00:00,6,That is happening as far away as Charlotte. So many people buying supplies and donating. I will do without my TP and bottled water. Hope you find the food you need.,milton,,2024-10-04 15:06,community_discussion
lqb7a19,t3_1fvygrj,t1_lqan4vx,NorthCarolina,freshayer,2024-10-04T15:07:00+00:00,4,"Serious question - has this happened more than once? I've only seen the story about that one guy, where it mostly seemed to be a miscommunication or something to do with the pending temporary flight restriction. Is this an ongoing problem? As long as pilots are coordinating with each other and not duplicating efforts, I haven't heard of any other problems.",milton,,2024-10-04 15:07,community_discussion
lqb88iv,t3_1fvymo5,t1_lqavsk9,NorthCarolina,oklahomadokey,2024-10-04T15:12:12+00:00,3,"Giving your friend the benefit here, I think the military must have been misinforming in the beginning when communications were still almost nonexistent.  I got some complete opposite of reality info on the second day from my friend that supposedly came direct from his CO. Life was a big game of telephone for a few days.",milton,,2024-10-04 15:12,community_discussion
lqb8dvx,t3_1fvymo5,t1_lqay4dn,NorthCarolina,Everheart1955,2024-10-04T15:13:00+00:00,9,"Exactly, I just wanted to correct the misinformation, and I thought I was fairly polite about it.",milton,,2024-10-04 15:13,community_discussion
lqb8kab,t3_1fw07il,t3_1fw07il,NorthCarolina,Majestic-Judgment883,2024-10-04T15:13:58+00:00,-46,Or we can just keep throwing billions at a failing system.  Liberalnomics 101.,milton,,2024-10-04 15:13,community_discussion
lqb8vwo,t3_1fvygrj,t1_lqb4up2,NorthCarolina,Phillyf27,2024-10-04T15:15:43+00:00,-11, wa as,milton,,2024-10-04 15:15,community_discussion
lqb8z3i,t3_1fvymo5,t1_lqb2jar,NorthCarolina,brx017,2024-10-04T15:16:12+00:00,11,"""Fool me once, shame on... shame on you. Fool me... you can't get fooled again"" - George W Bush",milton,,2024-10-04 15:16,community_discussion
lqb8zi0,t3_1fw07il,t1_lqazpy6,NorthCarolina,Majestic-Judgment883,2024-10-04T15:16:15+00:00,-16,Always the MOS 71L’s who bring up their service records on Reddit. We get it. Paper cuts hurt👍👏👏,milton,,2024-10-04 15:16,community_discussion
lqb9e3k,t3_1fvymo5,t3_1fvymo5,NorthCarolina,Abell379,2024-10-04T15:18:25+00:00,6,"It's okay! Thank you for taking the high ground and being accountable for your information, it shows good character I think. All we can do is try to do better, and you're doing that.",milton,,2024-10-04 15:18,community_discussion
lqb9k1k,t3_1fvygrj,t3_1fvygrj,NorthCarolina,nosoup4ncsu,2024-10-04T15:19:19+00:00,1,"It depends on location.

  
I have friends in Lansing (small isolated town north of Boone), who have seen virtually no federal assistance.  They have gotten some food and water incoming in the last few days. All of the work has been done by locals.  A local non-profit (that normally helps with people that need heat in the winter or assistance with their utiliity bills) is trying to coordinate, but this is way over their ability to do so.



There are still numerous roads and areas that haven't been accessed because they need heavy equipment to be able to clear debris.",milton,,2024-10-04 15:19,community_discussion
lqb9uvv,t3_1fvymo5,t1_lqaxzb8,NorthCarolina,brx017,2024-10-04T15:20:57+00:00,-3,"Not really what we need right now, just saying.",milton,,2024-10-04 15:20,community_discussion
lqb9x5a,t3_1fvygrj,t1_lqaspw6,NorthCarolina,nosoup4ncsu,2024-10-04T15:21:17+00:00,1,"Exactly.  Boone and Asheville have gotten lots of attention.  But some of the very remote towns are still mostly cut-off,  not getting supplies, and not getting heavy equipment to clean up.",milton,,2024-10-04 15:21,community_discussion
lqbando,t3_1fvygrj,t1_lqb9x5a,NorthCarolina,VeryNormalGuy1861,2024-10-04T15:25:11+00:00,-17,"Careful, that’s not a popular thing to say around here. Only effusive praise of the government.",milton,,2024-10-04 15:25,community_discussion
lqbau0o,t3_1fw07il,t1_lqb3bpy,NorthCarolina,DaveSauce0,2024-10-04T15:26:11+00:00,28,"Yeah this isn't about making public schools better. It's about destroying the public school system period.

Or maybe just reform it to funnel those tax dollars in to private schools for the benefit of the school owners.

Best case that's an interim step on the path to destruction. Worst case that becomes the status quo. Either way private school owners benefit and everyone else suffers.",milton,,2024-10-04 15:26,community_discussion
lqbbdyt,t3_1fvymo5,t1_lqawdgy,NorthCarolina,qcp,2024-10-04T15:29:07+00:00,12,Your officer should know that him talking politics especially to an enlisted soldier in his chain of command is a big no-no.,milton,,2024-10-04 15:29,community_discussion
lqbbg0c,t3_1fvymo5,t1_lqb27cv,NorthCarolina,darwinisundefeated,2024-10-04T15:29:25+00:00,52,"I doubt news crews are allowed in since the situation is too dangerous. Surely they aren’t taking a pass on death and destruction - if it bleeds, it leads.",milton,,2024-10-04 15:29,community_discussion
lqbbz7e,t3_1fvymo5,t1_lqb8dvx,NorthCarolina,jecca1769,2024-10-04T15:32:16+00:00,5,"Thank you for being a person with a big heart and personal awareness. Mass casualty chaos isn't something we are used to in this area. Hurricane Hugo made a lasting impact on me as a child. Then Florence in 2018 drove home as an adult how dangerous water can be. With so many family and friends who work as first responders, I get heated quickly when criticism falls on those doing the best they can. People seem to forget that humans are still the basis of everything.",milton,hurricane,2024-10-04 15:32,community_discussion
lqbcb6p,t3_1fvygrj,t1_lqb6g7q,NorthCarolina,angelswithanglez,2024-10-04T15:34:04+00:00,4,"No you just expressed my point very well. I'm not saying it's bad for FEMA to help distribute, what I am saying is that there is a potential delay in reaching the most isolated victims. I don't know why I'm being downvoted for that.",milton,fema,2024-10-04 15:34,community_discussion
lqbczq1,t3_1fw07il,t3_1fw07il,NorthCarolina,76oakst,2024-10-04T15:37:45+00:00,21,"#Friendly reminder that [Michele Morrow is a terrorist who has called for the execution of democrats](https://www.cnn.com/2024/03/14/politics/kfile-gop-nominee-north-carolina-public-schools-michele-morrow-executing-democrats/index.html), and she belongs in JAIL",milton,,2024-10-04 15:37,community_discussion
lqbeyfk,t3_1fw07il,t3_1fw07il,NorthCarolina,LeeHarveyPatsy,2024-10-04T15:48:13+00:00,6,"If you want to know what this lady can do to education, go browse the r/Oklahoma stream. Their state sup is half the posts. Cut from the same cloth.",milton,,2024-10-04 15:48,community_discussion
lqbf9ug,t3_1fvygrj,t1_lqancwb,NorthCarolina,landgnome,2024-10-04T15:49:54+00:00,16,"I’m in Pisgah Forest and we still don’t have power…so it isn’t all the same for everyone in Transylvania county.  But I can say I hear helicopters all the time since my house is so quiet.  So they are out there.  I haven’t seen much from federal aid, but in all honesty I agree that we don’t much need it.",milton,power,2024-10-04 15:49,community_discussion
lqbfekc,t3_1fvzj85,t3_1fvzj85,NorthCarolina,Boomslang505,2024-10-04T15:50:36+00:00,1,"It wasn’t lazer beans from space, they would be blue…..       /s",milton,,2024-10-04 15:50,community_discussion
lqbfm9v,t3_1fvygrj,t1_lqbcb6p,NorthCarolina,freshayer,2024-10-04T15:51:45+00:00,10,"Gotcha. I've also seen comments elsewhere claiming things like ""FEMA is confiscating donated supplies and throwing them away because they don't want other people helping"" which is a ridiculous thing to claim, so you might be getting lumped in with those folks. The word ""seize"" has a bit of a violent connotation to it. It seems like the folks at the top are damned if they do, damned if they don't. By trying to streamline operations and keep people out of unsafe areas, they might also be blocking some of those endpoints who have the most need in the short term. I just hope we can all do our best to assume good intent even if it's not what we would choose to do.",milton,fema,2024-10-04 15:51,community_discussion
lqbfm9y,t3_1fvygrj,t3_1fvygrj,NorthCarolina,motel_queen,2024-10-04T15:51:45+00:00,3,"I know FEMA is in North Carolina alot are staying or passing through Cherokee NC. Lots of people still need help here but many have got help but more is needed in areas but all that can help is time. But some don't have time. Cherokee suffered some from power outages, loss of cell service and internet. Other than trees and mudslides and flooding, we have managed to come out of some of it. I just got back home after a week without power but other areas around us were not so lucky. Close towns near us lost everything and people still are without resources but hopefully help is on the way. Thanks to local people, businesses and FEMA have been here traveling everyday to help where they are needed. But it will take years to fix some problems that occurred in this Eastern area.",milton,power|fema,2024-10-04 15:51,community_discussion
lqbg2ld,t3_1fvymo5,t1_lqawdgy,NorthCarolina,SicilyMalta,2024-10-04T15:54:08+00:00,19,"Are they listening to trump? Because I've read several articles where trump is the root of much of The misinformation.  Can you imagine what kind of person would do this during a national disaster. I think that because HE has no scruples , he assumes this is how everyone else behaves. 


 https://www.vanityfair.com/news/story/trump-spreads-baseless-conspiracy-theory-north-carolina-hurricane

https://apnews.com/article/kamala-harris-donald-trump-hurricane-helene-3097f1706455929adf5a4eb67f9cdf0f

https://newrepublic.com/article/186767/transcript-trump-initially-denied-disaster-aid-calif-goper-says",milton,hurricane,2024-10-04 15:54,community_discussion
lqbgb9s,t3_1fvymo5,t3_1fvymo5,NorthCarolina,GWS2004,2024-10-04T15:55:24+00:00,1,"Oh I'm now hearing how FEMA is coming in with guns and telling people they won't help out in dangerous situations.
Mind you, this source hates this administration.",milton,fema,2024-10-04 15:55,community_discussion
lqbgwoa,t3_1fvymo5,t1_lqbbg0c,NorthCarolina,New_Section_9374,2024-10-04T15:58:28+00:00,25,"Point, very valid point. And I personally don’t want them here. They are vultures with an agenda. Kind of like the politicians",milton,,2024-10-04 15:58,community_discussion
lqbgxne,t3_1fw07il,t3_1fw07il,NorthCarolina,ms_flibble,2024-10-04T15:58:36+00:00,20,"Question for the Democrats, my husband and I still have not received our quarterly shipment of tortured children's blood. We're starting to feel run down. Does anyone know when the new batch is shipping?",milton,,2024-10-04 15:58,community_discussion
lqbh2is,t3_1fvymo5,t1_lqb09nn,NorthCarolina,GWS2004,2024-10-04T15:59:19+00:00,0,"The person I know down there says FEMA has guns and is not going to help out in dangerous situations.
I take that with a grain of salt because they hate this administration.",milton,fema,2024-10-04 15:59,community_discussion
lqbhykc,t3_1fvygrj,t1_lqapq0c,NorthCarolina,tattvamu,2024-10-04T16:04:02+00:00,26,"I didn't realize this myself until I went to the equestrian center for a hot shower and some food. These guys are NYPD urban rescue and NYFD guys and they are really doing good work here. They have a full field hospital set up here, and a full pharmacy. These FEMA guys here helping are just specialized fire and rescue guys, they aren't some shady government arm operating in the shadows. They are not turning away donations, and they have a drive thru to get supplies set up at the international equestrian center. I am incredibly grateful that they're here and helping, they have kids and families too and they're far from home doing dangerous work.",milton,fema,2024-10-04 16:04,community_discussion
lqbhz8e,t3_1fw07il,t1_lqb6re4,NorthCarolina,Skeeterbee,2024-10-04T16:04:08+00:00,6,Yes when they lost some funding the Koch brothers swooped in and are trying to make it suck.  Like they do with school funding.,milton,,2024-10-04 16:04,community_discussion
lqbi5vy,t3_1fvygrj,t1_lqbando,NorthCarolina,Wrecker013,2024-10-04T16:05:06+00:00,14,"There's a vast difference between 'the government hasn't done an amazing job' and 'the government is actively making the situation worse by confiscating supplies/bulldozing shit/etc etc'. The government could always be doing a better job, the latter is blatant misinformation deserving of 'downvotes'.",milton,,2024-10-04 16:05,community_discussion
lqbi902,t3_1fvymo5,t1_lqaulh3,NorthCarolina,Politicsboringagain,2024-10-04T16:05:34+00:00,3,"But ""I saw it on TV"". ",milton,,2024-10-04 16:05,community_discussion
lqbiok2,t3_1fvymo5,t1_lqb6zmt,NorthCarolina,Politicsboringagain,2024-10-04T16:07:52+00:00,2,"What crazy it the same BS that republicans were pushing about FEMA camps and body bags, and Obama trying to take peoples land.


It would be interesting if it wasn't the same misinformation being pushed for well over a decade on the internet. ",milton,fema,2024-10-04 16:07,community_discussion
lqbjkdu,t3_1fvygrj,t1_lqbi5vy,NorthCarolina,VeryNormalGuy1861,2024-10-04T16:12:34+00:00,-6,Dude look at my original comment. Downvoted. I literally have family there. They are telling me what they are experiencing. And Redditors downvote it and call it misinformation. It’s not just the outlandish “FEMA is taking your land!” it’s ANYTHING that is remotely critical of government response.,milton,fema,2024-10-04 16:12,community_discussion
lqbjmm7,t3_1fvygrj,t1_lqancwb,NorthCarolina,Greengormandizing,2024-10-04T16:12:53+00:00,12,"We’re outside Brevard on Becky Mtn. Greenville Hwy is gone as is Becky Mtn Rd. Cedar Mtn community center has been spot on feeding people and the road through DuPont has been our lifeline to get to Brevard for supplies. There’s so many people tucked back, some don’t have official addresses. I worry about those folks the most, but we’ve had a ton of people out doing good work checking on as many of them as possible.",milton,,2024-10-04 16:12,community_discussion
lqbjn32,t3_1fvymo5,t3_1fvymo5,NorthCarolina,[deleted],2024-10-04T16:12:58+00:00,1,[removed],milton,,2024-10-04 16:12,community_discussion
lqbjnlh,t3_1fw07il,t1_lqb8kab,NorthCarolina,GuyWhoSaysYouManiac,2024-10-04T16:13:02+00:00,16,"It must be getting hard being on that ideological side and not being able to admit how objectively terrible these candidates are. The solution to a ""system failing"" isn't to put incompetent lunatics in charge of them. This impacts kid's education and is not some kind of joke. Run serious candidates who provide serious solutions, if you don't agree with what is happening.


The cognitive dissonance must physically hurt at this point though.",milton,,2024-10-04 16:13,community_discussion
lqbjri6,t3_1fw2zt8,t3_1fw2zt8,NorthCarolina,DynamicCashew43,2024-10-04T16:13:37+00:00,115,"Shame they need to do this, but here we are.",milton,,2024-10-04 16:13,community_discussion
lqbjs8s,t3_1fvygrj,t3_1fvygrj,NorthCarolina,Friend98,2024-10-04T16:13:44+00:00,-25,The news is reporting that FEMA is about out of $$. They spend over a Billion on people crossing into this country illegally..,milton,fema,2024-10-04 16:13,community_discussion
lqbkh44,t3_1fw07il,t1_lqbgxne,NorthCarolina,Six_Pack_Attack,2024-10-04T16:17:29+00:00,9,"That's why you get the annual plan. Saves money, too.",milton,,2024-10-04 16:17,community_discussion
lqbkhpv,t3_1fvymo5,t1_lqbgwoa,NorthCarolina,darwinisundefeated,2024-10-04T16:17:34+00:00,6,"On the other hand, if the government was openly doing shady, dangerous etc. shit, then I would want the media there 🤷‍♀️",milton,,2024-10-04 16:17,community_discussion
lqbl2zt,t3_1fw07il,t1_lqbau0o,NorthCarolina,Fellstone,2024-10-04T16:20:46+00:00,2,Less reform and more so deform.,milton,,2024-10-04 16:20,community_discussion
lqbl9eg,t3_1fw07il,t1_lqbkh44,NorthCarolina,ms_flibble,2024-10-04T16:21:43+00:00,5,Thanks for the tip! Going to change our plans now,milton,,2024-10-04 16:21,community_discussion
lqblnrm,t3_1fvygrj,t3_1fvygrj,NorthCarolina,_Jang_A_Lang,2024-10-04T16:23:51+00:00,1,FEMA made one of our bridge crews completely stop cleaning out debris from underneath bridges because bodies weren’t accounted for. Tried to explain we were looking through it before we hauled it off. Just a weird situation bc someone is gonna have to scoop this stuff out eventually and go look in it,milton,fema,2024-10-04 16:23,community_discussion
lqbmiwb,t3_1fvygrj,t1_lqan4vx,NorthCarolina,UnstoppableCrunknado,2024-10-04T16:28:30+00:00,7,"What's the 88 stand for, Judy?",milton,,2024-10-04 16:28,community_discussion
lqbmpda,t3_1fvzj85,t1_lqbfekc,NorthCarolina,nshoemake,2024-10-04T16:29:28+00:00,1,Nuh uh....them blue Lazer beans is frum the governments to turn you into one uh them transvestite fellers.,milton,,2024-10-04 16:29,community_discussion
lqbn8k5,t3_1fvygrj,t1_lqawyer,NorthCarolina,mellowbordello,2024-10-04T16:32:20+00:00,5,"When you say “was” missing, I hope that means you found them!",milton,,2024-10-04 16:32,community_discussion
lqbo1yn,t3_1fvymo5,t1_lqb9uvv,NorthCarolina,Mywordispoontang101,2024-10-04T16:36:42+00:00,0,Why not?  Is that like saying it's too soon to discuss gun violence a couple days after a school gets shot up?,milton,,2024-10-04 16:36,community_discussion
lqbo58l,t3_1fvymo5,t1_lqaurzv,NorthCarolina,Geektime1987,2024-10-04T16:37:11+00:00,12,The amounts of lies MAGA is spreading on social media is insane,milton,,2024-10-04 16:37,community_discussion
lqbocc8,t3_1fvygrj,t3_1fvygrj,NorthCarolina,Environmental-Hat721,2024-10-04T16:38:14+00:00,3,"I am in Asheville and the response is huge. The political naysayers are in full force with their disinformation campaign.

Do not listen to Republicans or the general conspiracy theorists. You will find that they are often times one and the same. Trump, in his typical anti-intellectual bluster, has claimed that nothing is being done, and his army of miscreant cult members took up the torch to truth again.

We are getting LOTS of support in western NC. Although some remote areas are still not getting all that is needed, we must all be patient. Keep supporting your neighbors and help all others around you. Ignore the trolls.",milton,,2024-10-04 16:38,community_discussion
lqboj66,t3_1fvymo5,t1_lqaurzv,NorthCarolina,Rough-Reply1234,2024-10-04T16:39:14+00:00,3,"Small personal helicopters are really the only ones that can land up in the mountains. The pilot who the Lake Lure Fire Chief turned away made that clear with his story. If the ground was about to fall out beneath his tiny chopper, imagine what it would be like with the large military ones....",milton,,2024-10-04 16:39,community_discussion
lqbouh3,t3_1fvymo5,t1_lqavsk9,NorthCarolina,[deleted],2024-10-04T16:40:55+00:00,1,[removed],milton,,2024-10-04 16:40,community_discussion
lqbp1zc,t3_1fvymo5,t1_lqapoum,NorthCarolina,Possible-Feed-9019,2024-10-04T16:42:01+00:00,29,"Admitting you were wrong/in error/shared misinformation is huge. We would be in a better place as a country if saying that was more normalized. 

You made a mistake and made amends. Thank you.",milton,,2024-10-04 16:42,community_discussion
lqbp4le,t3_1fw2mjp,t3_1fw2mjp,NorthCarolina,homeopathic_firebomb,2024-10-04T16:42:24+00:00,14,"Please get your forecasting from meteorologists. There's plenty of very good ones that focus on tropical weather (Dr Levi Cowan) and plenty of very good local ones (Brad Panovich in Charlotte immediately jumps to mind). 

None of them are worrying about this storm. Stop working yourself up, and even tho you're probably not consciously doing this but stop inciting panic. It's irresponsible.",milton,storm|weather,2024-10-04 16:42,community_discussion
lqbpftf,t3_1fvygrj,t3_1fvygrj,NorthCarolina,ihatedook,2024-10-04T16:44:02+00:00,9,"I talked to a customer of mine in West Virginia this morning. Checked in to see how they were doing. He mentioned that it looked like the federal government wasn't doing anything. I asked him where he saw that, Fox News was his response. I just laughed and told him that it's a massive disaster and that the federal government is working with the locals to do everything possible and that sometimes even that is not enough. He was like. Oh, I guess it's different than what I saw on TV. No shit dude. Stop watching that garbage.",milton,,2024-10-04 16:44,community_discussion
lqbpg1y,t3_1fw2zt8,t3_1fw2zt8,NorthCarolina,toyz4me,2024-10-04T16:44:04+00:00,39,"Sad, they are busy working in region and they have to create a press release to offset false rumors being propagated by certain people.",milton,,2024-10-04 16:44,community_discussion
lqbpmw5,t3_1fvygrj,t1_lqax930,NorthCarolina,gekisme,2024-10-04T16:45:04+00:00,16,"I’m in a small town south of Asheville and we haven’t had power, internet or cell service since the storm hit. Thankfully where we are we haven’t had the sever flooding either. 

One thing that been helpful is allowing different propane providers to service anyone that needs it. Without FEMA involvement we were told that couldn’t happen.",milton,storm|power|fema,2024-10-04 16:45,community_discussion
lqbpu8c,t3_1fw3i0h,t3_1fw3i0h,NorthCarolina,CriticalEngineering,2024-10-04T16:46:10+00:00,69,"If they have the energy to deal with, they can report price gouging to the attorney general.  

https://ncdoj.gov/attorney-general-josh-stein-provides-updates-on-price-gouging-and-helene-related-scams/

https://ncdoj.gov/file-a-complaint/price-gouging/

I’ve reported businesses in the past during hurricanes, it just takes a minute.",milton,,2024-10-04 16:46,community_discussion
lqbpuca,t3_1fvygrj,t1_lqbpmw5,NorthCarolina,gekisme,2024-10-04T16:46:11+00:00,10,I have now also seen MANY more military helicopters and tanks going through the area.,milton,,2024-10-04 16:46,community_discussion
lqbq20h,t3_1fvygrj,t1_lqart2w,NorthCarolina,Patient5199,2024-10-04T16:47:17+00:00,7,Having fun trolling? Your profile states you live in Thailand. You didn’t post anything for a really long time. Now you’re posting how bad it is all over WNC. Complete BS.,milton,,2024-10-04 16:47,community_discussion
lqbq9t6,t3_1fw3j0c,t3_1fw3j0c,NorthCarolina,homeopathic_firebomb,2024-10-04T16:48:26+00:00,6,"Rivers in the modern day are filthy on a good day. It's also known that floods make things worse, which is why the people you see kayaking or swimming in more minor floodwaters are really rolling the dice on their health. 

So, yeah. Avoid it.",milton,,2024-10-04 16:48,community_discussion
lqbqbj7,t3_1fvymo5,t1_lqb5aca,NorthCarolina,[deleted],2024-10-04T16:48:41+00:00,1,[removed],milton,,2024-10-04 16:48,community_discussion
lqbqdeo,t3_1fw2zt8,t3_1fw2zt8,NorthCarolina,RedstoneRay,2024-10-04T16:48:58+00:00,96,Most of this can be debunked with critical thinking skills. It's outrageous that FEMA has to specify that they are not calling it a day after handing out $750.,milton,fema,2024-10-04 16:48,community_discussion
lqbqfo0,t3_1fw0ew0,t3_1fw0ew0,NorthCarolina,NorthCarolina-ModTeam,2024-10-04T16:49:17+00:00,1,"Your content was removed being being spam or self-promotion. We do not allow spam, self-promotion, surveys, polls, petitions, fundraisers. event announcements, pet adoptions, job postings, or personal property sales (including event tickets). 

If you have questions, read our [spam guide](https://www.reddit.com/r/NorthCarolina/wiki/spamguide). 

Repeated violations may result in a ban.",milton,,2024-10-04 16:49,community_discussion
lqbqhes,t3_1fvymo5,t1_lqb5aca,NorthCarolina,Rough-Reply1234,2024-10-04T16:49:33+00:00,8,"I am genuinely curious myself. 

I haven't seen anyone on the left downplaying it, personally. 

I have seen people defending the response. I have also seen people that were Katrina victims arguing over this being/not being worse. 

Personally, I have had a couple of people who claimed the dam broke, that I tried to gently tell them it actually didn't. But that wasn't an effort to downplay anything, I just keep thinking how it would be even more horrific and catastrophic if the dams had not held. It is already unimaginable. Anyways, maybe that looks like downplaying it.",milton,,2024-10-04 16:49,community_discussion
lqbqi25,t3_1fw2zt8,t3_1fw2zt8,NorthCarolina,Catodacat,2024-10-04T16:49:38+00:00,26,"I think all agencies need a group dedicated to countering lies (or misinformation, if you want to be charitable).",milton,,2024-10-04 16:49,community_discussion
lqbqj8l,t3_1fw3i0h,t1_lqbpu8c,NorthCarolina,historywasrewritten,2024-10-04T16:49:49+00:00,14,Thanks for this!,milton,,2024-10-04 16:49,community_discussion
lqbqsgt,t3_1fw2mjp,t1_lqbp4le,NorthCarolina,Waldo_Wadlo,2024-10-04T16:51:09+00:00,0,The person they referenced in that post is a senior official with NOAA.....,milton,noaa,2024-10-04 16:51,community_discussion
lqbrwm6,t3_1fvygrj,t3_1fvygrj,NorthCarolina,TrueTimmy,2024-10-04T16:57:00+00:00,2,My GF was at a FEMA Camp working by Monday. It trickled in Saturday - Monday.,milton,fema,2024-10-04 16:57,community_discussion
lqbsjgj,t3_1fw2mjp,t1_lqbqsgt,NorthCarolina,homeopathic_firebomb,2024-10-04T17:00:19+00:00,2,"And nowhere does giantspeck say that this system is a threat. Those posts in that subreddit are standard information and discussion collators for a specific storm/interest, not predictive forecasting beyond repeating what the NHC says. Again, those posts are not original forecasting. 

What the NHC says is this storm is moving eastward. The models show it moving eastward. The NHC static cone maps show it moving eastward. 

I know Helene caused a lot of anxiety for folks, for good reason. There's nothing in that r/TropicalWeather post or the forecasts that show this being a threat to Appalachia.",milton,storm,2024-10-04 17:00,community_discussion
lqbsnmc,t3_1fw2mjp,t1_lqbsjgj,NorthCarolina,Waldo_Wadlo,2024-10-04T17:00:55+00:00,2,"That's fair, I reread everything and you are correct. I'll delete my original message",milton,,2024-10-04 17:00,community_discussion
lqbtcdb,t3_1fvymo5,t3_1fvymo5,NorthCarolina,zphd,2024-10-04T17:04:37+00:00,3,"Thanks for saying this. It happens, and will happen. And what you've just posted it the way we make it all work anyway. Thanks for posting lessons learned, because now we all are smarter.",milton,,2024-10-04 17:04,community_discussion
lqbth2e,t3_1fvygrj,t3_1fvygrj,NorthCarolina,Rwarmander85,2024-10-04T17:05:19+00:00,3,I know some of the best staff that New Hanover County has arrived in Asheville yesterday to start using their experience in hurricane recovery to help steer the efforts. There are government workers here from all over NC and private groups as well that have the experience needed to spearhead an effort to create stability in the area. I’ve never seen a response like this. I’m proud to be from NC.,milton,hurricane,2024-10-04 17:05,community_discussion
lqbtm8h,t3_1fw3j0c,t3_1fw3j0c,NorthCarolina,Valdaraak,2024-10-04T17:06:05+00:00,16,"I hate to be the one to tell you this: All that stuff you're afraid is in the water now was already in the water before the hurricane. There's been plastic bags at the bottom of Mariana Trench and microplastics found in pretty much every water sample taken in recent years.

>I have heard rumors that some people may be getting sick from being around the river, or that the mud near the river is starting to leave chemical burns on people.

For fucks sake, stop spreading unverified bullshit. There's enough of that as-is. If you don't have actual evidence of that happening, *stop spreading it*. Rumors are not evidence and spreading them is fucking dangerous, especially right now.",milton,hurricane,2024-10-04 17:06,community_discussion
lqbtz83,t3_1fw2zt8,t1_lqbqi25,NorthCarolina,SBGuido,2024-10-04T17:08:01+00:00,15,"Use Alex Jones confiscated funds for this in addition to the Sandy Hook Survivors - better yet, Sell some Fox News stock 🙄",milton,,2024-10-04 17:08,community_discussion
lqbtz9l,t3_1fvygrj,t1_lqaxsnx,NorthCarolina,Secret-Pay-5305,2024-10-04T17:08:01+00:00,8,FEMA was in Asheville on Wednesday.,milton,fema,2024-10-04 17:08,community_discussion
lqbu0sq,t3_1fvymo5,t3_1fvymo5,NorthCarolina,No-Debate-8208,2024-10-04T17:08:15+00:00,-16,"Not sure which misinfo you are speaking of but we all need to learn to have a little grace with others through this. Don't be so hard on yourself.

I do know one thing for certain. I have family members that are boots on the ground in the mountains and I have been sent videos and photos. They are all saying the same thing. There is NO FEDERAL AID anywhere that they have seen. It's all locals and community members coming in to help.",milton,,2024-10-04 17:08,community_discussion
lqbu39i,t3_1fvymo5,t1_lqbiok2,NorthCarolina,SmokeyDBear,2024-10-04T17:08:37+00:00,-1,But just look how good a job the Republicans did at keeping the Democrats from accomplishing all the terrible things the Republicans were pretending they were trying to accomplish!,milton,,2024-10-04 17:08,community_discussion
lqbu7wc,t3_1fvzj85,t1_lqb0ffs,NorthCarolina,Valdaraak,2024-10-04T17:09:18+00:00,3,A transformer blowing can be seen from a *very* long distance.,milton,,2024-10-04 17:09,community_discussion
lqbucaa,t3_1fw2zt8,t3_1fw2zt8,NorthCarolina,SBGuido,2024-10-04T17:09:58+00:00,10,"Thank you for posting this. At first, I’d say only in an election year, but this kind of misinformation is becoming more commonplace - it’s sad when people believe talking points more than what their eyes or logic dictates.",milton,,2024-10-04 17:09,community_discussion
lqbvko1,t3_1fw3i0h,t3_1fw3i0h,NorthCarolina,toyz4me,2024-10-04T17:16:29+00:00,53,"I’ve read that several substations were completely underwater and will need to be entirely rebuilt.   

That’s going to take awhile.",milton,,2024-10-04 17:16,community_discussion
lqbvzhp,t3_1fw2zt8,t3_1fw2zt8,NorthCarolina,Environmental_Tank_4,2024-10-04T17:18:41+00:00,8,Its disgusting that even a small amount of time and effort that ought to be dedicated to helping these communities now has to be spent fighting the disinformation being spread in order to prop up a shit tier politicians campaign,milton,,2024-10-04 17:18,community_discussion
lqbw22h,t3_1fvygrj,t3_1fvygrj,NorthCarolina,AppleOk5186,2024-10-04T17:19:04+00:00,5,"Hendersonville here, response has been enormous! They are accepting all the help they can get though, because this is BIG!",milton,,2024-10-04 17:19,community_discussion
lqbw3zt,t3_1fvymo5,t3_1fvymo5,NorthCarolina,CertainMotor6154,2024-10-04T17:19:22+00:00,2,Always confirm,milton,,2024-10-04 17:19,community_discussion
lqbw887,t3_1fvygrj,t1_lqawj18,NorthCarolina,AppleOk5186,2024-10-04T17:19:59+00:00,16,"I will say I agree with this, and from what I’ve seen this is largely what FEMA is doing. They are the “authority” but they are letting local officials lead the way.",milton,fema,2024-10-04 17:19,community_discussion
lqbw8se,t3_1fw2zt8,t3_1fw2zt8,NorthCarolina,keithw43,2024-10-04T17:20:04+00:00,-21,"""Government employees will never solicite money.."" riiiiight. The amount of trust you guys have in your government is concerning. They are not and will not help these people outside of the bare minimum.",milton,,2024-10-04 17:20,community_discussion
lqbxawb,t3_1fvymo5,t1_lqbi902,NorthCarolina,ncphoto919,2024-10-04T17:25:42+00:00,3,But did they?,milton,,2024-10-04 17:25,community_discussion
lqbxbjn,t3_1fvygrj,t1_lqbtz9l,NorthCarolina,HallOfTheMountainCop,2024-10-04T17:25:47+00:00,1,"I’ve seen them, they just aren’t exactly thick around here",milton,,2024-10-04 17:25,community_discussion
lqbxhsu,t3_1fvymo5,t3_1fvymo5,NorthCarolina,Patient5199,2024-10-04T17:26:43+00:00,4,I’ve noticed misinformation and scammers asking for assistance that have very new profiles or previous posts and comments the seem dubious to what they’re posting now.,milton,,2024-10-04 17:26,community_discussion
lqbxr55,t3_1fw2zt8,t3_1fw2zt8,NorthCarolina,thediesel26,2024-10-04T17:28:05+00:00,17,People that spread and buy into these rumors don’t actually care what the reality of the situation is.,milton,,2024-10-04 17:28,community_discussion
lqbyf1n,t3_1fw2zt8,t3_1fw2zt8,NorthCarolina,MrBudissy,2024-10-04T17:31:37+00:00,38,"A lot of my home town friends are pushing the fEmA iS bad narrative and it’s just so sad. 

They lost connection to the outside world and as soon as it was regained they went to “news” sources that reinforced their fears and took advantage of people in a traumatized state. 

There is no punishment strong enough for misinformation and it will continue to run rampant.",milton,fema,2024-10-04 17:31,community_discussion
lqbyif6,t3_1fw2zt8,t1_lqbw8se,NorthCarolina,faceisamapoftheworld,2024-10-04T17:32:06+00:00,19,“Cheaters always think everyone is cheating”,milton,,2024-10-04 17:32,community_discussion
lqbyldy,t3_1fvymo5,t1_lqbh2is,NorthCarolina,ncsu22Mom,2024-10-04T17:32:32+00:00,4,"If your ""grain of salt"" means you don't really believe this, then why are you repeating it here AND again a few comments down?",milton,,2024-10-04 17:32,community_discussion
lqbymor,t3_1fw07il,t3_1fw07il,NorthCarolina,transsolar,2024-10-04T17:32:44+00:00,6,"I don't understand why she isn't polling as poorly as Robinson

[https://www.mogreenfornc.com](https://www.mogreenfornc.com)",milton,,2024-10-04 17:32,community_discussion
lqbyn8s,t3_1fvymo5,t3_1fvymo5,NorthCarolina,dcpanthersfan,2024-10-04T17:32:50+00:00,0,Some idiot friend on my mom’s Facebook feed said their top need at the moment is body bags. Her dumbshit boyfriend has a plane and has been told to stay out of there to let FEMA and other actual relief agencies in. Boomers will believe anything.,milton,fema,2024-10-04 17:32,community_discussion
lqbyw51,t3_1fw3i0h,t3_1fw3i0h,NorthCarolina,RentalGore,2024-10-04T17:34:09+00:00,21,We drove up our solar power stations (7.2kW total) plus 400w of solar panels on Wednesday.  We also dropped off a bunch of camping gear.,milton,power,2024-10-04 17:34,community_discussion
lqbz01v,t3_1fvymo5,t1_lqbgb9s,NorthCarolina,ncsu22Mom,2024-10-04T17:34:44+00:00,3,"Again, if you know this to be biased and unreliable information you are ""hearing"" - then why are you repeating it twice within an hour on this post?",milton,,2024-10-04 17:34,community_discussion
lqbz156,t3_1fvymo5,t1_lqbyldy,NorthCarolina,GWS2004,2024-10-04T17:34:54+00:00,1,Your are right. Deleting!,milton,,2024-10-04 17:34,community_discussion
lqbz6kk,t3_1fvymo5,t1_lqbz01v,NorthCarolina,GWS2004,2024-10-04T17:35:43+00:00,3,You are 100% right. I deleted it!,milton,,2024-10-04 17:35,community_discussion
lqbz7ub,t3_1fw2zt8,t1_lqbyif6,NorthCarolina,keithw43,2024-10-04T17:35:55+00:00,-4,Am I cheater? For thinking they could use more resources to help people? Makes sense 🙄,milton,,2024-10-04 17:35,community_discussion
lqbzaby,t3_1fvymo5,t1_lqb27cv,NorthCarolina,Jodokkdo,2024-10-04T17:36:17+00:00,6,"I live just outside Marshall, and I've seen news crews.",milton,,2024-10-04 17:36,community_discussion
lqbzagf,t3_1fw07il,t1_lqb3bpy,NorthCarolina,SadhuSalvaje,2024-10-04T17:36:19+00:00,2,Just like Judge Doom buying the trolley in Roger Rabbit…the republicans seek to seize control of government departments so that they can dismantle them,milton,,2024-10-04 17:36,community_discussion
lqbzbvm,t3_1fvymo5,t1_lqb27cv,NorthCarolina,Gwsb1,2024-10-04T17:36:31+00:00,32,"The news isn't in western NC because Asheville is famous, at the intersection of 2 interstates,  and a news crew can get in , take video, and leave in a heartbeat. I can't tell you how much I have seen about Biltmore Village and River Arts. 

I saw a brief report about Marshall being flooded.  But nothing about Hot Springs for example.  I can only imagine the devastation there. A small town on a river and a road through it. But I assume you can't access it the town. And towns like that are all over WNC.",milton,,2024-10-04 17:36,community_discussion
lqbzht9,t3_1fvymo5,t3_1fvymo5,NorthCarolina,MrBudissy,2024-10-04T17:37:25+00:00,7,https://www.fema.gov/disaster/current/hurricane-helene/rumor-response,milton,hurricane|fema,2024-10-04 17:37,community_discussion
lqbzlkm,t3_1fw2t6g,t3_1fw2t6g,NorthCarolina,peterst28,2024-10-04T17:37:58+00:00,3,Thanks for pitching in!  Here's the FEMA Helpline phone number: 800-621-3362.  Good luck!,milton,fema,2024-10-04 17:37,community_discussion
lqbznij,t3_1fw07il,t3_1fw07il,NorthCarolina,ForLark,2024-10-04T17:38:16+00:00,2,She needs to be hospitalized.,milton,,2024-10-04 17:38,community_discussion
lqbzos5,t3_1fw4q5n,t3_1fw4q5n,NorthCarolina,NorthCarolina-ModTeam,2024-10-04T17:38:27+00:00,1,"Your content was removed due to it being a duplicate submission. Articles may be similar, or report on the same subject from different sources.  Rehosted content between different domains or updated versions of previously submitted articles will be removed unless the update adds significant information that is not accessible from the original link.",milton,,2024-10-04 17:38,community_discussion
lqbzyx0,t3_1fw2zt8,t1_lqbpg1y,NorthCarolina,keithw43,2024-10-04T17:39:56+00:00,6,Certain people like the NY post?,milton,,2024-10-04 17:39,community_discussion
lqc06lw,t3_1fw07il,t1_lqb1wi2,NorthCarolina,ForLark,2024-10-04T17:41:04+00:00,3,"It’s like Louis DeJoy being in charge of the postal service (takes an act of Congress to get rid of him) and Betsy DeVos (US Secretary of Education)who  is only about private schools, are appointed.",milton,,2024-10-04 17:41,community_discussion
lqc0o33,t3_1fvymo5,t1_lqbz156,NorthCarolina,ncsu22Mom,2024-10-04T17:43:41+00:00,4,"Thank you.
We all need to stop and take a breath before repeating information that is suspect. 

I'm not saying any disaster response is perfect, however the rumors are wild right now and very disheartening to both residents & responders who are on the scene. None of that is actually helping the people who need the help.",milton,,2024-10-04 17:43,community_discussion
lqc0xcb,t3_1fw2zt8,t1_lqbz7ub,NorthCarolina,sputler,2024-10-04T17:45:01+00:00,11,So what is it? Do they need more resources or are they conning people out of resources?,milton,,2024-10-04 17:45,community_discussion
lqc1kqh,t3_1fw07il,t3_1fw07il,NorthCarolina,aardw0lf11,2024-10-04T17:48:26+00:00,1,Drinking the blood of children for revitalization?  You mean like Peter Thiel?,milton,,2024-10-04 17:48,community_discussion
lqc1l8v,t3_1fvymo5,t3_1fvymo5,NorthCarolina,Timberfly813,2024-10-04T17:48:30+00:00,6,My heart goes out to all NC and TN affected areas.🙏,milton,,2024-10-04 17:48,community_discussion
lqc1tr7,t3_1fvygrj,t1_lqax930,NorthCarolina,Notyouraverageskunk,2024-10-04T17:49:45+00:00,14,"Speaking from experience as a Floridan, usually it's the local governments taking care of stuff and FEMA provides any extra resources that might be needed. Like, I know that FEMA is present during the recovery stage but you don't usually see uniformed employees or whatever.",milton,fema,2024-10-04 17:49,community_discussion
lqc1uni,t3_1fw2zt8,t1_lqc0xcb,NorthCarolina,keithw43,2024-10-04T17:49:53+00:00,-9,"Weird that you would ask that as I never said either of those things. Probably should send more resources though yeah. You guys are in here talking about misinformation, only information I have is people are dying or stranded and American government isn't doing nearly enough to help. Yall act like their batting .1000 in their relief efforts, when it's absolutely fucking shameful",milton,,2024-10-04 17:49,community_discussion
lqc20bl,t3_1fw2mjp,t1_lqbsnmc,NorthCarolina,babywhiz,2024-10-04T17:50:43+00:00,-3,"I sat here and watched all of Helene from this far back and didn’t say anything. 

I no longer feel guilty for not trying to help.",milton,,2024-10-04 17:50,community_discussion
lqc2et1,t3_1fvymo5,t1_lqbu0sq,NorthCarolina,ncsu22Mom,2024-10-04T17:52:52+00:00,7,"Others with more experience can probably speak to this, but I think the agency in charge usually works from a command post coordinating response from many different local, county, state, etc resources. 

A person with a FEMA jacket is not knocking on every door. They are working on the logistics of supplies and people - especially with an area this widespread and topographically challenging.",milton,fema,2024-10-04 17:52,community_discussion
lqc2nym,t3_1fw07il,t1_lqb1wi2,NorthCarolina,bluepaisley1,2024-10-04T17:54:13+00:00,3,She homeschooled her own children and states that she has taught all of the subjects and grade levels.  Please put her in front of a bunch of middle school students to teach math and record the entire experience.,milton,,2024-10-04 17:54,community_discussion
lqc2qez,t3_1fw3i0h,t3_1fw3i0h,NorthCarolina,sk8tergater,2024-10-04T17:54:35+00:00,27,"I’m glad someone else posted about price gouging. That is illegal. 

My husband is one of the people hiking things up to people, he did over 14 miles yesterday. Can confirm that these items are needed!!",milton,,2024-10-04 17:54,community_discussion
lqc2rrv,t3_1fw3i0h,t1_lqbvko1,NorthCarolina,Maria_Dragon,2024-10-04T17:54:47+00:00,20,"Yeah, there was already a supply chain shortage for the parts needed for substations before the hurricane. This will make that worse.",milton,hurricane,2024-10-04 17:54,community_discussion
lqc2w8u,t3_1fw07il,t1_lqbau0o,NorthCarolina,bluepaisley1,2024-10-04T17:55:26+00:00,5,I’m a librarian and I am seriously concerned that if she gets elected I won’t have a job next year.,milton,,2024-10-04 17:55,community_discussion
lqc2xrt,t3_1fw3j0c,t3_1fw3j0c,NorthCarolina,FrenchPressMedia,2024-10-04T17:55:40+00:00,3,VOX covered how factory farm filth in NC has leeched into our water in prior hurricanes and again with Helene. https://www.vox.com/future-perfect/374940/hurricane-helene-georgia-chicken-poultry-farms,milton,hurricane,2024-10-04 17:55,community_discussion
lqc2y9l,t3_1fvymo5,t1_lqc2et1,NorthCarolina,No-Debate-8208,2024-10-04T17:55:44+00:00,-9,"Understood and agreed, I am not looking to cause or incite fear. I am just relaying the exact word for work info I received today from people that are there and drove their way in. As of now there is no federal aid anywhere near the Beech Mountain community center in Elk Park.",milton,,2024-10-04 17:55,community_discussion
lqc3cpt,t3_1fw2zt8,t1_lqbpg1y,NorthCarolina,transientDCer,2024-10-04T17:57:54+00:00,19,"While I agree it's sad they have to do this, it's not stopping or slowing down their work - it's an office worker peon putting this out.  Any communication is good communication from them though.",milton,,2024-10-04 17:57,community_discussion
lqc3jz8,t3_1fw2zt8,t3_1fw2zt8,NorthCarolina,jacobkuhn92,2024-10-04T17:58:58+00:00,32,"If Covid taught me anything, an official guideline from a governmental entity is not gonna make the conspiracy brained folks any less conspiracy brained",milton,,2024-10-04 17:58,community_discussion
lqc3nfj,t3_1fw2zt8,t1_lqc1uni,NorthCarolina,sputler,2024-10-04T17:59:29+00:00,11,Interesting that you claim you never said that… and then deleted your comments where you said exactly that. Misinformation much?,milton,,2024-10-04 17:59,community_discussion
lqc3nr2,t3_1fvymo5,t3_1fvymo5,NorthCarolina,thoughtfulpigeons,2024-10-04T17:59:32+00:00,6,"a great [article](https://www.msnbc.com/opinion/msnbc-opinion/hurricane-helene-storm-trump-biden-harris-rcna173639) on NC's handling of the hurricane and Republicans immediate lies about the handling of it. Ironically, they are accusing Dems of handling the hurricane how Repubs have handled almost every hurricane in the past.",milton,hurricane|storm,2024-10-04 17:59,community_discussion
lqc3xtm,t3_1fw2zt8,t3_1fw2zt8,NorthCarolina,keithw43,2024-10-04T18:01:01+00:00,-33,"I'm going to try again since my last comment seemed to miss the mark. The government and those in charge are NOT doing enough to help these people. This press release reads as if ""everything is fine, situation is handled"" it isn't. I'll say it again The Amount Of Trust You Have In Your Government Is Concerning. Misinformation has come from newspapers and news stations. The only information that is concrete is people are dying and stranded and not enough is being done",milton,,2024-10-04 18:01,community_discussion
lqc48nn,t3_1fvymo5,t1_lqc0o33,NorthCarolina,GWS2004,2024-10-04T18:02:38+00:00,1,"I know. That's exactly what I wanted to say to the person who told me, but it would have pissed them off and started a fight.
They hate this administration, they can do no right. ",milton,,2024-10-04 18:02,community_discussion
lqc4bly,t3_1fvygrj,t1_lqancwb,NorthCarolina,deusnefum,2024-10-04T18:03:04+00:00,1,I visited and loved Brevard last year. How are you guys fairing? Sounds like better than most. Are the white squirrels okay? 😭,milton,,2024-10-04 18:03,community_discussion
lqc4eig,t3_1fw2zt8,t1_lqc3nfj,NorthCarolina,keithw43,2024-10-04T18:03:31+00:00,-8,"I deleted a comment to try and rephrase what i said since I felt like I missed the mark. Should they utilize more resources? Yes. Are they? No. If you need to be right, you can, idgaf.",milton,,2024-10-04 18:03,community_discussion
lqc4h0l,t3_1fw2zt8,t1_lqc0xcb,NorthCarolina,keithw43,2024-10-04T18:03:53+00:00,-12,Both.,milton,,2024-10-04 18:03,community_discussion
lqc4nsl,t3_1fvygrj,t3_1fvygrj,NorthCarolina,Grokthisone,2024-10-04T18:04:53+00:00,8,"I live in Hickory close to the airport. It has been buzzing constantly since the storm let up. Supplies were being driven in by large vehicles Thurs and Fri before that. Some army type trucks and some just diesel. It's frustrating to hear people say where's the govt blah blah blah. When they were literally moving before the storm was over. It takes time to get things loaded as well as to find people. 
  I grew up in Wilkes and anyone from NC knows at least one person (usually that smoked a lil too much green in the 80's ) that has carefully set up their place to hide from the govt. Now they wanna complain cause help is having a hard time finding them.  Arghhh.",milton,storm,2024-10-04 18:04,community_discussion
lqc4wmu,t3_1fvymo5,t1_lqc2y9l,NorthCarolina,Secret-Pay-5305,2024-10-04T18:06:13+00:00,6,"FEMA isn’t a first responder, generally. They provide support and coordination for local responses. And they actually pay them as well. Any overtime cities and towns pay FEMA reimburses them for. People who say there is no federal response misunderstand what that is supposed to look like.",milton,fema,2024-10-04 18:06,community_discussion
lqc578d,t3_1fvygrj,t1_lqbf9ug,NorthCarolina,freebytes,2024-10-04T18:07:48+00:00,-5,How would you know if the helicopters are federal or not?,milton,,2024-10-04 18:07,community_discussion
lqc593t,t3_1fvygrj,t1_lqap65k,NorthCarolina,JudyTester88,2024-10-04T18:08:05+00:00,-4,"Govern:  to control.  Ment: the mind.

Government = Mind Control

You and those like you are proof it works.

Wishing bad upon the people who want you to wake up, and not the evil fucks that offer $750 to those affected when invaders can cross the border and get thousands in cash and food stamps... as if the money isn't just numbers in a fucking computer at this point.

Slaves that revel in your own demise.

The hardest red-pill to swallow is that the k1k3s are right about most of the goyim.  You are naïve, ignorant, useless eaters.

By the time YOU realize that all us ""racist conspiracy theorists"" are right it'll be too late.  One day you'll all of a sudden notice it feels like you're living in third world Mexico, or India, or Haiti... and wonder ""How did this happen?"" 

If 2020 - now didn't shake you loose from the brainwashing, it's not going to happen.",milton,,2024-10-04 18:08,community_discussion
lqc5b8r,t3_1fw2zt8,t1_lqc3jz8,NorthCarolina,barkeepbill,2024-10-04T18:08:23+00:00,-63,"yeah, and the conspiracy brain folks turned out to be correct. not a single one of us regrets not getting the deadly vaccine for a virus that was no worse than the flu.",milton,,2024-10-04 18:08,community_discussion
lqc5bob,t3_1fvymo5,t1_lqc4wmu,NorthCarolina,No-Debate-8208,2024-10-04T18:08:27+00:00,-9,"I can be downvoted into oblivion and that's fine, I will believe my family members that are there in person before I believe anything MSM or the government is telling anyone. My uncle was head of NYSDOT and is there working and volunteering his time, he knows what federal aid looks like. It's not there near Beech Mountain.",milton,,2024-10-04 18:08,community_discussion
lqc5ida,t3_1fw2zt8,t1_lqc5b8r,NorthCarolina,jacobkuhn92,2024-10-04T18:09:26+00:00,23,"Oh hey look exhibit A, everyone",milton,,2024-10-04 18:09,community_discussion
lqc5u1a,t3_1fw2zt8,t1_lqc5b8r,NorthCarolina,keithw43,2024-10-04T18:11:11+00:00,-13,Word. You were right man congrats. Get the fuck off your phone and bring these people some diapers now.,milton,,2024-10-04 18:11,community_discussion
lqc5ys2,t3_1fvymo5,t1_lqc5bob,NorthCarolina,Secret-Pay-5305,2024-10-04T18:11:54+00:00,4,Then what you are saying essentially is that NO aid is there. Does that make sense? Because FEMA is coordinating with local responders who know the area best.,milton,fema,2024-10-04 18:11,community_discussion
lqc62up,t3_1fw2zt8,t1_lqbpg1y,NorthCarolina,BrodysBootlegs,2024-10-04T18:12:31+00:00,5,"This was written by some entry level office worker in DC, not anybody on the ground


Not all the conspiracy theories are true but the government messaging has been terrible. I drove up with a convoy yesterday, coming back around 11pm I crossed into Burke County and got an emergency alert popup saying there are scam websites pretending to be from FEMA, no FEMA information has yet been put out for Burke Co and we'll notify you when the website is up. Like OK thanks for warning about the scams but a week later and you still don't have a website, really? ",milton,fema,2024-10-04 18:12,community_discussion
lqc64vs,t3_1fw2zt8,t1_lqc5ida,NorthCarolina,keithw43,2024-10-04T18:12:50+00:00,-21," You play drums? Dm me if you'd want to jam, I live in Kannapolis",milton,,2024-10-04 18:12,community_discussion
lqc67xg,t3_1fvymo5,t1_lqbzbvm,NorthCarolina,New_Section_9374,2024-10-04T18:13:17+00:00,5,I’m just off of that exit on I 40.  I haven’t made it there yet. I hope to get a survey of medical needs done soon. I want to stay out of the way of the recovery teams. But I totally agree,milton,,2024-10-04 18:13,community_discussion
lqc6aao,t3_1fvymo5,t1_lqc5ys2,NorthCarolina,No-Debate-8208,2024-10-04T18:13:39+00:00,0,"The AID that is present is all locals, which I already stated. I have videos sent from about 2 hours ago. It is all civilians that have driven supplies in and a drop off center was started at Beech Mountain community center. Believe what you choose.",milton,,2024-10-04 18:13,community_discussion
lqc6b67,t3_1fvymo5,t1_lqax9c0,NorthCarolina,ncsu22Mom,2024-10-04T18:13:47+00:00,7,"I totally agree.

This is a useful anti-rumor link from FEMA:

https://www.fema.gov/disaster/current/hurricane-helene/rumor-response",milton,hurricane|fema,2024-10-04 18:13,community_discussion
lqc6ey8,t3_1fvymo5,t1_lqc5ys2,NorthCarolina,No-Debate-8208,2024-10-04T18:14:21+00:00,-1,"And when I say a drop off center was started, it was started BY LOCALS",milton,,2024-10-04 18:14,community_discussion
lqc6fwa,t3_1fvymo5,t1_lqbkhpv,NorthCarolina,New_Section_9374,2024-10-04T18:14:29+00:00,5,Truth. Can’t argue with that.,milton,,2024-10-04 18:14,community_discussion
lqc6j89,t3_1fvygrj,t1_lqau8gl,NorthCarolina,Neyvash,2024-10-04T18:14:59+00:00,6,"No, this is an actual thing there. I did one at a massage CEU class in Weaverville",milton,,2024-10-04 18:14,community_discussion
lqc6xhx,t3_1fw07il,t1_lqb2361,NorthCarolina,wxursa,2024-10-04T18:17:07+00:00,3,The media is in the tank for Republicans because destroying democracy is good for ratings.,milton,,2024-10-04 18:17,community_discussion
lqc6yoa,t3_1fvygrj,t3_1fvygrj,NorthCarolina,Bridgeline,2024-10-04T18:17:17+00:00,2,"Very few responses mention federal relief.  I understand there are lots of efforts, but it sounds like most isn't federal until just last day or so.  Frankly, what's most important is that efforts to help are happening.  People will sort it out later whether it could have been better at various levels of government.  

So far the big misses seem to be not calling up armed services mechanical divisions to help open up transportation routes; guardsman/service to provide immediate air capacity and safety measures; and turning away private air capabilities to rescue people.  

I'd prefer politicians not go there.  It only takes away time and resources from aid operations.",milton,,2024-10-04 18:17,community_discussion
lqc6zf2,t3_1fw07il,t1_lqb3bpy,NorthCarolina,immersemeinnature,2024-10-04T18:17:24+00:00,3,Because Betsy DeVos didn't do a good enough job,milton,,2024-10-04 18:17,community_discussion
lqc70wv,t3_1fvygrj,t1_lqbn8k5,NorthCarolina,SicilyMalta,2024-10-04T18:17:38+00:00,6,"Yes, thank you. It was a rough few days, but they are ok.",milton,,2024-10-04 18:17,community_discussion
lqc7dlh,t3_1fw2zt8,t1_lqc5b8r,NorthCarolina,GWS2004,2024-10-04T18:19:33+00:00,32,I've had 4 vaccines and I'm alive.,milton,,2024-10-04 18:19,community_discussion
lqc7g6w,t3_1fvymo5,t1_lqc67xg,NorthCarolina,Gwsb1,2024-10-04T18:19:56+00:00,2,Good luck to you.,milton,,2024-10-04 18:19,community_discussion
lqc7qfv,t3_1fw2zt8,t3_1fw2zt8,NorthCarolina,FubarSnafuTarfu,2024-10-04T18:21:27+00:00,7,The unfortunate reality is many people spreading these narratives will ignore this site because it’s FEMA running it.  They have chosen to live in an alternate reality and there are limited avenues to break that bubble until they’ve personally experienced otherwise.,milton,fema,2024-10-04 18:21,community_discussion
lqc7ql4,t3_1fw2zt8,t1_lqc7dlh,NorthCarolina,barkeepbill,2024-10-04T18:21:28+00:00,-49,"I’ve had 0 and I’m also alive… they weren’t needed.

There are people who are no longer alive because the covid vaccine killed them.",milton,,2024-10-04 18:21,community_discussion
lqc7tmd,t3_1fvymo5,t1_lqc6ey8,NorthCarolina,Secret-Pay-5305,2024-10-04T18:21:55+00:00,6,I just scrolled for twitter for a few minutes and there are quite a few videos and pictures of the NCNG on Beech Mountain. Rescuing people and dropping supplies off. Perhaps you should look for yourself. Maybe your relatives haven’t seen this for themselves but there are plenty of people there benefiting from government assistance.,milton,,2024-10-04 18:21,community_discussion
lqc81t9,t3_1fw2zt8,t1_lqc7ql4,NorthCarolina,DynamicCashew43,2024-10-04T18:23:09+00:00,20,That's a lie.,milton,,2024-10-04 18:23,community_discussion
lqc88iz,t3_1fvymo5,t1_lqbzbvm,NorthCarolina,bruthaman,2024-10-04T18:24:08+00:00,17,"I just saw video of Hot Springs on You Tube and it is as bad as I assumed it would be. Looked like 3 feet or more of water in the old Hardware store, which tells me every building is likely flooded out and the road was torn up.

Cannot wait to come support these small towns again in the future, but I'm going to wait to be invited back",milton,,2024-10-04 18:24,community_discussion
lqc8b9v,t3_1fvygrj,t1_lqan4vx,NorthCarolina,DeeElleEye,2024-10-04T18:24:33+00:00,5,">Pilots are being threatened with arrest because they're making the Gov. look bad

That one story is completely one-sided. There is no comment from the *local* official (not the big GuBmiNt), only the pilot. Why would an *official* coordinating a recovery effort tell someone that he's compromising the mission if he wasn't? 

It's mighty presumptive that someone trying to manage a complex disaster response would maliciously turn away help without a damn good reason. But again, we only have one side of that story. And rage sells clicks.",milton,,2024-10-04 18:24,community_discussion
lqc8oky,t3_1fw2zt8,t1_lqc7ql4,NorthCarolina,GWS2004,2024-10-04T18:26:31+00:00,7,But I didn't say you died.,milton,,2024-10-04 18:26,community_discussion
lqc8vn9,t3_1fw2zt8,t1_lqc8oky,NorthCarolina,barkeepbill,2024-10-04T18:27:34+00:00,0,I didn’t say you did,milton,,2024-10-04 18:27,community_discussion
lqc8wjw,t3_1fw07il,t3_1fw07il,NorthCarolina,Mr_Diesel13,2024-10-04T18:27:43+00:00,2,"Her and Robinson will absolutely gut NC public schools. As a person with multiple family members that are teachers and a wife who works for the board of ed, this is unacceptable. 

We cannot let either of them get elected.",milton,,2024-10-04 18:27,community_discussion
lqc8y1c,t3_1fvymo5,t1_lqc7tmd,NorthCarolina,No-Debate-8208,2024-10-04T18:27:56+00:00,1,"Well, for starters I said FEDERAL AID... NCNG has both state and federal roles but is called upon by the Governor of NC. That is not federal aid. These areas should be INUNDATED with federal workers there to repair and fix roads and infrastructure while simultaneously completing search & rescue and providing aid and supplies to those in need. Not just NCNG.",milton,,2024-10-04 18:27,community_discussion
lqc8ypo,t3_1fvymo5,t3_1fvymo5,NorthCarolina,hattenwheeza,2024-10-04T18:28:02+00:00,1,"""A lie can travel around the earth twice before the truth gets its pants on."" 

The mechanisms & intricacies of emergency management on local, state, federal level and how federal agencies are actually budgeted & what their charge to dispurse is  - all very uninteresting stuff that no one learns in school any longer or doesn't remember if they ever did read that paragraph. 

We would all be better off if we could accept how profitable it is for all sorts of entities to deceive and bewilder us, and develop  ROBUST skepticism. My grandfather ( a law enforcement officer in 30s & 40s) used to say ""believe none of what you hear and only half of what you see"" ... because we are victims of a poor civics education, and that's going to render incorrect and harmful conclusions drawn. 

*We* are the ""Sucker[s] born every minute"" that PT Barnum spoke of and developed an empire exploiting.",milton,,2024-10-04 18:28,community_discussion
lqc926r,t3_1fw2zt8,t1_lqc81t9,NorthCarolina,barkeepbill,2024-10-04T18:28:33+00:00,-16,Dr Fauci went on ABC and said the vaccine has caused some cases of myocarditis,milton,,2024-10-04 18:28,community_discussion
lqc94q7,t3_1fw2zt8,t1_lqc8vn9,NorthCarolina,GWS2004,2024-10-04T18:28:55+00:00,11,"You literally said ""deadly vaccine"" 🤨",milton,,2024-10-04 18:28,community_discussion
lqc96jg,t3_1fw2zt8,t1_lqc3xtm,NorthCarolina,omniuni,2024-10-04T18:29:11+00:00,25,"The government response to Helene has been excellent.

If you think they're not doing enough, you have no context of the logistical nightmare it is to organize literally thousands of people across multiple branches of government, or just organize thousands of people *in general*.

It is actually incredible how quickly they responded. We had the local government on the ground practically before the storm cleared. We had FEMA the next day. Two days after that we had an organized movement leveraging multiple military branches.

Even better; we didn't need to beg, and no one needed to look up voting numbers to convince the president to help. Rather, the president was *immediately* on top of the situation, contacting and coordinating with the states that were impacted.

There are a lot of problems with the government. We also haven't always done a good job with disaster relief. 

However, in *this* case, the response has been swift and efficient, and it's actually good to recognize that and learn from this for the future.",milton,storm|fema,2024-10-04 18:29,community_discussion
lqc978h,t3_1fw2t6g,t1_lqbzlkm,NorthCarolina,BPNC3,2024-10-04T18:29:17+00:00,1,Thank you!,milton,,2024-10-04 18:29,community_discussion
lqc9ahi,t3_1fvymo5,t1_lqbzbvm,NorthCarolina,Bright_Ad_26,2024-10-04T18:29:47+00:00,11,"Just saw a report from Hot Springs yesterday. I had to look it up on a map afterwards. My immediate thought was, I’m so glad they are showing a town other than Asheville. I hope and pray this town is getting what they need to recover. Prayers for all! You are NOT forgotten!
Clip is on WRAL.",milton,,2024-10-04 18:29,community_discussion
lqc9f1c,t3_1fw2zt8,t1_lqc94q7,NorthCarolina,barkeepbill,2024-10-04T18:30:29+00:00,0,what does that have to do with you not saying I died?,milton,,2024-10-04 18:30,community_discussion
lqc9h9u,t3_1fvygrj,t1_lqc593t,NorthCarolina,CrownTownLibrarian,2024-10-04T18:30:48+00:00,1,"I hope you have a debilitating medical event where those you demonize are the ones you depend upon.  

Have the life you deserve, you racist fuck.",milton,,2024-10-04 18:30,community_discussion
lqc9qvr,t3_1fw2zt8,t1_lqc926r,NorthCarolina,DynamicCashew43,2024-10-04T18:32:15+00:00,24,Oh so NOW you believe him? lmfao,milton,,2024-10-04 18:32,community_discussion
lqc9rus,t3_1fvymo5,t3_1fvymo5,NorthCarolina,Airfliyer,2024-10-04T18:32:24+00:00,3,"Hey when you make a mistake, remember, you have to dress up, fess up, and fix up! And you are doing just that!",milton,,2024-10-04 18:32,community_discussion
lqc9sel,t3_1fvygrj,t1_lqc8b9v,NorthCarolina,JudyTester88,2024-10-04T18:32:29+00:00,-10,"A government whose existence and legitimacy relies solely on dependence, is going to do everything in its power to ensure that its subjects stay dependent.

They don't like people helping people simply because it proves that we don't need them.",milton,power,2024-10-04 18:32,community_discussion
lqc9tv0,t3_1fw2zt8,t1_lqc9qvr,NorthCarolina,barkeepbill,2024-10-04T18:32:42+00:00,-5,I’ve seen the results,milton,,2024-10-04 18:32,community_discussion
lqc9xzi,t3_1fw2zt8,t1_lqc9tv0,NorthCarolina,DynamicCashew43,2024-10-04T18:33:19+00:00,6,Sure thing. Go hijack someone elses post with your bullshit little Bill.,milton,,2024-10-04 18:33,community_discussion
lqca0t0,t3_1fvymo5,t1_lqapgib,NorthCarolina,MrZombieLive,2024-10-04T18:33:44+00:00,-26,How does anyone vote for this mindset. Foods high gas high rents high 2 million illegals. Clue me in.,milton,,2024-10-04 18:33,community_discussion
lqca4s3,t3_1fvymo5,t1_lqc8y1c,NorthCarolina,Secret-Pay-5305,2024-10-04T18:34:20+00:00,9,"Respectfully, this is you just acknowledging that you don’t understand how a situation as complex as this works. They are still in phase one of the response, which is search and rescue. The rebuilding will take months if not years but cannot begin until people recovered and debris has been safely moved. Roads are not just “rebuilt”. They will largely have to be deconstructed and rebuilt in their entirety. I can also tell you because I have seen it first hand, the misinformation is causing confusion amongst some survivors. There are people actually missing out on FEMA money because they are being told that they aren’t eligible or they can’t be trusted. Sharing and spreading misinformation has real world consequences at the population level and is already doing harm.",milton,fema,2024-10-04 18:34,community_discussion
lqcake5,t3_1fvymo5,t1_lqb27cv,NorthCarolina,AthenaeSolon,2024-10-04T18:36:43+00:00,5,I’ve seen maybe two news segments with reporters on the ground.  They made it sound like it was an extremely difficult thing to get reporting access in large part due to the roads being completely destroyed.,milton,,2024-10-04 18:36,community_discussion
lqcb5za,t3_1fw2zt8,t1_lqc7ql4,NorthCarolina,jacobkuhn92,2024-10-04T18:39:53+00:00,25,"And there are more people dead because of Covid itself than are from the vaccines. 0.001 percent of myocarditis were from the ONE of the vaccines, (J&J) to which it was stopped being administered once this was learned, and redistributed once they made necessary changes. Compare that to people being 111 times more likely to get myocarditis just from getting Covid itself. Also ANY vaccine or medicine has a chance at having bad side effects. It’s about getting that chance as low as humanly possible.",milton,,2024-10-04 18:39,community_discussion
lqcb7bx,t3_1fw3i0h,t3_1fw3i0h,NorthCarolina,obxtalldude,2024-10-04T18:40:05+00:00,7,"I sent my starlink, but didn't even think about flashlights - I have dozens still in the boxes from when it was a hobby.

I've got a battery bank with solar too - it will go out next time.",milton,,2024-10-04 18:40,community_discussion
lqcb7vu,t3_1fvygrj,t1_lqc8b9v,NorthCarolina,JudyTester88,2024-10-04T18:40:10+00:00,-4,"https://www.youtube.com/watch?v=s8ICG0iaHqw

There is is straight from the horses mouth, from a MSM source so you normies can all digest it.",milton,,2024-10-04 18:40,community_discussion
lqcbat5,t3_1fvymo5,t1_lqca4s3,NorthCarolina,No-Debate-8208,2024-10-04T18:40:36+00:00,0,"I was boots on the ground for Hurricane Sandy. I was in the hardest hit areas in Northern NJ and Staten Island for weeks. I know what federal aid vs. Civilians banding together looks like. I know how it works. I know it will take years for this devastation to be repaired. There is still zero reason that LOCALS are using heavy equipment and building temporary roads and routes to travel before the federal government is in there doing it themselves. You've seen it firsthand and you are not the only one that has. 

People are missing out on FEMA money because they have no access to electricity to charge their phones or computers, no internet to access FEMA website, and no banks or atms to access the funds at all!

Stop the madness. None of this is misinformation.",milton,hurricane|fema,2024-10-04 18:40,community_discussion
lqcbrwo,t3_1fvygrj,t1_lqc578d,NorthCarolina,landgnome,2024-10-04T18:43:09+00:00,13,"I’ve seen chinooks flying around, so I assume they are federal.  But mainly the one I see and hear is MAMA.",milton,,2024-10-04 18:43,community_discussion
lqcby6x,t3_1fvygrj,t3_1fvygrj,NorthCarolina,RedfishTroutBass,2024-10-04T18:44:06+00:00,1,"Not good in some of the small communities, like Pensacola, in Yancey County.",milton,,2024-10-04 18:44,community_discussion
lqcc7wn,t3_1fvymo5,t1_lqb27cv,NorthCarolina,Strong_Outside8648,2024-10-04T18:45:34+00:00,4,"People believe everything they read on the internet, including your comment.",milton,,2024-10-04 18:45,community_discussion
lqccswf,t3_1fw3j0c,t1_lqbtm8h,NorthCarolina,BlueKrzys,2024-10-04T18:48:40+00:00,1,"That is exactly why I used phrases such as “guess, rumor, potentially” because it is not official and I am not trying to spread mis information. Because I don’t have sources yet. I am simply asking for official sources in this post that speaks on the context of this post.",milton,,2024-10-04 18:48,community_discussion
lqcctxy,t3_1fvymo5,t1_lqcake5,NorthCarolina,New_Section_9374,2024-10-04T18:48:49+00:00,1,"That is true. I am essentially locked in. TN just to the west is unreachable. Biggest town near me is Asheville, what’s left of it.",milton,,2024-10-04 18:48,community_discussion
lqccwxe,t3_1fvygrj,t1_lqc593t,NorthCarolina,NorthCarolina-ModTeam,2024-10-04T18:49:10+00:00,1,"Your content was removed for being irrelevant. 

- Submissions must have a **substantive** connection to the state which extends beyond the title. 

- Comments must be related to the post. 

- Moderation feedback and questions are **only** allowable via modmail.
 
Please read our [on topic guide for more information](https://www.reddit.com/r/NorthCarolina/wiki/ontopicguide).",milton,,2024-10-04 18:49,community_discussion
lqccxat,t3_1fw6ffi,t3_1fw6ffi,NorthCarolina,John-Fefin-Zoidberg,2024-10-04T18:49:14+00:00,2,It’s actually a pretty decent app. It alerted me of a tornado warning when my other weather apps didn’t. You can add multiple locations and select what you wanted alerted for,milton,weather,2024-10-04 18:49,community_discussion
lqccz8p,t3_1fw2zt8,t1_lqc3xtm,NorthCarolina,FubarSnafuTarfu,2024-10-04T18:49:30+00:00,20,Are you in WNC?  The people I know in Boone have been sending pics of national guard everywhere.  They've been airlifting people out of various parts of Avery.  This narrative that the government is doing nothing is absurd.,milton,,2024-10-04 18:49,community_discussion
lqcd2fr,t3_1fvymo5,t1_lqc9ahi,NorthCarolina,Gwsb1,2024-10-04T18:49:57+00:00,2,Thanks,milton,,2024-10-04 18:49,community_discussion
lqcd3j9,t3_1fvymo5,t1_lqb39h3,NorthCarolina,Strong_Outside8648,2024-10-04T18:50:07+00:00,-9,"Lol people just trust your son is sending you random intel and you are sharing it on Reddit while also taking part in rescues. Yep, people will literally believe anything.",milton,,2024-10-04 18:50,community_discussion
lqcd4rf,t3_1fw2zt8,t1_lqc3cpt,NorthCarolina,IceTech59,2024-10-04T18:50:18+00:00,8,"A standard part of the Incident Command System is a Public Affairs Section, with a unit lead, and a staff.  It's not slowing down Command, Operations, Logistics, Communications, etc units at all, beyond a few briefings a day, which is normal.  But, inevitably, rumors fly, stupid questions are asked.  Public Affairs Unit lowers the noise level.  There are standard forms with scripted outlines to follow, now details are being fleshed in I am sure. I wish my IMT login still worked, going to be a ton of new lessons learned.",milton,,2024-10-04 18:50,community_discussion
lqcd8jq,t3_1fw6ffi,t1_lqccxat,NorthCarolina,FanDense4359,2024-10-04T18:50:52+00:00,2,"Yes! It alerted me during the tornado that hit last week (I was not too far from there), and it has alerted me when a flash flood hit my parents and flooded the mess out of their neighbors and tore the roads away by the beach a few weeks ago.",milton,flood,2024-10-04 18:50,community_discussion
lqcdwzn,t3_1fw3i0h,t1_lqbyw51,NorthCarolina,historywasrewritten,2024-10-04T18:54:29+00:00,5,Good on you that’s what’s up!!,milton,,2024-10-04 18:54,community_discussion
lqce4if,t3_1fw3i0h,t1_lqc2qez,NorthCarolina,historywasrewritten,2024-10-04T18:55:36+00:00,9,"That is incredible, your husband is a hero 💯",milton,,2024-10-04 18:55,community_discussion
lqce7q3,t3_1fvymo5,t3_1fvymo5,NorthCarolina,condiserationlevel10,2024-10-04T18:56:04+00:00,3,"Marni Stockhausen (IG avanilladiet AND Marni Elizabeth on fb) is an “Amazon influencer” and avid MLM scammer who is spreading misinformation like wildfire. She lives in Arden, NC and was on the beach during the hurricane. She went back to Asheville on Weds and is acting like the town hero by sharing so much misinformation she even linked her Amazon storefront for supplies and made commission off of it, but that’s a whole different story. People like her are dangerous.

https://ibb.co/Jrd7grq",milton,hurricane,2024-10-04 18:56,community_discussion
lqcel0u,t3_1fw2zt8,t1_lqbqdeo,NorthCarolina,Rooster_CPA,2024-10-04T18:58:00+00:00,37,"The stupidest thing to me is it is mostly republican friends on Facebook bitching about the govt not doing enough FEMA wise. But then also voting to defund the govt everytime and wanting pure capitalism, which means zero govt assistance and if you don't have enough privately purchased insurance you are SOL. Which way do yall want it?",milton,fema,2024-10-04 18:58,community_discussion
lqcev5s,t3_1fw3j0c,t1_lqccswf,NorthCarolina,sarcasticorange,2024-10-04T18:59:30+00:00,6,"Yes, you used those phrases. The problem is that the next person to tell the story won't. They will just say ""I heard..."".",milton,,2024-10-04 18:59,community_discussion
lqcevhe,t3_1fw2zt8,t1_lqc9f1c,NorthCarolina,GWS2004,2024-10-04T18:59:33+00:00,10,^ a perfect example of long Covid everyone.,milton,,2024-10-04 18:59,community_discussion
lqcf3mf,t3_1fw3i0h,t1_lqbvko1,NorthCarolina,NCJohn62,2024-10-04T19:00:46+00:00,14,"Duke and other agencies have deployed portable substations but I'm sure there's only a limited number of those,  but it doesn't matter if there's no transmission lines. I saw a video this morning of helicopters actually bringing power poles in to locations be reset.  It's going to be a long process working up into those hollars .",milton,power,2024-10-04 19:00,community_discussion
lqcf5gf,t3_1fw2zt8,t1_lqcb5za,NorthCarolina,barkeepbill,2024-10-04T19:01:03+00:00,-27,but we now know the covid “vaccine” didn’t actually stop the spread of covid,milton,,2024-10-04 19:01,community_discussion
lqcfao4,t3_1fvymo5,t1_lqc1l8v,NorthCarolina,pauperoncini,2024-10-04T19:01:50+00:00,2,This is misinformation. Your heart must stay within your chest cavity or you would die and be unable to type this message.,milton,,2024-10-04 19:01,community_discussion
lqcfbb3,t3_1fw2zt8,t1_lqc9tv0,NorthCarolina,Nomad4281,2024-10-04T19:01:56+00:00,12,Can’t talk to these people.  They are brainwashed.,milton,,2024-10-04 19:01,community_discussion
lqcff28,t3_1fw2zt8,t1_lqcevhe,NorthCarolina,barkeepbill,2024-10-04T19:02:29+00:00,-3,“long covid” is the term they substitute for vaccine injury,milton,,2024-10-04 19:02,community_discussion
lqcfqin,t3_1fw2zt8,t1_lqc5b8r,NorthCarolina,Kradget,2024-10-04T19:04:11+00:00,14,"Get fucked and maybe open a window, guy. Get those glue fumes out of there",milton,,2024-10-04 19:04,community_discussion
lqcg409,t3_1fw2zt8,t1_lqccz8p,NorthCarolina,Nomad4281,2024-10-04T19:06:13+00:00,-27,"If that’s the truth, why aren’t there more coming forward with these stories and only sharing rumors and hearsay on here?  I’ve seen videos of people in the affected areas complaining about not getting help.  I’ve seen volunteers theatened with arrest if they help, these are people with helicopters flying around and helping to locate and move people.  Volunteers with drones who want to assist are told to stand down.",milton,,2024-10-04 19:06,community_discussion
lqcg6rf,t3_1fw2zt8,t1_lqcf5gf,NorthCarolina,jacobkuhn92,2024-10-04T19:06:38+00:00,28,"Yes, just like how the flu vaccine doesn’t STOP the spread of the flu. Vaccines aren’t a cure you dunce",milton,,2024-10-04 19:06,community_discussion
lqcgego,t3_1fw3i0h,t1_lqbvko1,NorthCarolina,historywasrewritten,2024-10-04T19:07:49+00:00,7,"It’s absolutely a complete disaster of unbelieveable proportions. Let’s all just continue to do what we can to keep these people in the spotlight despite all the other chaos in the world. No running water for weeks! 

I am awe inspired by the outpouring of support from our fellow North Carolinians (and many other states as well!). Lets do our part to keep it going, which includes reaching those outside of NC that are unaware of the devastation. I raised quite a bit of awareness (and no doubt donations) just from talking to my west coast coworkers about the amazing relief efforts in a meeting (and sent them links afterwards). 

Even if you are tapped on donations yourself, keep sharing these awesome organizations like Hope Mill, Operation Airdrop, Mountain Mule Packer Ranch, Cajun Navy among many others!",milton,,2024-10-04 19:07,community_discussion
lqcgfsl,t3_1fw07il,t1_lqc2w8u,NorthCarolina,ZenDruid_8675309,2024-10-04T19:08:02+00:00,3,Librarian? She’ll have you up in front of a firing squad if she has her way. Pay-per-view.,milton,,2024-10-04 19:08,community_discussion
lqchzo3,t3_1fvymo5,t1_lqbbz7e,NorthCarolina,Everheart1955,2024-10-04T19:16:25+00:00,1,"My wife is a SC girl, who was at Clemson when Hugo happened. Her family is in the UpCountry as well.  She told me about it, but I wasn't here then.",milton,,2024-10-04 19:16,community_discussion
lqci08h,t3_1fw6l62,t3_1fw6l62,NorthCarolina,rearwindowpup,2024-10-04T19:16:30+00:00,20,"The main home is basically untouched, it's a bit of a misleading title you've posted, especially when you're article states as such.",milton,,2024-10-04 19:16,community_discussion
lqciajx,t3_1fvygrj,t1_lqazaaw,NorthCarolina,Harbinger23,2024-10-04T19:18:03+00:00,6,The First 72 are up to you as the saying goes.,milton,,2024-10-04 19:18,community_discussion
lqcify3,t3_1fw3i0h,t1_lqce4if,NorthCarolina,sk8tergater,2024-10-04T19:18:52+00:00,6,"Thank you! I think so too. He doesn’t think he’s helping much, but he’s just that kind of person who feels he can always be doing more.",milton,,2024-10-04 19:18,community_discussion
lqcigih,t3_1fw3j0c,t1_lqcev5s,NorthCarolina,BlueKrzys,2024-10-04T19:18:57+00:00,3,"Understood, will report back with official sources once I can find them",milton,,2024-10-04 19:18,community_discussion
lqciqx3,t3_1fw2zt8,t1_lqcg409,NorthCarolina,FubarSnafuTarfu,2024-10-04T19:20:30+00:00,22,"[National Guard in Spruce Pine](https://www.instagram.com/p/DAg5IQIOcGT/?utm_source=ig_web_copy_link&igsh=MzRlODBiNWFlZA==) 

[National Guard helicopters in Banner Elk](https://www.instagram.com/p/DAguos_vUNG/?utm_source=ig_web_copy_link&igsh=MzRlODBiNWFlZA==)

[National Guard helicopters in Little Switzerland](https://www.instagram.com/p/DAgnObZNZ3P/?utm_source=ig_web_copy_link&igsh=MzRlODBiNWFlZA==)

[New York firefighter SAR task force pulling people out](https://www.instagram.com/p/DAfCJy9t8FX/?utm_source=ig_web_copy_link&igsh=MzRlODBiNWFlZA==)

[Reports of National Guard on Beech Mountain](https://x.com/Skyphly/status/1840480086929408046)

[National Guard in Morganton](https://x.com/NCNationalGuard/status/1840505334109999430) 

[Watauga County Rescue squad out doing their job](https://x.com/mosbren/status/1839777751760548352) 

Quite frankly it's moronic that internet attention hogs go out here and say these professionals aren't doing their job for likes and people eat the shit up.",milton,,2024-10-04 19:20,community_discussion
lqcivo2,t3_1fw2zt8,t1_lqc3xtm,NorthCarolina,SquarePegRoundWorld,2024-10-04T19:21:12+00:00,11,This ain't a Hollywood movie that wraps up neatly in 2 hours.  The devastated area is so big our military couldn't cover it all with an invasion in days.,milton,,2024-10-04 19:21,community_discussion
lqcjhbw,t3_1fw7e9s,t3_1fw7e9s,NorthCarolina,NorthCarolina-ModTeam,2024-10-04T19:24:26+00:00,1,"Your content was removed for being irrelevant. 

- Submissions must have a **substantive** connection to the state which extends beyond the title. 

- Comments must be related to the post. 

- Moderation feedback and questions are **only** allowable via modmail.
 
Please read our [on topic guide for more information](https://www.reddit.com/r/NorthCarolina/wiki/ontopicguide).",milton,,2024-10-04 19:24,community_discussion
lqcjj85,t3_1fw2zt8,t1_lqcel0u,NorthCarolina,Ben2018,2024-10-04T19:24:42+00:00,14,"""They're not doing anything anyways, might as well defund them"" <-- MAGA rationalization",milton,,2024-10-04 19:24,community_discussion
lqcjkp6,t3_1fw07il,t3_1fw07il,NorthCarolina,2B-OrKnot-2B,2024-10-04T19:24:56+00:00,3,"The question I have is to republican parents who rely on public schools, especially in the rural areas of NC.

Vouchers don’t mean squat when there are no private schools in those areas. Lots of republicans send their kids to public schools! I’d love to know who they are voting for.",milton,,2024-10-04 19:24,community_discussion
lqcjl3i,t3_1fw07il,t1_lqbgxne,NorthCarolina,[deleted],2024-10-04T19:25:00+00:00,1,[removed],milton,,2024-10-04 19:25,community_discussion
lqcjp30,t3_1fvymo5,t1_lqb27cv,NorthCarolina,Friend98,2024-10-04T19:25:36+00:00,1,I’ve seen news crews in communities there on our local news,milton,,2024-10-04 19:25,community_discussion
lqcke16,t3_1fw2zt8,t1_lqcg409,NorthCarolina,pipebomb,2024-10-04T19:29:19+00:00,10,"If private, unauthorirzed, and uncoordinated efforts, especially that could endager airborn recovery staff are being used, then yes, I can see where these folks may have be asked to stand down to allow the professioanls to do their work. But I guarantee that is not widespread.",milton,,2024-10-04 19:29,community_discussion
lqckiqn,t3_1fw07il,t3_1fw07il,NorthCarolina,Ok_Equipment_5895,2024-10-04T19:30:02+00:00,1,"Hmm…….according to Morrow you’re taking all of the words that came out of her own mouth out of context. (Which she still hasn’t provided).

You could really see what she meant if you hadn’t been educated in an indoctrination center, errr I meant public school.",milton,,2024-10-04 19:30,community_discussion
lqckumn,t3_1fw2zt8,t1_lqcg409,NorthCarolina,no1hears,2024-10-04T19:31:51+00:00,14,The government is leading the rescue efforts. They have to coordinate it - not everyone can occupy the same airspace at the same time. Same with the roads - they are fucked and there can't be a ton of people all trying to get in even if they want to help. I've also heard stories of private helicopters rescuing people then charging them for it. Not everyone who says they want to help is being helpful.,milton,,2024-10-04 19:31,community_discussion
lqcli3w,t3_1fw2zt8,t1_lqcg409,NorthCarolina,thefrankyg,2024-10-04T19:35:24+00:00,13,"Because sharing rumors for clicks is way more fun than just saying hey. Things are good.

You missed the part about coordination. Having people solo it is dangerous. putting drones in the air with helicopters flying low is dangerous. all those need to be coordinated so that operations are 1) happening safely and 2) going to the areas that need it.",milton,,2024-10-04 19:35,community_discussion
lqclmmb,t3_1fw71wr,t3_1fw71wr,NorthCarolina,MyRespectableAlt,2024-10-04T19:36:05+00:00,1,One trillion gallons of rain fell on WNC.,milton,,2024-10-04 19:36,community_discussion
lqclqsa,t3_1fw2zt8,t1_lqcg409,NorthCarolina,Billy420MaysIt,2024-10-04T19:36:44+00:00,12,"The idiots who share and believe this shit were never going to believe the government in the first place. It’s all been political theater. The people sharing this stuff don’t want to help, they want clicks, views, and traffic to their pages. They do not care. 

People didn’t rush to NYC after 9/11 and try to do things without it being coordinated with the Feds on the ground first. People didn’t rush to Cherokee to fight the Collett Ridge fire and help those affected without coordinating with people in charge first.",milton,,2024-10-04 19:36,community_discussion
lqclwj8,t3_1fw7skq,t3_1fw7skq,NorthCarolina,NorthCarolina-ModTeam,2024-10-04T19:37:37+00:00,1,"Your content was removed for being irrelevant. 

- Submissions must have a **substantive** connection to the state which extends beyond the title. 

- Comments must be related to the post. 

- Moderation feedback and questions are **only** allowable via modmail.
 
Please read our [on topic guide for more information](https://www.reddit.com/r/NorthCarolina/wiki/ontopicguide).",milton,,2024-10-04 19:37,community_discussion
lqcm8lz,t3_1fvygrj,t1_lqaykwx,NorthCarolina,sparklestarshine,2024-10-04T19:39:28+00:00,13,"I have cried so much this week. Half of it has been because an area that I love is irrevocably damaged and changed, but the other half has been the sheer amount of community that we’ve seen. I’m thankful that so many people are reaching out to help their neighbors, near or far. Thank you for helping to coordinate 💜",milton,,2024-10-04 19:39,community_discussion
lqcma08,t3_1fvymo5,t3_1fvymo5,NorthCarolina,HungryHAP,2024-10-04T19:39:40+00:00,10,"No, Biden didn’t take FEMA relief money to use on migrants — but Trump did:

https://www.washingtonpost.com/politics/2024/10/04/no-biden-didnt-take-fema-relief-money-use-migrants-trump-did/?utm_source=reddit.com",milton,fema,2024-10-04 19:39,community_discussion
lqcmiu5,t3_1fw2zt8,t1_lqcel0u,NorthCarolina,Skid-Vicious,2024-10-04T19:41:00+00:00,6,"They want everybody that doesn’t look like them to fend for themselves, for Real Americans Uncle Sam needs to kick down",milton,,2024-10-04 19:41,community_discussion
lqcmk0k,t3_1fvygrj,t1_lqamtjc,NorthCarolina,vtTownie,2024-10-04T19:41:11+00:00,2,"I’m curious, how much of the response has been federal. From what I’ve seen floating around a large majority of stuff I’ve seen in pictures has been from state level resources",milton,,2024-10-04 19:41,community_discussion
lqcmo83,t3_1fw2zt8,t1_lqcg6rf,NorthCarolina,carter1984,2024-10-04T19:41:49+00:00,-25,">the spread of Covid never stopped because of idiots like you who refused to get a vaccine

I've had three covid vaccines and had covid five times now...AFTER being vaccinated.

The vaccines didn't stop the spread or prevent you from getting covid. All they really do is make it potentially *less worse* than if you weren't vaccinated.

I wouldn't call someone an idiot for not getting the vaccine...or does ""my body, my choice"" only apply to abortions?",milton,,2024-10-04 19:41,community_discussion
lqcmrox,t3_1fw6l62,t1_lqci08h,NorthCarolina,deekamus,2024-10-04T19:42:19+00:00,1,"Still, the countryside was really nice. Hope it recovers well.",milton,,2024-10-04 19:42,community_discussion
lqcnlaz,t3_1fvymo5,t1_lqcd3j9,NorthCarolina,Miserable-Film5943,2024-10-04T19:46:48+00:00,3,Go troll somewhere else. No one up there has time or interest in your bullshit. OP stood up and owned their mistake and others are having civil conversation abt a huge tragedy. Have some class or crawl back to your bunker.,milton,,2024-10-04 19:46,community_discussion
lqcnp90,t3_1fw2zt8,t1_lqc5b8r,NorthCarolina,Not_High_Maintenance,2024-10-04T19:47:25+00:00,10,Tell that to the families of the 1 million + Americans who died due to COVID.,milton,,2024-10-04 19:47,community_discussion
lqcnrrf,t3_1fw2zt8,t1_lqbjri6,NorthCarolina,jgjgleason,2024-10-04T19:47:49+00:00,58,"Crazies: why aren’t they helping western NC. 

Also crazies: spread so much misinformation that FEMA has to use its scarce resources to fucking combat this shit.",milton,fema,2024-10-04 19:47,community_discussion
lqcnwy8,t3_1fw6l62,t1_lqcmrox,NorthCarolina,rearwindowpup,2024-10-04T19:48:35+00:00,5,"Its a floodplain, its why its all such good farmland, itll be fine in due time",milton,,2024-10-04 19:48,community_discussion
lqco2pz,t3_1fvymo5,t1_lqb39h3,NorthCarolina,Cool_Transition697,2024-10-04T19:49:27+00:00,-9,Fema is out of money per Mydorkus. Guess all that money to illegal's caught up to FEMA?,milton,fema,2024-10-04 19:49,community_discussion
lqco6jx,t3_1fvymo5,t1_lqchzo3,NorthCarolina,Miserable-Film5943,2024-10-04T19:50:03+00:00,2,"I was here in Charlotte. It was said to be a freak occurance. Comparing the two, Hugo was nowhere near catastropic as Helene. It was bad, especially here, but this is so much worse.",milton,,2024-10-04 19:50,community_discussion
lqco8he,t3_1fvymo5,t1_lqb39h3,NorthCarolina,Eligius_MS,2024-10-04T19:50:21+00:00,7,Lot of people don't understand that FEMA's not in charge. It's the locals/state folks who direct where everything goes. FEMA supplies resources and coordinates getting out of state folks into the area for the most part.,milton,fema,2024-10-04 19:50,community_discussion
lqcobe7,t3_1fvygrj,t1_lqcb7vu,NorthCarolina,pipebomb,2024-10-04T19:50:47+00:00,-3,Interesting anecdote. Looks like it was mainly a communication problem with that guy.,milton,,2024-10-04 19:50,community_discussion
lqcobz4,t3_1fw2zt8,t1_lqbqdeo,NorthCarolina,Cool_Transition697,2024-10-04T19:50:52+00:00,-35,"Nah, Kamalala doesn't care, as they aren't black enough.",milton,,2024-10-04 19:50,community_discussion
lqcocam,t3_1fw2zt8,t1_lqcnp90,NorthCarolina,barkeepbill,2024-10-04T19:50:55+00:00,-7,send me their email addresses,milton,,2024-10-04 19:50,community_discussion
lqcofut,t3_1fw2zt8,t1_lqclqsa,NorthCarolina,Nomad4281,2024-10-04T19:51:28+00:00,4,Fair point.,milton,,2024-10-04 19:51,community_discussion
lqcokf6,t3_1fw2zt8,t1_lqcf5gf,NorthCarolina,DynamicCashew43,2024-10-04T19:52:10+00:00,16,Tell us you failed your science class without telling us.,milton,,2024-10-04 19:52,community_discussion
lqcou01,t3_1fvymo5,t1_lqcfao4,NorthCarolina,ncsu22Mom,2024-10-04T19:53:36+00:00,3,Thank you for the chuckle.,milton,,2024-10-04 19:53,community_discussion
lqcou3u,t3_1fvymo5,t1_lqb5aca,NorthCarolina,Miserable-Film5943,2024-10-04T19:53:37+00:00,8,Don't wuss out now that we've asked. Please enlighten us all.,milton,,2024-10-04 19:53,community_discussion
lqcp2mr,t3_1fvymo5,t1_lqco8he,NorthCarolina,New_Section_9374,2024-10-04T19:54:54+00:00,3,"And we couldn’t communicate with anyone for far too long. Cell towers down, land lines ripped out by flood. It’s hard to get help when you can’t call for it. It’s a critical soft point that will need to be addressed. Just not right now.",milton,flood,2024-10-04 19:54,community_discussion
lqcp5sz,t3_1fvygrj,t1_lqc1tr7,NorthCarolina,kramerica_intern,2024-10-04T19:55:23+00:00,8,"Yeah I feel like people are expecting to see aid workers with FEMA polos running around. FEMA provides resources and assistance in ways that isn't necessarily super visible, or what they provide is physically given out by other agencies or NGOs.",milton,fema,2024-10-04 19:55,community_discussion
lqcpaf8,t3_1fvymo5,t1_lqay4dn,NorthCarolina,justredditinit,2024-10-04T19:56:04+00:00,0,"When I lived in AZ, a local broadcaster once referred to our form of state government as a “Kookacracy” and boy did that sure explain things.",milton,,2024-10-04 19:56,community_discussion
lqcpc4f,t3_1fvymo5,t1_lqca0t0,NorthCarolina,Kradget,2024-10-04T19:56:20+00:00,4,"You're aggressively ignoring clues currently, fella. Nobody's got time, inclination, or energy to set you up with the Clockwork Orange situation it would take to get your eyeballs oriented against your will.",milton,,2024-10-04 19:56,community_discussion
lqcpf49,t3_1fw2zt8,t1_lqbqdeo,NorthCarolina,CarlsDinner,2024-10-04T19:56:47+00:00,-38,"Do you not also agree though that a mere $750 is outrageous in the face of losing everything?

Even if they aren't calling it a day, no explanation has been provided as to why the aid has been segmented this way and what kind of aid is coming next and when. 

It's leading already cynical people to cynical conclusions, and I can't totally blame them.",milton,,2024-10-04 19:56,community_discussion
lqcplx1,t3_1fvygrj,t1_lqc4bly,NorthCarolina,kramerica_intern,2024-10-04T19:57:48+00:00,3,"What you think of as ""the town of Brevard"" is good and honestly looks very normal except way less tourists than usual in October. To be sure, plenty of low-lying residential areas were impacted but downtown, the college, etc are perfectly fine.",milton,,2024-10-04 19:57,community_discussion
lqcprgs,t3_1fvymo5,t1_lqco2pz,NorthCarolina,New_Section_9374,2024-10-04T19:58:39+00:00,2,Money will be shifted to cover this recovery. In fact that’s already happening. His ass will be fired. Anybody else you need to crucify?,milton,,2024-10-04 19:58,community_discussion
lqcprwr,t3_1fvymo5,t1_lqca0t0,NorthCarolina,ScumLikeWuertz,2024-10-04T19:58:43+00:00,12,capitalism fucks you and you blame democrats lol,milton,,2024-10-04 19:58,community_discussion
lqcpsgj,t3_1fvymo5,t1_lqbbg0c,NorthCarolina,missscarlett1977,2024-10-04T19:58:48+00:00,3,They have drones,milton,,2024-10-04 19:58,community_discussion
lqcpyvd,t3_1fvymo5,t1_lqb4lwk,NorthCarolina,Kradget,2024-10-04T19:59:47+00:00,3,"This here. I've never met anyone who was correct 100% of the time. It's not possible. 


But the solution to that is to pay attention and be willing to consider you're wrong, and maybe once in a while you feel like kind of a dumbass, and that's okay. It's the human condition.",milton,,2024-10-04 19:59,community_discussion
lqcq7xi,t3_1fvymo5,t3_1fvymo5,NorthCarolina,missscarlett1977,2024-10-04T20:01:11+00:00,-6,"I watched a man at a plastic company share about being forced to stay at his job during the flooding- many of his coworkers were killed because of this.  His friend snatched him up in the raging water and got him in the car, aved his life.  There was an explosion at a biolab- the air is thick with toxic poison.  So far our fema trucks havent been seen rescuing anybody.  They have drones to show whats going on- seen any drone foootage??  me neither.",milton,fema,2024-10-04 20:01,community_discussion
lqcqava,t3_1fvymo5,t1_lqaphpf,NorthCarolina,Kradget,2024-10-04T20:01:38+00:00,2,"Maybe cancel and put some of your refund into a donation to the Food Bank or similar, and spend some of your time off donating blood?",milton,,2024-10-04 20:01,community_discussion
lqcqbo4,t3_1fw2zt8,t1_lqcocam,NorthCarolina,Not_High_Maintenance,2024-10-04T20:01:45+00:00,13,"Why? So the psychologically imbalanced, like you, can terrorize them?",milton,,2024-10-04 20:01,community_discussion
lqcqcys,t3_1fw3i0h,t3_1fw3i0h,NorthCarolina,cowboyspidey,2024-10-04T20:01:57+00:00,5,i got paid yesterday and i think im able to go buy more things to donate. i’ll keep this in mind and try to find some!!!,milton,,2024-10-04 20:01,community_discussion
lqcqdeo,t3_1fvymo5,t1_lqcd3j9,NorthCarolina,[deleted],2024-10-04T20:02:01+00:00,1,[removed],milton,,2024-10-04 20:02,community_discussion
lqcqu7n,t3_1fvymo5,t1_lqcbat5,NorthCarolina,Miserable-Film5943,2024-10-04T20:04:35+00:00,6,"Do you even get that so many communities can't be reached without a lot of logistical planning? They are going to the worst hit, most severe places first. If people can drive in and help you, if the state is already there helping, it makes more sense for FEMA to start out trying to get to the remote areas first. It sounds like Beech Mountain is doing much better than, say, Lake Lure or Chimney Rock. They have to prioritize. Please have some common sense here. Think about all the communities that are trapped, homes that were built in gullies, the most isolated mountain communities. Those are the ones that need the emergency help first. I am not saying your family's community is trivial. I am saying that it sounds like they already have aid there and aren't as trapped or isolated as other spots right now. They will get there. Their priority is just going to be those more severe areas at first.",milton,fema,2024-10-04 20:04,community_discussion
lqcr3w8,t3_1fvygrj,t3_1fvygrj,NorthCarolina,S1r_Rav1x,2024-10-04T20:06:03+00:00,3,The lack of helicopters has to be to be total BS. I WFH 3 days a week and live in Lake Norman and Ive heard them throughout the day every day I’ve been at home this week,milton,,2024-10-04 20:06,community_discussion
lqcre1a,t3_1fvymo5,t1_lqc5bob,NorthCarolina,Kradget,2024-10-04T20:07:35+00:00,3,"You can also just believe, y'know, people who know what they're talking about instead of reports that because nobody wearing a FEMA shirt is knocking on doors that they're not there. Not when you can easily verify that there are thousands of people there and officials are actively begging people to submit requests for help if they can. 


That last isn't an exaggeration, there was a guy on the radio yesterday during my lunch break and he stopped answering questions to implore people to file for assistance so they could get started on getting it where it needs to go.",milton,fema,2024-10-04 20:07,community_discussion
lqcri4s,t3_1fvygrj,t1_lqb4up2,NorthCarolina,S1r_Rav1x,2024-10-04T20:08:13+00:00,13,The outsiders have no real clue how big WNC is and I think even those who live there are realizing it now when the whole entire area was devastated and the resources are having to try and cover it all. And this is with the Southwestern most counties not really being hit hard,milton,,2024-10-04 20:08,community_discussion
lqcrpk8,t3_1fvygrj,t3_1fvygrj,NorthCarolina,missscarlett1977,2024-10-04T20:09:21+00:00,-5,"Sorry- I havent seen any fema personnel on news, on community youtube pages, or on any drone footage.  Is fema personnell getting the little ones out of there who have no food or water?  Can you share fema's presence on any links?",milton,fema,2024-10-04 20:09,community_discussion
lqcrq4v,t3_1fw2zt8,t1_lqcqbo4,NorthCarolina,barkeepbill,2024-10-04T20:09:26+00:00,-9,"no, because there weren’t over a million Americans who died from covid. they labeled nearly every death as being covid related for a couple years.",milton,,2024-10-04 20:09,community_discussion
lqcrz74,t3_1fw3i0h,t1_lqcqcys,NorthCarolina,historywasrewritten,2024-10-04T20:10:50+00:00,3,"Thanks a lot, my aunt mentioned that any kind of solar powered lights (like tabletop ones and even the ones for garden beds) are highly sought after because everything is completely pitch dark as you can imagine!",milton,,2024-10-04 20:10,community_discussion
lqcs8eh,t3_1fw2zt8,t1_lqcmo83,NorthCarolina,jacobkuhn92,2024-10-04T20:12:15+00:00,13,"Yes. That’s exactly what I said. It doesn’t STOP the spread of the disease. But it does dramatically reduce the transmission rate and mortality rate. Which is why your weak ass attempt at a “gotcha” with the whole “my body my choice” thing is so stupid, and why I will indeed call you an idiot if you refused to get the vaccine. Because it isn’t just “your body” if not being vaccinated means that you accidentally gave your antivax grandma Covid, and it kills her",milton,,2024-10-04 20:12,community_discussion
lqcsggi,t3_1fvymo5,t1_lqbw3zt,NorthCarolina,SicilyMalta,2024-10-04T20:13:30+00:00,1,"And when someone says they confirmed, always ask for their sources!",milton,,2024-10-04 20:13,community_discussion
lqcsnj7,t3_1fw3i0h,t1_lqcb7bx,NorthCarolina,historywasrewritten,2024-10-04T20:14:35+00:00,6,"That’s awesome! I need to look into how starlink works because I realize I don’t know what deploying that would look like. 

Wanted to just add for anyone reading, my aunt also mentioned that any kind of solar powered lights (like tabletop ones and even the ones for garden beds) are highly sought after as well.",milton,,2024-10-04 20:14,community_discussion
lqcsqg8,t3_1fw2zt8,t1_lqcpf49,NorthCarolina,CodeMonkey24816,2024-10-04T20:15:02+00:00,21,"I mean $750 can go a long way when your goal is survival. Especially if it is just a short-term payment to keep the personal alive. I've definitely lived off of less.

How much would you say is needed for immediate survival needs?",milton,,2024-10-04 20:15,community_discussion
lqct8mg,t3_1fw3i0h,t3_1fw3i0h,NorthCarolina,beaverlakenc,2024-10-04T20:17:49+00:00,7,"My 2 cents, any care packages that are handed out, if they could be handed out with a Lowe's buckets (lids are in need too) and a roll of bags for liners

Each household needs a bucket....

Some are setting up homemade outhouses, (tent over a hole)

Buckets are being used to transport water also.

But in summary, there is a current bucket shortage (stores sold out)",milton,,2024-10-04 20:17,community_discussion
lqctaj2,t3_1fw07il,t1_lqb1wi2,NorthCarolina,Kradget,2024-10-04T20:18:06+00:00,3,They pop up and insist they're going to fix the problems they made up. Usually while telling you how the job can't be done.,milton,,2024-10-04 20:18,community_discussion
lqcte9r,t3_1fvymo5,t1_lqcnlaz,NorthCarolina,Strong_Outside8648,2024-10-04T20:18:42+00:00,-5,That wasn't a reply to OP. People can't get more brainwashed than reading what random anonymous accounts write online. That's how disinformation and Russian propaganda spreads.,milton,,2024-10-04 20:18,community_discussion
lqctiyj,t3_1fw07il,t1_lqbgxne,NorthCarolina,Kradget,2024-10-04T20:19:25+00:00,2,"You'll have to summon customer service in a salt and pig blood circle, but good luck with these hold times.",milton,,2024-10-04 20:19,community_discussion
lqctkm9,t3_1fw2zt8,t1_lqbqi25,NorthCarolina,CodeMonkey24816,2024-10-04T20:19:40+00:00,2,That's actually a really good idea. I wonder if that's already becoming a norm for agencies.,milton,,2024-10-04 20:19,community_discussion
lqctl92,t3_1fw07il,t1_lqbymor,NorthCarolina,Kradget,2024-10-04T20:19:46+00:00,3,Less publicity,milton,,2024-10-04 20:19,community_discussion
lqcu12x,t3_1fw07il,t1_lqb8kab,NorthCarolina,Kradget,2024-10-04T20:22:14+00:00,2,"Does that make the *Fear and Loathing in Las Vegas* conspiracy theory less true, or is it just that it's okay to support fucking lunatics if it hurts the right people more? 


Morrow is promising us the advanced public schooling of rural Arkansas. Maybe let's not get too psyched for it because that will be harder on the ""weird kids"" and brown kids than everyone else?",milton,,2024-10-04 20:22,community_discussion
lqcu4q4,t3_1fvymo5,t3_1fvymo5,NorthCarolina,tackyfew,2024-10-04T20:22:47+00:00,3,Hey good on you for showing integrity and vulnerability in this.  I truly admire you for this clarification post.,milton,,2024-10-04 20:22,community_discussion
lqcu4vq,t3_1fvymo5,t1_lqbbg0c,NorthCarolina,Mudfish2657,2024-10-04T20:22:48+00:00,-30,"Bullshit. Local radio people from Charlotte have been in and out of there.

CNN not interested because it doesn’t fit their narrative.

The current administration is failing, badly.",milton,,2024-10-04 20:22,community_discussion
lqcu7zd,t3_1fw89v5,t3_1fw89v5,NorthCarolina,Schrecht,2024-10-04T20:23:17+00:00,146,"Seriously, fuck trump and all those who support him.",milton,,2024-10-04 20:23,community_discussion
lqcum2p,t3_1fvymo5,t1_lqavsk9,NorthCarolina,Mudfish2657,2024-10-04T20:25:28+00:00,-11,"There are NO troops on the ground other than NG, and I’d you have proof otherwise then post it!",milton,,2024-10-04 20:25,community_discussion
lqcuue9,t3_1fw2zt8,t1_lqcobz4,NorthCarolina,Top_Bit420,2024-10-04T20:26:46+00:00,-40,Kamala doesn't gaf about anyone. 750 isn't nearly enough for those that lost everything! And then they expect us to help when he's taken millions from FEMA to give to illegals! This whole administration is garbage..,milton,fema,2024-10-04 20:26,community_discussion
lqcuytv,t3_1fvymo5,t1_lqcum2p,NorthCarolina,JUICYJ3R3,2024-10-04T20:27:28+00:00,9,"https://www.dvidshub.net/unit/24DODHURRICANE

Here’s a link with public photos of Soldiers who are assisting with support. Mostly 82nd Airborne guys.",milton,,2024-10-04 20:27,community_discussion
lqcv2m4,t3_1fvymo5,t1_lqaurzv,NorthCarolina,Mudfish2657,2024-10-04T20:28:04+00:00,-9,"How does $750 help when there are no stores? No transportation? Please explain.

I went through this in the Keys years ago. The going rate there was $350, but we had no way to buy anything. No car to get to a store.

Please send me pics of troops working on the ground, because I’ve seen none.",milton,,2024-10-04 20:28,community_discussion
lqcv2oc,t3_1fvygrj,t1_lqamtjc,NorthCarolina,johnplay26,2024-10-04T20:28:05+00:00,10,"You are correct, one of the biggest hurdles for this event and emergency response personnel is that the decentralized nature of the coves and hollers. What makes it even more difficult is that there are a significant number of roads that have been completely washed away and about 400 roads remain closed. There are about 100 communities that are completely isolated. As has been mention, this is the 3rd largest recovery mission behind 9/11 and Katrina. Local, State, and Federal partners have been working 24hrs around the clock since before the storm hit mobilizing resources and trying to ensure the safety of our citizens.

* If you would like to donate to the North Carolina Disaster Relief Fund, visit [nc.gov/donate](https://pay.payitgov.com/ncdonations).
* If you are seeking information on volunteer opportunities, please visit [nc.gov/working/volunteer-opportunities/volunteernc](https://www.nc.gov/working/volunteer-opportunities/volunteernc).",milton,storm,2024-10-04 20:28,community_discussion
lqcva05,t3_1fvymo5,t1_lqbo58l,NorthCarolina,Mudfish2657,2024-10-04T20:29:12+00:00,-9,"Why don’t you come up and visit us, and you can tell the truth, mkay?",milton,,2024-10-04 20:29,community_discussion
lqcvlfq,t3_1fvymo5,t1_lqawdgy,NorthCarolina,Mudfish2657,2024-10-04T20:30:56+00:00,-10,"No offense, but as a retired vet, you sound like you’re full of it.

Come on up to the mountains! Come on, we are here. Come on up and see the truth.",milton,,2024-10-04 20:30,community_discussion
lqcwdfd,t3_1fw2zt8,t3_1fw2zt8,NorthCarolina,matty30008227,2024-10-04T20:35:15+00:00,-19,They absolutely have been turning volunteers away.,milton,,2024-10-04 20:35,community_discussion
lqcwmto,t3_1fw8peo,t3_1fw8peo,NorthCarolina,Mywordispoontang101,2024-10-04T20:36:42+00:00,54,"They'll vote against it after, too.",milton,,2024-10-04 20:36,community_discussion
lqcwnty,t3_1fw2zt8,t1_lqcsqg8,NorthCarolina,CarlsDinner,2024-10-04T20:36:51+00:00,-27,"Well, $750 probably gets you a cheap hotel room for less than 7 days after tax. That's not including any food or really anything else.

If you fled your house with nothing you are going to need way more than that.

I imagine I've been hit by a car and my leg is broken. Uncle Sam walks over and hands me an ice bag and an aspirin.

Thanks a lot! I yell. *Hey, hey he chides, I didn't say I was done helping you* he then turns around, telling everyone to back off, he's got this. 

I think to myself ""Thank God the government is here"" and pass out",milton,,2024-10-04 20:36,community_discussion
lqcx529,t3_1fw8peo,t1_lqcwmto,NorthCarolina,MITByteCoder,2024-10-04T20:39:31+00:00,32,Nor will they lose any votes because of it. There has *never* been a group more willing to vote against their own best interests.,milton,,2024-10-04 20:39,community_discussion
lqcxgy5,t3_1fw3i0h,t1_lqcrz74,NorthCarolina,cowboyspidey,2024-10-04T20:41:20+00:00,3,im sure!! i will definitely look for those,milton,,2024-10-04 20:41,community_discussion
lqcxhjh,t3_1fw8peo,t3_1fw8peo,NorthCarolina,jtsa5,2024-10-04T20:41:25+00:00,13,They should just run this on a rotating ad over and over on TV.,milton,,2024-10-04 20:41,community_discussion
lqcxmr6,t3_1fw89v5,t3_1fw89v5,NorthCarolina,guiturtle-wood,2024-10-04T20:42:13+00:00,64,Every accusation is a confession.,milton,,2024-10-04 20:42,community_discussion
lqcxodm,t3_1fvymo5,t1_lqapgib,NorthCarolina,AIEngineer1984,2024-10-04T20:42:28+00:00,-10,"I am not going to believe a one-off social media comment, but when I’m reading dozens of eye-witness reports about how big of a screw-up FEMA is doing right now, I’m beginning to think it’s true.

FEMA: don’t believe your eyes and ears. We’ve got it under control!",milton,fema,2024-10-04 20:42,community_discussion
lqcxpw7,t3_1fvygrj,t3_1fvygrj,NorthCarolina,greyisgorgeous999,2024-10-04T20:42:42+00:00,2,"https://www.fema.gov/disaster/current/hurricane-helene/rumor-response Is FEMA having to take time away from disaster response to counter bad actors spreading lies.

An important thing to remember is FEMA coordinates and some of that coordinating may not be “boots on the ground” but hands on keyboards from further away…coordinating with folks from other agencies that are on the ground. Federal employees who don’t NEED to be in disaster zone to help are better off staying clear and leaving hotel rooms for those who can only get their work done boots on the ground.

I know someone who works for the EPA..they are working from Atlanta and Athens while planning to send personnel to the area “soon”. Right now they’d just be in the way. They will be there soon with superfund money to help clean up industry sites that are contaminating streams and rivers, also to make sure that drinking water is safe once cites get their plants running again. But if they’d showed up this week it would have been a water of time and money as well as getting in the way of urgent need!",milton,hurricane|fema,2024-10-04 20:42,community_discussion
lqcxqkv,t3_1fw89v5,t3_1fw89v5,NorthCarolina,jtsa5,2024-10-04T20:42:49+00:00,30,If only the news would talk about stuff like this. They seem to be scared or unwilling to.,milton,,2024-10-04 20:42,community_discussion
lqcy05w,t3_1fvygrj,t1_lqbq20h,NorthCarolina,versus--the--world,2024-10-04T20:44:17+00:00,6,"I was born and raised in Franklin, NC. I live half the year there and run a small business of rental cabins we have built all from resources on our own land, by our own hands. Go fuck yourself. I was there and in it. Quit your judgments and have some fucking empathy. It’s my home and I protect the ever living shit out of my Appalachian heritage. What I saw, I hope you never ever see in your life.",milton,,2024-10-04 20:44,community_discussion
lqcyfgf,t3_1fw89v5,t1_lqcu7zd,NorthCarolina,Themako1,2024-10-04T20:46:39+00:00,-125,"Well, both parties lie pretty bad. Mayorkas has been caught in lies throughout his entire term. I honestly don’t see how he still has a job.",milton,,2024-10-04 20:46,community_discussion
lqcygio,t3_1fvygrj,t1_lqb79gd,NorthCarolina,versus--the--world,2024-10-04T20:46:49+00:00,1,Thank you. We can get to GA but it is not easy. My parents are older and it’s difficult to put any stress on them. My mom was scheduled for life-saving heart surgery today in Asheville and now we are all just praying as much as we can because we don’t know when it will come.,milton,,2024-10-04 20:46,community_discussion
lqcymn1,t3_1fw2zt8,t1_lqcuue9,NorthCarolina,[deleted],2024-10-04T20:47:46+00:00,1,[removed],milton,,2024-10-04 20:47,community_discussion
lqcypd0,t3_1fw2zt8,t1_lqc4eig,NorthCarolina,sputler,2024-10-04T20:48:11+00:00,8,"Again... which is it? Did you say neither of those things... or did you say both of them?  

A fucking 1st grader could see through your lies. You can't even keep your story straight for 2 sentences.",milton,,2024-10-04 20:48,community_discussion
lqcz7uo,t3_1fw8peo,t1_lqcx529,NorthCarolina,Themako1,2024-10-04T20:51:01+00:00,-45,"And it’s different for there other party lol. Look where they have allocated billions of dollars. Reasons why nothing with ever get done in this country. It’s one party against the other every step of the way. Every single comment is just blaming that other party while taking no responsibility for their party. Both parties sucks and people suffer. This is how government work lol. If you think your party or politician actually gives a shit about you, you are delusional. They pad their own pocketed every step of the way. The reason why they’ll never pass a law preventing congressman from placing trades.",milton,,2024-10-04 20:51,community_discussion
lqczmkj,t3_1fw8peo,t3_1fw8peo,NorthCarolina,WashuOtaku,2024-10-04T20:53:17+00:00,-40,"OP, this has been posted before and removed because it's off-topic.",milton,,2024-10-04 20:53,community_discussion
lqczog0,t3_1fvymo5,t1_lqbgwoa,NorthCarolina,jbascnc,2024-10-04T20:53:34+00:00,10,Some news stations might welcome a video you shot that shows what is going on in your town.,milton,,2024-10-04 20:53,community_discussion
lqczpbj,t3_1fw8peo,t3_1fw8peo,NorthCarolina,Acrobatic-Let-6620,2024-10-04T20:53:42+00:00,10,I wonder if they know that FEMA subsidizes flood insurance in Florida and without it peoples flood insurance would increase 10x what it is now.,milton,flood|fema,2024-10-04 20:53,community_discussion
lqd01ch,t3_1fvymo5,t1_lqcvlfq,NorthCarolina,JUICYJ3R3,2024-10-04T20:55:34+00:00,7,"I can always tell who the asshole was while in the Army, because as soon as they get out they always begin their opinions with “As a veteran….”

As a veteran you should know how the DoD works and how NG will naturally do a lot of the ground work as they are trained in disaster response whereas the majority of active duty is not. 

Either way there is photo evidence along with official orders stating 1,000 active duty Soldiers are boots on the ground in NC. That’s not even counting the Combat Aviation Brigades that have been assisting.",milton,,2024-10-04 20:55,community_discussion
lqd0cdx,t3_1fw8peo,t1_lqcz7uo,NorthCarolina,MITByteCoder,2024-10-04T20:57:16+00:00,10,">  Both parties sucks

My wife and I paid off $120k in student loans and are 100% in favor of student debt relief. It would have saved us years of payments and would have allowed us to start a family earlier.

Republicans are doing everything in their power to prevent Biden from helping people in dire need of that type of help. Republicans have no fucking problem giving out PPP loans to companies that didn't have to pay them back. But heaven forbid a young person gets some help.

Every single Democrat voted for the FEMA relief two weeks ago. Almost all Republican voted against it (even those those Matt Gaetz who knew his state would be hit hard).

I am so fucking tired of people like you. Both parties are NOT the same.

Grow up and please... take a class or read a book. You write like a 4th grader. And I say that as someone who literally does AI research at MIT/CSAIL.",milton,power|fema,2024-10-04 20:57,community_discussion
lqd0fe0,t3_1fw2zt8,t3_1fw2zt8,NorthCarolina,keithw43,2024-10-04T20:57:44+00:00,-11,I love watching you guys turn a rescue effort into Libs vs Maga or whatever tf is going on the comments,milton,,2024-10-04 20:57,community_discussion
lqd0h4g,t3_1fw2zt8,t1_lqcwdfd,NorthCarolina,detail_giraffe,2024-10-04T20:58:01+00:00,13,"FEMA doesn't TAKE volunteers, ever. They are a government organization, not a volunteer-run or -staffed organization. When you say 'they' have been turning volunteers away, who do you mean?",milton,fema,2024-10-04 20:58,community_discussion
lqd0j1n,t3_1fw2zt8,t1_lqcwnty,NorthCarolina,CodeMonkey24816,2024-10-04T20:58:19+00:00,20,"Ahh. I see the confusion. It actually doesn't go towards lodging. That is another form of assistance.


Here you go. This might clear up the confusion. https://www.fema.gov/node/fema-will-only-provide-750-disaster-survivors-support-their-recovery",milton,fema,2024-10-04 20:58,community_discussion
lqd0lp4,t3_1fw2zt8,t1_lqcff28,NorthCarolina,jacobkuhn92,2024-10-04T20:58:44+00:00,9,"No it isn’t, stop talking out your ass",milton,,2024-10-04 20:58,community_discussion
lqd0qoq,t3_1fvymo5,t1_lqcfao4,NorthCarolina,Timberfly813,2024-10-04T20:59:31+00:00,1,Shut up,milton,,2024-10-04 20:59,community_discussion
lqd0uqb,t3_1fw8peo,t1_lqcz7uo,NorthCarolina,Kradget,2024-10-04T21:00:10+00:00,14,It's interesting how the effort here is just to try to make it so nobody did the right thing and to pass out helplessness and despair.,milton,,2024-10-04 21:00,community_discussion
lqd0ymq,t3_1fw8peo,t1_lqczmkj,NorthCarolina,wcu25rs,2024-10-04T21:00:46+00:00,27,"Nope, it's on topic.  We have a shit stain republican Representative Dan Bishop that voted against it.  ",milton,,2024-10-04 21:00,community_discussion
lqd19bp,t3_1fw89v5,t1_lqcyfgf,NorthCarolina,thepottsy,2024-10-04T21:02:28+00:00,26,Is Mayorkas in the room with us now?,milton,,2024-10-04 21:02,community_discussion
lqd1c1y,t3_1fw8peo,t1_lqd0ymq,NorthCarolina,WashuOtaku,2024-10-04T21:02:54+00:00,-30,"No, it is not. This is just a list. If you want to talk about Dan Bishop, post an article about him specifically.",milton,,2024-10-04 21:02,community_discussion
lqd1cw6,t3_1fw8peo,t1_lqd0cdx,NorthCarolina,Themako1,2024-10-04T21:03:02+00:00,-17,"lol I did not say both parties are the same. You are just stuck on one side which is why there is no bipartisanship. Yea, obviously you think it’s great if you had your student loans relieved. I would think it’s great if they would forgive everyone’s mortgage also. Not everything is simple. Hopefully you’re of the younger age  because if this is how you think and are grown…oh boy lol, you are in for a rude awakening",milton,,2024-10-04 21:03,community_discussion
lqd1dce,t3_1fvymo5,t1_lqca0t0,NorthCarolina,MiloDroppedOut,2024-10-04T21:03:07+00:00,1,Your candidate raped a fucking 13 year old. Get fucking real,milton,,2024-10-04 21:03,community_discussion
lqd1hvt,t3_1fvygrj,t1_lqasl93,NorthCarolina,Mycowrangler,2024-10-04T21:03:51+00:00,-5,Maybe they will move back to California now.,milton,,2024-10-04 21:03,community_discussion
lqd1p9s,t3_1fw8peo,t1_lqd0cdx,NorthCarolina,Themako1,2024-10-04T21:05:03+00:00,-16,Read a book about what? Ask me about finances and I can tell you. You should probably take your own advice and research a little.,milton,,2024-10-04 21:05,community_discussion
lqd1s61,t3_1fw8peo,t1_lqd1c1y,NorthCarolina,wcu25rs,2024-10-04T21:05:31+00:00,22,"He's mentioned, it's on topic.  People need to know what their reps are doing, especially when it completely goes against helping the people they are supposed to be helping.  ",milton,,2024-10-04 21:05,community_discussion
lqd28x0,t3_1fw89v5,t1_lqcyfgf,NorthCarolina,Schrecht,2024-10-04T21:08:11+00:00,69,"Hey, cool!  I haven't seen a ""muh both sides"" for at least a minute.

In case you don't understand, the two parties DO NOT lie at the same level.",milton,,2024-10-04 21:08,community_discussion
lqd2drg,t3_1fw89v5,t1_lqd28x0,NorthCarolina,Themako1,2024-10-04T21:08:59+00:00,-69,"lol ok, if you say so little man",milton,,2024-10-04 21:08,community_discussion
lqd2prk,t3_1fw8peo,t1_lqd1cw6,NorthCarolina,MITByteCoder,2024-10-04T21:10:56+00:00,8,"I'm 52. I was an early engineer hire at MS and then worked on the original iPhone at Apple. Now I do advanced research at MIT. I can *assure* you that my life is fine... thank you very much. 

Oh... you want mortgage relief? Is that because you have one? If so, you are a typical Republican - you only care about things that impact you directly. Like I said, I paid $120k in student loans and would *love* to see people get some help. It isn't just about you. 

Like I said, I am fucking exhausted knowing people like you (apathetic and can barely write properly) think you understand how the government works when you are literally making ""arguments"" that a middle-schooler would be proud of.",milton,,2024-10-04 21:10,community_discussion
lqd2qjz,t3_1fw8peo,t1_lqczmkj,NorthCarolina,stainedglass333,2024-10-04T21:11:04+00:00,12,Have you unlocked the Honorary Mod badge yet?,milton,,2024-10-04 21:11,community_discussion
lqd2xq5,t3_1fw2zt8,t1_lqcmo83,NorthCarolina,wahoozerman,2024-10-04T21:12:13+00:00,11,"You are confusing the right to do things with the right to not be criticized for your actions.

It's absolutely possible to respect someone's right to have an opinion on something, and also to call them an idiot for having that opinion.

You've got the right to smear yourself in dog shit and hang out in Times Square reciting Mien Kampf if you want. But you're an idiot and an asshole for doing it.",milton,,2024-10-04 21:12,community_discussion
lqd3hyo,t3_1fw89v5,t1_lqcyfgf,NorthCarolina,stainedglass333,2024-10-04T21:15:29+00:00,53,"I see you both sides-ing everywhere yet not once did you provide a single specific to support your BothSides^TM message. Wonder why. 

Kidding. We all know why.",milton,,2024-10-04 21:15,community_discussion
lqd3vw2,t3_1fw89v5,t1_lqcu7zd,NorthCarolina,DVN123456,2024-10-04T21:17:45+00:00,-146,"This relief effort is an absolute cluster by all measures and you people are such partisan hacks, it’s all gotta be trumps fault.   What an absolute joke.",milton,,2024-10-04 21:17,community_discussion
lqd3wlx,t3_1fw2zt8,t1_lqcuue9,NorthCarolina,[deleted],2024-10-04T21:17:53+00:00,1,[removed],milton,,2024-10-04 21:17,community_discussion
lqd3x10,t3_1fw2zt8,t1_lqcobz4,NorthCarolina,[deleted],2024-10-04T21:17:57+00:00,1,[removed],milton,,2024-10-04 21:17,community_discussion
lqd3zxu,t3_1fw2zt8,t1_lqcpf49,NorthCarolina,mike_b_nimble,2024-10-04T21:18:26+00:00,1,The entire point of this post is that people like you believe stupid-ass shit like this that is categorically untrue.  You're opinion is bad and you should feel bad.,milton,,2024-10-04 21:18,community_discussion
lqd43m3,t3_1fw8peo,t1_lqd2prk,NorthCarolina,Themako1,2024-10-04T21:19:02+00:00,-2,lol yup that’s it. I’m fine I do very well investing so i don’t have a mortgage anymore. I find it funny how some people in America want only a one party government though. Pretty sad.,milton,,2024-10-04 21:19,community_discussion
lqd4421,t3_1fw2zt8,t1_lqc5b8r,NorthCarolina,mike_b_nimble,2024-10-04T21:19:06+00:00,1,The entire point of this post is that people like you believe stupid-ass shit like this that is categorically untrue.  You're opinion is bad and you should feel bad.,milton,,2024-10-04 21:19,community_discussion
lqd48pi,t3_1fw8peo,t1_lqd2prk,NorthCarolina,Themako1,2024-10-04T21:19:50+00:00,-3,Sorry for having a opinion btw,milton,,2024-10-04 21:19,community_discussion
lqd4vxp,t3_1fw8peo,t1_lqd1s61,NorthCarolina,WashuOtaku,2024-10-04T21:23:38+00:00,-19,"This is just another generic political sh\*t post. If you want to talk about Dan Bishop, then post an article about him on that topic. Please stop justifying why this is an exception, it is not.",milton,,2024-10-04 21:23,community_discussion
lqd5avq,t3_1fw2zt8,t3_1fw2zt8,NorthCarolina,biffmangram,2024-10-04T21:26:05+00:00,8,"Once the companies monetized engagement, this kind of rampant and blatantly false narrative is the kind of bullshit we were always doomed to get in return.",milton,,2024-10-04 21:26,community_discussion
lqd5nw7,t3_1fvymo5,t1_lqb27cv,NorthCarolina,pHScale,2024-10-04T21:28:15+00:00,6,">  I imagine many just aren’t going to bother to navigate in

I know many have said that they aren't going to get in until it's safe and clear to do so. Let the rescue missions happen unimpeded, *then* come in to report.",milton,,2024-10-04 21:28,community_discussion
lqd5oh0,t3_1fw89v5,t1_lqd3hyo,NorthCarolina,Themako1,2024-10-04T21:28:21+00:00,-34,About what?,milton,,2024-10-04 21:28,community_discussion
lqd5s33,t3_1fvymo5,t1_lqcpsgj,NorthCarolina,pHScale,2024-10-04T21:28:56+00:00,2,Drones can't conduct interviews.,milton,,2024-10-04 21:28,community_discussion
lqd5vj3,t3_1fw89v5,t3_1fw89v5,NorthCarolina,AMagicalKittyCat,2024-10-04T21:29:31+00:00,139,"TL:DR for people.

FEMA's shelter and services program is by *Congress*, and **does not use disaster fund** money but rather CBP funds transferred over that they administer grants for. 

Meanwhile the Trump admin **directly took 155 million from the disaster fund** itself.",milton,fema,2024-10-04 21:29,community_discussion
lqd5y57,t3_1fw89v5,t1_lqd3hyo,NorthCarolina,Themako1,2024-10-04T21:29:56+00:00,-45,Are you suggesting that one party tells no lies ever?,milton,,2024-10-04 21:29,community_discussion
lqd616r,t3_1fw89v5,t1_lqd19bp,NorthCarolina,Themako1,2024-10-04T21:30:26+00:00,-5,"Possibly, how would I know?",milton,,2024-10-04 21:30,community_discussion
lqd65gq,t3_1fw8peo,t1_lqd43m3,NorthCarolina,MITByteCoder,2024-10-04T21:31:08+00:00,5,"I don't want a single party government, genius. I want Republicans to start acting like they the did pre-Trump. They weren't anti-science, anti-facts; the Republican Presidents of the past wouldn't have given a press conference claiming that ""covid might be cured by injecting light into the body"". 

There is absolutely nothing wrong with classic Republican ideals but that is NOT where we are any longer. Now we have Mark Robinson who is a literal moron who wants to push his Christo-facist bullshit all while having his own abortion and being a fucking pervert online.

I didn't agree with everything John McCain believed but he was a damn good American.

Now we have to listen to Trump whine about crowd sizes. He won't release his medical records (as all Presidents have done before). His sells Bibles, NFTs, and gold sneakers (""we hear the blacks love them!"")

A two party system only works when both parties are comprised of people who want to help ALL Americans (not just the ones who vote for them).

And, I can't believe I have to state this but your ""opinion"" is not a fact. You get that, right? Claiming that immigrants are eating pets is an opinion. It is NOT a fact. The current batch of Republicans (MTG, Bobo, Gaetz, etc.) are morons. MTG is now claiming that Democrats are controlling the weather. How can we take people seriously when they vote for the dumbest among us?

I don't want a single-party system. I want our leaders to be... well... not fucking idiots.

Now go back to your ""investing"". I hear DJT is going to rally. /s",milton,weather,2024-10-04 21:31,community_discussion
lqd687p,t3_1fw8peo,t1_lqd0uqb,NorthCarolina,Themako1,2024-10-04T21:31:34+00:00,-17,"No, you turned a disaster into political nonsense like everyone else is doing",milton,,2024-10-04 21:31,community_discussion
lqd6sci,t3_1fw8peo,t1_lqd687p,NorthCarolina,Kradget,2024-10-04T21:34:55+00:00,12,"No, I'm just pointing out that there is help out there and on the way, and not giving your both sides nonsense any credit",milton,,2024-10-04 21:34,community_discussion
lqd6vx4,t3_1fw8peo,t1_lqd65gq,NorthCarolina,Themako1,2024-10-04T21:35:31+00:00,0,lol in my career it doesn’t matter who wins. I play both sides of the market. I think neither party is qualified to lead. Best of luck to you though.,milton,,2024-10-04 21:35,community_discussion
lqd6xnh,t3_1fw89v5,t1_lqd5y57,NorthCarolina,stainedglass333,2024-10-04T21:35:48+00:00,48,You should get some wheels for those goalposts. They’ll make it much faster to move them.,milton,,2024-10-04 21:35,community_discussion
lqd78q2,t3_1fw99rs,t3_1fw99rs,NorthCarolina,patbagger,2024-10-04T21:37:35+00:00,-170,"Because the Government always tells the truth, 
☝️😄👍",milton,,2024-10-04 21:37,community_discussion
lqd794e,t3_1fw89v5,t1_lqd6xnh,NorthCarolina,Themako1,2024-10-04T21:37:39+00:00,-9,Ok lol,milton,,2024-10-04 21:37,community_discussion
lqd7m0g,t3_1fw89v5,t1_lqcyfgf,NorthCarolina,sputler,2024-10-04T21:39:46+00:00,39,"Trump is the first and only President to not ensure the peaceful transfer of power and he incited an insurrection that led to the storming of the Capitol.   

I don't see how his followers still have citizenship.",milton,power,2024-10-04 21:39,community_discussion
lqd7qfa,t3_1fvygrj,t3_1fvygrj,NorthCarolina,RaceMooseZ,2024-10-04T21:40:29+00:00,2,"If you know someone who has been affected by Helene, encourage them to call the Legal Aid NC Helpline at (866) 219-5262 to learn more about how Legal Aid may be able to assist them with disaster recovery. 

Please also share this information with your networks so that it can reach those who need it.  Dedicated lines have been added for disaster relief, and pro bono attorneys are already providing assistance. 

Find additional help online at [LegalAidNC](https://legalaidnc.org/tropical-storm-helene-disaster-assistance/)",milton,storm,2024-10-04 21:40,community_discussion
lqd7qzl,t3_1fw89v5,t3_1fw89v5,NorthCarolina,GoldenTeeShower,2024-10-04T21:40:35+00:00,-51,Undocumented immigrant = illegal immigrant.  Why is that so hard for yall?,milton,,2024-10-04 21:40,community_discussion
lqd7st5,t3_1fw89v5,t1_lqd7m0g,NorthCarolina,Themako1,2024-10-04T21:40:53+00:00,-3,I’m not sure. I don’t think breaking the law revokes citizenship . Probably wouldn’t be much people left in this country.,milton,,2024-10-04 21:40,community_discussion
lqd7tle,t3_1fvymo5,t3_1fvymo5,NorthCarolina,Nachtstuck,2024-10-04T21:41:00+00:00,3,I am  totally aware of that. Thanks to you I know the troubles you feel. Here in Europe the news is appallin,milton,,2024-10-04 21:41,community_discussion
lqd84xn,t3_1fw89v5,t1_lqd3vw2,NorthCarolina,biggmattdogg,2024-10-04T21:42:52+00:00,93,"Nobody is claiming the disaster is Trumps fault. However, Trumpers are falsely claiming it is Biden’s fault, and making the whole situation significantly more difficult",milton,,2024-10-04 21:42,community_discussion
lqd85lc,t3_1fw8peo,t1_lqd6vx4,NorthCarolina,MITByteCoder,2024-10-04T21:42:58+00:00,2,"Yeah... this was worthless (as expected).

All you've effectively said here is, ""the gobernment is all the same man... they don't car about u"". You've literally not sited a single fact to back up your ""points"". You are simply spewing bullshit that you believe with absolutely zero proof.

I have listed things Democrats *want* to do to help Americans but are being prevented by Republicans. You can't claim ""it's the same"" while almost every single measure shows otherwise.

The 10 worst states wrt education, health, and innovation are ALL red states. Red states consume more governmental resources than blue states. Again, that is a fact. 

> lol in my career it doesn’t matter who wins.

Exactly... the only thing that matters to you is you. No worries... the rest of us will continue to fight for Americans regardless of who they vote for. I've been so incredibly fortunate in my life and I want everyone else to have the same chances. That is what I worry about.",milton,,2024-10-04 21:42,community_discussion
lqd8cz4,t3_1fw99rs,t1_lqd78q2,NorthCarolina,Afraid_Union_8451,2024-10-04T21:44:11+00:00,53,They don't always lie either,milton,,2024-10-04 21:44,community_discussion
lqd8d0i,t3_1fw89v5,t1_lqd616r,NorthCarolina,[deleted],2024-10-04T21:44:12+00:00,1,[removed],milton,,2024-10-04 21:44,community_discussion
lqd8e4v,t3_1fw8peo,t1_lqd85lc,NorthCarolina,Themako1,2024-10-04T21:44:23+00:00,0,LMAO fight the good fight,milton,,2024-10-04 21:44,community_discussion
lqd8hvt,t3_1fw8peo,t1_lqd85lc,NorthCarolina,Themako1,2024-10-04T21:45:01+00:00,0,You are literally wasting your time time typing out paragraphs on Reddit. You got this.,milton,,2024-10-04 21:45,community_discussion
lqd8iw9,t3_1fw8peo,t1_lqd8e4v,NorthCarolina,MITByteCoder,2024-10-04T21:45:11+00:00,1,So... no points? No data? Just your typical Republican bullshitter?,milton,,2024-10-04 21:45,community_discussion
lqd8pj7,t3_1fw8peo,t1_lqd8iw9,NorthCarolina,Themako1,2024-10-04T21:46:17+00:00,1,"No, I’m killing time on the way to the airport. I’m not a republican btw",milton,,2024-10-04 21:46,community_discussion
lqd902m,t3_1fwao4a,t3_1fwao4a,NorthCarolina,WashuOtaku,2024-10-04T21:48:03+00:00,7,OP broke rule 5.,milton,,2024-10-04 21:48,community_discussion
lqd92oz,t3_1fw99rs,t1_lqd8cz4,NorthCarolina,patbagger,2024-10-04T21:48:30+00:00,-58,😂,milton,,2024-10-04 21:48,community_discussion
lqd9684,t3_1fw8peo,t1_lqd8hvt,NorthCarolina,MITByteCoder,2024-10-04T21:49:05+00:00,1,"See... you don't even understand what is happening here.

I'm not talking to you, dumbass. I'm talking to the people who are literally voting on these comments.

It is important to see what it looks like when an intelligent person interacts with someone who bases their beliefs on bullshit. 

We'd love you to come up to Cambridge for a visit. Maybe you could give a talk on ""Why Democrats Don't Want a Two Party System"". /s",milton,,2024-10-04 21:49,community_discussion
lqd97aj,t3_1fw89v5,t3_1fw89v5,NorthCarolina,wanderingmanimal,2024-10-04T21:49:16+00:00,27,"All the rumors about the evil government are coming from the Red Hats, and that’s all you need to know.",milton,,2024-10-04 21:49,community_discussion
lqd99pl,t3_1fw8peo,t1_lqd9684,NorthCarolina,Themako1,2024-10-04T21:49:39+00:00,0,"No, I have no idea.",milton,,2024-10-04 21:49,community_discussion
lqd99o1,t3_1fwao4a,t3_1fwao4a,NorthCarolina,KulaanDoDinok,2024-10-04T21:49:39+00:00,4,The federal government has given everything the state governors have requested. Fuck off with this misinformation.,milton,,2024-10-04 21:49,community_discussion
lqd9bkn,t3_1fwao4a,t3_1fwao4a,NorthCarolina,New_Section_9374,2024-10-04T21:49:58+00:00,5,"Take your Prozac, your hysteria is showing. First and simplest: Every thing we’ve sent to the Ukraine is our old, unused weaponry rusting in some armory somewhere. The dollar amount you’re screaming about was how much that outdated junk cost when it was brand new and current top of the line stuff.  Second, I’m just west of Asheville and we are getting help. Our few functioning roads are clogged with everything from old hillbilly trucks to military equipment. Our skies are full of helicopters, both private and military, light and heavy lifters, and prop planes. We don’t need your “news or analysis”. Go be useful and stop wasting oxygen. Help someone.",milton,,2024-10-04 21:49,community_discussion
lqd9c0j,t3_1fw89v5,t1_lqd7st5,NorthCarolina,sputler,2024-10-04T21:50:03+00:00,27,"You missed the point entirely. If you hate this country so much that you could bear to bring yourself to follow/support someone who tried to destroy it at its very foundations... why would you want to keep your citizenship? Trump isn't just a traitor, he's as much a personification of the idea of being a traitor as Benedict Arnold... probably moreso. He didn't just change sides, he incited his followers to call for the execution of his own VP because he had the audacity to follow the law instead of him.  

You cannot want Trump as your leader and love the USA at the same time. You must hate democracy and the US to follow him... so why are they still citizens?",milton,,2024-10-04 21:50,community_discussion
lqd9cna,t3_1fw8peo,t1_lqd9684,NorthCarolina,Themako1,2024-10-04T21:50:09+00:00,0,I didn’t say that,milton,,2024-10-04 21:50,community_discussion
lqd9ecn,t3_1fvymo5,t1_lqcu4vq,NorthCarolina,darwinisundefeated,2024-10-04T21:50:26+00:00,9,"You are lying, stop politicizing this tragedy.",milton,,2024-10-04 21:50,community_discussion
lqd9lyf,t3_1fvymo5,t1_lqcpsgj,NorthCarolina,darwinisundefeated,2024-10-04T21:51:42+00:00,2,I suspect you’ve seen all the aerial footage that can be gotten. This is heavily wooded territory.,milton,,2024-10-04 21:51,community_discussion
lqd9y95,t3_1fw89v5,t1_lqd9c0j,NorthCarolina,Themako1,2024-10-04T21:53:45+00:00,-1,Ok,milton,,2024-10-04 21:53,community_discussion
lqda2dl,t3_1fw8peo,t1_lqd9684,NorthCarolina,Themako1,2024-10-04T21:54:27+00:00,-1,"You get awfully mad, very unhealthy.",milton,,2024-10-04 21:54,community_discussion
lqda509,t3_1fvymo5,t1_lqb27cv,NorthCarolina,gadanky,2024-10-04T21:54:53+00:00,8,"The CNN girl and team did a deep dive in up one hollow far as they could get one day this week and did a good story on what’s being done along with the tree clearing and washed out road challenges with the FEMA guy and some specialist rescue searchers.    Up to a certain point the authorities on the ground prob don’t want or have space for crews - in the way.  Some regular folks ( that don’t jump on a political rant) are going pretty good doing clips of their specific situation and better than NEWS crew anyway).     With the sky full of helicopters, their news choppers just add to the hazards.   They’ll prob get more coverage going when appropriate .",milton,fema,2024-10-04 21:54,community_discussion
lqdaecz,t3_1fwao4a,t3_1fwao4a,NorthCarolina,SeaSox1973,2024-10-04T21:56:26+00:00,1,Fuck off.,milton,,2024-10-04 21:56,community_discussion
lqdaesp,t3_1fwao4a,t3_1fwao4a,NorthCarolina,deathbychips2,2024-10-04T21:56:31+00:00,4,"So um the military budget is not related to the aide budget. Also like someone else said the majority of ""wealth"" we are giving Ukraine is physical goods of old military equipment and ammo that we won't use",milton,,2024-10-04 21:56,community_discussion
lqdagp1,t3_1fw89v5,t3_1fw89v5,NorthCarolina,missscarlett1977,2024-10-04T21:56:50+00:00,-28,It doesnt matter to me who did it anymore- I am so sick and tired of all our resources being funneled to foreign interests.  Especially when our system has to rely on private pilots to fly in on their own dime and rescue new moms and babies.  Its a very sad time when our hard earned tax money isnt used to help our own people.,milton,,2024-10-04 21:56,community_discussion
lqdaw6l,t3_1fw89v5,t1_lqd6xnh,NorthCarolina,OssumFried,2024-10-04T21:59:29+00:00,27,Sleds are better so you can get in a killer quad workout while you're at it.,milton,,2024-10-04 21:59,community_discussion
lqdaxw9,t3_1fwao4a,t3_1fwao4a,NorthCarolina,6a6566663437,2024-10-04T21:59:46+00:00,4,"[https://www.fema.gov/disaster/current/hurricane-helene/rumor-response](https://www.fema.gov/disaster/current/hurricane-helene/rumor-response)

Stop platforming liars.",milton,hurricane|fema,2024-10-04 21:59,community_discussion
lqdaywe,t3_1fvygrj,t1_lqbjs8s,NorthCarolina,rswoodr,2024-10-04T21:59:57+00:00,5,"Here’s FEMA’s response to this lie, please stop spreading misinformation: [https://www.fema.gov/node/fema-does-not-have-enough-money-provide-disaster-assistance-helene](https://www.fema.gov/node/fema-does-not-have-enough-money-provide-disaster-assistance-helene)",milton,fema,2024-10-04 21:59,community_discussion
lqdb035,t3_1fw8peo,t1_lqda2dl,NorthCarolina,MITByteCoder,2024-10-04T22:00:09+00:00,1,"I'm literally sitting here with my wife laughing about this conversation.

I'm sure you're not exactly used to talking to someone who can communicate clearly with very little effort. I'm not mad. This isn't difficult for me - I enjoy trying to understand people like you. I mean, you're exhausting sure, but it is definitely interesting.

You know what? Dig deep and see if you can make a fact-based point that backs up your ""neither party is fit to lead"" bullshit.

One party trusts scientists. One party believes that a convicted felon is the second coming of Jesus. Those two things are not the ""same"".",milton,,2024-10-04 22:00,community_discussion
lqdb2bn,t3_1fvymo5,t1_lqcte9r,NorthCarolina,Miserable-Film5943,2024-10-04T22:00:31+00:00,1,"I know it wasn't. I was referring to the subject in general. You came in and were an ass to someone who replied to them. It was trolling, full stop. This isn't the situation to troll. There are literally hundreds of people who died up there. Neighbors are helping neighbors, alongside FEMA and other emergency responders. No one wants to deal with your crap right now. It's disrespectful and inappropriate. That is my point. 

I am not trying to sound argumentive, but as someone who has family up there, I had to say something. If you want to troll, fine, but there are countless other places for it.",milton,fema,2024-10-04 22:00,community_discussion
lqdbauj,t3_1fwao4a,t3_1fwao4a,NorthCarolina,Barbarossa49,2024-10-04T22:01:59+00:00,4,"This crap has been debunked dozens of times. The $750 payment is to meet immediate needs (food, clothing and shelter sort of things). Much more aid is coming from federal, state and private sources. MAGA misinformation at its usual low.",milton,,2024-10-04 22:01,community_discussion
lqdbh31,t3_1fw2zt8,t1_lqd0fe0,NorthCarolina,DynamicCashew43,2024-10-04T22:03:05+00:00,7,"Yeah, its US that did that. 🙄",milton,,2024-10-04 22:03,community_discussion
lqdbjwf,t3_1fvymo5,t3_1fvymo5,NorthCarolina,HungryHAP,2024-10-04T22:03:33+00:00,3,"Politically charged rumors and conspiracy theories about Helene flourish on X

https://www.npr.org/2024/10/03/nx-s1-5134866/rumors-conspiracy-theories-helene-social-media?utm_source=flipboard&utm_content=user%2Fnpr",milton,,2024-10-04 22:03,community_discussion
lqdbkhx,t3_1fw89v5,t3_1fw89v5,NorthCarolina,HungryHAP,2024-10-04T22:03:40+00:00,58,"Politically charged rumors and conspiracy theories about Helene flourish on X

https://www.npr.org/2024/10/03/nx-s1-5134866/rumors-conspiracy-theories-helene-social-media?utm_source=flipboard&utm_content=user%2Fnpr",milton,,2024-10-04 22:03,community_discussion
lqdbus7,t3_1fw2zt8,t1_lqc4h0l,NorthCarolina,[deleted],2024-10-04T22:05:27+00:00,1,[removed],milton,,2024-10-04 22:05,community_discussion
lqdbuwu,t3_1fw8peo,t1_lqdb035,NorthCarolina,Themako1,2024-10-04T22:05:28+00:00,-1,"No, I guess I’m not. Like you said I’m unintelligent. I guess prey on that.",milton,,2024-10-04 22:05,community_discussion
lqdc0xf,t3_1fw2zt8,t3_1fw2zt8,NorthCarolina,Pokebreaker,2024-10-04T22:06:32+00:00,5,"This should be pinned to the Sub, so people can see it and reference it to others.",milton,,2024-10-04 22:06,community_discussion
lqdc3vg,t3_1fw8peo,t1_lqdb035,NorthCarolina,Themako1,2024-10-04T22:07:03+00:00,-1,I’m good in the financial markets. Guess I’m not an all around genius like you and your wife.,milton,,2024-10-04 22:07,community_discussion
lqdc59g,t3_1fwao4a,t3_1fwao4a,NorthCarolina,NorthCarolina-ModTeam,2024-10-04T22:07:17+00:00,1,"Your content was removed for being irrelevant. 

- Submissions must have a **substantive** connection to the state which extends beyond the title. 

- Comments must be related to the post. 

- Moderation feedback and questions are **only** allowable via modmail.
 
Please read our [on topic guide for more information](https://www.reddit.com/r/NorthCarolina/wiki/ontopicguide).",milton,,2024-10-04 22:07,community_discussion
lqdc6u6,t3_1fwao4a,t3_1fwao4a,NorthCarolina,[deleted],2024-10-04T22:07:34+00:00,1,[removed],milton,,2024-10-04 22:07,community_discussion
lqdc8aj,t3_1fvymo5,t1_lqc6b67,NorthCarolina,Faranae,2024-10-04T22:07:48+00:00,3,"I LOVE that they're maintaining a searchable list of current misinformation--sorry, ""*rumors*""--with direct responses in plain terms. I wish more organizations would take that approach. So many available languages, too! 

Thanks for posting it. Canadian with a close friend right in the thick of it, I've been practically vibrating unable to help out more... Cellular/data is almost completely out where they're at, so I've been hoarding resources to throw at them when signal allows.",milton,,2024-10-04 22:07,community_discussion
lqdc8sq,t3_1fwao4a,t3_1fwao4a,NorthCarolina,JunkyardAndMutt,2024-10-04T22:07:54+00:00,2,"Thousands of federal and state employees, as well as countless volunteers, are working their asses of to help the people of our state. They’re doing their part.

Useless, distant shit-stirrers on TikTok, Twitter, Reddit etc. are not helping anyone on the ground. They are contributing to a sewer of bullshit.

Be a helper.",milton,,2024-10-04 22:07,community_discussion
lqdcirp,t3_1fw89v5,t1_lqd7qzl,NorthCarolina,sputler,2024-10-04T22:09:38+00:00,24,"Because the phrase illegal immigrant was made up specifically by xenophobes to spread their xenophobic propaganda. Being an American citizen is not now and has never been about where you are born or the circumstances of your birth. It is simply about whether you are willing to contribute to the common goal of uplifting our collective society. If you come to the US from Mexico and you work to make the US a better place... you're a citizen. If you come to the US from Botswana and you are willing to contribute... you're a citizen. 

>Give me your tired, your poor, Your huddled masses yearning to breathe free, The wretched refuse of your teeming shore. Send these, the homeless, tempest-tossed to me, I lift my lamp beside the golden door!

The thing that truly makes America great can never be protected with a border wall. Because at the end of the day, it is people coming here to work for the greater good that makes it the shining beacon of the world. Keeping people out, or spreading the nonsensical term ""illegal immigrant"" kills that entire ethos.  

But more to the point, what crime has been committed? that they are here? If that's the crime how are you any different than them? You are here as well. The only difference between them and a birth citizen is that they chose to be here.  

But more importantly, if this is supposed to be a Christian nation then how am I supposed to ignore my commandmant:  

For I was a foreigner and you welcomed me into your nation (Mathew 25:35)",milton,,2024-10-04 22:09,community_discussion
lqdcn5z,t3_1fw99rs,t1_lqd78q2,NorthCarolina,rnantelle,2024-10-04T22:10:25+00:00,95,"If you live in AVL, you would know your comment is toxic. My family is here and everything FEMA is reporting is accurate from those of us who are witnessing their response daily.

We don't wear foil hats here.",milton,fema,2024-10-04 22:10,community_discussion
lqdcyko,t3_1fw8peo,t1_lqdc3vg,NorthCarolina,MITByteCoder,2024-10-04T22:12:24+00:00,1,"Make a point that backs up your argument. Why is that so difficult?

If you believe something strong enough to base your belief system on it it has be at least based upon facts, right? Right?!

And I'm not a genius. I worked my ass off and was in the right place at the right time on several occasions. Where you and I *do* differ is that I have expended a great deal of time/effort to understand how our government works. I'm insanely fortunate to work within walking distance of educators and thought  leaders who are the go-to people when an Administration needs to understand science, economics, etc. 

That is the information I base MY beliefs on. You've yet to make a point that isn't just ""well that is my opinion"".",milton,,2024-10-04 22:12,community_discussion
lqdczx6,t3_1fw89v5,t1_lqdagp1,NorthCarolina,HungryHAP,2024-10-04T22:12:38+00:00,26,"$20B is being used to help our own people.

And the funding of Ukraine does NOT prevent that.

Congress could fund the war in Ukraine and FEMA 10-times over if they wanted to. The funding of one, does not stop the funding of the other. This is a dumb zero-sum fallacy argument you have made.",milton,fema,2024-10-04 22:12,community_discussion
lqdd8h9,t3_1fw3j0c,t1_lqbtm8h,NorthCarolina,gniwlE,2024-10-04T22:14:09+00:00,3,"It's a simple fact that floods like this add tons of pollutants to the waterways. It happens here on the coast during hurricanes, and it happens up there in the hills when there's flooding. 

If it's not enough to see a PVC plant and microplastic beads floating downriver, then simply consider the number of vehicles underwater, with oil and gasoline flowing freely. 

The thing is, there's nothing much to be done about it right now. The focus is on getting people safe and restoring infrastructure. The damage from flooding is pretty much a done deal. Maybe measures can be taken to prevent some of this in the future, but honestly, it's unlikely. This is historic stuff.

For information about the French Broad and other major rivers, the Riverkeeper program is a good one. The Riverkeeper site for the French Broad is [here](https://mountaintrue.org/waters/french-broad-riverkeeper/). OP, follow this for updates and reliable information.",milton,,2024-10-04 22:14,community_discussion
lqddev9,t3_1fvygrj,t1_lqamtjc,NorthCarolina,RBGesus,2024-10-04T22:15:15+00:00,2,"This is SO true. We don’t live in communities per se. chances are if you’re out there, you’ve got some land you own around you. When I tell people there’s a huge part of Burke/ashe/avery that drive an hour to a store they couldn’t believe it.",milton,,2024-10-04 22:15,community_discussion
lqddrqa,t3_1fvygrj,t1_lqb4up2,NorthCarolina,RBGesus,2024-10-04T22:17:30+00:00,8,"I’m sure Asheville does feel that way. But phase 1 is life safety and rescue. Asheville was lucky enough to be the first one to receive life safety and rescue assistance. Now that they’re done, they’re moving outward continuing life safety and rescue. When they’re done, and can finally move on to phase 2: recovery, they’ll be back!",milton,,2024-10-04 22:17,community_discussion
lqde29j,t3_1fvygrj,t3_1fvygrj,NorthCarolina,awhq,2024-10-04T22:19:20+00:00,2,"I think the entire response has been nothing short of amazing.  What local, state and federal have done in such a short time is outstanding.",milton,,2024-10-04 22:19,community_discussion
lqde4gx,t3_1fvymo5,t1_lqda509,NorthCarolina,New_Section_9374,2024-10-04T22:19:44+00:00,4,I don’t have TV yet.  And that’s fine.  People do need to know. But these whiners and idiots pretending to know better are getting on my nerves.,milton,,2024-10-04 22:19,community_discussion
lqde4lk,t3_1fvygrj,t1_lqcmk0k,NorthCarolina,RBGesus,2024-10-04T22:19:45+00:00,14,"It’s so much of both! I’m a state level employee, and let me tell you… the state and local governments have showed the fuck out. It’s been unreal. BUT we couldn’t do that without the federal governments assistance. They provide so much help from logistics to boots on the ground. But I have so much pride in my state right now. Tiny towns sending fire departments working alongside of our largest cities. It’s incredible",milton,,2024-10-04 22:19,community_discussion
lqdegv8,t3_1fvygrj,t1_lqax930,NorthCarolina,RBGesus,2024-10-04T22:21:56+00:00,5,Think off FEMA as logistics and supplies and ACCESS. Not boots on the ground. Those are always gonna be your state and local governments,milton,fema,2024-10-04 22:21,community_discussion
lqdeojz,t3_1fw99rs,t1_lqdcn5z,NorthCarolina,patbagger,2024-10-04T22:23:15+00:00,-128,"My statement was 100% accurate and your response is very toxic, Government lies regularly and you'd have to choose not to see it and Gas light people that speak the truth. - Ask the folks up in Marshall or Black mountain and don't be so quick to support a government with a very long track record of not doing the right thing.",milton,,2024-10-04 22:23,community_discussion
lqder33,t3_1fw89v5,t1_lqd3vw2,NorthCarolina,jtshinn,2024-10-04T22:23:43+00:00,40,It’s a natural disaster! Of course it’s chaos. There’s no other alternative. Even the best laid plans are going to shatter in the face of destruction. It’s inevitable that plans be made on the ground and that local first responders carry a lot of the weight for some time.,milton,,2024-10-04 22:23,community_discussion
lqderm7,t3_1fw89v5,t1_lqd7qzl,NorthCarolina,CountryNerd,2024-10-04T22:23:48+00:00,13,Why is it so hard for y'all to care about people?,milton,,2024-10-04 22:23,community_discussion
lqdf1b5,t3_1fvymo5,t1_lqc6fwa,NorthCarolina,gingercardigans,2024-10-04T22:25:31+00:00,2,"This is my worry. Like. There’s no way to really know what the government’s rate of rescue is. I haven’t seen that data. 

So many people are missing. Asheville had a large population of unhoused or under-housed people. Where is that data and how many of these people are missing? 

I worry that huge swaths of certain communities may be unconsidered. 

What total population lists are they comparing their accounted for numbers to? 

I also don’t know how a bunch of plastic chemicals could wash down river and not poison mud. Like. The shit that was in that river was especially nasty. ",milton,,2024-10-04 22:25,community_discussion
lqdf4lv,t3_1fwao4a,t3_1fwao4a,NorthCarolina,ronaldmeldonald,2024-10-04T22:26:06+00:00,1,"Dang, can't believe he said that. Lot ppl mad at you for showing what he said instead of angry at what he said.",milton,,2024-10-04 22:26,community_discussion
lqdf6pc,t3_1fw2zt8,t1_lqcpf49,NorthCarolina,WildTurkey102,2024-10-04T22:26:28+00:00,7,The explanation is literally in the page linked from the original post.,milton,,2024-10-04 22:26,community_discussion
lqdf81s,t3_1fwao4a,t1_lqdaxw9,NorthCarolina,ronaldmeldonald,2024-10-04T22:26:42+00:00,0,I don't think biden was lieing. He seriously seemed to forget what storm.,milton,storm,2024-10-04 22:26,community_discussion
lqdfcca,t3_1fw99rs,t1_lqdeojz,NorthCarolina,KnowledgeSafe3160,2024-10-04T22:27:28+00:00,55,Do you live in Marshall or black mountain? Or are you another Reddit warrior with no actual knowledge?,milton,,2024-10-04 22:27,community_discussion
lqdfg6e,t3_1fw99rs,t1_lqdeojz,NorthCarolina,[deleted],2024-10-04T22:28:10+00:00,1,[removed],milton,,2024-10-04 22:28,community_discussion
lqdfiq5,t3_1fvymo5,t1_lqc88iz,NorthCarolina,gingercardigans,2024-10-04T22:28:37+00:00,7,"This is me, too. My grandmother lives there and won’t leave, but she’s safe and well stocked and refusing to leave, so I can’t even justify going up to check on her. ",milton,,2024-10-04 22:28,community_discussion
lqdfks4,t3_1fw89v5,t1_lqdagp1,NorthCarolina,zcleghern,2024-10-04T22:28:58+00:00,25,"How are missiles, rifles, etc. from the 1990s going to help the people of Western NC?",milton,,2024-10-04 22:28,community_discussion
lqdfu80,t3_1fw89v5,t1_lqdcirp,NorthCarolina,GoldenTeeShower,2024-10-04T22:30:40+00:00,-20,Illegal entry is a crime.,milton,,2024-10-04 22:30,community_discussion
lqdg0j5,t3_1fvygrj,t1_lqbxbjn,NorthCarolina,RBGesus,2024-10-04T22:31:47+00:00,1,"They’re not exactly boots on the ground orgs. They’ll be around for the longest though! They’ll be helping ppl get IDs, SSN, etc etc as soon as recovery is started",milton,,2024-10-04 22:31,community_discussion
lqdg86t,t3_1fw2zt8,t1_lqc7ql4,NorthCarolina,Abidarthegreat,2024-10-04T22:33:09+00:00,1,"True. 11000 people have died worldwide from all the various covid vaccines combined.

And 232000 people died in just the US from Covid because they refused to vaccinate.

So you'd have to be pretty medically illiterate to say that vaccines aren't needed.",milton,,2024-10-04 22:33,community_discussion
lqdg95g,t3_1fw89v5,t1_lqdfu80,NorthCarolina,sputler,2024-10-04T22:33:19+00:00,10,Xenophobe says what?,milton,,2024-10-04 22:33,community_discussion
lqdgdqc,t3_1fw8peo,t1_lqczmkj,NorthCarolina,CodeMonkey24816,2024-10-04T22:34:08+00:00,-17,"You didn't get the memo? We aren't allowed to say that. If you do they'll call you the R word. Doesn't matter if you aren't.



And now I'll take my down votes. Don't care though. It's worth  it.",milton,,2024-10-04 22:34,community_discussion
lqdgiyq,t3_1fw2zt8,t1_lqcypd0,NorthCarolina,keithw43,2024-10-04T22:35:03+00:00,0,Word,milton,,2024-10-04 22:35,community_discussion
lqdgjxq,t3_1fvygrj,t3_1fvygrj,NorthCarolina,candre23,2024-10-04T22:35:14+00:00,2,"Nobody saying ""the government isn't doing anything!"" Is actually here.  Half of them are posting from Russia.

I am here.  Still no power or water at my house, and cell service was out again for most of the day today.  But things are improving, and it's because of the money and organization provided by the state and federal agencies coordinating the disaster response.  The local substation has already been repaired and is functioning.  You can't drive 3 miles without seeing a crew stringing new power lines.  Parts of downtown and some residential neighborhoods have power again, and more are getting switched on every day.  Water and food are being distributed in multiple places around town.  Road crews are out in force clearing trees and repairing roads.  A FEMA inspector has already been through our neighborhood to look at the houses that were damaged and file comprehensive reports for compensation.

It took a couple days for the wheels to start turning, but they are going full speed at this point.  I can see it for myself, just in my town.  Anybody claiming otherwise is lying - out of ignorance, malice, or both.",milton,power|fema,2024-10-04 22:35,community_discussion
lqdgkns,t3_1fw89v5,t1_lqdg95g,NorthCarolina,GoldenTeeShower,2024-10-04T22:35:21+00:00,-19,"Team blue idiot says what?

https://www.law.cornell.edu/uscode/text/8/1325",milton,,2024-10-04 22:35,community_discussion
lqdglty,t3_1fw89v5,t1_lqd3vw2,NorthCarolina,Lone_Wolfen,2024-10-04T22:35:34+00:00,44,"Maybe Republicans shouldn't have kneecapped FEMA's funding.

But sure, it's totally Democrat's fault because the budget Republicans gave them wasn't enough.",milton,fema,2024-10-04 22:35,community_discussion
lqdgmh6,t3_1fw89v5,t3_1fw89v5,NorthCarolina,flyr1710,2024-10-04T22:35:41+00:00,-36,Lies,milton,,2024-10-04 22:35,community_discussion
lqdgppy,t3_1fvymo5,t1_lqd0qoq,NorthCarolina,pauperoncini,2024-10-04T22:36:17+00:00,1,This is misinformation. I am rubber and you are glue. Whatever you say bounces off me and stick to you.,milton,,2024-10-04 22:36,community_discussion
lqdgq78,t3_1fw2zt8,t1_lqdbh31,NorthCarolina,keithw43,2024-10-04T22:36:22+00:00,-4,All I said was they weren't doing enough. I'm glad you guys are satisfied with the effort though,milton,,2024-10-04 22:36,community_discussion
lqdgws1,t3_1fw2zt8,t1_lqcfqin,NorthCarolina,keithw43,2024-10-04T22:37:32+00:00,-4,Idk what that means,milton,,2024-10-04 22:37,community_discussion
lqdh04x,t3_1fw2zt8,t3_1fw2zt8,NorthCarolina,flyr1710,2024-10-04T22:38:08+00:00,-12,FEMA is the problem,milton,fema,2024-10-04 22:38,community_discussion
lqdh37h,t3_1fwao4a,t1_lqdf4lv,NorthCarolina,nicolepetscats,2024-10-04T22:38:41+00:00,1,Yea can't tell if bots or ppl that are falling into a cult mentality.,milton,,2024-10-04 22:38,community_discussion
lqdh5ps,t3_1fw2zt8,t1_lqdh04x,NorthCarolina,DynamicCashew43,2024-10-04T22:39:08+00:00,8,"No, people like you are.",milton,,2024-10-04 22:39,community_discussion
lqdh75l,t3_1fw89v5,t1_lqdbkhx,NorthCarolina,onpg,2024-10-04T22:39:23+00:00,50,The conspiracies are being pushed by the owner of Twitter because he’s afraid that a Kamala administration will actually look into his business misdeeds and tax fraud.,milton,,2024-10-04 22:39,community_discussion
lqdh9y4,t3_1fw89v5,t1_lqdgkns,NorthCarolina,sputler,2024-10-04T22:39:53+00:00,12,You should read the editorials on the law you just posted to find out just how old that law is and why it was drafted.,milton,,2024-10-04 22:39,community_discussion
lqdhbf5,t3_1fwao4a,t1_lqdh37h,NorthCarolina,ronaldmeldonald,2024-10-04T22:40:08+00:00,1,Thanks for showing it!,milton,,2024-10-04 22:40,community_discussion
lqdhchg,t3_1fw2zt8,t1_lqcobz4,NorthCarolina,keithw43,2024-10-04T22:40:20+00:00,-13,It's alright man I got 20 down votes to. Just tell em government is doing a great job or whatever. I think that's all they wanna hear,milton,,2024-10-04 22:40,community_discussion
lqdhtxc,t3_1fw2zt8,t1_lqcpf49,NorthCarolina,keithw43,2024-10-04T22:43:26+00:00,-9,"My man said something completely rational and got down voted. Me too my dude, me too.",milton,,2024-10-04 22:43,community_discussion
lqdhye2,t3_1fw89v5,t1_lqcu7zd,NorthCarolina,[deleted],2024-10-04T22:44:14+00:00,1,[removed],milton,,2024-10-04 22:44,community_discussion
lqdhz4m,t3_1fw2zt8,t1_lqctkm9,NorthCarolina,keithw43,2024-10-04T22:44:22+00:00,2,Orwell wrote about this actually that's crazy,milton,,2024-10-04 22:44,community_discussion
lqdi24h,t3_1fw89v5,t1_lqdh9y4,NorthCarolina,GoldenTeeShower,2024-10-04T22:44:54+00:00,1,That golden door in the poem was Ellis Island.  A legal port of entry.,milton,,2024-10-04 22:44,community_discussion
lqdij3i,t3_1fw89v5,t1_lqdagp1,NorthCarolina,[deleted],2024-10-04T22:47:57+00:00,1,[removed],milton,,2024-10-04 22:47,community_discussion
lqdimxw,t3_1fw8xik,t3_1fw8xik,NorthCarolina,Regular_Singer_8162,2024-10-04T22:48:39+00:00,2,This is so heart breaking yet informative. Thank you for sharing. Praying for folks in western N.C. ❤️,milton,,2024-10-04 22:48,community_discussion
lqdinh2,t3_1fw2zt8,t1_lqdhz4m,NorthCarolina,CodeMonkey24816,2024-10-04T22:48:45+00:00,4,"I've always heard people talk about Orwell, but I've actually never read any of his work. I really should though. Any recommendations?",milton,,2024-10-04 22:48,community_discussion
lqdj1z1,t3_1fvygrj,t1_lqc578d,NorthCarolina,candre23,2024-10-04T22:51:24+00:00,6,"I'm just south of Asheville airport on the primary approach path.  There's been more air traffic this week than in any given month that I've lived here.  AVL isn't a big airport, and there's rarely more than 3 or 4 incoming planes per hour.  Now it's one every 5 minutes.

I'm not an expert, but at least half of the planes coming in aren't the usual regional passenger jets.  Lots of big military planes, and a crazy number of helicopters, both military and civil.  Quite a few military turboprop planes as well, though mostly earlier in the week and not so much now.",milton,,2024-10-04 22:51,community_discussion
lqdj9ly,t3_1fvymo5,t1_lqde4gx,NorthCarolina,gadanky,2024-10-04T22:52:46+00:00,3,Way too much of that.  I get you.   I heard a guy from Maggie Valley doing a phone interview talking about how much we’ve structured our lives around streaming and the internet / TV is the weakest link in utilities.    Starlink is the only working option people I know are getting access to for We are okay messages and a sliver of outside news.,milton,,2024-10-04 22:52,community_discussion
lqdjddj,t3_1fw2zt8,t3_1fw2zt8,NorthCarolina,MarkXIX,2024-10-04T22:53:26+00:00,8,"The fact that a former President and active members of Congress are spreading these lies for political gain is deplorable.

This FEMA public affairs person should be focused on messaging that directly helps victims, instead they're busy disposing of lies.",milton,fema,2024-10-04 22:53,community_discussion
lqdjngk,t3_1fw89v5,t1_lqdagp1,NorthCarolina,meatbeater,2024-10-04T22:55:17+00:00,10,"Silly troll account, posts are for humans",milton,,2024-10-04 22:55,community_discussion
lqdjs23,t3_1fvymo5,t1_lqdf1b5,NorthCarolina,onpg,2024-10-04T22:56:06+00:00,6,"I think during the critical moment, you have to extend the government a certain amount of trust. Of course, investigate afterwards and listen to any whistleblowers claiming a coverup… but when lives are at stake, the media should be secondary.",milton,,2024-10-04 22:56,community_discussion
lqdjtsf,t3_1fw89v5,t3_1fw89v5,NorthCarolina,MuddyWheelsBand,2024-10-04T22:56:24+00:00,-25,https://homeland.house.gov/2024/10/04/chairman-green-on-secretary-mayorkas-claims-about-fema-funds-biden-harris-administrations-priorities-are-completely-backwards/,milton,fema,2024-10-04 22:56,community_discussion
lqdjx8v,t3_1fw89v5,t1_lqdgmh6,NorthCarolina,HungryHAP,2024-10-04T22:57:02+00:00,24,"Why? Cause Trump, the man with 30,000 documented lies (a world record) told you so?",milton,,2024-10-04 22:57,community_discussion
lqdjy6s,t3_1fw99rs,t1_lqd78q2,NorthCarolina,[deleted],2024-10-04T22:57:13+00:00,1,[removed],milton,,2024-10-04 22:57,community_discussion
lqdk50w,t3_1fvygrj,t1_lqcp5sz,NorthCarolina,SilverStar9192,2024-10-04T22:58:27+00:00,9,"The other thing FEMA does is hires contractors of various types. So if you see ABC Local Landscaping clearing trees in your street, they likely are being paid by FEMA (possibly through a local government), even though people might see that as just a local response. ",milton,fema,2024-10-04 22:58,community_discussion
lqdkd0w,t3_1fw8peo,t3_1fw8peo,NorthCarolina,TarHeel2682,2024-10-04T22:59:52+00:00,24,Dan Bishop voted against funding. Jeff Jackson should take that and run with it,milton,,2024-10-04 22:59,community_discussion
lqdkgjx,t3_1fw2zt8,t1_lqdgws1,NorthCarolina,Kradget,2024-10-04T23:00:30+00:00,7,I believe it,milton,,2024-10-04 23:00,community_discussion
lqdking,t3_1fw99rs,t3_1fw99rs,NorthCarolina,MuddyWheelsBand,2024-10-04T23:00:52+00:00,-110,https://homeland.house.gov/2024/10/04/chairman-green-on-secretary-mayorkas-claims-about-fema-funds-biden-harris-administrations-priorities-are-completely-backwards/,milton,fema,2024-10-04 23:00,community_discussion
lqdkkbk,t3_1fvymo5,t1_lqdgppy,NorthCarolina,Timberfly813,2024-10-04T23:01:10+00:00,1,Awe. You must be bored if you are taking time out of your day to look up my history.  Hope things get better for you! Hugs.,milton,,2024-10-04 23:01,community_discussion
lqdkll0,t3_1fw8peo,t3_1fw8peo,NorthCarolina,MuddyWheelsBand,2024-10-04T23:01:24+00:00,-16,https://homeland.house.gov/2024/10/04/chairman-green-on-secretary-mayorkas-claims-about-fema-funds-biden-harris-administrations-priorities-are-completely-backwards/,milton,fema,2024-10-04 23:01,community_discussion
lqdklyt,t3_1fvygrj,t1_lqbw22h,NorthCarolina,mattsc2005,2024-10-04T23:01:28+00:00,2,"I'm also from Hendersonville, while the internet and cellphones were down, our neighbors kept giving us updates on where FEMA was located. We were fortunate to not need help. I heard several helicopters, before we decided to head to SC.",milton,fema,2024-10-04 23:01,community_discussion
lqdkonk,t3_1fvygrj,t1_lqbpmw5,NorthCarolina,candre23,2024-10-04T23:01:58+00:00,3,"Could you provide a source for the propane thing?  Everyone in my neighborhood has tanks from the same company, and that company is very backed up with everyone using generators.  They own the tanks and we're not allowed to get them filled by anyone else, but if there's some rule in effect that supercedes that contract, I love to be able to let people know.",milton,,2024-10-04 23:01,community_discussion
lqdkqmq,t3_1fw89v5,t1_lqdjtsf,NorthCarolina,HungryHAP,2024-10-04T23:02:19+00:00,11,"Oh cause the guy that lead a witch hunt to get Mayorkas impeached said so:

As chairman of the Homeland Security Committee, Mr. Green led efforts to impeach Mr. Mayorkas, making him the first sitting Cabinet secretary ever to be charged by the House. That put the secretary in the company of past presidents and administration officials who had been impeached on allegations of personal corruption and other wrongdoing.
But the charges against Mr. Mayorkas broke with precedent by failing to identify any such offense, instead effectively declaring the policy choices he has carried out to be a constitutional crime.

Former homeland security secretaries and many constitutional law experts — including conservatives — have said the charges do not rise to the level of a high crime or misdemeanor, the constitutional standard for impeachment.

https://www.nytimes.com/2024/02/14/us/politics/mark-green-retiring-congress.html",milton,,2024-10-04 23:02,community_discussion
lqdkroe,t3_1fw89v5,t3_1fw89v5,NorthCarolina,Kay_29,2024-10-04T23:02:31+00:00,12,I know a few people who support him. Trying to decide when I am going to piss them off with this article. ,milton,,2024-10-04 23:02,community_discussion
lqdkvc1,t3_1fw89v5,t3_1fw89v5,NorthCarolina,Timelycommentor,2024-10-04T23:03:12+00:00,-28,Clown post. Clown show.,milton,,2024-10-04 23:03,community_discussion
lqdkvei,t3_1fvygrj,t1_lqc4bly,NorthCarolina,candre23,2024-10-04T23:03:12+00:00,3,The white squirrels are alive and well in Hendersonville at least.,milton,,2024-10-04 23:03,community_discussion
lqdkwfd,t3_1fw3i0h,t1_lqc2qez,NorthCarolina,AboveTheSky420,2024-10-04T23:03:23+00:00,2,Where is your husband operating?  I’m looking for ways to help myself and that sounds up my alley,milton,,2024-10-04 23:03,community_discussion
lqdl70a,t3_1fw2zt8,t1_lqcnrrf,NorthCarolina,FortyDubz,2024-10-04T23:05:17+00:00,3,"Yeah, I love a good conspiracy theory, and I love to learn as much as I can. But you also have to be able to confirm facts from fiction and be able to do your own research. Just because something is ""weird"" doesn't mean it's true. Now, if you have screenshots, videos, pictures, or all sorts of proof to back up wild claims, then I would love to see the proof. But too many times, the proof never comes.",milton,,2024-10-04 23:05,community_discussion
lqdl8af,t3_1fvymo5,t1_lqdkkbk,NorthCarolina,pauperoncini,2024-10-04T23:05:32+00:00,1,"Says the person taking time out of their day to reply ""Shut up"".",milton,,2024-10-04 23:05,community_discussion
lqdll8f,t3_1fw89v5,t1_lqdczx6,NorthCarolina,deuce2ace,2024-10-04T23:07:53+00:00,-19,"No the funding to Ukraine doesn't prevent that. However the fact that we will send billions to another country but tell our vets and 911 responders, oops sorry, no help for you is fucking criminal.",milton,,2024-10-04 23:07,community_discussion
lqdlncd,t3_1fvygrj,t3_1fvygrj,NorthCarolina,HardPour_Cornography,2024-10-04T23:08:16+00:00,2,I give them 11 out of 10 stars.,milton,,2024-10-04 23:08,community_discussion
lqdm6u4,t3_1fw89v5,t1_lqdjtsf,NorthCarolina,Low_Firefighter_8085,2024-10-04T23:11:46+00:00,4,"I agree, it should be illegal to use house resources to campaign and fucking lie, but I guess he’s just following Comer, and Jordan. Pretty petty for a congressman considering the situation, but I guess shitheels gonna shitheel.",milton,,2024-10-04 23:11,community_discussion
lqdm9ao,t3_1fw89v5,t3_1fw89v5,NorthCarolina,herdigitaldiary,2024-10-04T23:12:13+00:00,-1,Really bc straight on FEMAS website it says relief money also goes to “qualified aliens”,milton,,2024-10-04 23:12,community_discussion
lqdmbdn,t3_1fw89v5,t1_lqcu7zd,NorthCarolina,herdigitaldiary,2024-10-04T23:12:35+00:00,-13,Fuck Biden & Kamala they’ve done nothing for 4 years 😂 stfu,milton,,2024-10-04 23:12,community_discussion
lqdmf3v,t3_1fw89v5,t1_lqd2drg,NorthCarolina,Flexappeal,2024-10-04T23:13:16+00:00,25,Guys look this guy sees through everything,milton,,2024-10-04 23:13,community_discussion
lqdmgrh,t3_1fw89v5,t1_lqd97aj,NorthCarolina,deuce2ace,2024-10-04T23:13:35+00:00,-25,Yeah you're right... Bc you shouldn't have complete and utter trust that our government ACTUALLY has our interests at heart. Especially when they start out with a modest income and more than triple their income in their first terms in office. That is what every politician doesn't want you to think about. Left or right.,milton,,2024-10-04 23:13,community_discussion
lqdmifi,t3_1fw89v5,t1_lqdagp1,NorthCarolina,Low_Firefighter_8085,2024-10-04T23:13:53+00:00,10,"I think it does matter to you, a lot. You have the post history of a literal crazy person, honestly that bullshit isn’t helpful right now, and you should do better.",milton,,2024-10-04 23:13,community_discussion
lqdmmzb,t3_1fw89v5,t1_lqdjtsf,NorthCarolina,treehuggingmfer,2024-10-04T23:14:43+00:00,10,"**Homeland Security Committee | Republican**

**The Party told you to reject the evidence of your eyes and ears. It was their final, most essential command.** 

 ""Nothing in the world is more dangerous than sincere ignorance and conscientious stupidity"".",milton,,2024-10-04 23:14,community_discussion
lqdmua9,t3_1fw8peo,t3_1fw8peo,NorthCarolina,herdigitaldiary,2024-10-04T23:16:01+00:00,-4,Cool democrats also do stupid shit the last idk…16 years? Stop dividing everyone. What has Biden & Kamala done for 4 years? 😂,milton,,2024-10-04 23:16,community_discussion
lqdn0fn,t3_1fw89v5,t1_lqdjtsf,NorthCarolina,treehuggingmfer,2024-10-04T23:17:08+00:00,11,"“This is FALSE. The Disaster Relief Fund is specifically appropriated by Congress to prepare for, respond to, recover from, and mitigate impacts of natural disasters,” White House spokesperson Angelo Fernández Hernández said in a statement. “It is completely separate from other grant programs administered by FEMA for DHS.”",milton,fema,2024-10-04 23:17,community_discussion
lqdnb85,t3_1fw99rs,t1_lqd78q2,NorthCarolina,joodoos,2024-10-04T23:19:06+00:00,25,Go back to tiktok.  ,milton,,2024-10-04 23:19,community_discussion
lqdnd4f,t3_1fw07il,t3_1fw07il,NorthCarolina,herdigitaldiary,2024-10-04T23:19:27+00:00,1,And yet you think Kamala is qualified to be president? 😂 mmmk.,milton,,2024-10-04 23:19,community_discussion
lqdnhcz,t3_1fw2zt8,t1_lqd0h4g,NorthCarolina,matty30008227,2024-10-04T23:20:13+00:00,-2,"No one ever said in my statement that they did. They absolutely have told  people voluntarily going there to turn around . They are even asking people to register if they do . 

Why would the Cajun navy who was there before FEMA tell you their  new address for drops offs today and that if FEMA stops you too make sure and tell them you are going to that drop off for the Cajun Navy. 

I don’t know why the truth makes some of yall upset .

It’s not like I’m posting they are gonna bulldoze chimney rock and steal the land. 

There’s countless reports of this from people on the ground . The people I know in Asheville.",milton,fema,2024-10-04 23:20,community_discussion
lqdnltp,t3_1fw3i0h,t3_1fw3i0h,NorthCarolina,herdigitaldiary,2024-10-04T23:21:02+00:00,2,Shouldn’t be allowed to price gouge during disasters wtf,milton,,2024-10-04 23:21,community_discussion
lqdnwww,t3_1fw3i0h,t1_lqct8mg,NorthCarolina,herdigitaldiary,2024-10-04T23:23:02+00:00,-1,Not on Amazon.,milton,,2024-10-04 23:23,community_discussion
lqdo3rj,t3_1fw99rs,t1_lqdnb85,NorthCarolina,patbagger,2024-10-04T23:24:17+00:00,-10,"Wow, That was weak.",milton,,2024-10-04 23:24,community_discussion
lqdoeiy,t3_1fw99rs,t1_lqdo3rj,NorthCarolina,joodoos,2024-10-04T23:26:14+00:00,25,Like your shitty argument and rhetoric. ,milton,,2024-10-04 23:26,community_discussion
lqdohl0,t3_1fw89v5,t3_1fw89v5,NorthCarolina,AshevilleAI,2024-10-04T23:26:47+00:00,0,"Yes he did, 640 million from FEMA since the program was created last year

https://www.fema.gov/press-release/20240412/department-homeland-security-announces-300-million-direct-funding",milton,fema,2024-10-04 23:26,community_discussion
lqdokcf,t3_1fw8peo,t3_1fw8peo,NorthCarolina,DonKellyBaby32,2024-10-04T23:27:18+00:00,-28,So much fake news. That’s classic democrat spin that not wanting to spend more with a 36T deficit = not caring. Republicans (well the good ones anyways) don’t just want to spend more to fix a problem. They want to spend more efficiently,milton,,2024-10-04 23:27,community_discussion
lqdols3,t3_1fvygrj,t1_lqb3pa0,NorthCarolina,MarkXIX,2024-10-04T23:27:33+00:00,1,"Retired Army Reserve and you are doing a great job of explaining the realities.

As an example, it can take a few days just to get the orders and authorizations approved to call up National Guard personnel. Remember, these people have lives and jobs. Those UH-60 helicopter pilots might fly life flight helicopters in their civilian role, so now there's a conflict there. 

The aircraft themselves aren't just sitting there with hot engines ready for a pilot either, it takes time to get maintenance personnel there to get things going too.

Without earth shattering, extraordinary circumstances (e.g. - 9/11), Reserve and Guard personnel can't just ""show up"" and do their jobs without authorizations that go all the way up to the Governor's mansion and even the White House.",milton,,2024-10-04 23:27,community_discussion
lqdoyow,t3_1fw2zt8,t1_lqcpf49,NorthCarolina,FartingAliceRisible,2024-10-04T23:29:56+00:00,11,That $750 is meant to be emergency cash. It’s not meant to be the sum total of their disaster relief. There will be an entire process to determine losses and try to help people. In the short term at least people have something to buy diapers and food.,milton,,2024-10-04 23:29,community_discussion
lqdp7p4,t3_1fw89v5,t1_lqdmbdn,NorthCarolina,hey_you_yeah_me,2024-10-04T23:31:37+00:00,3,"[here, let me Google that for you](https://letmegooglethat.com/?q=all+the+things+the+biden+administration+did)",milton,,2024-10-04 23:31,community_discussion
lqdpw8e,t3_1fvygrj,t1_lqb712b,NorthCarolina,MarkXIX,2024-10-04T23:36:07+00:00,2,"We are far too reliant on cell phone communications. Everyone expects those towers to always be there, working, and when they aren't, too many agencies don't have a PACE (primary, alternate, contingency, emergency) plan.

I've overseen the management of emergency services radios, and despite us setting them up with point-to-point capability just by turning the knob, far too many of the users would simply complain that they didn't work if the tower was down.

Emergency communications takes a lot of work, and that includes rehearsals.

But I do believe that cell phones gaining satellite capability when towers are inaccessible will be a game changer in these situations.",milton,,2024-10-04 23:36,community_discussion
lqdpwi6,t3_1fw89v5,t1_lqdohl0,NorthCarolina,HungryHAP,2024-10-04T23:36:11+00:00,6,"Approved by Congress, nothing to do with Biden

>The Shelter and Services Program (SSP) is a completely separate, appropriated grant program that was authorized and funded by Congress and is not associated in any way with FEMA’s disaster-related authorities or funding streams.",milton,fema,2024-10-04 23:36,community_discussion
lqdq8ol,t3_1fw99rs,t1_lqd78q2,NorthCarolina,jamnewton22,2024-10-04T23:38:24+00:00,14,Go live in the woods then weirdo,milton,,2024-10-04 23:38,community_discussion
lqdqmfo,t3_1fw99rs,t1_lqdq8ol,NorthCarolina,patbagger,2024-10-04T23:40:57+00:00,-11,"Come on you can do better then that, name calling is very elementary.",milton,,2024-10-04 23:40,community_discussion
lqdr6xf,t3_1fw99rs,t1_lqdking,NorthCarolina,Kradget,2024-10-04T23:44:44+00:00,89,An excellent example of the misinformation we're working against!,milton,,2024-10-04 23:44,community_discussion
lqdrduw,t3_1fw2zt8,t1_lqdkgjx,NorthCarolina,keithw43,2024-10-04T23:46:03+00:00,1,"To clarify again, this is because I said they're not doing enough to help.",milton,,2024-10-04 23:46,community_discussion
lqdrgj1,t3_1fw2zt8,t1_lqdkgjx,NorthCarolina,keithw43,2024-10-04T23:46:31+00:00,-2,Eh it's better that way honestly,milton,,2024-10-04 23:46,community_discussion
lqdrqg3,t3_1fw8peo,t1_lqdkd0w,NorthCarolina,CodeMonkey24816,2024-10-04T23:48:21+00:00,7,"Jeff may be the only politician I've ever actually liked. I'm not sure he would pick a side unless he genuinely thought it was the truth though.

He's been kind of quiet through a lot of this. I saw the one post from him, but nothing in a few days. I would genuinely like to hear what else he has to say about all of this chaos.",milton,,2024-10-04 23:48,community_discussion
lqdrqzu,t3_1fw2zt8,t3_1fw2zt8,NorthCarolina,that-bro-dad,2024-10-04T23:48:27+00:00,4,How much of these ridiculous rumors are originating overseas to make Americans fight each other? I can't help but think this is the job of someone like Russia or Iran,milton,,2024-10-04 23:48,community_discussion
lqdrth6,t3_1fw2zt8,t1_lqbqi25,NorthCarolina,keithw43,2024-10-04T23:48:54+00:00,2,What determines what is considered misinformation? The company? Idk about that one,milton,,2024-10-04 23:48,community_discussion
lqdrya9,t3_1fw99rs,t1_lqdeojz,NorthCarolina,CrowVsWade,2024-10-04T23:49:48+00:00,59,"Black Mountain 'folk' here and you're just more of the same politicized jabbering, spewing anti-government Faux News hot air. You wouldn't know truth if it concussed your head back into the real world. 

That government is flawed or imperfect is not a revolutionary insight, least of all in the USA where so many don't want to pay for it unless it directly serves them. Fallacious disinformation based on that notion is precisely the type of gaslighting you reference.",milton,,2024-10-04 23:49,community_discussion
lqds36i,t3_1fw89v5,t3_1fw89v5,NorthCarolina,NCTort,2024-10-04T23:50:42+00:00,-17,So mods are removing post with sources and facts that don't support their narrative.,milton,,2024-10-04 23:50,community_discussion
lqds7mr,t3_1fw89v5,t1_lqdkvc1,NorthCarolina,Forloveandzen,2024-10-04T23:51:32+00:00,13,And you with the wig and the big red nose.,milton,,2024-10-04 23:51,community_discussion
lqdspq7,t3_1fw99rs,t1_lqdrya9,NorthCarolina,patbagger,2024-10-04T23:54:55+00:00,-40,"Sure glad the Mural train made up to Black mountain and was able to provide supplies, Have a great evening.",milton,,2024-10-04 23:54,community_discussion
lqdt8s4,t3_1fw07il,t3_1fw07il,NorthCarolina,[deleted],2024-10-04T23:58:28+00:00,1,[removed],milton,,2024-10-04 23:58,community_discussion
lqdta8r,t3_1fw2zt8,t1_lqdnhcz,NorthCarolina,detail_giraffe,2024-10-04T23:58:45+00:00,7,"> They absolutely have told people voluntarily going there to turn around

Again, is 'they' literally FEMA? And yes, I have heard requests from multiple different quarters for people with no training not to just show up but to work with some kind of existing group. I don't think anyone wants to discourage people who want to help, but yes, they would rather not people self-deploy to the area with no training and no plan. It adds to the chaos. There's a difference between saying volunteers are not wanted, and saying that volunteers should come with some kind of organized group that knows where they're needed and can support them.",milton,fema,2024-10-04 23:58,community_discussion
lqdtdug,t3_1fw2zt8,t1_lqbtz83,NorthCarolina,Catodacat,2024-10-04T23:59:25+00:00,2,I like the cut of your jib,milton,,2024-10-04 23:59,community_discussion
